overall_rank,pos_rank,player_id,full_name,position,team,opponent_team,home,game_id,kickoff,proj,floor,ceiling,neutral,matchup_pts,matchup_grade,opp_rank,d_idx,implied,tier,injury,limited_history,depth_rank,headshot_url,f_targets,f_carries,f_attempts,f_passing_yards,f_rushing_yards,f_receiving_yards,f_target_share,f_fg_att,f_pat_att,f_fg_made_50plus,f_def_sacks,f_takeaways,f_points_allowed,opp_implied,outcomes,status,available,roster_status,espn_id,season_games,season_points,season_ppg,published_at,actual,actual_source
1,1,00-0034857,Josh Allen,QB,BUF,LAC,1.0,2026_03_LAC_BUF,2026-09-27 13:00:00,26.25977963481917,18.481814216814428,35.33046655121285,24.78341668517196,1.4763629496472177,B,13,1.2765192897566426,28.75,1,,False,1.0,"https://static.www.nfl.com/image/upload/f_auto,q_auto/league/mjwbioajzldkq1vzoz2d",0.0,9.116037535830673,30.10749772597532,262.96542644888683,43.03326014835862,0.0,0.0,0.0,0.0,0.0,0.0,0.0,0.0,21.75,"[14.21, 16.09, 18.48, 19.63, 20.61, 21.6, 22.51, 23.38, 24.02, 25.35, 26.46, 27.1, 28.35, 29.83, 31.96, 33.45, 35.33, 36.98, 40.02]",Active,True,Active,3918298.0,2,76.5,38.2,2026-09-26 11:43:51,,
2,1,00-0038134,Kenneth Walker III,RB,KC,MIA,0.0,2026_03_KC_MIA,2026-09-27 13:00:00,21.967437244751697,12.355464712107128,32.80515874796389,21.018668527854462,0.9487687168972307,B,1,9.017662992455104,27.75,1,,False,1.0,"https://static.www.nfl.com/image/upload/f_auto,q_auto/league/vk6nruaqdewdglofcwwg",5.456496078531601,19.547958556576948,0.0,0.0,109.29699394555736,32.10294214859838,0.1707434953685569,0.0,0.0,0.0,0.0,0.0,0.0,17.75,"[8.76, 10.75, 12.36, 14.1, 15.37, 16.81, 17.68, 18.66, 19.91, 20.83, 22.2, 23.75, 25.11, 26.8, 28.16, 30.23, 32.81, 35.71, 38.84]",Active,True,Active,4567048.0,2,57.9,29.0,2026-09-26 11:43:51,,
3,2,00-0039139,Jahmyr Gibbs,RB,DET,NYJ,1.0,2026_03_NYJ_DET,2026-09-27 13:00:00,21.6419380924645,12.02996555981993,32.479659595676694,21.06000723899748,0.5819308534670213,C,14,0.2698532562620907,27.5,1,,False,1.0,"https://static.www.nfl.com/image/upload/f_auto,q_auto/league/cursejnmmp1i9hnxihkj",6.259005893459436,18.51320356474643,0.0,0.0,86.05488292131989,42.687551587729565,0.1688922643094931,0.0,0.0,0.0,0.0,0.0,0.0,21.0,"[8.43, 10.42, 12.03, 13.78, 15.05, 16.49, 17.36, 18.34, 19.58, 20.5, 21.88, 23.43, 24.78, 26.48, 27.83, 29.9, 32.48, 35.39, 38.52]",Active,True,Active,4429795.0,2,56.9,28.4,2026-09-26 11:43:51,,
4,1,00-0038543,Jaxon Smith-Njigba,WR,SEA,WAS,0.0,2026_03_SEA_WAS,2026-09-27 13:00:00,20.785510598426928,10.70758213002212,31.51158755877595,20.53727717664094,0.2482334217859865,C,5,5.866187398450362,24.0,1,,False,1.0,"https://static.www.nfl.com/image/upload/f_auto,q_auto/league/yx1xjrupbqdknnjaq4a6",10.225130375326572,0.1252757199209418,0.0,0.0,0.6221156629636491,115.5616018505652,0.3922554145556211,0.0,0.0,0.0,0.0,0.0,0.0,16.5,"[7.17, 9.23, 10.71, 12.21, 13.5, 15.71, 16.78, 17.96, 18.69, 20.23, 21.39, 23.07, 24.35, 25.68, 26.98, 28.67, 31.51, 33.93, 37.97]",Active,True,Active,4430878.0,2,68.7,34.4,2026-09-26 11:43:51,,
5,2,00-0033873,Patrick Mahomes,QB,KC,MIA,0.0,2026_03_KC_MIA,2026-09-27 13:00:00,20.37758008248012,12.216244913857446,29.252456163505133,19.87016215524316,0.5074179272369648,C,14,1.0828580641976226,27.75,2,,False,1.0,"https://static.www.nfl.com/image/upload/f_auto,q_auto/league/wdckwtob1lybvkmxnf7p",0.048971203347542,4.313700727360261,36.63589471406645,271.7572444409359,23.92325003146234,-0.4897120334754207,0.001688662184398,0.0,0.0,0.0,0.0,0.0,0.0,17.75,"[7.09, 9.89, 12.22, 13.94, 15.02, 16.29, 17.44, 18.37, 19.45, 20.43, 21.53, 22.52, 23.6, 24.81, 26.16, 27.69, 29.25, 30.98, 34.99]",Active,True,Active,3139477.0,2,50.6,25.3,2026-09-26 11:43:51,,
6,2,00-0036963,Amon-Ra St. Brown,WR,DET,NYJ,1.0,2026_03_NYJ_DET,2026-09-27 13:00:00,20.296213260660583,10.21828479225578,31.02229022100961,19.93001067698835,0.3662025836722371,C,26,-4.330216340541972,27.5,1,,False,1.0,"https://static.www.nfl.com/image/upload/f_auto,q_auto/league/fd8nwhm6pvxfyzphzl6i",12.190867920907838,0.047623034526812,0.0,0.0,0.1370914606702904,96.6470270809048,0.337475525981587,0.0,0.0,0.0,0.0,0.0,0.0,21.0,"[6.68, 8.74, 10.22, 11.72, 13.01, 15.22, 16.29, 17.47, 18.2, 19.74, 20.9, 22.58, 23.86, 25.19, 26.49, 28.18, 31.02, 33.44, 37.48]",Active,True,Active,4374302.0,2,63.9,32.0,2026-09-26 11:43:51,,
7,3,00-0037834,Brock Purdy,QB,SF,ARI,1.0,2026_03_ARI_SF,2026-09-27 16:05:00,20.144523904493347,11.983188735870671,29.01939998551836,18.45820249755744,1.6863214069359105,A,8,2.735851990801577,28.0,2,,False,1.0,"https://static.www.nfl.com/image/upload/f_auto,q_auto/league/xs2fyj1sqdgwvt9ihbri",0.0,4.194602563115389,28.95934558966496,239.25283719285304,25.938731955949237,0.0,0.0,0.0,0.0,0.0,0.0,0.0,0.0,19.5,"[6.86, 9.66, 11.98, 13.71, 14.79, 16.06, 17.21, 18.13, 19.22, 20.2, 21.3, 22.29, 23.37, 24.57, 25.93, 27.46, 29.02, 30.74, 34.75]",Active,True,Active,4361741.0,2,49.6,24.8,2026-09-26 11:43:51,,
8,3,00-0038542,Bijan Robinson,RB,ATL,GB,0.0,2026_03_ATL_GB,2026-09-24 20:15:00,19.496871819075228,9.885978452541975,30.335277975665,19.837915605858207,-0.3410437867829792,C,11,1.0900673386436337,19.5,2,,False,1.0,"https://static.www.nfl.com/image/upload/f_auto,q_auto/league/esii5yb8yn9edboi4mlq",6.533154002277896,17.91489372455442,0.0,0.0,83.45205120300643,46.560741687256986,0.264803872062031,0.0,0.0,0.0,0.0,0.0,0.0,24.0,"[6.29, 8.28, 9.89, 11.63, 12.9, 14.34, 15.21, 16.19, 17.44, 18.36, 19.73, 21.28, 22.64, 24.33, 25.69, 27.76, 30.34, 33.24, 36.37]",Active,True,Active,4430807.0,3,77.7,25.9,2026-09-24 19:34:09,35.3,nflverse
9,4,00-0039918,Caleb Williams,QB,CHI,PHI,1.0,2026_03_PHI_CHI,2026-09-28 20:15:00,19.44748256043411,11.286147391811436,28.32235864145912,18.990685219950464,0.4567973404836465,C,7,2.9485719615073536,18.5,2,,False,1.0,"https://static.www.nfl.com/image/upload/f_auto,q_auto/league/h4qs11kutwiw7whekmyt",0.0385846398945216,5.848271006913704,31.6472959443145,223.73931258182984,38.3013446685323,0.4244310388397382,0.0011348423498388,0.0,0.0,0.0,0.0,0.0,0.0,23.0,"[6.16, 8.96, 11.29, 13.01, 14.09, 15.36, 16.51, 17.44, 18.52, 19.5, 20.6, 21.59, 22.67, 23.88, 25.23, 26.76, 28.32, 30.05, 34.06]",Active,True,Active,4431611.0,2,45.0,22.5,2026-09-26 11:43:51,,
10,4,00-0036223,Jonathan Taylor,RB,IND,HOU,1.0,2026_03_HOU_IND,2026-09-27 13:00:00,19.053742099035844,9.441769566391274,29.89146360224804,19.61517571611657,-0.561433617080727,C,31,-7.176486037261855,20.5,2,,False,1.0,"https://static.www.nfl.com/image/upload/f_auto,q_auto/league/yw46ky6akdm7h7siofu8",3.634937875273806,20.378670577285003,0.0,0.0,90.29292759783974,26.502804183979997,0.1233138776181737,0.0,0.0,0.0,0.0,0.0,0.0,22.0,"[5.84, 7.84, 9.44, 11.19, 12.46, 13.9, 14.77, 15.75, 16.99, 17.91, 19.29, 20.84, 22.19, 23.89, 25.24, 27.31, 29.89, 32.8, 35.93]",Active,True,Active,4242335.0,2,54.3,27.2,2026-09-26 11:43:51,,
11,5,00-0033106,Jared Goff,QB,DET,NYJ,1.0,2026_03_NYJ_DET,2026-09-27 13:00:00,18.988904361041865,10.827569192419189,27.86378044206688,17.877041360387707,1.1118630006541572,B,17,0.3520420524352899,27.5,2,,False,1.0,"https://static.www.nfl.com/image/upload/f_auto,q_auto/league/kaicbot8qhzrvddilbtp",0.0,1.827244832995748,37.136068393851374,273.79830403604734,3.5801332695593624,0.0,0.0,0.0,0.0,0.0,0.0,0.0,0.0,21.0,"[5.7, 8.5, 10.83, 12.55, 13.63, 14.9, 16.05, 16.98, 18.06, 19.04, 20.14, 21.13, 22.21, 23.42, 24.78, 26.31, 27.86, 29.59, 33.6]",Active,True,Active,3046779.0,2,46.2,23.1,2026-09-26 11:43:51,,
12,6,00-0033077,Dak Prescott,QB,DAL,BAL,1.0,2026_03_BAL_DAL,2026-09-27 16:25:00,18.72491158054396,10.563576411921284,27.59978766156897,17.979767691835704,0.745143888708256,B,18,0.2052363207906818,25.0,2,,False,1.0,"https://static.www.nfl.com/image/upload/f_auto,q_auto/league/yvscmqq1qki8zfsemmcd",0.0,3.0725106860096023,33.12036564870366,245.34257615103957,15.5351334818486,0.0,0.0,0.0,0.0,0.0,0.0,0.0,0.0,28.5,"[5.44, 8.24, 10.56, 12.29, 13.37, 14.64, 15.79, 16.71, 17.8, 18.78, 19.88, 20.87, 21.95, 23.15, 24.51, 26.04, 27.6, 29.32, 33.33]",Active,True,Active,2577417.0,2,44.2,22.1,2026-09-26 11:43:51,,
13,7,00-0040743,Tyler Shough,QB,NO,LV,1.0,2026_03_LV_NO,2026-09-27 16:25:00,18.477312391704977,10.3159772230823,27.35218847272999,18.366067384615437,0.1112450070895434,C,25,-1.6697520998099462,23.25,2,,False,1.0,"https://static.www.nfl.com/image/upload/f_auto,q_auto/league/toiafc7qighw86geo7jf",0.0,5.626167597215542,38.95712144625099,288.4930671541369,17.08497233388427,0.0,0.0,0.0,0.0,0.0,0.0,0.0,0.0,20.25,"[5.19, 7.99, 10.32, 12.04, 13.12, 14.39, 15.54, 16.47, 17.55, 18.53, 19.63, 20.62, 21.7, 22.91, 24.26, 25.79, 27.35, 29.08, 33.09]",Active,True,Active,4360689.0,2,45.6,22.8,2026-09-26 11:43:51,,
14,8,00-0036389,Jalen Hurts,QB,PHI,CHI,0.0,2026_03_PHI_CHI,2026-09-28 20:15:00,18.417743595965995,10.256408427343318,27.29261967699101,18.353516977320083,0.064226618645911,C,11,1.9953300613546516,23.0,2,,False,1.0,"https://static.www.nfl.com/image/upload/f_auto,q_auto/league/xow5yvxjeqa6witmofmp",0.0,5.942557185742894,30.343148164049747,216.2282122714717,27.268576485132208,0.0,0.0,0.0,0.0,0.0,0.0,0.0,0.0,18.5,"[5.13, 7.93, 10.26, 11.98, 13.06, 14.33, 15.48, 16.41, 17.49, 18.47, 19.57, 20.56, 21.64, 22.85, 24.2, 25.74, 27.29, 29.02, 33.03]",Active,True,Active,4040715.0,2,40.9,20.4,2026-09-26 11:43:51,,
15,9,00-0034796,Lamar Jackson,QB,BAL,DAL,0.0,2026_03_BAL_DAL,2026-09-27 16:25:00,18.400482647961187,10.239147479338513,27.2753587289862,17.379054201462434,1.0214284464987529,B,6,3.025038584083433,28.5,2,,False,1.0,"https://static.www.nfl.com/image/upload/f_auto,q_auto/league/eno6s5qzl9grbfbfwhoa",0.0,5.207503133349441,25.59431745467796,239.55992974344235,31.191742105392372,0.0,0.0,0.0,0.0,0.0,0.0,0.0,0.0,25.0,"[5.11, 7.92, 10.24, 11.96, 13.04, 14.31, 15.47, 16.39, 17.47, 18.45, 19.55, 20.54, 21.63, 22.83, 24.19, 25.72, 27.28, 29.0, 33.01]",Active,True,Active,3916387.0,2,39.8,19.9,2026-09-26 11:43:51,,
16,3,00-0037239,Chris Olave,WR,NO,LV,1.0,2026_03_LV_NO,2026-09-27 16:25:00,18.16766734043077,8.089738872025968,28.8937443007798,18.174727639880896,-0.0070602994501207,C,25,-3.7312447396593975,23.25,2,,False,1.0,"https://static.www.nfl.com/image/upload/f_auto,q_auto/league/onmxufsprtvglhejg94o",10.653071796690249,0.0259130440405017,0.0183232891622244,0.0,-0.0777391321215052,107.32812285921484,0.2882863026176934,0.0,0.0,0.0,0.0,0.0,0.0,20.25,"[4.55, 6.62, 8.09, 9.59, 10.88, 13.09, 14.16, 15.35, 16.07, 17.61, 18.77, 20.45, 21.73, 23.07, 24.37, 26.05, 28.89, 31.31, 35.35]",Active,True,Active,4361370.0,2,50.8,25.4,2026-09-26 11:43:51,,
17,5,00-0032764,Derrick Henry,RB,BAL,DAL,0.0,2026_03_BAL_DAL,2026-09-27 16:25:00,17.935027229086288,9.472271087728116,26.503499366573223,17.480913377091163,0.4541138519951246,C,13,0.7139164805581611,28.5,2,,False,1.0,"https://static.www.nfl.com/image/upload/f_auto,q_auto/league/tm79x0iknqg6hms3ypyt",1.6028133084703824,19.55707928219254,0.0152109077114602,0.0,104.19763097144656,13.954921483773056,0.0601182259815176,0.0,0.0,0.0,0.0,0.0,0.0,25.0,"[6.61, 8.21, 9.47, 10.64, 11.74, 12.76, 13.71, 14.75, 15.64, 16.67, 17.66, 18.75, 19.95, 21.19, 22.58, 24.53, 26.5, 28.82, 33.49]",Active,True,Active,3043078.0,2,53.0,26.5,2026-09-26 11:43:51,,
18,6,00-0033280,Christian McCaffrey,RB,SF,ARI,1.0,2026_03_ARI_SF,2026-09-27 16:05:00,17.855375693659674,9.392619552301502,26.42384783114661,17.270239294820325,0.5851363988393494,B,18,-0.3554071126463017,28.0,2,,False,1.0,"https://static.www.nfl.com/image/upload/f_auto,q_auto/league/st82s2ytyzanatcmkqck",6.404282403464024,13.499465398306224,0.0297528246698992,0.0,55.80216919979392,39.86174214822598,0.2184445596225905,0.0,0.0,0.0,0.0,0.0,0.0,19.5,"[6.53, 8.13, 9.39, 10.56, 11.66, 12.68, 13.63, 14.68, 15.56, 16.59, 17.58, 18.67, 19.87, 21.11, 22.5, 24.46, 26.42, 28.74, 33.41]",Active,True,Active,3117251.0,2,36.4,18.2,2026-09-26 11:43:51,,
19,10,00-0039150,Bryce Young,QB,CAR,CLE,0.0,2026_03_CAR_CLE,2026-09-27 13:00:00,17.602181526219525,9.73676104609417,25.52862646273018,18.37996280800825,-0.7777812817887266,D,24,-1.6455408438373786,22.5,2,,False,1.0,"https://static.www.nfl.com/image/upload/f_auto,q_auto/league/vcvhmxvxw2a3armle0af",0.0,2.5303932691582665,33.55920023768822,262.346541739589,11.656768149686767,0.0,0.0,0.0,0.0,0.0,0.0,0.0,0.0,20.0,"[5.05, 7.92, 9.74, 11.12, 12.28, 13.51, 14.6, 15.58, 16.61, 17.45, 18.46, 19.29, 20.21, 21.31, 22.52, 23.88, 25.53, 27.69, 30.33]",Active,True,Active,4685720.0,2,55.5,27.8,2026-09-26 11:43:51,,
20,7,00-0040122,Ashton Jeanty,RB,LV,NO,0.0,2026_03_LV_NO,2026-09-27 16:25:00,16.91886601820151,8.456109876843337,25.487338155688445,17.182896114361064,-0.264030096159555,C,10,1.219871876313602,20.25,2,,False,1.0,"https://static.www.nfl.com/image/upload/f_auto,q_auto/league/syspis1mntov9kgspb7r",5.558869526269259,19.167287125636037,0.0,0.0,66.73223161626953,25.790347428209078,0.1935015656778385,0.0,0.0,0.0,0.0,0.0,0.0,23.25,"[5.6, 7.19, 8.46, 9.63, 10.73, 11.75, 12.69, 13.74, 14.62, 15.65, 16.64, 17.73, 18.94, 20.17, 21.56, 23.52, 25.49, 27.81, 32.48]",Active,True,Active,4890973.0,2,43.0,21.5,2026-09-26 11:43:51,,
21,11,00-0039163,C.J. Stroud,QB,HOU,IND,0.0,2026_03_HOU_IND,2026-09-27 13:00:00,16.590530314901677,8.725109834776323,24.516975251412333,15.826517624151345,0.7640126907503326,B,3,5.913700202776315,22.0,2,,False,1.0,"https://static.www.nfl.com/image/upload/f_auto,q_auto/league/tt4zrtxlhifaljhj0rn7",0.0,2.731486152362439,39.89364401092848,270.22898127779297,16.743364091877233,0.0,0.0,0.0,0.0,0.0,0.0,0.0,0.0,20.5,"[4.04, 6.91, 8.73, 10.11, 11.27, 12.5, 13.58, 14.57, 15.6, 16.44, 17.44, 18.28, 19.2, 20.3, 21.51, 22.87, 24.52, 26.67, 29.32]",Active,True,Active,4432577.0,2,33.5,16.8,2026-09-26 11:43:51,,
22,12,00-0036971,Trevor Lawrence,QB,JAX,NE,1.0,2026_03_NE_JAX,2026-09-27 13:00:00,16.513603258114344,8.648182777988989,24.440048194625,17.180920872413555,-0.6673176142992112,D,30,-6.273487101375819,24.75,2,,False,1.0,"https://static.www.nfl.com/image/upload/f_auto,q_auto/league/k9uzdernqkx7oquy7dkg",0.0,3.440700717672362,29.025390108723705,227.43308723529623,13.59681215852692,0.0,0.0,0.0,0.0,0.0,0.0,0.0,0.0,21.75,"[3.96, 6.83, 8.65, 10.03, 11.2, 12.43, 13.51, 14.49, 15.53, 16.36, 17.37, 18.2, 19.12, 20.22, 21.43, 22.79, 24.44, 26.6, 29.24]",Active,True,Active,4360310.0,2,32.3,16.2,2026-09-26 11:43:51,,
23,13,00-0036264,Jordan Love,QB,GB,ATL,1.0,2026_03_ATL_GB,2026-09-24 20:15:00,16.29807515616715,8.426389270775616,24.22958656271048,15.619917589169964,0.6781575669971875,B,15,0.5220112581182556,24.0,2,,False,1.0,"https://static.www.nfl.com/image/upload/f_auto,q_auto/league/thz8stjkbjwddxqnozi5",0.0,1.5463768077762816,33.01662886885322,245.10911387185547,5.842204966034664,0.0,0.0,0.0,0.0,0.0,0.0,0.0,0.0,19.5,"[3.72, 6.62, 8.43, 9.81, 10.98, 12.21, 13.3, 14.26, 15.3, 16.13, 17.11, 17.98, 18.9, 20.01, 21.22, 22.58, 24.23, 26.4, 29.02]",Active,True,Active,4036378.0,3,51.8,17.3,2026-09-24 19:34:09,18.48,nflverse
24,8,00-0037248,James Cook,RB,BUF,LAC,1.0,2026_03_LAC_BUF,2026-09-27 13:00:00,16.258801793030425,7.796045651672253,24.82727393051736,15.812766203996802,0.4460355890336238,C,27,-3.415604060411791,28.75,2,,False,1.0,"https://static.www.nfl.com/image/upload/f_auto,q_auto/league/anjbznqb9i21wzcgrtbs",2.976505184165514,17.58633790920862,0.0,0.0,93.72173891611328,11.689551190665185,0.1037682138463889,0.0,0.0,0.0,0.0,0.0,0.0,21.75,"[4.94, 6.53, 7.8, 8.97, 10.07, 11.09, 12.03, 13.08, 13.96, 14.99, 15.98, 17.07, 18.28, 19.51, 20.9, 22.86, 24.83, 27.15, 31.82]",Active,True,Active,4379399.0,2,30.8,15.4,2026-09-26 11:43:51,,
25,4,00-0036358,CeeDee Lamb,WR,DAL,BAL,1.0,2026_03_BAL_DAL,2026-09-27 16:25:00,16.206591985869327,7.509820201118421,25.174116037658457,15.973434857304884,0.2331571285644429,C,21,-1.200301287884041,25.0,3,,False,1.0,"https://static.www.nfl.com/image/upload/f_auto,q_auto/league/mbblzwtynxr15ovzkevi",8.46818563671875,0.2916004178806826,0.0,0.0,0.0498340264413868,89.82401929342036,0.2597428750672254,0.0,0.0,0.0,0.0,0.0,0.0,28.5,"[4.35, 6.17, 7.51, 8.65, 9.88, 10.87, 12.01, 12.97, 13.93, 15.04, 16.09, 17.39, 18.6, 19.7, 21.02, 22.98, 25.17, 28.04, 32.64]",Active,True,Active,4241389.0,2,50.7,25.4,2026-09-26 11:43:51,,
26,5,00-0039064,Zay Flowers,WR,BAL,DAL,0.0,2026_03_BAL_DAL,2026-09-27 16:25:00,16.168806872474413,7.472035087723507,25.13633092426354,15.595076515944942,0.5737303565294702,B,14,2.9936804404916164,28.5,3,Questionable,False,1.0,"https://static.www.nfl.com/image/upload/f_auto,q_auto/league/xzhto2dejy2pflkfx40c",6.503514090248522,0.3765806792806322,0.0,0.0,2.6695617155587783,95.8659465084345,0.2864893424779026,0.0,0.0,0.0,0.0,0.0,0.0,25.0,"[4.31, 6.14, 7.47, 8.61, 9.84, 10.83, 11.98, 12.93, 13.89, 15.0, 16.05, 17.36, 18.56, 19.66, 20.98, 22.94, 25.14, 28.0, 32.6]",Questionable,True,Active,4429615.0,1,26.0,26.0,2026-09-26 11:43:51,,
27,1,00-0037744,Trey McBride,TE,ARI,SF,0.0,2026_03_ARI_SF,2026-09-27 16:05:00,16.032008796675004,7.943555110007084,25.67445093150871,16.74885128339336,-0.716842486718356,D,32,-5.318712067121405,19.5,1,,False,1.0,"https://static.www.nfl.com/image/upload/f_auto,q_auto/league/psasp10nn5pcvkli9kil",10.797305573821587,0.0,0.0,0.0,0.0,70.52487484907151,0.3273569243478441,0.0,0.0,0.0,0.0,0.0,0.0,28.0,"[4.54, 6.07, 7.94, 9.05, 10.22, 10.73, 12.05, 13.26, 14.84, 15.76, 16.52, 17.36, 18.17, 19.85, 21.18, 22.62, 25.67, 27.48, 30.73]",Active,True,Active,4361307.0,2,42.6,21.3,2026-09-26 11:43:51,,
28,14,00-0026498,Matthew Stafford,QB,LA,DEN,0.0,2026_03_LA_DEN,2026-09-27 20:20:00,15.98132901233507,8.115908532209716,23.90777394884573,17.12907833405004,-1.1477493217149686,D,26,-4.014286024392746,23.5,2,,False,1.0,"https://static.www.nfl.com/image/upload/f_auto,q_auto/league/jwpkjfrkzufdyh8u1mg7",0.0,2.272541276322805,32.46142562329819,268.17502228505305,0.4520401352844762,0.0,0.0,0.0,0.0,0.0,0.0,0.0,0.0,21.0,"[3.43, 6.3, 8.12, 9.5, 10.66, 11.89, 12.97, 13.96, 14.99, 15.83, 16.83, 17.67, 18.59, 19.69, 20.9, 22.26, 23.91, 26.06, 28.71]",Active,True,Active,12483.0,2,31.1,15.6,2026-09-26 11:43:51,,
29,9,00-0038597,Chase Brown,RB,CIN,PIT,0.0,2026_03_CIN_PIT,2026-09-27 13:00:00,15.96346177915435,7.500705637796178,24.53193391664129,16.072984076340113,-0.1095222971857623,C,16,-0.2004559673072032,23.0,2,,False,1.0,"https://static.www.nfl.com/image/upload/f_auto,q_auto/league/tch3y6jlj7khvyi9jg0c",5.397965621365274,16.162990922374217,0.0,0.0,66.96711996503538,19.3959448518542,0.157069042151545,0.0,0.0,0.0,0.0,0.0,0.0,19.5,"[4.64, 6.24, 7.5, 8.67, 9.77, 10.79, 11.74, 12.78, 13.67, 14.7, 15.69, 16.78, 17.98, 19.21, 20.61, 22.56, 24.53, 26.85, 31.52]",Active,True,Active,4362238.0,2,30.0,15.0,2026-09-26 11:43:51,,
30,15,00-0036355,Justin Herbert,QB,LAC,BUF,0.0,2026_03_LAC_BUF,2026-09-27 13:00:00,15.898686366825377,8.033265886700022,23.825131303336036,15.48067825467342,0.4180081121519556,C,4,4.445643598427184,21.75,2,,False,1.0,"https://static.www.nfl.com/image/upload/f_auto,q_auto/league/jnkspnntgebegzp4ghve",0.0,4.862701076353954,28.71508103904764,208.42115306365545,24.145211338708297,0.0,0.0,0.0,0.0,0.0,0.0,0.0,0.0,28.75,"[3.34, 6.22, 8.03, 9.42, 10.58, 11.81, 12.89, 13.88, 14.91, 15.74, 16.75, 17.59, 18.51, 19.61, 20.82, 22.18, 23.83, 25.98, 28.62]",Active,True,Active,4038941.0,2,21.1,10.6,2026-09-26 11:43:51,,
31,16,00-0036945,Justin Fields,QB,KC,MIA,0.0,2026_03_KC_MIA,2026-09-27 13:00:00,15.868105206521832,8.002684726396478,23.794550143032488,15.360687279284866,0.5074179272369665,B,14,1.0828580641976226,27.75,2,,False,2.0,"https://static.www.nfl.com/image/upload/f_auto,q_auto/league/npjrombgxkc5vjkctcgy",0.1532710372085236,7.990094374382617,22.55371178594281,134.81607827115874,41.89936213732519,0.0,0.0058950398926355,0.0,0.0,0.0,0.0,0.0,0.0,17.75,"[3.31, 6.19, 8.0, 9.39, 10.55, 11.78, 12.86, 13.85, 14.88, 15.71, 16.72, 17.56, 18.48, 19.58, 20.79, 22.15, 23.79, 25.95, 28.59]",Active,True,Active,4362887.0,0,0.0,,2026-09-26 11:43:51,,
32,10,00-0039040,De'Von Achane,RB,MIA,KC,1.0,2026_03_KC_MIA,2026-09-27 13:00:00,15.73446016942682,7.271704028068649,24.30293230691376,16.072907109530355,-0.3384469401035339,C,15,-0.1890412772039905,17.75,2,,False,1.0,"https://static.www.nfl.com/image/upload/f_auto,q_auto/league/xk1xwio0bryfxo1ylweu",5.1766212052716565,15.538696988429283,0.0,0.0,71.20886132472309,26.76028454110839,0.2019039680717909,0.0,0.0,0.0,0.0,0.0,0.0,27.75,"[4.41, 6.01, 7.27, 8.44, 9.54, 10.56, 11.51, 12.55, 13.44, 14.47, 15.46, 16.55, 17.75, 18.99, 20.38, 22.33, 24.3, 26.62, 31.29]",Active,True,Active,4429160.0,2,22.9,11.4,2026-09-26 11:43:51,,
33,17,00-0039851,Drake Maye,QB,NE,JAX,0.0,2026_03_NE_JAX,2026-09-27 13:00:00,15.697109178299012,7.831688698173658,23.623554114809668,16.35463917281448,-0.6575299945154676,D,20,-0.6076904641395319,21.75,2,,False,1.0,"https://static.www.nfl.com/image/upload/f_auto,q_auto/league/s1nmoon2xnrc3bnyulv4",0.0465690651216247,5.883591574910693,28.177778443703737,216.83595689014825,32.09547792354328,0.0173699352815496,0.001596114002419,0.0,0.0,0.0,0.0,0.0,0.0,24.75,"[3.14, 6.01, 7.83, 9.21, 10.38, 11.61, 12.69, 13.68, 14.71, 15.54, 16.55, 17.38, 18.31, 19.4, 20.61, 21.98, 23.62, 25.78, 28.42]",Active,True,Active,4431452.0,2,17.8,8.9,2026-09-26 11:43:51,,
34,18,00-0033537,Deshaun Watson,QB,CLE,CAR,1.0,2026_03_CAR_CLE,2026-09-27 13:00:00,15.463280214407554,7.5978597342822,23.38972515091821,14.976313701250405,0.4869665131571494,B,9,2.3407301602730524,20.0,2,,True,1.0,"https://static.www.nfl.com/image/private/f_auto,q_auto/league/otfs2docj6eahaebo5xn",0.0,6.521647308749694,26.173178469997552,222.2143611887399,29.653643060004885,0.0,0.0,0.0,0.0,0.0,0.0,0.0,0.0,22.5,"[2.91, 5.78, 7.6, 8.98, 10.15, 11.37, 12.46, 13.44, 14.47, 15.31, 16.32, 17.15, 18.07, 19.17, 20.38, 21.74, 23.39, 25.55, 28.19]",Active,True,Active,3122840.0,2,33.7,16.8,2026-09-26 11:43:51,,
35,11,00-0036275,D'Andre Swift,RB,CHI,PHI,1.0,2026_03_PHI_CHI,2026-09-28 20:15:00,15.353873860209738,6.891117718851566,23.922345997696677,15.544231466119292,-0.1903576059095542,C,12,0.9861114576105776,18.5,2,,False,1.0,"https://static.www.nfl.com/image/upload/f_auto,q_auto/league/owpmwzoilitcodc6cmxo",2.7416583340429463,15.566870926789742,0.0,0.0,75.20201847880648,25.22431066767646,0.0895470942664714,0.0,0.0,0.0,0.0,0.0,0.0,23.0,"[4.03, 5.63, 6.89, 8.06, 9.16, 10.18, 11.13, 12.17, 13.06, 14.09, 15.08, 16.17, 17.37, 18.61, 20.0, 21.95, 23.92, 26.24, 30.91]",Active,True,Active,4259545.0,2,45.3,22.6,2026-09-26 11:43:51,,
36,19,00-0030565,Geno Smith,QB,NYJ,DET,0.0,2026_03_NYJ_DET,2026-09-27 13:00:00,15.263234943641027,7.397814463515675,23.189679880151683,14.269717206190014,0.9935177374510148,B,1,7.622490683636146,21.0,2,,False,1.0,"https://static.www.nfl.com/image/upload/f_auto,q_auto/league/zppfqqcyjfma14jjif3a",0.0,4.067218740805442,31.1638844548305,214.4862965961825,9.174931023351428,0.0,0.0,0.0,0.0,0.0,0.0,0.0,0.0,27.5,"[2.71, 5.58, 7.4, 8.78, 9.95, 11.17, 12.26, 13.24, 14.27, 15.11, 16.12, 16.95, 17.87, 18.97, 20.18, 21.54, 23.19, 25.35, 27.99]",Active,True,Active,15864.0,2,24.9,12.4,2026-09-26 11:43:51,,
37,6,00-0036900,Ja'Marr Chase,WR,CIN,PIT,0.0,2026_03_CIN_PIT,2026-09-27 13:00:00,15.11606566358888,6.419293878837973,24.083589715378007,15.29087927459122,-0.1748136110023406,C,27,-4.754448771337329,23.0,3,,False,1.0,"https://static.www.nfl.com/image/upload/f_auto,q_auto/league/qya3dtjb5kgofcuj2tuw",8.940804025806996,0.0752392944129866,0.0,0.0,0.3790248412887957,65.67639845470734,0.2599690889613282,0.0,0.0,0.0,0.0,0.0,0.0,19.5,"[3.26, 5.08, 6.42, 7.55, 8.79, 9.78, 10.92, 11.88, 12.84, 13.95, 15.0, 16.3, 17.51, 18.61, 19.93, 21.89, 24.08, 26.95, 31.55]",Active,True,Active,4362628.0,2,29.7,14.8,2026-09-26 11:43:51,,
38,7,00-0038606,Parker Washington,WR,JAX,NE,1.0,2026_03_NE_JAX,2026-09-27 13:00:00,14.894447439246107,6.197675654495201,23.861971491035234,14.658164906144172,0.2362825331019351,C,19,-0.3598596917299616,24.75,3,,False,1.0,"https://static.www.nfl.com/image/upload/f_auto,q_auto/league/yn0hc5xrz5nqeccg8two",8.138477908732145,0.2776345455958318,0.0,0.0,-0.0165876124802049,79.9061337091381,0.2935739014412982,0.0,0.0,0.0,0.0,0.0,0.0,21.75,"[3.04, 4.86, 6.2, 7.33, 8.57, 9.56, 10.7, 11.65, 12.62, 13.73, 14.78, 16.08, 17.28, 18.39, 19.71, 21.66, 23.86, 26.73, 31.33]",Active,True,Active,4432620.0,2,36.1,18.0,2026-09-26 11:43:51,,
39,8,00-0031381,Davante Adams,WR,LA,DEN,0.0,2026_03_LA_DEN,2026-09-27 20:20:00,14.871205559290278,6.174433774539372,23.83872961107941,15.101273732855628,-0.2300681735653498,C,29,-8.008497685707223,23.5,3,,False,1.0,"https://static.www.nfl.com/image/upload/f_auto,q_auto/league/tdzluk4xau3arxqk9zsl",8.0190750033955,0.0,0.0,0.0,0.0,86.78674269075553,0.2575375082023945,0.0,0.0,0.0,0.0,0.0,0.0,21.0,"[3.01, 4.84, 6.17, 7.31, 8.54, 9.53, 10.68, 11.63, 12.59, 13.71, 14.76, 16.06, 17.26, 18.36, 19.69, 21.64, 23.84, 26.71, 31.3]",Active,True,Active,16800.0,2,45.1,22.6,2026-09-26 11:43:51,,
40,9,00-0039491,Jalen Coker,WR,CAR,CLE,0.0,2026_03_CAR_CLE,2026-09-27 13:00:00,14.864686647990217,6.167914863239309,23.832210699779345,14.85857967729663,0.006106970693585,C,15,2.5338518004318757,22.5,3,Questionable,False,2.0,"https://static.www.nfl.com/image/upload/f_auto,q_auto/league/yynz8rxen6tsvhojggiv",7.340283737602024,0.0,0.0,0.0,0.0,78.94385863047846,0.2343532406413144,0.0,0.0,0.0,0.0,0.0,0.0,20.0,"[3.01, 4.83, 6.17, 7.3, 8.54, 9.53, 10.67, 11.62, 12.59, 13.7, 14.75, 16.05, 17.25, 18.36, 19.68, 21.63, 23.83, 26.7, 31.3]",Questionable,True,Active,4695883.0,2,48.4,24.2,2026-09-26 11:43:51,,
41,10,00-0036912,DeVonta Smith,WR,PHI,CHI,0.0,2026_03_PHI_CHI,2026-09-28 20:15:00,14.784155752915815,6.087383968164909,23.751679804704946,14.75903802480591,0.0251177281099046,C,16,1.6639397615764917,23.0,3,,False,1.0,"https://static.www.nfl.com/image/upload/f_auto,q_auto/league/k724kq3hyv7jc0y9s03x",8.36379741416395,0.0,0.0,0.0,0.0,72.3861628565414,0.2893088324074446,0.0,0.0,0.0,0.0,0.0,0.0,18.5,"[2.93, 4.75, 6.09, 7.22, 8.46, 9.45, 10.59, 11.54, 12.51, 13.62, 14.67, 15.97, 17.17, 18.28, 19.6, 21.55, 23.75, 26.62, 31.22]",Active,True,Active,4241478.0,2,36.0,18.0,2026-09-26 11:43:51,,
42,11,00-0038124,Christian Watson,WR,GB,ATL,1.0,2026_03_ATL_GB,2026-09-24 20:15:00,14.710612407627195,6.014171388681854,23.697406780327185,14.529325236517238,0.1812871711099575,C,18,0.0955672049176264,24.0,3,,False,1.0,"https://static.www.nfl.com/image/upload/f_auto,q_auto/league/tumeg4d32sirkab2xzu5",7.997023294268101,0.0367125856913473,0.0,0.0,0.1101377570740421,77.61909564347584,0.2574899219126126,0.0,0.0,0.0,0.0,0.0,0.0,19.5,"[2.85, 4.68, 6.01, 7.15, 8.38, 9.38, 10.52, 11.49, 12.45, 13.58, 14.65, 15.93, 17.12, 18.25, 19.54, 21.52, 23.7, 26.54, 31.14]",Active,True,Active,4248528.0,3,69.4,23.1,2026-09-24 19:34:09,22.6,nflverse
43,12,00-0039361,Bucky Irving,RB,TB,MIN,1.0,2026_03_MIN_TB,2026-09-27 16:05:00,14.7003831974694,6.237627056111228,23.26885533495633,14.97730164685581,-0.2769184493864109,C,25,-2.9805856891475835,20.5,2,,False,1.0,"https://static.www.nfl.com/image/upload/f_auto,q_auto/league/vkc00rvnix3f2b96vkwo",4.580678334926177,14.60997916991846,0.0,0.0,64.37068407890331,24.00503655736976,0.1525791010010698,0.0,0.0,0.0,0.0,0.0,0.0,22.0,"[3.38, 4.97, 6.24, 7.41, 8.51, 9.53, 10.47, 11.52, 12.4, 13.43, 14.43, 15.51, 16.72, 17.95, 19.34, 21.3, 23.27, 25.59, 30.26]",Active,True,Active,4596448.0,2,33.3,16.6,2026-09-26 11:43:51,,
44,20,00-0039732,Bo Nix,QB,DEN,LA,1.0,2026_03_LA_DEN,2026-09-27 20:20:00,14.635071281236163,6.769650801110811,22.56151621774682,16.02958410558073,-1.3945128243445666,F,32,-7.325864312696092,21.0,2,,False,1.0,"https://static.www.nfl.com/image/upload/f_auto,q_auto/league/zvo9xatffmqn9lnukpgk",0.0275735121399941,4.890146558699776,33.16671736317479,225.32816990423143,13.135245036375538,0.0,0.0007659308927776,0.0,0.0,0.0,0.0,0.0,0.0,23.5,"[2.08, 4.95, 6.77, 8.15, 9.32, 10.55, 11.63, 12.62, 13.65, 14.48, 15.49, 16.32, 17.24, 18.34, 19.55, 20.91, 22.56, 24.72, 27.36]",Active,True,Active,4426338.0,2,19.6,9.8,2026-09-26 11:43:51,,
45,21,00-0035710,Daniel Jones,QB,IND,HOU,1.0,2026_03_HOU_IND,2026-09-27 13:00:00,14.583187937686146,6.717767457560792,22.5096328741968,13.765168755264616,0.8180191824215299,B,5,3.3847884174337226,20.5,2,,False,1.0,"https://static.www.nfl.com/image/upload/f_auto,q_auto/league/ohvvctuykzwrpqer7xgl",0.0,2.5376941721890542,29.896649575172365,205.23665740716237,9.46035176238506,0.0,0.0,0.0,0.0,0.0,0.0,0.0,0.0,22.0,"[2.03, 4.9, 6.72, 8.1, 9.27, 10.49, 11.58, 12.56, 13.59, 14.43, 15.44, 16.27, 17.19, 18.29, 19.5, 20.86, 22.51, 24.67, 27.31]",Active,True,Active,3917792.0,2,20.4,10.2,2026-09-26 11:43:51,,
46,22,00-0036442,Joe Burrow,QB,CIN,PIT,0.0,2026_03_CIN_PIT,2026-09-27 13:00:00,14.498646353296875,6.633225873171523,22.425091289807533,15.184149365492102,-0.685503012195225,D,23,-1.527217636173466,23.0,2,,False,1.0,"https://static.www.nfl.com/image/upload/f_auto,q_auto/league/gnnvcgui1cijybukk2w7",0.0,2.5117220986453943,33.01655710881578,232.1472328029797,7.821130204322658,0.0,0.0,0.0,0.0,0.0,0.0,0.0,0.0,19.5,"[1.94, 4.82, 6.63, 8.02, 9.18, 10.41, 11.49, 12.48, 13.51, 14.34, 15.35, 16.19, 17.11, 18.21, 19.42, 20.78, 22.43, 24.58, 27.22]",Active,True,Active,3915511.0,2,30.3,15.2,2026-09-26 11:43:51,,
47,13,00-0038120,Breece Hall,RB,NYJ,DET,0.0,2026_03_NYJ_DET,2026-09-27 13:00:00,14.3918916508716,5.929135509513428,22.96036378835853,14.49769480091826,-0.1058031500466611,C,9,2.5445295029914763,21.0,2,,False,1.0,"https://static.www.nfl.com/image/upload/f_auto,q_auto/league/i01xtqbfajfq68lb6orh",3.180580295518366,17.177118823171533,0.0259130440405017,0.103652176162007,64.81597561322037,30.978726510507023,0.1049483547651409,0.0,0.0,0.0,0.0,0.0,0.0,27.5,"[3.07, 4.67, 5.93, 7.1, 8.2, 9.22, 10.17, 11.21, 12.1, 13.12, 14.12, 15.21, 16.41, 17.64, 19.04, 20.99, 22.96, 25.28, 29.95]",Active,True,Active,4427366.0,2,34.0,17.0,2026-09-26 11:43:51,,
48,12,00-0036322,Justin Jefferson,WR,MIN,TB,0.0,2026_03_MIN_TB,2026-09-27 16:05:00,14.390021953949468,5.693250169198562,23.3575460057386,14.800972015355882,-0.4109500614064139,C,30,-9.374701289506303,22.0,3,,False,1.0,"https://static.www.nfl.com/image/upload/f_auto,q_auto/league/htjevkugzk6ietrjysny",7.750112577073367,0.0639539888366099,0.0,0.0,0.2046527642771519,65.29764998857084,0.3320620420049168,0.0,0.0,0.0,0.0,0.0,0.0,20.5,"[2.53, 4.36, 5.69, 6.83, 8.06, 9.05, 10.2, 11.15, 12.11, 13.23, 14.28, 15.58, 16.78, 17.88, 19.21, 21.16, 23.36, 26.23, 30.82]",Active,True,Active,4262921.0,2,39.7,19.8,2026-09-26 11:43:51,,
49,14,00-0036997,Javonte Williams,RB,DAL,BAL,1.0,2026_03_BAL_DAL,2026-09-27 16:25:00,14.025919780351405,5.563163638993233,22.59439191783834,13.710019312043125,0.315900468308282,C,17,-0.290770448646386,25.0,2,,False,1.0,"https://static.www.nfl.com/image/upload/f_auto,q_auto/league/xvwroirev2kie6oiphtz",3.707297582753902,13.626601446354154,0.0,0.0,52.34291846507723,16.735885995977608,0.114427403385523,0.0,0.0,0.0,0.0,0.0,0.0,28.5,"[2.7, 4.3, 5.56, 6.73, 7.83, 8.85, 9.8, 10.85, 11.73, 12.76, 13.75, 14.84, 16.04, 17.28, 18.67, 20.63, 22.59, 24.91, 29.58]",Active,True,Active,4361579.0,2,32.2,16.1,2026-09-26 11:43:51,,
50,15,00-0037840,Kyren Williams,RB,LA,DEN,0.0,2026_03_LA_DEN,2026-09-27 20:20:00,13.97958889020916,6.383457169997891,21.60151776604628,13.726178783663348,0.2534101065458127,C,5,4.479371833415084,23.5,2,,False,1.0,"https://static.www.nfl.com/image/upload/f_auto,q_auto/league/xti3pek6rmojqchakxpy",2.725172954356664,13.157577366557836,0.0,0.0,67.0529220979787,18.048786221266205,0.0838576077448901,0.0,0.0,0.0,0.0,0.0,0.0,21.0,"[4.06, 5.38, 6.38, 7.47, 8.37, 9.24, 10.04, 10.81, 11.65, 12.52, 13.51, 14.54, 15.65, 16.85, 18.36, 19.91, 21.6, 24.58, 28.15]",Active,True,Active,4430737.0,2,31.2,15.6,2026-09-26 11:43:51,,
51,13,00-0037740,Garrett Wilson,WR,NYJ,DET,0.0,2026_03_NYJ_DET,2026-09-27 13:00:00,13.915099334377686,6.235200976579502,22.3128337196756,13.99027289217132,-0.075173557793633,C,7,4.365147025870685,21.0,3,,False,1.0,"https://static.www.nfl.com/image/upload/f_auto,q_auto/league/upxwxmhdd8xluztgqwhe",7.399741080336262,0.0,0.0,0.0,0.0,62.00768139039875,0.2827185100249048,0.0,0.0,0.0,0.0,0.0,0.0,27.5,"[3.58, 5.15, 6.24, 7.25, 8.2, 9.11, 10.01, 11.02, 11.96, 12.96, 13.99, 15.03, 16.08, 17.35, 18.74, 20.36, 22.31, 24.84, 28.87]",Active,True,Active,4569618.0,2,30.6,15.3,2026-09-26 11:43:51,,
52,23,00-0034855,Baker Mayfield,QB,TB,MIN,1.0,2026_03_MIN_TB,2026-09-27 16:05:00,13.797897750779011,5.090957888022755,21.303098289068032,15.185632985967176,-1.387735235188163,F,31,-6.978781095413612,20.5,2,,False,1.0,"https://static.www.nfl.com/image/upload/f_auto,q_auto/league/gjb8e69jtt1ffqf1afue",0.0,3.934225857917813,31.195562031163423,205.6042635391581,26.42932297061221,0.0,0.0,0.0,0.0,0.0,0.0,0.0,0.0,22.0,"[1.64, 3.39, 5.09, 6.53, 7.98, 9.03, 10.08, 11.25, 12.25, 13.2, 14.35, 15.31, 16.34, 17.55, 18.6, 20.01, 21.3, 23.55, 26.53]",Active,True,Active,3052587.0,2,23.8,11.9,2026-09-26 11:43:51,,
53,24,00-0040676,Cam Ward,QB,TEN,NYG,0.0,2026_03_TEN_NYG,2026-09-27 13:00:00,13.613356279429144,4.906416416672885,21.11855681771816,14.23829209004949,-0.6249358106203466,D,10,2.224984284204807,17.5,2,,False,1.0,"https://static.www.nfl.com/image/upload/f_auto,q_auto/league/l7switu6stlwd2irm8yo",0.0,3.202057857271532,27.915520661584765,171.7575352655694,11.90814782836653,0.0,0.0,0.0,0.0,0.0,0.0,0.0,0.0,20.0,"[1.46, 3.2, 4.91, 6.34, 7.79, 8.85, 9.9, 11.06, 12.07, 13.01, 14.17, 15.12, 16.15, 17.37, 18.41, 19.82, 21.12, 23.37, 26.35]",Active,True,Active,4688380.0,2,31.7,15.8,2026-09-26 11:43:51,,
54,25,00-0032950,Carson Wentz,QB,MIN,TB,0.0,2026_03_MIN_TB,2026-09-27 16:05:00,13.605685081539333,4.898745218783075,21.110885619828352,13.825227285966122,-0.2195422044267889,C,12,1.2925422694668751,22.0,2,,False,2.0,"https://static.www.nfl.com/image/upload/f_auto,q_auto/league/vuolixdvigc8axelug66",0.0,3.4314201458941604,23.73154405307404,168.3092477353839,5.235712925553312,0.0,0.0,0.0,0.0,0.0,0.0,0.0,0.0,20.5,"[1.45, 3.19, 4.9, 6.33, 7.79, 8.84, 9.89, 11.05, 12.06, 13.0, 14.16, 15.12, 16.14, 17.36, 18.41, 19.81, 21.11, 23.36, 26.34]",Active,True,Active,2573079.0,2,25.5,12.8,2026-09-26 11:43:51,,
55,26,00-0029604,Kirk Cousins,QB,LV,NO,0.0,2026_03_LV_NO,2026-09-27 16:25:00,13.470185595561544,4.763245732805286,20.975386133850563,14.446071813144725,-0.9758862175831792,D,22,-1.1577452968907027,20.25,2,,False,1.0,"https://static.www.nfl.com/image/upload/f_auto,q_auto/league/za7cynvpwlsro1tsaijk",0.0,3.2942459243974844,28.92654514684064,197.10896644946956,-1.1967813919394157,0.0,0.0,0.0,0.0,0.0,0.0,0.0,0.0,23.25,"[1.31, 3.06, 4.76, 6.2, 7.65, 8.7, 9.76, 10.92, 11.92, 12.87, 14.02, 14.98, 16.01, 17.22, 18.27, 19.68, 20.98, 23.22, 26.2]",Active,True,Active,14880.0,2,34.0,17.0,2026-09-26 11:43:51,,
56,2,00-0030506,Travis Kelce,TE,KC,MIA,0.0,2026_03_KC_MIA,2026-09-27 13:00:00,13.415258829689986,6.050746957867708,20.723192662167698,12.614418885559914,0.8008399441300718,B,8,3.584951383061251,27.75,2,,False,1.0,"https://static.www.nfl.com/image/upload/f_auto,q_auto/league/dpxovcfku6ud2aohgf6a",7.295067239383997,0.0304218154229204,0.0,0.0,0.0304218154229204,66.88955323042732,0.2197246155921425,0.0,0.0,0.0,0.0,0.0,0.0,17.75,"[3.55, 5.05, 6.05, 6.9, 7.69, 8.54, 9.71, 10.67, 11.53, 12.47, 13.39, 14.17, 15.0, 16.31, 17.44, 18.9, 20.72, 23.73, 27.13]",Active,True,Active,15847.0,2,35.2,17.6,2026-09-26 11:43:51,,
57,27,00-0039923,J.J. McCarthy,QB,MIN,TB,0.0,2026_03_MIN_TB,2026-09-27 16:05:00,13.378437577328748,4.6714977145724905,20.883638115617767,13.597979781755535,-0.2195422044267889,C,12,1.2925422694668751,22.0,2,,False,3.0,"https://static.www.nfl.com/image/upload/f_auto,q_auto/league/omybnfokapjw6jwb5dd3",0.0,3.5136941617526,23.803059858046304,164.0768286318631,17.001862203454582,0.0,0.0,0.0,0.0,0.0,0.0,0.0,0.0,20.5,"[1.22, 2.97, 4.67, 6.11, 7.56, 8.61, 9.67, 10.83, 11.83, 12.78, 13.93, 14.89, 15.92, 17.13, 18.18, 19.59, 20.88, 23.13, 26.11]",Active,True,Active,4433970.0,0,0.0,,2026-09-26 11:43:51,,
58,28,00-0023459,Aaron Rodgers,QB,PIT,CIN,1.0,2026_03_CIN_PIT,2026-09-27 13:00:00,13.235483773448353,4.528543910692095,20.74068431173737,13.196540795716803,0.0389429777315495,C,16,0.3548365321017987,19.5,2,,False,1.0,"https://static.www.nfl.com/image/upload/f_auto,q_auto/league/dypvakakxhccxs67tb0y",0.0331752249604099,1.5426044146191074,36.23257971844357,204.1321626947476,2.7038966759968024,-0.2985770246436897,0.0010053098472851,0.0,0.0,0.0,0.0,0.0,0.0,23.0,"[1.08, 2.82, 4.53, 5.96, 7.42, 8.47, 9.52, 10.68, 11.69, 12.63, 13.79, 14.75, 15.77, 16.99, 18.04, 19.44, 20.74, 22.99, 25.97]",Active,True,Active,8439.0,2,16.5,8.2,2026-09-26 11:43:51,,
59,14,00-0040124,Tetairoa McMillan,WR,CAR,CLE,0.0,2026_03_CAR_CLE,2026-09-27 13:00:00,13.195547264634245,5.51564890683606,21.59328164993216,13.18944029394066,0.0061069706935832,C,15,2.5338518004318757,22.5,3,,False,1.0,"https://static.www.nfl.com/image/upload/f_auto,q_auto/league/gilgvjemumd6kpc9eiku",7.967168527713515,0.0,0.0,0.0,0.0,74.67690105721093,0.2596567869328757,0.0,0.0,0.0,0.0,0.0,0.0,20.0,"[2.86, 4.43, 5.52, 6.53, 7.48, 8.39, 9.29, 10.3, 11.24, 12.24, 13.27, 14.32, 15.36, 16.63, 18.02, 19.64, 21.59, 24.12, 28.15]",Active,True,Active,4685472.0,2,25.6,12.8,2026-09-26 11:43:51,,
60,29,00-0040668,Shedeur Sanders,QB,CLE,CAR,1.0,2026_03_CAR_CLE,2026-09-27 13:00:00,13.128855335430991,4.421915472674733,20.63405587372001,12.600145394647129,0.5287099407838625,B,9,2.3407301602730524,20.0,2,,False,2.0,"https://static.www.nfl.com/image/upload/f_auto,q_auto/league/joe08hz6to2madpko8zl",0.0,2.7511363539950517,26.723186023771422,174.95043702633726,22.67061263624345,0.0,0.0,0.0,0.0,0.0,0.0,0.0,0.0,22.5,"[0.97, 2.72, 4.42, 5.86, 7.31, 8.36, 9.42, 10.58, 11.58, 12.53, 13.68, 14.64, 15.67, 16.88, 17.93, 19.34, 20.63, 22.88, 25.86]",Active,True,Active,4432762.0,0,0.0,,2026-09-26 11:43:51,,
61,3,00-0034383,Dalton Schultz,TE,HOU,IND,0.0,2026_03_HOU_IND,2026-09-27 13:00:00,13.085790153915443,5.721278282093166,20.393723986393155,12.71873550102694,0.3670546528885019,C,6,5.135374100177506,22.0,2,,False,1.0,"https://static.www.nfl.com/image/upload/f_auto,q_auto/league/ym8sbkev8l4scnrc0vd8",8.377998694926662,0.0,0.0,0.0,0.0,67.05149007847359,0.2103461213948295,0.0,0.0,0.0,0.0,0.0,0.0,20.5,"[3.22, 4.72, 5.72, 6.57, 7.36, 8.21, 9.38, 10.34, 11.2, 12.14, 13.06, 13.84, 14.67, 15.98, 17.11, 18.57, 20.39, 23.4, 26.8]",Active,True,Active,3117256.0,2,33.5,16.8,2026-09-26 11:43:51,,
62,30,00-0035704,Drew Lock,QB,SEA,WAS,0.0,2026_03_SEA_WAS,2026-09-27 13:00:00,13.045777317999416,4.338837455243159,20.550977856288437,11.814659086146165,1.2311182318532516,B,2,6.847403172982628,24.0,2,,False,2.0,"https://static.www.nfl.com/image/upload/f_auto,q_auto/league/vdixnkk1uglfpwowalf8",0.0,1.1772246091837408,19.1770397792524,168.08224298998329,4.554623411720237,0.0,0.0,0.0,0.0,0.0,0.0,0.0,0.0,16.5,"[0.89, 2.63, 4.34, 5.77, 7.23, 8.28, 9.33, 10.49, 11.5, 12.44, 13.6, 14.56, 15.58, 16.8, 17.85, 19.25, 20.55, 22.8, 25.78]",Active,True,Active,3924327.0,2,34.2,17.1,2026-09-26 11:43:51,,
63,4,00-0038933,Dalton Kincaid,TE,BUF,LAC,1.0,2026_03_LAC_BUF,2026-09-27 13:00:00,12.830165083764992,5.465653211942715,20.138098916242704,12.247448839238285,0.5827162445267096,B,14,0.0139262747182616,28.75,2,,False,1.0,"https://static.www.nfl.com/image/upload/f_auto,q_auto/league/z7k857flehljboaixj8m",5.772019870354287,0.0,0.0,0.0,0.0,82.77276113767587,0.2028411856794058,0.0,0.0,0.0,0.0,0.0,0.0,21.75,"[2.96, 4.46, 5.47, 6.31, 7.11, 7.95, 9.12, 10.09, 10.95, 11.89, 12.8, 13.58, 14.42, 15.73, 16.85, 18.32, 20.14, 23.15, 26.54]",Active,True,Active,4385690.0,2,40.5,20.2,2026-09-26 11:43:51,,
64,16,00-0040715,Cam Skattebo,RB,NYG,TEN,1.0,2026_03_TEN_NYG,2026-09-27 13:00:00,12.799144191577168,5.2030124713659,20.421073067414287,12.721745056800485,0.0773991347766855,C,8,2.9172632585472447,20.0,2,,False,1.0,"https://static.www.nfl.com/image/upload/f_auto,q_auto/league/hlggiqdfvj1f4kntkafr",2.7920454101160086,14.097862722149737,0.0,0.0,55.576185252356034,15.83513077844235,0.0891691160662398,0.0,0.0,0.0,0.0,0.0,0.0,17.5,"[2.88, 4.2, 5.2, 6.29, 7.18, 8.06, 8.86, 9.63, 10.47, 11.34, 12.33, 13.36, 14.47, 15.67, 17.18, 18.73, 20.42, 23.4, 26.97]",Active,True,Active,4696981.0,2,23.6,11.8,2026-09-26 11:43:51,,
65,31,00-0033119,Jacoby Brissett,QB,ARI,SF,0.0,2026_03_ARI_SF,2026-09-27 16:05:00,12.722279887417166,4.015340024660908,20.227480425706183,14.656908194090516,-1.934628306673352,F,28,-5.189463301855584,19.5,2,,False,1.0,"https://static.www.nfl.com/image/upload/f_auto,q_auto/league/qjswiunczrn5xmdiqhlz",0.0,3.0383066885853998,34.13458827952828,212.4876947513009,11.052668422209145,0.0,0.0,0.0,0.0,0.0,0.0,0.0,0.0,28.0,"[0.56, 2.31, 4.02, 5.45, 6.9, 7.96, 9.01, 10.17, 11.17, 12.12, 13.27, 14.23, 15.26, 16.48, 17.52, 18.93, 20.23, 22.48, 25.46]",Active,True,Active,2578570.0,2,23.0,11.5,2026-09-26 11:43:51,,
66,17,00-0036973,Travis Etienne,RB,NO,LV,1.0,2026_03_LV_NO,2026-09-27 16:25:00,12.716163632268255,5.120031912056987,20.338092508105376,12.732653418366098,-0.0164897860978427,C,24,-2.838840779134308,23.25,2,,False,1.0,"https://static.www.nfl.com/image/upload/f_auto,q_auto/league/pwko5dybmjie8qqo4qz2",4.306101856829244,11.5146971232696,0.0,0.0,47.331153083997656,20.07179853752231,0.1092542347205351,0.0,0.0,0.0,0.0,0.0,0.0,20.25,"[2.8, 4.12, 5.12, 6.21, 7.1, 7.97, 8.78, 9.54, 10.39, 11.26, 12.24, 13.28, 14.39, 15.59, 17.1, 18.65, 20.34, 23.32, 26.89]",Active,True,Active,4239996.0,2,21.9,11.0,2026-09-26 11:43:51,,
67,32,00-0038128,Malik Willis,QB,MIA,KC,1.0,2026_03_KC_MIA,2026-09-27 13:00:00,12.690598632338142,3.9836587695818846,20.19579917062716,13.943824043073755,-1.253225410735613,D,27,-4.612981143627088,17.75,2,,False,1.0,"https://static.www.nfl.com/image/upload/f_auto,q_auto/league/txvgdbwbryzyyqq6gfet",0.0,4.40750897575071,20.964287158021985,184.4615834957964,24.56542393980129,0.0,0.0,0.0,0.0,0.0,0.0,0.0,0.0,27.75,"[0.53, 2.28, 3.98, 5.42, 6.87, 7.93, 8.98, 10.14, 11.14, 12.09, 13.24, 14.2, 15.23, 16.44, 17.49, 18.9, 20.2, 22.44, 25.42]",Active,True,Active,4242512.0,2,29.2,14.6,2026-09-26 11:43:51,,
68,18,00-0037228,Jaylen Warren,RB,PIT,CIN,1.0,2026_03_CIN_PIT,2026-09-27 13:00:00,12.64764498540151,5.051513265190241,20.269573861238623,13.038152517660098,-0.3905075322585887,C,26,-3.3106772544374192,19.5,2,Questionable,False,1.0,"https://static.www.nfl.com/image/upload/f_auto,q_auto/league/dkiteytgnxar1mpaxcxv",3.792559820709042,11.634299430033186,0.0,0.0,51.73670650284856,24.134461256608372,0.1091727594816176,0.0,0.0,0.0,0.0,0.0,0.0,23.0,"[2.73, 4.05, 5.05, 6.14, 7.03, 7.9, 8.71, 9.47, 10.32, 11.19, 12.17, 13.21, 14.32, 15.52, 17.03, 18.58, 20.27, 23.25, 26.82]",Questionable,True,Active,4569987.0,2,20.0,10.0,2026-09-26 11:43:51,,
69,33,00-0039917,Michael Penix Jr.,QB,ATL,GB,0.0,2026_03_ATL_GB,2026-09-24 20:15:00,12.391738239220066,3.7003684571329583,19.9063823429436,13.392100700121205,-1.0003624609011386,D,21,-0.7931699363124608,19.5,2,,False,1.0,"https://static.www.nfl.com/image/upload/f_auto,q_auto/league/mip4kogkqxwkkya6mvmh",0.0,2.1279171943817743,29.954322337627364,216.66353928321303,7.591869864912248,0.0,0.0,0.0,0.0,0.0,0.0,0.0,0.0,24.0,"[0.22, 1.95, 3.7, 5.14, 6.58, 7.65, 8.69, 9.88, 10.86, 11.83, 13.0, 13.93, 14.96, 16.15, 17.19, 18.61, 19.91, 22.13, 25.11]",Active,True,Active,4360423.0,1,14.0,14.0,2026-09-24 19:34:09,14.040000000000001,nflverse
70,5,00-0039338,Brock Bowers,TE,LV,NO,0.0,2026_03_LV_NO,2026-09-27 16:25:00,12.344594030937706,4.980082159115429,19.65252786341542,12.561610128618875,-0.217016097681169,C,15,-0.011561373012771,20.25,2,Questionable,False,1.0,"https://static.www.nfl.com/image/upload/f_auto,q_auto/league/waorceny0ggpaeckaol8",6.9820659057157375,0.1463439611636026,0.0,0.0,0.1146644320539843,53.32029676900227,0.2345129737140414,0.0,0.0,0.0,0.0,0.0,0.0,23.25,"[2.48, 3.98, 4.98, 5.83, 6.62, 7.47, 8.63, 9.6, 10.46, 11.4, 12.31, 13.1, 13.93, 15.24, 16.37, 17.83, 19.65, 22.66, 26.06]",Questionable,True,Active,4432665.0,0,0.0,,2026-09-26 11:43:51,,
71,15,00-0037247,George Pickens,WR,DAL,BAL,1.0,2026_03_BAL_DAL,2026-09-27 16:25:00,12.263874759175913,4.583976401377728,20.661609144473825,12.030717630611468,0.2331571285644447,C,21,-1.200301287884041,25.0,3,,False,2.0,"https://static.www.nfl.com/image/upload/f_auto,q_auto/league/cbpyykoguf7rsxezqzvk",7.402172603382439,0.0,0.0,0.0,0.0,56.26251051920174,0.2264943949435303,0.0,0.0,0.0,0.0,0.0,0.0,28.5,"[1.93, 3.5, 4.58, 5.6, 6.55, 7.46, 8.36, 9.37, 10.3, 11.31, 12.34, 13.38, 14.43, 15.7, 17.09, 18.71, 20.66, 23.19, 27.22]",Active,True,Active,4426354.0,2,15.8,7.9,2026-09-26 11:43:51,,
72,19,00-0040666,Omarion Hampton,RB,LAC,BUF,0.0,2026_03_LAC_BUF,2026-09-27 13:00:00,12.176985868400402,4.580854148189134,19.79891474423752,11.988596124040688,0.1883897443597142,C,3,5.874351122856741,21.75,2,,False,1.0,"https://static.www.nfl.com/image/upload/f_auto,q_auto/league/lf2jxvxnbexlinoydbej",2.0011662697122974,15.437965282450149,0.0,0.0,62.32412479454976,13.778790170492972,0.0665915431193636,0.0,0.0,0.0,0.0,0.0,0.0,28.75,"[2.26, 3.58, 4.58, 5.67, 6.56, 7.43, 8.24, 9.0, 9.85, 10.72, 11.7, 12.74, 13.85, 15.05, 16.56, 18.11, 19.8, 22.78, 26.35]",Active,True,Active,4685382.0,2,25.8,12.9,2026-09-26 11:43:51,,
73,34,00-0034869,Sam Darnold,QB,SEA,WAS,0.0,2026_03_SEA_WAS,2026-09-27 13:00:00,12.170327055632924,3.463387192876665,19.67552759392194,10.939208823779673,1.23111823185325,B,2,6.847403172982628,24.0,2,,False,1.0,"https://static.www.nfl.com/image/upload/f_auto,q_auto/league/fyay8vruj0cqmhopufzk",0.0,1.640476505109013,21.523578062373897,168.49880431424236,3.949030378922653,0.0,0.0,0.0,0.0,0.0,0.0,0.0,0.0,16.5,"[0.01, 1.76, 3.46, 4.9, 6.35, 7.4, 8.46, 9.62, 10.62, 11.57, 12.72, 13.68, 14.71, 15.92, 16.97, 18.38, 19.68, 21.92, 24.9]",Active,True,Active,3912547.0,1,0.5,0.5,2026-09-26 11:43:51,,
74,16,00-0036410,Tee Higgins,WR,CIN,PIT,0.0,2026_03_CIN_PIT,2026-09-27 13:00:00,12.157425980981037,4.4775276231828505,20.555160366278947,12.332239591983376,-0.1748136110023406,C,27,-4.754448771337329,23.0,3,,False,2.0,"https://static.www.nfl.com/image/upload/f_auto,q_auto/league/gpwtyv3viwy9q4ewderl",7.45606503856263,0.0,0.0,0.0,0.0,69.62858574687907,0.2216067742904398,0.0,0.0,0.0,0.0,0.0,0.0,19.5,"[1.83, 3.39, 4.48, 5.5, 6.44, 7.36, 8.25, 9.27, 10.2, 11.2, 12.24, 13.28, 14.32, 15.6, 16.98, 18.6, 20.56, 23.08, 27.11]",Active,True,Active,4239993.0,2,23.4,11.7,2026-09-26 11:43:51,,
75,17,00-0035719,Deebo Samuel Sr.,WR,SF,ARI,1.0,2026_03_ARI_SF,2026-09-27 16:05:00,11.94140107740327,4.261502719605086,20.339135462701183,11.216212295197051,0.7251887822062173,B,6,5.714090884231345,28.0,3,,False,2.0,"https://static.www.nfl.com/image/upload/f_auto,q_auto/league/ntgyhqg6hq7fanhhsqiw",5.607660157258331,1.0193691410640626,0.0,0.0,6.208377802319545,41.396193031338,0.2218158997043165,0.0,0.0,0.0,0.0,0.0,0.0,19.5,"[1.61, 3.18, 4.26, 5.28, 6.22, 7.14, 8.04, 9.05, 9.98, 10.99, 12.02, 13.06, 14.1, 15.38, 16.77, 18.39, 20.34, 22.87, 26.9]",Active,True,Active,3126486.0,2,24.5,12.2,2026-09-26 11:43:51,,
76,18,00-0039067,Rashee Rice,WR,KC,MIA,0.0,2026_03_KC_MIA,2026-09-27 13:00:00,11.918637448926964,4.238739091128781,20.31637183422488,11.568533693929307,0.3501037549976562,C,23,-1.96507570032539,27.75,3,,False,1.0,"https://static.www.nfl.com/image/upload/f_auto,q_auto/league/qhkbqrydjeur8zvrrmfl",6.221790976288001,0.2043186937688446,0.0,0.0,0.7804133721876828,59.11747630171804,0.179423447747732,0.0,0.0,0.0,0.0,0.0,0.0,17.75,"[1.59, 3.15, 4.24, 5.26, 6.2, 7.12, 8.02, 9.03, 9.96, 10.97, 12.0, 13.04, 14.08, 15.36, 16.74, 18.36, 20.32, 22.84, 26.88]",Active,True,Active,4428331.0,2,22.2,11.1,2026-09-26 11:43:51,,
77,19,00-0036613,Jaylen Waddle,WR,DEN,LA,1.0,2026_03_LA_DEN,2026-09-27 20:20:00,11.84208321403857,4.162184856240386,20.239817599336483,11.815296184055288,0.0267870299832821,C,9,4.016316478447309,21.0,3,,False,1.0,"https://static.www.nfl.com/image/upload/f_auto,q_auto/league/gkh7m1jedon9mwn5jlf1",6.373713095243718,0.091789465119538,0.0217901858419695,0.1743214867357564,1.20201353437625,63.65050326695277,0.2335733937976936,0.0,0.0,0.0,0.0,0.0,0.0,23.5,"[1.51, 3.08, 4.16, 5.18, 6.13, 7.04, 7.94, 8.95, 9.88, 10.89, 11.92, 12.96, 14.0, 15.28, 16.67, 18.29, 20.24, 22.77, 26.8]",Active,True,Active,4372016.0,2,23.0,11.5,2026-09-26 11:43:51,,
78,35,00-0036898,Davis Mills,QB,HOU,IND,0.0,2026_03_HOU_IND,2026-09-27 13:00:00,11.816366360856298,3.1094264981000403,19.32156689914532,11.052353670105964,0.7640126907503326,B,3,5.913700202776315,22.0,2,,False,2.0,"https://static.www.nfl.com/image/upload/f_auto,q_auto/league/jh9e97vjzmeafx8jz0sn",0.0,2.085888505413698,26.510930637172837,152.24738734102456,10.18678486776864,0.0,0.0,0.0,0.0,0.0,0.0,0.0,0.0,20.5,"[0.0, 1.4, 3.11, 4.54, 6.0, 7.05, 8.1, 9.26, 10.27, 11.21, 12.37, 13.33, 14.35, 15.57, 16.62, 18.02, 19.32, 21.57, 24.55]",Active,True,Active,4242546.0,0,0.0,,2026-09-26 11:43:51,,
79,20,00-0033293,Aaron Jones,RB,MIN,TB,0.0,2026_03_MIN_TB,2026-09-27 16:05:00,11.804396678397936,4.208264958186669,19.426325554235056,12.081661169612923,-0.2772644912149875,C,19,-1.329172997090597,22.0,2,,False,1.0,"https://static.www.nfl.com/image/upload/f_auto,q_auto/league/bktkfvgfwujkdbzkcfim",1.752279524536967,15.32569746947688,0.0,0.0,62.98356819236513,6.743993421318352,0.0760596502256842,0.0,0.0,0.0,0.0,0.0,0.0,20.5,"[1.89, 3.21, 4.21, 5.3, 6.19, 7.06, 7.87, 8.63, 9.47, 10.34, 11.33, 12.37, 13.48, 14.68, 16.19, 17.74, 19.43, 22.41, 25.98]",Active,True,Active,3042519.0,2,20.5,10.2,2026-09-26 11:43:51,,
80,20,00-0041037,Denzel Boston,WR,CLE,CAR,1.0,2026_03_CAR_CLE,2026-09-27 13:00:00,11.780823755418108,4.100925397619924,20.17855814071602,11.968502430599315,-0.1876786751812087,C,17,0.2595730689160777,20.0,3,,True,1.0,"https://static.www.nfl.com/image/upload/f_auto,q_auto/league/ybkny6eh5eegq3bqmony",5.564941926249084,0.0,0.0,0.0,0.0,77.779303114989,0.2086909219658933,0.0,0.0,0.0,0.0,0.0,0.0,22.5,"[1.45, 3.01, 4.1, 5.12, 6.06, 6.98, 7.88, 8.89, 9.82, 10.83, 11.86, 12.9, 13.94, 15.22, 16.6, 18.23, 20.18, 22.71, 26.74]",Active,True,Active,4832800.0,2,34.4,17.2,2026-09-26 11:43:51,,
81,21,00-0034844,Saquon Barkley,RB,PHI,CHI,0.0,2026_03_PHI_CHI,2026-09-28 20:15:00,11.651293991332537,4.055162271121269,19.273222867169657,11.398840020449192,0.2524539708833444,C,4,5.137805474107638,23.0,2,,False,1.0,"https://static.www.nfl.com/image/upload/f_auto,q_auto/league/qcayrzjpura2zydszonh",2.562242935250849,13.788465195015451,0.0,0.0,61.02417958037984,9.704467438648107,0.0937228014675303,0.0,0.0,0.0,0.0,0.0,0.0,18.5,"[1.73, 3.06, 4.06, 5.14, 6.04, 6.91, 7.71, 8.48, 9.32, 10.19, 11.18, 12.22, 13.32, 14.52, 16.04, 17.58, 19.27, 22.25, 25.82]",Active,True,Active,3929630.0,2,12.0,6.0,2026-09-26 11:43:51,,
82,36,00-0028118,Tyrod Taylor,QB,GB,ATL,1.0,2026_03_ATL_GB,2026-09-24 20:15:00,11.564521186003176,2.8731514039160686,19.07916528972671,10.886363619005987,0.6781575669971893,B,15,0.5220112581182556,24.0,2,,False,2.0,"https://static.www.nfl.com/image/upload/f_auto,q_auto/league/whpztm9akd7yefplp37r",0.0,4.392630113608838,21.97938397407632,127.58120332179796,23.00431244323824,0.0,0.0,0.0,0.0,0.0,0.0,0.0,0.0,19.5,"[0.0, 1.13, 2.87, 4.31, 5.75, 6.83, 7.86, 9.05, 10.03, 11.01, 12.17, 13.1, 14.13, 15.33, 16.37, 17.78, 19.08, 21.31, 24.28]",Active,True,Active,14163.0,0,0.0,,2026-09-24 19:34:09,0.0,nflverse
83,21,00-0039424,Devaughn Vele,WR,NO,LV,1.0,2026_03_LV_NO,2026-09-27 16:25:00,11.486362554184682,3.806464196386498,19.8840969394826,11.493422853634804,-0.0070602994501207,C,25,-3.7312447396593975,23.25,3,,False,2.0,"https://static.www.nfl.com/image/upload/f_auto,q_auto/league/fa3dwsu8nxzkbf2knczm",6.699200520980459,0.0,0.0,0.0,0.0,55.20224320765514,0.1782369376706816,0.0,0.0,0.0,0.0,0.0,0.0,20.25,"[1.15, 2.72, 3.81, 4.83, 5.77, 6.68, 7.58, 8.59, 9.53, 10.53, 11.56, 12.61, 13.65, 14.92, 16.31, 17.93, 19.88, 22.41, 26.44]",Active,True,Active,4569559.0,2,31.3,15.6,2026-09-26 11:43:51,,
84,22,00-0036555,Chuba Hubbard,RB,CAR,CLE,0.0,2026_03_CAR_CLE,2026-09-27 13:00:00,11.477565513697732,3.881433793486465,19.09949438953485,11.751161758671422,-0.2735962449736888,C,21,-1.9476096639343976,22.5,2,,False,1.0,"https://static.www.nfl.com/image/upload/f_auto,q_auto/league/rzsvnt0pxsaize2ndhxm",2.502499721134264,9.853583444717144,0.0,0.0,42.203173966613605,18.975643165968304,0.0806440404416997,0.0,0.0,0.0,0.0,0.0,0.0,20.0,"[1.56, 2.88, 3.88, 4.97, 5.86, 6.73, 7.54, 8.3, 9.15, 10.02, 11.0, 12.04, 13.15, 14.35, 15.86, 17.41, 19.1, 22.08, 25.65]",Active,True,Active,4241416.0,2,38.1,19.0,2026-09-26 11:43:51,,
85,37,00-0036212,Tua Tagovailoa,QB,ATL,GB,0.0,2026_03_ATL_GB,2026-09-24 20:15:00,11.436667533825922,2.745297751738814,18.95131163754945,12.43702999472706,-1.0003624609011386,D,21,-0.7931699363124608,19.5,2,,False,2.0,"https://static.www.nfl.com/image/upload/f_auto,q_auto/league/tmm4ohds7qci0vqoobhm",0.0,1.4520663753816494,26.6578658364577,189.00510485329573,2.423225571874506,0.0,0.0,0.0,0.0,0.0,0.0,0.0,0.0,24.0,"[0.0, 1.0, 2.75, 4.18, 5.63, 6.7, 7.73, 8.92, 9.9, 10.88, 12.04, 12.97, 14.01, 15.2, 16.24, 17.65, 18.95, 21.18, 24.15]",Active,True,Active,4241479.0,0,0.0,,2026-09-24 19:34:09,0.0,nflverse
86,6,00-0039065,Sam LaPorta,TE,DET,NYJ,1.0,2026_03_NYJ_DET,2026-09-27 13:00:00,11.398509647902484,4.033997776080207,18.706443480380194,11.117602417825251,0.2809072300772328,C,22,-2.228271145684766,27.5,2,,False,1.0,"https://static.www.nfl.com/image/upload/f_auto,q_auto/league/wxlk7ysg2nfq6h6ntdcu",6.679300100711191,0.0,0.0,0.0,0.0,52.10230153981495,0.1900658744904206,0.0,0.0,0.0,0.0,0.0,0.0,21.0,"[1.53, 3.03, 4.03, 4.88, 5.68, 6.52, 7.69, 8.66, 9.52, 10.46, 11.37, 12.15, 12.99, 14.3, 15.42, 16.88, 18.71, 21.72, 25.11]",Active,True,Active,4430027.0,2,27.0,13.5,2026-09-26 11:43:51,,
87,22,00-0031408,Mike Evans,WR,SF,ARI,1.0,2026_03_ARI_SF,2026-09-27 16:05:00,11.371426099287824,3.6915277414896392,19.769160484585736,10.646237317081606,0.7251887822062173,B,6,5.714090884231345,28.0,3,Questionable,False,1.0,"https://static.www.nfl.com/image/upload/f_auto,q_auto/league/zc4ujpmndyxrbiyyjomz",5.84731941813895,0.0,0.0,0.0,0.0,49.2669321707573,0.1958093592751993,0.0,0.0,0.0,0.0,0.0,0.0,19.5,"[1.04, 2.61, 3.69, 4.71, 5.65, 6.57, 7.47, 8.48, 9.41, 10.42, 11.45, 12.49, 13.53, 14.81, 16.2, 17.82, 19.77, 22.3, 26.33]",Questionable,True,Active,16737.0,2,25.3,12.6,2026-09-26 11:43:51,,
88,23,00-0037238,Drake London,WR,ATL,GB,0.0,2026_03_ATL_GB,2026-09-24 20:15:00,11.289857113567988,3.6132600836810136,19.661551238941488,11.445131474144508,-0.1552743605765201,C,4,6.271161181040156,19.5,3,,False,1.0,"https://static.www.nfl.com/image/upload/f_auto,q_auto/league/mcllowcfrmmdeo4zy3g1",6.3956035231561295,0.5684252396761809,0.0,0.0,1.038411466037246,55.108080727703054,0.2289053413094064,0.0,0.0,0.0,0.0,0.0,0.0,24.0,"[0.96, 2.53, 3.61, 4.63, 5.57, 6.49, 7.39, 8.39, 9.33, 10.33, 11.36, 12.4, 13.44, 14.72, 16.09, 17.71, 19.66, 22.2, 26.23]",Active,True,Active,4426502.0,3,42.8,14.3,2026-09-24 19:34:09,28.400000000000002,nflverse
89,23,00-0036875,Rhamondre Stevenson,RB,NE,JAX,0.0,2026_03_NE_JAX,2026-09-27 13:00:00,11.28639663070092,3.690264910489653,18.90832550653804,11.734345528409175,-0.4479488977082546,D,28,-3.510081880870486,21.75,2,,False,1.0,"https://static.www.nfl.com/image/upload/f_auto,q_auto/league/zmpuirvuw4r04inxth5i",3.519087838470905,11.44195562985688,0.0,0.0,48.72316155995684,24.772741689569816,0.1278481684920956,0.0,0.0,0.0,0.0,0.0,0.0,24.75,"[1.37, 2.69, 3.69, 4.78, 5.67, 6.54, 7.35, 8.11, 8.96, 9.83, 10.81, 11.85, 12.96, 14.16, 15.67, 17.22, 18.91, 21.89, 25.46]",Active,True,Active,4569173.0,2,18.1,9.0,2026-09-26 11:43:51,,
90,24,00-0038559,Michael Wilson,WR,ARI,SF,0.0,2026_03_ARI_SF,2026-09-27 16:05:00,11.247723284022696,3.567824926224513,19.64545766932061,11.653518938403788,-0.4057956543810892,D,22,-1.8081610719087355,19.5,3,,False,1.0,"https://static.www.nfl.com/image/upload/f_auto,q_auto/league/hm2b9z4zujjmbiyldh8n",7.624086579590544,0.0,0.0,0.0,0.0,52.53984565556032,0.2244675445828862,0.0,0.0,0.0,0.0,0.0,0.0,28.0,"[0.92, 2.48, 3.57, 4.59, 5.53, 6.45, 7.34, 8.36, 9.29, 10.29, 11.33, 12.37, 13.41, 14.69, 16.07, 17.69, 19.65, 22.17, 26.2]",Active,True,Active,4360761.0,2,14.4,7.2,2026-09-26 11:43:51,,
91,38,00-0039376,Spencer Rattler,QB,NO,LV,1.0,2026_03_LV_NO,2026-09-27 16:25:00,11.236126857696616,2.5291869949403587,18.741327395985635,11.124881850607071,0.1112450070895452,C,25,-1.6697520998099462,23.25,2,,False,2.0,"https://static.www.nfl.com/image/upload/f_auto,q_auto/league/gcgmcf4kex3jsl4rlrng",0.2077629615868428,3.221850474039245,26.26610750980833,166.44826738946674,17.046546489448602,0.0,0.00747145531687,0.0,0.0,0.0,0.0,0.0,0.0,20.25,"[0.0, 0.82, 2.53, 3.96, 5.42, 6.47, 7.52, 8.68, 9.69, 10.63, 11.79, 12.75, 13.77, 14.99, 16.04, 17.44, 18.74, 20.99, 23.97]",Active,True,Active,4426339.0,0,0.0,,2026-09-26 11:43:51,,
92,25,00-0035640,DK Metcalf,WR,PIT,CIN,1.0,2026_03_CIN_PIT,2026-09-27 13:00:00,11.217509474937517,3.5376111171393303,19.615243860235427,11.490678852011271,-0.2731693770737564,C,20,-1.172532099829588,19.5,3,,False,1.0,"https://static.www.nfl.com/image/upload/f_auto,q_auto/league/kxql4sjfelubhxawu2zh",8.141865979688651,0.0672101209862726,0.0,0.0,0.4032607259176356,43.3340355459406,0.2390288283205364,0.0,0.0,0.0,0.0,0.0,0.0,23.0,"[0.89, 2.45, 3.54, 4.56, 5.5, 6.42, 7.31, 8.33, 9.26, 10.26, 11.3, 12.34, 13.38, 14.66, 16.04, 17.66, 19.62, 22.14, 26.17]",Active,True,Active,4047650.0,2,14.7,7.4,2026-09-26 11:43:51,,
93,39,00-0035993,Tyler Huntley,QB,BAL,DAL,0.0,2026_03_BAL_DAL,2026-09-27 16:25:00,11.144250034504392,2.437310171748134,18.649450572793413,10.12282158800564,1.0214284464987529,B,6,3.025038584083433,28.5,2,,False,2.0,"https://static.www.nfl.com/image/upload/f_auto,q_auto/league/fxyjf9d5qkwqjdd8ypvv",0.0,4.874011309853459,13.394582695497885,84.53838697924023,30.15903510247616,0.0,0.0,0.0,0.0,0.0,0.0,0.0,0.0,25.0,"[0.0, 0.73, 2.44, 3.87, 5.33, 6.38, 7.43, 8.59, 9.6, 10.54, 11.7, 12.65, 13.68, 14.9, 15.94, 17.35, 18.65, 20.9, 23.88]",Active,True,Active,4035671.0,0,0.0,,2026-09-26 11:43:51,,
94,24,00-0040784,Quinshon Judkins,RB,CLE,CAR,1.0,2026_03_CAR_CLE,2026-09-27 13:00:00,11.080436225226258,3.4843045050149897,18.70236510106338,10.729464284404704,0.3509719408215535,C,2,6.951790631624031,20.0,2,,False,1.0,"https://static.www.nfl.com/image/upload/f_auto,q_auto/league/ojtce2im0wp2ltyel0vc",3.220951019302078,13.741623932883291,0.0,0.0,38.63414922453228,18.404913412665643,0.1136691238385688,0.0,0.0,0.0,0.0,0.0,0.0,22.5,"[1.16, 2.49, 3.48, 4.57, 5.47, 6.34, 7.14, 7.91, 8.75, 9.62, 10.61, 11.65, 12.75, 13.95, 15.47, 17.01, 18.7, 21.68, 25.25]",Active,True,Active,4685702.0,2,16.8,8.4,2026-09-26 11:43:51,,
95,26,00-0037261,Khalil Shakir,WR,BUF,LAC,1.0,2026_03_LAC_BUF,2026-09-27 13:00:00,11.023728428973174,3.343830071174989,19.421462814271088,10.177225350549037,0.8465030784241385,B,3,7.388318795914675,28.75,3,,False,2.0,"https://static.www.nfl.com/image/upload/f_auto,q_auto/league/syvp3hficobwcsim3i9v",6.378136815391934,0.0163953084112474,0.0,0.0,0.0819765420562374,46.91187710096232,0.2207190535250109,0.0,0.0,0.0,0.0,0.0,0.0,21.75,"[0.69, 2.26, 3.34, 4.36, 5.31, 6.22, 7.12, 8.13, 9.06, 10.07, 11.1, 12.14, 13.19, 14.46, 15.85, 17.47, 19.42, 21.95, 25.98]",Active,True,Active,4373678.0,2,15.8,7.9,2026-09-26 11:43:51,,
96,27,00-0037240,Jameson Williams,WR,DET,NYJ,1.0,2026_03_NYJ_DET,2026-09-27 13:00:00,11.016815119742429,3.3369167619442424,19.41454950504034,10.650612536070192,0.3662025836722353,B,26,-4.330216340541972,27.5,3,,False,2.0,"https://static.www.nfl.com/image/upload/f_auto,q_auto/league/byiptqggtglvy5qrw5wp",6.447615772251396,0.144717321980736,0.0,0.0,0.345139575901074,54.03435725111005,0.1791101092034583,0.0,0.0,0.0,0.0,0.0,0.0,21.0,"[0.68, 2.25, 3.34, 4.36, 5.3, 6.22, 7.11, 8.12, 9.06, 10.06, 11.09, 12.14, 13.18, 14.45, 15.84, 17.46, 19.41, 21.94, 25.97]",Active,True,Active,4426388.0,2,13.8,6.9,2026-09-26 11:43:51,,
97,7,00-0034753,Mark Andrews,TE,BAL,DAL,0.0,2026_03_BAL_DAL,2026-09-27 16:25:00,10.851894483934378,3.4873826121121008,18.15982831641209,9.850081242911909,1.0018132410224698,A,5,5.177468914293607,28.5,2,,False,1.0,"https://static.www.nfl.com/image/upload/f_auto,q_auto/league/u4xzz7tclch0tpzm9hhz",5.336325167890667,0.2518071398465058,0.0,0.0,1.327487781247467,36.86415057622337,0.2126685405986967,0.0,0.0,0.0,0.0,0.0,0.0,25.0,"[0.98, 2.49, 3.49, 4.33, 5.13, 5.98, 7.14, 8.11, 8.97, 9.91, 10.82, 11.61, 12.44, 13.75, 14.88, 16.34, 18.16, 21.17, 24.56]",Active,True,Active,3116365.0,2,19.8,9.9,2026-09-26 11:43:51,,
98,28,00-0038563,Tre Tucker,WR,LV,NO,0.0,2026_03_LV_NO,2026-09-27 16:25:00,10.799977208693818,3.1200788508956334,19.19771159399173,10.959982850650295,-0.1600056419564772,C,10,3.862106245476425,20.25,3,,False,1.0,"https://static.www.nfl.com/image/upload/f_auto,q_auto/league/hazzk3hrcequzosdgzgv",5.477468718892029,0.3370478968979333,0.0,0.0,1.3275479839721218,56.83849414220301,0.1919635227293047,0.0,0.0,0.0,0.0,0.0,0.0,23.25,"[0.47, 2.03, 3.12, 4.14, 5.08, 6.0, 6.9, 7.91, 8.84, 9.85, 10.88, 11.92, 12.96, 14.24, 15.62, 17.25, 19.2, 21.72, 25.76]",Active,True,Active,4428718.0,2,27.6,13.8,2026-09-26 11:43:51,,
99,29,00-0041438,Carnell Tate,WR,TEN,NYG,0.0,2026_03_TEN_NYG,2026-09-27 13:00:00,10.65033554633079,2.970437188532606,19.048069931628703,11.129185134809775,-0.4788495884789867,D,11,3.387232470981544,17.5,3,,True,1.0,"https://static.www.nfl.com/image/upload/f_auto,q_auto/league/ghpmpzcnigxrdbyvcxke",5.478352691250304,0.0,0.0,0.0,0.0,32.26187960375336,0.2559298271690932,0.0,0.0,0.0,0.0,0.0,0.0,20.0,"[0.32, 1.88, 2.97, 3.99, 4.93, 5.85, 6.75, 7.76, 8.69, 9.7, 10.73, 11.77, 12.81, 14.09, 15.47, 17.1, 19.05, 21.58, 25.61]",Active,True,Active,4871023.0,2,13.5,6.8,2026-09-26 11:43:51,,
100,30,00-0039915,Ladd McConkey,WR,LAC,BUF,0.0,2026_03_LAC_BUF,2026-09-27 13:00:00,10.649058012426496,2.9691596546283128,19.04679239772441,10.695066957134864,-0.0460089447083671,C,13,3.0810969999554563,21.75,3,,False,1.0,"https://static.www.nfl.com/image/upload/f_auto,q_auto/league/q2sk7yforrkiusvruo1o",5.328650459101104,0.0,0.0,0.0,0.0,51.04831697732597,0.1886051383772659,0.0,0.0,0.0,0.0,0.0,0.0,28.75,"[0.32, 1.88, 2.97, 3.99, 4.93, 5.85, 6.75, 7.76, 8.69, 9.7, 10.73, 11.77, 12.81, 14.09, 15.47, 17.09, 19.05, 21.57, 25.61]",Active,True,Active,4612826.0,2,25.7,12.8,2026-09-26 11:43:51,,
101,8,00-0033288,George Kittle,TE,SF,ARI,1.0,2026_03_ARI_SF,2026-09-27 16:05:00,10.571050570406754,3.2065386985844766,17.878984402884466,9.977675480425344,0.5933750899814108,B,12,1.0519178295763438,28.0,2,,False,1.0,"https://static.www.nfl.com/image/upload/f_auto,q_auto/league/vkicdglglkyukgyxtmpx",5.164038762513521,0.0277044999854379,0.0,0.0,-0.0831134999563137,50.594097779640336,0.1863562598422304,0.0,0.0,0.0,0.0,0.0,0.0,19.5,"[0.7, 2.2, 3.21, 4.05, 4.85, 5.7, 6.86, 7.83, 8.69, 9.63, 10.54, 11.32, 12.16, 13.47, 14.6, 16.06, 17.88, 20.89, 24.28]",Active,True,Active,3040151.0,2,21.2,10.6,2026-09-26 11:43:51,,
102,31,00-0040667,Matthew Golden,WR,GB,ATL,1.0,2026_03_ATL_GB,2026-09-24 20:15:00,10.56618448487072,2.8895874549837464,18.93787861024422,10.384897313760764,0.1812871711099575,C,18,0.0955672049176264,24.0,3,,False,2.0,"https://static.www.nfl.com/image/upload/f_auto,q_auto/league/dbjki6b0swksr7mk17wk",6.273778005119596,0.235389606129227,0.0,0.0,1.0400475065592023,54.497979176826895,0.1947689628483187,0.0,0.0,0.0,0.0,0.0,0.0,19.5,"[0.24, 1.8, 2.89, 3.9, 4.85, 5.76, 6.66, 7.67, 8.6, 9.61, 10.64, 11.68, 12.72, 14.0, 15.37, 16.99, 18.94, 21.47, 25.5]",Active,True,Active,4701936.0,3,46.3,15.4,2026-09-24 19:34:09,21.0,nflverse
103,32,00-0040129,Emeka Egbuka,WR,TB,MIN,1.0,2026_03_MIN_TB,2026-09-27 16:05:00,10.558811943335028,2.878913585536844,18.95654632863294,10.575039964976767,-0.0162280216417389,C,8,4.1156195303677725,20.5,3,,False,1.0,"https://static.www.nfl.com/image/upload/f_auto,q_auto/league/z224kbzs62rjuykc0vha",6.180448770250933,0.3031747490538112,0.0,0.0,-0.7062718365129548,42.47948288949922,0.2034454552977848,0.0,0.0,0.0,0.0,0.0,0.0,22.0,"[0.23, 1.79, 2.88, 3.9, 4.84, 5.76, 6.66, 7.67, 8.6, 9.61, 10.64, 11.68, 12.72, 14.0, 15.38, 17.0, 18.96, 21.48, 25.52]",Active,True,Active,4567750.0,2,21.6,10.8,2026-09-26 11:43:51,,
104,33,00-0038997,Josh Downs,WR,IND,HOU,1.0,2026_03_HOU_IND,2026-09-27 13:00:00,10.54517439357003,2.8652760357718448,18.942908778867945,10.585970951766512,-0.040796558196483,C,12,3.326896691849145,20.5,3,,False,1.0,"https://static.www.nfl.com/image/upload/f_auto,q_auto/league/z3wahaxpmc6d5lcxgh60",6.101204495262152,0.0954064597649426,0.0,0.0,-0.1283893253532002,46.58707808803943,0.2003536785154168,0.0,0.0,0.0,0.0,0.0,0.0,22.0,"[0.21, 1.78, 2.87, 3.88, 4.83, 5.74, 6.64, 7.65, 8.59, 9.59, 10.62, 11.66, 12.71, 13.98, 15.37, 16.99, 18.94, 21.47, 25.5]",Active,True,Active,4688813.0,2,19.9,10.0,2026-09-26 11:43:51,,
105,25,00-0040236,Kyle Monangai,RB,CHI,PHI,1.0,2026_03_PHI_CHI,2026-09-28 20:15:00,10.442331265741538,2.84619954553027,18.064260141578657,10.63268887165109,-0.1903576059095524,C,12,0.9861114576105776,18.5,2,,False,2.0,"https://static.www.nfl.com/image/upload/f_auto,q_auto/league/bkkk3uuouhcobydqawro",2.115515947071996,10.24754725930244,0.0,0.0,58.82000911349741,15.735407078599865,0.0686677225970956,0.0,0.0,0.0,0.0,0.0,0.0,23.0,"[0.53, 1.85, 2.85, 3.94, 4.83, 5.7, 6.5, 7.27, 8.11, 8.98, 9.97, 11.01, 12.12, 13.31, 14.83, 16.37, 18.06, 21.04, 24.61]",Active,True,Active,4608686.0,2,28.2,14.1,2026-09-26 11:43:51,,
106,34,00-0038117,Wan'Dale Robinson,WR,TEN,NYG,0.0,2026_03_TEN_NYG,2026-09-27 13:00:00,10.42954348257137,2.7496451247731857,18.827277867869284,10.857937089067006,-0.4283936064956357,D,11,3.387232470981544,17.5,3,,False,2.0,"https://static.www.nfl.com/image/upload/f_auto,q_auto/league/yzcvyhmilvxedfjfjglc",6.14197953543533,0.1041529991574778,0.0,0.0,0.1825375739798194,42.35850386346983,0.2260299564261988,0.0,0.0,0.0,0.0,0.0,0.0,20.0,"[0.1, 1.66, 2.75, 3.77, 4.71, 5.63, 6.53, 7.54, 8.47, 9.48, 10.51, 11.55, 12.59, 13.87, 15.25, 16.87, 18.83, 21.35, 25.39]",Active,True,Active,4569587.0,2,10.7,5.4,2026-09-26 11:43:51,,
107,9,00-0040128,Tyler Warren,TE,IND,HOU,1.0,2026_03_HOU_IND,2026-09-27 13:00:00,10.404458136542642,3.0399462647203643,17.712391969020352,10.677451893779995,-0.2729937572373551,C,19,-0.6616652477521382,20.5,2,,False,1.0,"https://static.www.nfl.com/image/upload/f_auto,q_auto/league/f1mfwwrr3qvnxuiackgq",6.323583554014055,0.4030638897188849,0.0180889196761182,0.0,0.9818799258659068,29.04945526076706,0.2090766472615049,0.0,0.0,0.0,0.0,0.0,0.0,22.0,"[0.54, 2.04, 3.04, 3.89, 4.68, 5.53, 6.69, 7.66, 8.52, 9.46, 10.37, 11.16, 11.99, 13.3, 14.43, 15.89, 17.71, 20.72, 24.12]",Active,True,Active,4431459.0,2,24.7,12.4,2026-09-26 11:43:51,,
108,35,00-0031588,Stefon Diggs,WR,WAS,SEA,1.0,2026_03_SEA_WAS,2026-09-27 13:00:00,10.382306593720708,2.7024082359225234,18.780040979018622,11.339986650541478,-0.9576800568207702,D,32,-14.266071470507672,16.5,3,,False,2.0,"https://static.www.nfl.com/image/upload/f_auto,q_auto/league/cemcexmscsarpvwhafln",6.498461948375234,0.0,0.0,0.0,0.0,50.260409731989405,0.2230454945725966,0.0,0.0,0.0,0.0,0.0,0.0,24.0,"[0.05, 1.62, 2.7, 3.72, 4.67, 5.58, 6.48, 7.49, 8.42, 9.43, 10.46, 11.5, 12.54, 13.82, 15.21, 16.83, 18.78, 21.31, 25.34]",Active,True,Active,2976212.0,2,37.2,18.6,2026-09-26 11:43:51,,
109,26,00-0040730,RJ Harvey,RB,DEN,LA,1.0,2026_03_LA_DEN,2026-09-27 20:20:00,10.33843821533666,2.7423064951253906,17.96036709117378,10.9824791583432,-0.6440409430065408,D,32,-9.067275620202803,21.0,2,,False,2.0,"https://static.www.nfl.com/image/upload/f_auto,q_auto/league/szxmro5enrxlscvv67xg",4.114387520157425,7.984588397894482,0.0366249715642408,0.0,29.34246904056318,24.32965128490966,0.1316223669831421,0.0,0.0,0.0,0.0,0.0,0.0,23.5,"[0.42, 1.74, 2.74, 3.83, 4.72, 5.59, 6.4, 7.16, 8.01, 8.88, 9.86, 10.9, 12.01, 13.21, 14.72, 16.27, 17.96, 20.94, 24.51]",Active,True,Active,4568490.0,1,8.1,8.1,2026-09-26 11:43:51,,
110,36,00-0034827,DJ Moore,WR,BUF,LAC,1.0,2026_03_LAC_BUF,2026-09-27 13:00:00,10.073552396342802,2.393654038544617,18.471286781640718,9.227049317918665,0.8465030784241385,B,3,7.388318795914675,28.75,3,Questionable,False,1.0,"https://static.www.nfl.com/image/upload/f_auto,q_auto/league/lsavpxtqoqu25emwcnvy",4.577441805765142,0.6190433926225863,0.0192923199472608,0.0385846398945216,1.51688608311274,44.8834686306127,0.1481279730148549,0.0,0.0,0.0,0.0,0.0,0.0,21.75,"[0.0, 1.31, 2.39, 3.41, 4.36, 5.27, 6.17, 7.18, 8.11, 9.12, 10.15, 11.19, 12.23, 13.51, 14.9, 16.52, 18.47, 21.0, 25.03]",Questionable,True,Active,3915416.0,2,20.9,10.4,2026-09-26 11:43:51,,
111,40,00-0040234,Quinn Ewers,QB,JAX,NE,1.0,2026_03_NE_JAX,2026-09-27 13:00:00,10.049693931988129,1.3427540692318694,17.554894470277148,10.717011546287338,-0.6673176142992112,D,30,-6.273487101375819,24.75,2,,False,2.0,"https://static.www.nfl.com/image/upload/f_auto,q_auto/league/bbcwyjuhyijtqe7jo274",0.259847695550202,2.0178244740875577,21.130547081006902,157.04886036019343,5.040938706750454,-1.5590861733012118,0.0118112588886455,0.0,0.0,0.0,0.0,0.0,0.0,21.75,"[0.0, 0.0, 1.34, 2.78, 4.23, 5.28, 6.34, 7.5, 8.5, 9.45, 10.6, 11.56, 12.59, 13.8, 14.85, 16.26, 17.55, 19.8, 22.78]",Active,True,Active,4889929.0,0,0.0,,2026-09-26 11:43:51,,
112,41,00-0035228,Kyler Murray,QB,MIN,TB,0.0,2026_03_MIN_TB,2026-09-27 16:05:00,10.024333136992157,1.3173932742358971,17.529533675281172,10.243875341418942,-0.2195422044267871,C,12,1.2925422694668751,22.0,2,,False,1.0,"https://static.www.nfl.com/image/upload/f_auto,q_auto/league/btfruyf33adgnjzpcuen",0.0,3.899751508747912,19.289703430113928,109.36980451782335,22.12564705516395,0.0,0.0,0.0,0.0,0.0,0.0,0.0,0.0,20.5,"[0.0, 0.0, 1.32, 2.75, 4.21, 5.26, 6.31, 7.47, 8.48, 9.42, 10.58, 11.53, 12.56, 13.78, 14.83, 16.23, 17.53, 19.78, 22.76]",Active,True,Active,3917315.0,1,-0.4,-0.4,2026-09-26 11:43:51,,
113,37,00-0039890,Adonai Mitchell,WR,NYJ,DET,0.0,2026_03_NYJ_DET,2026-09-27 13:00:00,9.961064529395683,3.7303010654669615,16.21008997591283,10.036238087189318,-0.075173557793633,C,7,4.365147025870685,21.0,3,Questionable,False,2.0,"https://static.www.nfl.com/image/upload/f_auto,q_auto/league/hwwacoa3pqapd7pgahfx",6.592093155074614,0.0399633770385345,0.0,0.0,-0.1598535081541381,46.573267056541845,0.2085655170583006,0.0,0.0,0.0,0.0,0.0,0.0,27.5,"[2.18, 3.12, 3.73, 4.32, 4.96, 5.54, 6.13, 6.79, 7.45, 8.17, 8.91, 9.71, 10.77, 11.81, 13.0, 14.47, 16.21, 18.68, 22.17]",Questionable,True,Active,4597500.0,2,21.3,10.6,2026-09-26 11:43:51,,
114,38,00-0036252,Michael Pittman,WR,PIT,CIN,1.0,2026_03_CIN_PIT,2026-09-27 13:00:00,9.920779656127957,3.690016192199233,16.1698051026451,10.193949033201712,-0.2731693770737564,C,20,-1.172532099829588,19.5,3,Questionable,False,2.0,"https://static.www.nfl.com/image/upload/f_auto,q_auto/league/q1ythn05kwcmdr4mwzll",5.229353503209714,0.0,0.0,0.0,0.0,45.70524492031286,0.1600658508055675,0.0,0.0,0.0,0.0,0.0,0.0,23.0,"[2.14, 3.08, 3.69, 4.28, 4.92, 5.49, 6.09, 6.75, 7.41, 8.13, 8.87, 9.67, 10.73, 11.77, 12.96, 14.43, 16.17, 18.64, 22.13]",Questionable,True,Active,4035687.0,1,8.8,8.8,2026-09-26 11:43:51,,
115,39,00-0039337,Malik Nabers,WR,NYG,TEN,1.0,2026_03_TEN_NYG,2026-09-27 13:00:00,9.834254917460218,3.603491453531495,16.083280363977366,9.778603654413637,0.055651263046581,C,2,7.90337129655551,20.0,3,,False,1.0,"https://static.www.nfl.com/image/upload/f_auto,q_auto/league/w3edoyyuomqlovvp9ixc",6.902897604337595,0.0,0.0,0.0,0.0,41.417522983304046,0.2261651907513573,0.0,0.0,0.0,0.0,0.0,0.0,17.5,"[2.06, 2.99, 3.6, 4.19, 4.83, 5.41, 6.01, 6.66, 7.32, 8.04, 8.79, 9.58, 10.64, 11.68, 12.87, 14.35, 16.08, 18.55, 22.05]",Active,True,Active,4595348.0,2,14.0,7.0,2026-09-26 11:43:51,,
116,10,00-0038996,Tucker Kraft,TE,GB,ATL,1.0,2026_03_ATL_GB,2026-09-24 20:15:00,9.81993079708269,4.136335126656864,16.006806617869785,9.333546843905175,0.4863839531775156,B,7,4.550797589254076,24.0,2,,False,1.0,"https://static.www.nfl.com/image/upload/f_auto,q_auto/league/n6vu44jbq31rydoaadaq",4.86238106760593,0.0334858622159429,0.0,0.0,0.1004575866478288,47.48253310135619,0.1489943192849432,0.0,0.0,0.0,0.0,0.0,0.0,19.5,"[2.58, 3.47, 4.14, 4.82, 5.34, 5.96, 6.59, 7.22, 7.84, 8.59, 9.34, 10.19, 11.08, 12.06, 13.14, 14.34, 16.01, 17.97, 21.62]",Active,True,Active,4572680.0,3,19.6,6.5,2026-09-24 19:34:09,6.6,nflverse
117,42,00-0032268,Marcus Mariota,QB,WAS,SEA,1.0,2026_03_SEA_WAS,2026-09-27 13:00:00,9.819041161856005,1.7327574327680448,18.865379582044444,11.55771591573462,-1.7386747538786145,F,29,-6.105729918252214,16.5,2,,False,1.0,"https://static.www.nfl.com/image/upload/f_auto,q_auto/league/grx6m1fmu1odltjo3y31",0.0,3.589567849584109,19.988853929707545,146.56396861871016,19.3374488336269,0.0,0.0,0.0,0.0,0.0,0.0,0.0,0.0,24.0,"[0.2, 1.13, 1.73, 2.32, 2.85, 3.33, 3.96, 5.12, 6.39, 7.34, 9.03, 10.62, 12.07, 13.69, 15.27, 16.99, 18.87, 21.08, 23.73]",Active,True,Active,2576980.0,1,8.7,8.7,2026-09-26 11:43:51,,
118,43,00-0026158,Joe Flacco,QB,CIN,PIT,0.0,2026_03_CIN_PIT,2026-09-27 13:00:00,9.804852872194097,1.7185691431061354,18.85119129238253,10.49035588438932,-0.685503012195225,D,23,-1.527217636173466,23.0,2,,False,2.0,"https://static.www.nfl.com/image/upload/f_auto,q_auto/league/dre1d2f2d6dxqohzn5l2",0.0,1.61846819152809,27.63853072666092,167.49910196857897,2.3947654933788973,0.0,0.0,0.0,0.0,0.0,0.0,0.0,0.0,19.5,"[0.19, 1.12, 1.72, 2.31, 2.84, 3.31, 3.95, 5.1, 6.38, 7.32, 9.01, 10.61, 12.06, 13.68, 15.25, 16.98, 18.85, 21.06, 23.71]",Active,True,Active,11252.0,0,0.0,,2026-09-26 11:43:51,,
119,11,00-0036040,Juwan Johnson,TE,NO,LV,1.0,2026_03_LV_NO,2026-09-27 16:25:00,9.785407577733029,4.101647862585057,15.973501110650538,9.788105238335524,-0.0026976606024966,C,18,-0.6221738285480897,23.25,2,,False,1.0,"https://static.www.nfl.com/image/upload/f_auto,q_auto/league/ahzqkvhjot6lygwr4ccb",5.599086361681124,0.0,0.0,0.0,0.0,58.088562286281096,0.1498961368156498,0.0,0.0,0.0,0.0,0.0,0.0,20.25,"[2.54, 3.43, 4.1, 4.79, 5.31, 5.92, 6.55, 7.18, 7.81, 8.56, 9.3, 10.16, 11.05, 12.03, 13.11, 14.31, 15.97, 17.94, 21.59]",Active,True,Active,3929645.0,2,25.0,12.5,2026-09-26 11:43:51,,
120,27,00-0041027,Jeremiyah Love,RB,ARI,SF,0.0,2026_03_ARI_SF,2026-09-27 16:05:00,9.763380000187803,3.744890223392108,16.434371897297506,10.382852498194014,-0.6194724980062105,D,20,-1.532472532337454,19.5,2,,True,1.0,"https://static.www.nfl.com/image/upload/f_auto,q_auto/league/b12gtjsylmql5v7iyyla",3.4783526912503056,9.95670538250061,0.0,0.0,34.74023229500366,12.651531161247862,0.1119038785459956,0.0,0.0,0.0,0.0,0.0,0.0,28.0,"[2.23, 3.15, 3.74, 4.32, 4.94, 5.57, 6.21, 6.86, 7.5, 8.26, 9.13, 9.97, 10.94, 11.99, 13.24, 14.6, 16.43, 19.05, 22.93]",Active,True,Active,4870808.0,2,20.5,10.2,2026-09-26 11:43:51,,
121,12,00-0037838,Isaiah Likely,TE,NYG,TEN,1.0,2026_03_TEN_NYG,2026-09-27 13:00:00,9.75833196715313,4.074572252005158,15.94642550007064,10.420307204003244,-0.6619752368501146,D,30,-4.892890155555996,20.0,2,,False,1.0,"https://static.www.nfl.com/image/upload/f_auto,q_auto/league/b1pahldt9ixp9lssxi2d",6.452179819728128,0.0,0.0,0.0,0.0,42.55783901960484,0.2207261410631648,0.0,0.0,0.0,0.0,0.0,0.0,17.5,"[2.52, 3.41, 4.07, 4.76, 5.28, 5.89, 6.52, 7.16, 7.78, 8.53, 9.27, 10.13, 11.02, 12.0, 13.08, 14.28, 15.95, 17.91, 21.56]",Active,True,Active,4361050.0,2,36.1,18.0,2026-09-26 11:43:51,,
122,40,00-0039894,Xavier Worthy,WR,KC,MIA,0.0,2026_03_KC_MIA,2026-09-27 13:00:00,9.650343200938188,3.4195797370094656,15.899368647455336,9.300239445940532,0.3501037549976562,C,23,-1.96507570032539,27.75,3,,False,2.0,"https://static.www.nfl.com/image/upload/f_auto,q_auto/league/u6fmnffwteccoxn3uguq",5.818893918573434,0.3296217979719587,0.0,0.0,2.103957245205888,28.669504021024512,0.1813519108496091,0.0,0.0,0.0,0.0,0.0,0.0,17.75,"[1.87, 2.81, 3.42, 4.01, 4.65, 5.22, 5.82, 6.48, 7.14, 7.86, 8.6, 9.4, 10.46, 11.5, 12.69, 14.16, 15.9, 18.37, 21.86]",Active,True,Active,4683062.0,2,18.3,9.2,2026-09-26 11:43:51,,
123,28,00-0035685,David Montgomery,RB,HOU,IND,0.0,2026_03_HOU_IND,2026-09-27 13:00:00,9.511461881363482,3.4929721045677877,16.182453778473185,9.4094671921174,0.1019946892460836,C,6,4.263968979198941,22.0,2,,False,1.0,"https://static.www.nfl.com/image/upload/f_auto,q_auto/league/csz0c9roa4pqsccothxg",2.0453505267813417,10.744787861193064,0.0512641446365282,0.0542667590283548,35.98826745481781,13.774457194611996,0.054856703841286,0.0,0.0,0.0,0.0,0.0,0.0,20.5,"[1.98, 2.9, 3.49, 4.06, 4.68, 5.32, 5.96, 6.6, 7.25, 8.01, 8.87, 9.71, 10.68, 11.74, 12.99, 14.34, 16.18, 18.8, 22.68]",Active,True,Active,4035538.0,2,33.3,16.6,2026-09-26 11:43:51,,
124,29,00-0035261,Tony Pollard,RB,TEN,NYG,0.0,2026_03_TEN_NYG,2026-09-27 13:00:00,9.472286699140648,3.453796922344953,16.14327859625035,9.822336606645203,-0.3500499075045553,C,7,3.650229425774356,17.5,2,,False,1.0,"https://static.www.nfl.com/image/upload/f_auto,q_auto/league/mb2xdrqiys6ktlcuah2n",1.862532633511436,12.535301672917717,0.0,0.0,58.81434490300462,5.20870896431817,0.0677967936436661,0.0,0.0,0.0,0.0,0.0,0.0,20.0,"[1.94, 2.86, 3.45, 4.03, 4.64, 5.28, 5.92, 6.57, 7.21, 7.97, 8.84, 9.67, 10.64, 11.7, 12.95, 14.3, 16.14, 18.76, 22.64]",Active,True,Active,3916148.0,2,11.9,6.0,2026-09-26 11:43:51,,
125,13,00-0040663,Harold Fannin Jr.,TE,CLE,CAR,1.0,2026_03_CAR_CLE,2026-09-27 13:00:00,9.438871160133496,3.7551114449855234,15.626964693051004,10.02367998755808,-0.5848088274245864,D,27,-3.933740288793752,20.0,2,,False,1.0,"https://static.www.nfl.com/image/upload/f_auto,q_auto/league/fxublmpnxx9uggsddwik",5.607610806134504,0.2197222634695434,0.0,0.0,0.3816426572520068,42.07665824659138,0.197809813255301,0.0,0.0,0.0,0.0,0.0,0.0,22.5,"[2.2, 3.09, 3.76, 4.44, 4.96, 5.57, 6.2, 6.84, 7.46, 8.21, 8.95, 9.81, 10.7, 11.68, 12.76, 13.96, 15.63, 17.59, 21.24]",Active,True,Active,5083076.0,2,14.5,7.2,2026-09-26 11:43:51,,
126,44,00-0040398,Brady Cook,QB,MIA,KC,1.0,2026_03_KC_MIA,2026-09-27 13:00:00,9.424528604270089,1.3382448751821272,18.470867024458528,10.6777540150057,-1.253225410735613,D,27,-4.612981143627088,17.75,2,,False,3.0,"https://static.www.nfl.com/image/upload/f_auto,q_auto/league/sk8u7zzg7e3t4vu7xesg",0.0,2.5987608599051746,30.299522356491384,143.6331251169003,9.365168309952535,0.0,0.0,0.0,0.0,0.0,0.0,0.0,0.0,27.75,"[0.0, 0.74, 1.34, 1.93, 2.46, 2.93, 3.57, 4.72, 6.0, 6.94, 8.63, 10.23, 11.68, 13.29, 14.87, 16.6, 18.47, 20.68, 23.33]",Active,True,Active,4429435.0,0,0.0,,2026-09-26 11:43:51,,
127,30,00-0041512,Jadarian Price,RB,SEA,WAS,0.0,2026_03_SEA_WAS,2026-09-27 13:00:00,9.423647824451834,3.4051580476561387,16.094639721561535,9.817594731660655,-0.3939469072088233,D,30,-4.409697966230712,24.0,2,,True,1.0,"https://static.www.nfl.com/image/upload/f_auto,q_auto/league/toy90i08oumgbdlvctja",2.0,11.564941926249082,0.0,0.0,52.0,7.043294617499388,0.0799894403285276,0.0,0.0,0.0,0.0,0.0,0.0,16.5,"[1.89, 2.81, 3.41, 3.98, 4.6, 5.23, 5.88, 6.52, 7.16, 7.92, 8.79, 9.63, 10.6, 11.65, 12.9, 14.26, 16.09, 18.71, 22.59]",Active,True,Active,4685512.0,2,12.8,6.4,2026-09-26 11:43:51,,
128,41,00-0041547,KC Concepcion,WR,CLE,CAR,1.0,2026_03_CAR_CLE,2026-09-27 13:00:00,9.42107643808242,3.190312974153697,15.670101884599566,9.586181092171458,-0.1651046540890384,C,17,0.2595730689160777,20.0,3,,True,2.0,"https://static.www.nfl.com/image/upload/f_auto,q_auto/league/ztdyzyngqr1pexyghlt3",5.521647308749694,1.9567053825006109,0.0,0.0,4.0454065162564135,35.17529036875458,0.2130459824886446,0.0,0.0,0.0,0.0,0.0,0.0,22.5,"[1.64, 2.58, 3.19, 3.78, 4.42, 5.0, 5.59, 6.25, 6.91, 7.63, 8.37, 9.17, 10.23, 11.27, 12.46, 13.93, 15.67, 18.14, 21.63]",Active,True,Active,4870653.0,2,16.0,8.0,2026-09-26 11:43:51,,
129,42,00-0034348,Courtland Sutton,WR,DEN,LA,1.0,2026_03_LA_DEN,2026-09-27 20:20:00,9.38499291350681,3.154229449578088,15.634018360023957,9.358205883523528,0.0267870299832821,C,9,4.016316478447309,21.0,3,,False,2.0,"https://static.www.nfl.com/image/upload/f_auto,q_auto/league/kqwmqcrlrwmqcvfuguhs",5.873022878110812,0.0,0.0,0.0,0.0,35.207033225852065,0.1839954131278599,0.0,0.0,0.0,0.0,0.0,0.0,23.5,"[1.61, 2.54, 3.15, 3.74, 4.39, 4.96, 5.56, 6.21, 6.87, 7.59, 8.34, 9.13, 10.2, 11.23, 12.42, 13.9, 15.63, 18.1, 21.6]",Active,True,Active,3128429.0,2,8.6,4.3,2026-09-26 11:43:51,,
130,31,00-0040734,TreVeyon Henderson,RB,NE,JAX,0.0,2026_03_NE_JAX,2026-09-27 13:00:00,9.339695210824292,3.321205434028597,16.010687107933993,9.787644108532549,-0.4479488977082546,D,28,-3.510081880870486,21.75,2,,False,2.0,"https://static.www.nfl.com/image/upload/f_auto,q_auto/league/ebcjvwytgu2y4kqm8ihv",1.4233221081527316,11.83706574448636,0.0,0.0,54.3421674167413,7.560779737472697,0.0473742512571093,0.0,0.0,0.0,0.0,0.0,0.0,24.75,"[1.81, 2.72, 3.32, 3.89, 4.51, 5.15, 5.79, 6.43, 7.08, 7.83, 8.7, 9.54, 10.51, 11.57, 12.82, 14.17, 16.01, 18.63, 22.51]",Active,True,Active,4432710.0,1,13.6,13.6,2026-09-26 11:43:51,,
131,43,00-0033921,Chris Godwin Jr.,WR,TB,MIN,1.0,2026_03_MIN_TB,2026-09-27 16:05:00,9.32190948223757,3.091146018308848,15.570934928754715,9.33813750387931,-0.0162280216417389,C,8,4.1156195303677725,20.5,3,,False,2.0,"https://static.www.nfl.com/image/upload/f_auto,q_auto/league/ilkheljdx4hbjpisulke",4.253012114180404,0.611252553977819,0.0,0.0,4.7034819096736165,42.43185509623957,0.1398902751522879,0.0,0.0,0.0,0.0,0.0,0.0,22.0,"[1.54, 2.48, 3.09, 3.68, 4.32, 4.9, 5.5, 6.15, 6.81, 7.53, 8.27, 9.07, 10.13, 11.17, 12.36, 13.83, 15.57, 18.04, 21.53]",Active,True,Active,3116165.0,2,17.1,8.6,2026-09-26 11:43:51,,
132,44,00-0038544,Quentin Johnston,WR,LAC,BUF,0.0,2026_03_LAC_BUF,2026-09-27 13:00:00,9.296617157064867,3.0658536931361446,15.545642603582014,9.342626101773234,-0.0460089447083671,C,13,3.0810969999554563,21.75,3,,False,2.0,"https://static.www.nfl.com/image/upload/f_auto,q_auto/league/lyvsrjh4mjb4dqwp6shm",5.759724559310415,0.3291516525875065,0.0,0.0,2.183103951604464,29.58983322635374,0.2017761013371499,0.0,0.0,0.0,0.0,0.0,0.0,28.75,"[1.52, 2.46, 3.07, 3.65, 4.3, 4.87, 5.47, 6.12, 6.78, 7.5, 8.25, 9.04, 10.11, 11.15, 12.33, 13.81, 15.55, 18.01, 21.51]",Active,True,Active,4429025.0,2,6.1,3.0,2026-09-26 11:43:51,,
133,32,00-0033906,Alvin Kamara,RB,NO,LV,1.0,2026_03_LV_NO,2026-09-27 16:25:00,9.236262233254427,3.217772456458734,15.90725413036413,9.25275201935227,-0.016489786097841,C,24,-2.838840779134308,23.25,2,,False,2.0,"https://static.www.nfl.com/image/upload/f_auto,q_auto/league/yxebpuskandivlh2iil4",4.291585932875099,10.471204315239175,0.0,0.0,31.193681501001976,13.341974406946818,0.1383545510190989,0.0,0.0,0.0,0.0,0.0,0.0,20.25,"[1.71, 2.62, 3.22, 3.79, 4.41, 5.04, 5.69, 6.33, 6.97, 7.73, 8.6, 9.44, 10.41, 11.46, 12.71, 14.07, 15.91, 18.53, 22.4]",Active,True,Active,3054850.0,1,7.2,7.2,2026-09-26 11:43:51,,
134,45,00-0039893,Brian Thomas Jr.,WR,JAX,NE,1.0,2026_03_NE_JAX,2026-09-27 13:00:00,9.204384662940493,2.9736211990117685,15.453410109457636,8.968102129838554,0.2362825331019369,C,19,-0.3598596917299616,24.75,3,,False,2.0,"https://static.www.nfl.com/image/upload/f_auto,q_auto/league/plnekkriys4cm11rnxwl",5.628430270615495,0.0730686557498083,0.0,0.0,0.468394640483343,43.13648501701552,0.1957138834432121,0.0,0.0,0.0,0.0,0.0,0.0,21.75,"[1.43, 2.36, 2.97, 3.56, 4.2, 4.78, 5.38, 6.03, 6.69, 7.41, 8.16, 8.95, 10.01, 11.05, 12.24, 13.72, 15.45, 17.92, 21.42]",Active,True,Active,4432773.0,2,14.0,7.0,2026-09-26 11:43:51,,
135,46,00-0037816,Romeo Doubs,WR,NE,JAX,0.0,2026_03_NE_JAX,2026-09-27 13:00:00,9.096490783395389,2.8657273194666644,15.345516229912532,9.31299453609166,-0.2165037526962727,C,24,-2.392291641214892,21.75,3,,False,1.0,"https://static.www.nfl.com/image/upload/f_auto,q_auto/league/yxvzijmgwyyigljxfmyb",4.518556652987746,0.0,0.0,0.0,0.0,51.6404647976667,0.1671277554296376,0.0,0.0,0.0,0.0,0.0,0.0,24.75,"[1.32, 2.26, 2.87, 3.45, 4.1, 4.67, 5.27, 5.92, 6.58, 7.3, 8.05, 8.84, 9.91, 10.95, 12.13, 13.61, 15.35, 17.81, 21.31]",Active,True,Active,4361432.0,2,12.6,6.3,2026-09-26 11:43:51,,
136,47,00-0034960,Jakobi Meyers,WR,JAX,NE,1.0,2026_03_NE_JAX,2026-09-27 13:00:00,9.080928739750131,2.850165275821409,15.329954186267278,8.844646206648195,0.2362825331019369,C,19,-0.3598596917299616,24.75,3,,False,3.0,"https://static.www.nfl.com/image/upload/f_auto,q_auto/league/zrs4ij8mvw7wr1uujwew",3.912446801427155,0.4204720535688845,0.0,0.0,0.931439383877184,39.9230694093014,0.1374083039087539,0.0,0.0,0.0,0.0,0.0,0.0,21.75,"[1.3, 2.24, 2.85, 3.44, 4.08, 4.66, 5.25, 5.91, 6.57, 7.29, 8.03, 8.83, 9.89, 10.93, 12.12, 13.59, 15.33, 17.8, 21.29]",Active,True,Active,3916433.0,2,16.0,8.0,2026-09-26 11:43:51,,
137,33,00-0039811,MarShawn Lloyd,RB,GB,ATL,1.0,2026_03_ATL_GB,2026-09-24 20:15:00,9.079584731679269,3.0598005220380786,15.747318794419202,8.96994805836796,0.1096366733113072,C,23,-2.543547721196131,24.0,4,,True,1.0,"https://static.www.nfl.com/image/upload/f_auto,q_auto/league/xp8sd4enimuk4zd0aqgu",1.521647308749695,9.348468838752138,0.0,0.0,28.13199575125519,3.129883852498168,0.0479344937467538,0.0,0.0,0.0,0.0,0.0,0.0,19.5,"[1.55, 2.46, 3.06, 3.64, 4.26, 4.89, 5.53, 6.17, 6.82, 7.57, 8.44, 9.28, 10.25, 11.3, 12.55, 13.91, 15.75, 18.37, 22.25]",Active,True,Active,4429023.0,3,16.1,5.4,2026-09-24 19:34:09,3.8,nflverse
138,48,00-0036550,Rashod Bateman,WR,BAL,DAL,0.0,2026_03_BAL_DAL,2026-09-27 16:25:00,9.057507172090522,2.8267437081618,15.306532618607667,8.483776815561052,0.5737303565294702,B,14,2.9936804404916164,28.5,3,,False,2.0,"https://static.www.nfl.com/image/upload/f_auto,q_auto/league/gtktmsfcxc1eijwpwzyq",4.045728108347061,0.0,0.0,0.0,0.0,32.29497410897751,0.1487799332926948,0.0,0.0,0.0,0.0,0.0,0.0,25.0,"[1.28, 2.22, 2.83, 3.41, 4.06, 4.63, 5.23, 5.88, 6.54, 7.26, 8.01, 8.8, 9.87, 10.91, 12.1, 13.57, 15.31, 17.78, 21.27]",Active,True,Active,4360939.0,2,21.8,10.9,2026-09-26 11:43:51,,
139,49,00-0038393,Dontayvion Wicks,WR,PHI,CHI,0.0,2026_03_PHI_CHI,2026-09-28 20:15:00,9.050108020024334,2.8193445560956114,15.29913346654148,9.024990291914431,0.0251177281099028,C,16,1.6639397615764917,23.0,3,,False,2.0,"https://static.www.nfl.com/image/upload/f_auto,q_auto/league/v1lt8kpvkn0qw5elyaoz",4.3019072725012375,0.041905254192221,0.0,0.0,0.251431525153326,51.9623333949636,0.1537955751663088,0.0,0.0,0.0,0.0,0.0,0.0,18.5,"[1.27, 2.21, 2.82, 3.41, 4.05, 4.62, 5.22, 5.88, 6.54, 7.26, 8.0, 8.8, 9.86, 10.9, 12.09, 13.56, 15.3, 17.77, 21.26]",Active,True,Active,4428850.0,2,27.7,13.8,2026-09-26 11:43:51,,
140,34,00-0040583,Woody Marks,RB,HOU,IND,0.0,2026_03_HOU_IND,2026-09-27 13:00:00,8.98338938553091,2.964899608735214,15.65438128264061,8.881394696284826,0.1019946892460836,C,6,4.263968979198941,22.0,2,,False,2.0,"https://static.www.nfl.com/image/upload/f_auto,q_auto/league/y5ntpcenhhhv98uz2fys",2.925113241346188,11.180404270865578,0.0,0.0,37.35767870017292,11.678908397732068,0.070874685428989,0.0,0.0,0.0,0.0,0.0,0.0,20.5,"[1.45, 2.37, 2.96, 3.54, 4.16, 4.79, 5.43, 6.08, 6.72, 7.48, 8.35, 9.19, 10.16, 11.21, 12.46, 13.82, 15.65, 18.27, 22.15]",Active,True,Active,4429059.0,2,13.5,6.8,2026-09-26 11:43:51,,
141,14,00-0034351,Dallas Goedert,TE,PHI,CHI,0.0,2026_03_PHI_CHI,2026-09-28 20:15:00,8.948834932882262,3.2650752177342905,15.136928465799771,9.058860805532998,-0.1100258726507359,C,21,-2.0019014071179684,23.0,2,,False,1.0,"https://static.www.nfl.com/image/upload/f_auto,q_auto/league/bafepstxu7vvxb9v5vua",4.462314567931043,0.0518260880810035,0.0,0.0,0.0518260880810035,38.50498647433087,0.1721311350604521,0.0,0.0,0.0,0.0,0.0,0.0,18.5,"[1.71, 2.6, 3.27, 3.95, 4.47, 5.08, 5.71, 6.35, 6.97, 7.72, 8.46, 9.32, 10.21, 11.19, 12.27, 13.47, 15.14, 17.1, 20.75]",Active,True,Active,3121023.0,2,25.1,12.6,2026-09-26 11:43:51,,
142,15,00-0038129,Cade Otton,TE,TB,MIN,1.0,2026_03_MIN_TB,2026-09-27 16:05:00,8.899659962539634,3.2159002473916622,15.087753495457145,9.51744690207826,-0.6177869395386253,D,31,-4.947316703181739,20.5,2,,False,1.0,"https://static.www.nfl.com/image/upload/f_auto,q_auto/league/yanr6h9aplae3jyzimf7",5.479166006394461,0.0,0.0,0.0,0.0,35.61919634752014,0.1825900769810396,0.0,0.0,0.0,0.0,0.0,0.0,22.0,"[1.66, 2.55, 3.22, 3.9, 4.42, 5.03, 5.66, 6.3, 6.92, 7.67, 8.41, 9.27, 10.16, 11.15, 12.22, 13.42, 15.09, 17.06, 20.7]",Active,True,Active,4243331.0,2,14.4,7.2,2026-09-26 11:43:51,,
143,50,00-0035535,Darius Slayton,WR,IND,HOU,1.0,2026_03_HOU_IND,2026-09-27 13:00:00,8.894016903061624,2.6632534391329017,15.14304234957877,8.934813461258107,-0.040796558196483,C,12,3.326896691849145,20.5,3,,False,3.0,"https://static.www.nfl.com/image/upload/f_auto,q_auto/league/otksyfjll5waf0vsczeu",4.797300823111649,0.0,0.0,0.0,0.0,38.27780556975164,0.164897143238709,0.0,0.0,0.0,0.0,0.0,0.0,22.0,"[1.12, 2.05, 2.66, 3.25, 3.89, 4.47, 5.07, 5.72, 6.38, 7.1, 7.85, 8.64, 9.7, 10.74, 11.93, 13.41, 15.14, 17.61, 21.11]",Active,True,Active,3916945.0,0,0.0,,2026-09-26 11:43:51,,
144,51,00-0030279,Keenan Allen,WR,IND,HOU,1.0,2026_03_HOU_IND,2026-09-27 13:00:00,8.851418075784885,2.620654611856162,15.100443522302031,8.892214633981368,-0.040796558196483,C,12,3.326896691849145,20.5,3,,False,2.0,"https://static.www.nfl.com/image/upload/f_auto,q_auto/league/ri267r6lzfwarh89hsn6",6.192173272382851,0.0,0.0,0.0,0.0,28.1712119970969,0.2030206421967499,0.0,0.0,0.0,0.0,0.0,0.0,22.0,"[1.07, 2.01, 2.62, 3.21, 3.85, 4.43, 5.03, 5.68, 6.34, 7.06, 7.8, 8.6, 9.66, 10.7, 11.89, 13.36, 15.1, 17.57, 21.06]",Active,True,Active,15818.0,2,10.7,5.4,2026-09-26 11:43:51,,
145,1,00-0039172,Jake Bates,K,DET,NYJ,1.0,2026_03_NYJ_DET,2026-09-27 13:00:00,8.827612614673491,4.23776381143897,13.504591529829526,7.665026114965322,1.1625864997081692,A,16,-0.0995747990610586,27.5,1,,False,1.0,"https://static.www.nfl.com/image/upload/f_auto,q_auto/league/umhfee7ax7r8gjdt8okb",0.0,0.0,0.0,0.0,0.0,0.0,0.0,1.5590944766290795,3.5343994683852498,0.0964178276291223,0.0,0.0,0.0,21.0,"[2.1, 3.24, 4.24, 4.95, 5.62, 6.19, 6.74, 7.28, 7.84, 8.42, 9.02, 9.64, 10.24, 10.91, 11.68, 12.55, 13.5, 14.85, 16.75]",Active,True,Active,4689936.0,2,14.0,7.0,2026-09-26 11:43:51,,
146,52,00-0039880,Malik Washington,WR,MIA,KC,1.0,2026_03_KC_MIA,2026-09-27 13:00:00,8.818801647933874,2.588038184005152,15.06782709445102,9.56492295410354,-0.7461213061696643,D,31,-11.174942804246568,17.75,3,,False,1.0,"https://static.www.nfl.com/image/upload/f_auto,q_auto/league/dmaiwnmaal9nrwfskl28",5.063854804383093,0.7086635688798185,0.0,0.0,3.9916243702395775,33.67821843559801,0.2009045714239501,0.0,0.0,0.0,0.0,0.0,0.0,27.75,"[1.04, 1.98, 2.59, 3.17, 3.82, 4.39, 4.99, 5.64, 6.31, 7.03, 7.77, 8.56, 9.63, 10.67, 11.86, 13.33, 15.07, 17.54, 21.03]",Active,True,Active,4569603.0,2,15.0,7.5,2026-09-26 11:43:51,,
147,45,00-0036972,Mac Jones,QB,SF,ARI,1.0,2026_03_ARI_SF,2026-09-27 16:05:00,8.80843978006417,0.7221560509762099,17.85477820025261,7.122118373128258,1.686321406935912,A,8,2.735851990801577,28.0,2,,False,2.0,"https://static.www.nfl.com/image/upload/f_auto,q_auto/league/mbdwfwiuhl0ib5ajtmzq",0.0,2.550791665885668,13.195763649164624,97.04601661493572,2.6325732993488,0.0,0.0,0.0,0.0,0.0,0.0,0.0,0.0,19.5,"[0.0, 0.12, 0.72, 1.31, 1.84, 2.32, 2.95, 4.11, 5.38, 6.33, 8.01, 9.61, 11.06, 12.68, 14.25, 15.98, 17.85, 20.07, 22.72]",Active,True,Active,4241464.0,1,-0.2,-0.2,2026-09-26 11:43:51,,
148,2,00-0033303,Harrison Butker,K,KC,MIA,0.0,2026_03_KC_MIA,2026-09-27 13:00:00,8.796030906696966,4.206182103462446,13.473009821853,8.289651568613195,0.5063793380837716,B,19,-0.4928088998200887,27.75,1,,False,1.0,"https://static.www.nfl.com/image/upload/f_auto,q_auto/league/yphf8avl8ji0ncdohabz",0.0,0.0,0.0,0.0,0.0,0.0,0.0,2.735659500092287,2.630901362838024,0.1318899663878997,0.0,0.0,0.0,17.75,"[2.07, 3.21, 4.21, 4.92, 5.59, 6.15, 6.71, 7.25, 7.8, 8.38, 8.99, 9.61, 10.21, 10.88, 11.65, 12.52, 13.47, 14.82, 16.72]",Active,True,Active,3055899.0,2,23.0,11.5,2026-09-26 11:43:51,,
149,16,00-0035229,T.J. Hockenson,TE,MIN,TB,0.0,2026_03_MIN_TB,2026-09-27 16:05:00,8.780084191488939,3.096324476340968,14.968177724406448,8.251343211426406,0.5287409800625333,B,3,7.145075216515093,22.0,2,,False,1.0,"https://static.www.nfl.com/image/upload/f_auto,q_auto/league/rs8o65x0u0n9xzde0fd6",4.341163272844555,0.0371717854489654,0.0,0.0,0.0,30.954815337874237,0.186273604269034,0.0,0.0,0.0,0.0,0.0,0.0,20.5,"[1.54, 2.43, 3.1, 3.78, 4.3, 4.91, 5.54, 6.18, 6.8, 7.55, 8.3, 9.15, 10.04, 11.03, 12.1, 13.3, 14.97, 16.94, 20.58]",Active,True,Active,4036133.0,2,19.5,9.8,2026-09-26 11:43:51,,
150,1,DST_SEA,Seattle Seahawks D/ST,DST,SEA,WAS,0.0,2026_03_SEA_WAS,2026-09-27 13:00:00,8.77276096535998,3.470081381620198,14.54490304406905,6.353735738567899,2.419025226792081,A+,22,-1.3550041203821326,24.0,1,,False,1.0,https://a.espncdn.com/i/teamlogos/nfl/500/sea.png,26.40217904372714,30.827240147764293,27.161820926681006,224.22222443545533,130.47654351227678,224.22222443545533,0.0,2.1701535970329333,2.708830559970773,0.0,2.585804496682095,1.8429779829447337,12.157980108085471,16.5,"[1.33, 2.57, 3.47, 4.24, 4.9, 5.51, 6.17, 6.69, 7.33, 7.89, 8.55, 9.26, 9.99, 10.9, 11.95, 13.23, 14.54, 16.5, 19.38]",Active,True,Active,,2,21.0,10.5,2026-09-26 11:43:51,,
151,3,00-0040074,Tyler Loop,K,BAL,DAL,0.0,2026_03_BAL_DAL,2026-09-27 16:25:00,8.759465707014218,4.169616903779698,13.436444622170251,7.965981975272127,0.7934837317420911,A,6,1.9558209607923165,28.5,1,,False,1.0,"https://static.www.nfl.com/image/upload/f_auto,q_auto/league/kbwixtntqevptepedhll",0.0,0.0,0.0,0.0,0.0,0.0,0.0,2.0050963100519126,3.108340245828433,0.2638631474673207,0.0,0.0,0.0,25.0,"[2.03, 3.17, 4.17, 4.88, 5.56, 6.12, 6.67, 7.21, 7.77, 8.35, 8.95, 9.57, 10.17, 10.84, 11.61, 12.48, 13.44, 14.78, 16.68]",Active,True,Active,4697745.0,2,20.0,10.0,2026-09-26 11:43:51,,
152,35,00-0040719,Bhayshul Tuten,RB,JAX,NE,1.0,2026_03_NE_JAX,2026-09-27 13:00:00,8.732599563807455,2.7141097870117594,15.403591460917156,8.556215774173838,0.1763837896336166,C,22,-2.012031851893699,24.75,2,,False,1.0,"https://static.www.nfl.com/image/upload/f_auto,q_auto/league/ryjnphuyjbedmgpx5qqj",1.15656879447221,9.90776233745062,0.0,0.0,45.78099047425999,6.64187169468604,0.043466236740459,0.0,0.0,0.0,0.0,0.0,0.0,21.75,"[1.2, 2.12, 2.71, 3.29, 3.9, 4.54, 5.18, 5.83, 6.47, 7.23, 8.1, 8.93, 9.91, 10.96, 12.21, 13.57, 15.4, 18.02, 21.9]",Active,True,Active,4882093.0,2,24.0,12.0,2026-09-26 11:43:51,,
153,4,00-0036854,Evan McPherson,K,CIN,PIT,0.0,2026_03_CIN_PIT,2026-09-27 13:00:00,8.716694145428425,4.126845342193905,13.393673060584462,8.844125644183704,-0.1274314987552784,C,12,0.4731340932899709,23.0,1,,False,1.0,"https://static.www.nfl.com/image/upload/f_auto,q_auto/league/t6fs7i54i4n7xjiayoz0",0.0,0.0,0.0,0.0,0.0,0.0,0.0,2.279564832468116,2.622495631487754,1.2087620055687254,0.0,0.0,0.0,19.5,"[1.99, 3.13, 4.13, 4.84, 5.51, 6.08, 6.63, 7.17, 7.73, 8.31, 8.91, 9.53, 10.13, 10.8, 11.57, 12.44, 13.39, 14.74, 16.64]",Active,True,Active,4360234.0,2,31.0,15.5,2026-09-26 11:43:51,,
154,17,00-0033090,Hunter Henry,TE,NE,JAX,0.0,2026_03_NE_JAX,2026-09-27 13:00:00,8.697378737794478,3.013619022646507,14.885472270711988,8.714665013720529,-0.0172862759260503,C,13,0.6599941665186049,21.75,2,,False,1.0,"https://static.www.nfl.com/image/upload/f_auto,q_auto/league/cvlunbqgztudbhjrug7l",4.333695940328083,0.0,0.0,0.0,0.0,36.40777545811578,0.1661564590701785,0.0,0.0,0.0,0.0,0.0,0.0,24.75,"[1.45, 2.35, 3.01, 3.7, 4.22, 4.83, 5.46, 6.1, 6.72, 7.47, 8.21, 9.07, 9.96, 10.94, 12.02, 13.22, 14.89, 16.85, 20.5]",Active,True,Active,3046439.0,2,12.6,6.3,2026-09-26 11:43:51,,
155,53,00-0040735,Luther Burden III,WR,CHI,PHI,1.0,2026_03_PHI_CHI,2026-09-28 20:15:00,8.68390899892321,2.453145534994487,14.932934445440356,9.259245188687515,-0.5753361897643074,D,28,-7.912554945179455,18.5,3,,False,2.0,"https://static.www.nfl.com/image/upload/f_auto,q_auto/league/iyuwdz7pbowdkwzq2tg5",5.611068178709653,0.5186063204277847,0.0,0.0,1.440702011250398,46.99993272996685,0.1846997991839477,0.0,0.0,0.0,0.0,0.0,0.0,23.0,"[0.91, 1.84, 2.45, 3.04, 3.68, 4.26, 4.86, 5.51, 6.17, 6.89, 7.64, 8.43, 9.49, 10.53, 11.72, 13.2, 14.93, 17.4, 20.9]",Active,True,Active,4685278.0,2,15.7,7.8,2026-09-26 11:43:51,,
156,54,00-0033555,Mack Hollins,WR,NE,JAX,0.0,2026_03_NE_JAX,2026-09-27 13:00:00,8.633464151162988,2.4027006872342653,14.882489597680134,8.849967903859262,-0.2165037526962745,C,24,-2.392291641214892,21.75,3,,False,3.0,"https://static.www.nfl.com/image/upload/f_auto,q_auto/league/qbz7whjzsittudcecezw",4.299079132401047,0.0217901858419695,0.0,0.0,0.0871607433678782,40.561043223561335,0.1498882538337408,0.0,0.0,0.0,0.0,0.0,0.0,24.75,"[0.86, 1.79, 2.4, 2.99, 3.63, 4.21, 4.81, 5.46, 6.12, 6.84, 7.58, 8.38, 9.44, 10.48, 11.67, 13.15, 14.88, 17.35, 20.85]",Active,True,Active,2991662.0,2,12.9,6.4,2026-09-26 11:43:51,,
157,36,00-0039738,Blake Corum,RB,LA,DEN,0.0,2026_03_LA_DEN,2026-09-27 20:20:00,8.627550613308877,2.6090608365131818,15.298542510418578,8.374140506763066,0.253410106545811,C,5,4.479371833415084,23.5,2,,False,2.0,"https://static.www.nfl.com/image/upload/f_auto,q_auto/league/axzqbqjkrbwfzodwwakq",0.7706365661347562,10.116664213920902,0.0,0.0,56.82531034083174,6.12405425536077,0.0226396692787903,0.0,0.0,0.0,0.0,0.0,0.0,21.0,"[1.1, 2.01, 2.61, 3.18, 3.8, 4.43, 5.08, 5.72, 6.36, 7.12, 7.99, 8.83, 9.8, 10.86, 12.1, 13.46, 15.3, 17.92, 21.79]",Active,True,Active,4429096.0,2,15.6,7.8,2026-09-26 11:43:51,,
158,5,00-0037692,Brandon Aubrey,K,DAL,BAL,1.0,2026_03_BAL_DAL,2026-09-27 16:25:00,8.543808601780956,3.953959798546435,13.22078751693699,8.179309107137103,0.3644994946438533,B,8,1.5070783750141843,25.0,1,,False,1.0,"https://static.www.nfl.com/image/upload/f_auto,q_auto/league/bgwg06zmyohjxvzznbf6",0.0,0.0394522135647354,0.0,0.0,0.2367132813884124,0.0,0.0,2.0853565121551574,3.104843370000344,0.5814705959597977,0.0,0.0,0.0,28.5,"[1.82, 2.96, 3.95, 4.67, 5.34, 5.9, 6.45, 7.0, 7.55, 8.13, 8.74, 9.35, 9.96, 10.62, 11.4, 12.27, 13.22, 14.56, 16.47]",Active,True,Active,3953687.0,2,17.0,8.5,2026-09-26 11:43:51,,
159,2,DST_KC,Kansas City Chiefs D/ST,DST,KC,MIA,0.0,2026_03_KC_MIA,2026-09-27 13:00:00,8.504116646125949,3.2014370623861668,14.27625872483502,6.002711254525348,2.501405391600601,A+,3,3.864095624584404,27.75,1,,False,1.0,https://a.espncdn.com/i/teamlogos/nfl/500/kc.png,32.77514349316977,29.07707732296645,35.410259356839674,252.1323016367443,144.18913284908382,252.1323016367443,0.0,2.735659500092287,2.630901362838024,0.0,1.6968894661399163,1.166014916734703,19.97279005952207,17.75,"[1.06, 2.31, 3.2, 3.97, 4.63, 5.24, 5.91, 6.42, 7.06, 7.62, 8.28, 8.99, 9.72, 10.63, 11.68, 12.97, 14.28, 16.23, 19.11]",Active,True,Active,,2,12.0,6.0,2026-09-26 11:43:51,,
160,6,00-0032726,Ka'imi Fairbairn,K,HOU,IND,0.0,2026_03_HOU_IND,2026-09-27 13:00:00,8.482815720513315,3.892966917278794,13.15979463566935,8.44191153455715,0.0409041859561654,C,2,4.873417228421002,22.0,1,,False,1.0,"https://static.www.nfl.com/image/upload/f_auto,q_auto/league/nbrs7doetqydf2rzhjjl",0.0,0.0,0.0,0.0,0.0,0.0,0.0,2.544671192756645,1.996455818840412,0.5734141402301678,0.0,0.0,0.0,20.5,"[1.76, 2.9, 3.89, 4.6, 5.28, 5.84, 6.39, 6.94, 7.49, 8.07, 8.68, 9.29, 9.9, 10.56, 11.33, 12.21, 13.16, 14.5, 16.41]",Active,True,Active,2971573.0,2,15.0,7.5,2026-09-26 11:43:51,,
161,55,00-0038618,Xavier Hutchinson,WR,HOU,IND,0.0,2026_03_HOU_IND,2026-09-27 13:00:00,8.392651091179191,2.161887627250469,14.641676537696338,8.167042178990812,0.2256089121883793,C,1,11.060728367424472,22.0,3,,False,1.0,"https://static.www.nfl.com/image/upload/f_auto,q_auto/league/n5baiu6sg9wh3xhhewkd",6.209785266487509,0.0758730907056046,0.0,0.0,0.5974900464908511,31.962243799110876,0.1558011709940525,0.0,0.0,0.0,0.0,0.0,0.0,20.5,"[0.62, 1.55, 2.16, 2.75, 3.39, 3.97, 4.57, 5.22, 5.88, 6.6, 7.34, 8.14, 9.2, 10.24, 11.43, 12.91, 14.64, 17.11, 20.61]",Active,True,Active,4686422.0,2,12.9,6.4,2026-09-26 11:43:51,,
162,7,00-0031492,Jason Myers,K,SEA,WAS,0.0,2026_03_SEA_WAS,2026-09-27 13:00:00,8.392143064543982,3.802294261309461,13.069121979700018,8.216634051610257,0.1755090129337251,C,3,2.627228930328239,24.0,1,,False,1.0,"https://static.www.nfl.com/image/upload/f_auto,q_auto/league/zcd7q9loflr0t5bsvzig",0.0,0.0,0.0,0.0,0.0,0.0,0.0,2.1701535970329333,2.708830559970773,0.1782392644362955,0.0,0.0,0.0,16.5,"[1.66, 2.81, 3.8, 4.51, 5.19, 5.75, 6.3, 6.85, 7.4, 7.98, 8.58, 9.2, 9.81, 10.47, 11.24, 12.11, 13.07, 14.41, 16.32]",Active,True,Active,2473037.0,2,14.0,7.0,2026-09-26 11:43:51,,
163,8,00-0034161,Daniel Carlson,K,NO,LV,1.0,2026_03_LV_NO,2026-09-27 16:25:00,8.380214288692164,3.7903654854576434,13.0571932038482,7.95404841173871,0.426165876953454,B,27,-1.5902587838905766,23.25,1,,False,1.0,"https://static.www.nfl.com/image/upload/f_auto,q_auto/league/gsvj7rtvqwbwdeho8whf",0.0,0.0,0.0,0.0,0.0,0.0,0.0,2.0271784988563346,1.6259883740588277,0.4225880893667721,0.0,0.0,0.0,20.25,"[1.65, 2.8, 3.79, 4.5, 5.18, 5.74, 6.29, 6.83, 7.39, 7.97, 8.57, 9.19, 9.79, 10.46, 11.23, 12.1, 13.06, 14.4, 16.31]",Active,True,Active,3051909.0,2,18.0,9.0,2026-09-26 11:43:51,,
164,56,00-0039919,Rome Odunze,WR,CHI,PHI,1.0,2026_03_PHI_CHI,2026-09-28 20:15:00,8.366047206767973,2.135283742839251,14.61507265328512,8.94138339653228,-0.5753361897643074,D,28,-7.912554945179455,18.5,3,,False,1.0,"https://static.www.nfl.com/image/upload/f_auto,q_auto/league/niewdl2p2325kpohbw9v",5.112852135402848,0.0,0.0,0.0,0.0,48.30272840386185,0.1636096343172683,0.0,0.0,0.0,0.0,0.0,0.0,23.0,"[0.59, 1.53, 2.14, 2.72, 3.37, 3.94, 4.54, 5.19, 5.85, 6.57, 7.32, 8.11, 9.18, 10.22, 11.4, 12.88, 14.62, 17.08, 20.58]",Active,True,Active,4431299.0,2,14.5,7.2,2026-09-26 11:43:51,,
165,57,00-0039901,Keon Coleman,WR,BUF,LAC,1.0,2026_03_LAC_BUF,2026-09-27 13:00:00,8.347054689988255,2.1162912260595323,14.5960801365054,7.5005516115641155,0.8465030784241394,B,3,7.388318795914675,28.75,3,Questionable,False,3.0,"https://static.www.nfl.com/image/upload/f_auto,q_auto/league/cm7g87waetksjouyjgvg",3.8102937221847313,0.0,0.0,0.0,0.0,31.47809525619862,0.1322361364958569,0.0,0.0,0.0,0.0,0.0,0.0,21.75,"[0.57, 1.51, 2.12, 2.7, 3.35, 3.92, 4.52, 5.17, 5.83, 6.55, 7.3, 8.09, 9.16, 10.2, 11.38, 12.86, 14.6, 17.06, 20.56]",Questionable,True,Active,4635008.0,2,13.4,6.7,2026-09-26 11:43:51,,
166,9,00-0039404,Will Reichard,K,MIN,TB,0.0,2026_03_MIN_TB,2026-09-27 16:05:00,8.335692069914694,3.7458432666801738,13.01267098507073,8.260372849325597,0.0753192205890975,C,1,5.352051936968575,22.0,1,,False,1.0,"https://static.www.nfl.com/image/upload/f_auto,q_auto/league/wv1h4umuddkfss96uutw",0.0,0.0,0.0,0.0,0.0,0.0,0.0,2.074491160865953,1.8627283765906373,0.3007757252099765,0.0,0.0,0.0,20.5,"[1.61, 2.75, 3.75, 4.46, 5.13, 5.69, 6.24, 6.79, 7.34, 7.92, 8.53, 9.15, 9.75, 10.42, 11.19, 12.06, 13.01, 14.36, 16.26]",Active,True,Active,4567104.0,2,17.0,8.5,2026-09-26 11:43:51,,
167,10,00-0035358,Chase McLaughlin,K,TB,MIN,1.0,2026_03_MIN_TB,2026-09-27 16:05:00,8.290966804289088,3.7011180010545672,12.967945719445122,8.807342074999358,-0.5163752707102702,D,26,-1.4778542199065496,20.5,1,,False,1.0,"https://static.www.nfl.com/image/upload/f_auto,q_auto/league/enkzsuyzk232mbq5oe4w",0.0,0.0,0.0,0.0,0.0,0.0,0.0,2.647012487055944,1.9032738846642083,0.7960028629701018,0.0,0.0,0.0,22.0,"[1.56, 2.71, 3.7, 4.41, 5.09, 5.65, 6.2, 6.75, 7.3, 7.88, 8.48, 9.1, 9.7, 10.37, 11.14, 12.01, 12.97, 14.31, 16.22]",Active,True,Active,3150744.0,2,27.0,13.5,2026-09-26 11:43:51,,
168,11,00-0034173,Eddy Pineiro,K,SF,ARI,1.0,2026_03_ARI_SF,2026-09-27 16:05:00,8.284901769714123,3.6950529664796026,12.96188068487016,7.73814829141631,0.5467534782978127,B,28,-2.1355360895625783,28.0,1,,False,1.0,"https://static.www.nfl.com/image/upload/f_auto,q_auto/league/v3vtl2t4dfzkueanjfwc",0.0,0.0,0.0,0.0,0.0,0.0,0.0,1.6176500184318063,3.3966095206763174,0.4275493464639684,0.0,0.0,0.0,19.5,"[1.56, 2.7, 3.7, 4.41, 5.08, 5.64, 6.19, 6.74, 7.29, 7.87, 8.48, 9.1, 9.7, 10.36, 11.14, 12.01, 12.96, 14.31, 16.21]",Active,True,Active,4034949.0,2,15.0,7.5,2026-09-26 11:43:51,,
169,58,00-0032464,Kalif Raymond,WR,CHI,PHI,1.0,2026_03_PHI_CHI,2026-09-28 20:15:00,8.274771494274223,2.0440080303455,14.52379694079137,8.850107684038532,-0.5753361897643092,D,28,-7.912554945179455,18.5,3,,False,3.0,"https://static.www.nfl.com/image/upload/f_auto,q_auto/league/dpdv6dm0almcbjdppizx",4.712801023754864,0.0483009599075341,0.0,0.0,0.4659662603004225,43.62859668765403,0.1643867321346743,0.0,0.0,0.0,0.0,0.0,0.0,23.0,"[0.5, 1.43, 2.04, 2.63, 3.28, 3.85, 4.45, 5.1, 5.76, 6.48, 7.23, 8.02, 9.09, 10.12, 11.31, 12.79, 14.52, 16.99, 20.49]",Active,True,Active,2973405.0,2,25.4,12.7,2026-09-26 11:43:51,,
170,59,00-0035659,Terry McLaurin,WR,WAS,SEA,1.0,2026_03_SEA_WAS,2026-09-27 13:00:00,8.252989078887854,2.022225614959132,14.502014525405,9.210669135708624,-0.9576800568207702,D,32,-14.266071470507672,16.5,3,,False,1.0,"https://static.www.nfl.com/image/upload/f_auto,q_auto/league/tmfl2zruajmkrtcg4zxp",6.314551053280556,0.0,0.0,0.0,0.0,43.43534580623509,0.2181133284485281,0.0,0.0,0.0,0.0,0.0,0.0,24.0,"[0.48, 1.41, 2.02, 2.61, 3.25, 3.83, 4.43, 5.08, 5.74, 6.46, 7.2, 8.0, 9.06, 10.1, 11.29, 12.77, 14.5, 16.97, 20.47]",Active,True,Active,3121422.0,2,10.4,5.2,2026-09-26 11:43:51,,
171,3,DST_CAR,Carolina Panthers D/ST,DST,CAR,CLE,0.0,2026_03_CAR_CLE,2026-09-27 13:00:00,8.224417755854438,2.921738172114656,13.996559834563508,7.036706552654987,1.1877112031994503,A+,8,1.2913110177026592,22.5,1,,False,1.0,https://a.espncdn.com/i/teamlogos/nfl/500-dark/car.png,30.6675067632859,23.773525372340806,33.855764712069146,263.3164541709891,100.14261812660128,263.3164541709891,0.0,1.55431471962406,3.279995526400965,0.0,1.9409471421401687,2.214660082658862,26.671159209941912,20.0,"[0.78, 2.03, 2.92, 3.69, 4.35, 4.96, 5.63, 6.15, 6.78, 7.34, 8.0, 8.71, 9.44, 10.35, 11.4, 12.69, 14.0, 15.95, 18.83]",Active,True,Active,,2,25.0,12.5,2026-09-26 11:43:51,,
172,37,00-0037256,Rachaad White,RB,WAS,SEA,1.0,2026_03_SEA_WAS,2026-09-27 13:00:00,8.18738500691606,2.168895230120365,14.85837690402576,8.890681474758715,-0.7032964678426552,D,29,-3.8883405090824734,16.5,2,,False,2.0,"https://static.www.nfl.com/image/upload/f_auto,q_auto/league/wtdhs50gcl2p6vngsnre",3.3268392315689144,7.0419778233600505,0.0,0.0,32.580923065584706,18.225594166936023,0.1037812262011014,0.0,0.0,0.0,0.0,0.0,0.0,24.0,"[0.66, 1.57, 2.17, 2.74, 3.36, 3.99, 4.64, 5.28, 5.92, 6.68, 7.55, 8.39, 9.36, 10.42, 11.66, 13.02, 14.86, 17.48, 21.35]",Active,True,Active,4697815.0,2,19.0,9.5,2026-09-26 11:43:51,,
173,12,00-0039409,Cam Little,K,JAX,NE,1.0,2026_03_NE_JAX,2026-09-27 13:00:00,8.18507731940381,3.595228516169289,12.862056234559844,8.17796340318638,0.0071139162174294,C,29,-2.9485612903152765,24.75,1,,False,1.0,"https://static.www.nfl.com/image/upload/f_auto,q_auto/league/mc9goepr7mglrx6ek1fi",0.0,0.0,0.0,0.0,0.0,0.0,0.0,2.2614047974861826,2.8347416649307515,0.2512609236388398,0.0,0.0,0.0,21.75,"[1.46, 2.6, 3.6, 4.31, 4.98, 5.54, 6.09, 6.64, 7.19, 7.77, 8.38, 9.0, 9.6, 10.26, 11.04, 11.91, 12.86, 14.21, 16.11]",Active,True,Active,4686361.0,2,19.0,9.5,2026-09-26 11:43:51,,
174,38,00-0036919,Kenny Gainwell,RB,TB,MIN,1.0,2026_03_MIN_TB,2026-09-27 16:05:00,8.172943782422095,2.1544540056264,14.843935679531796,8.449862231808504,-0.2769184493864092,C,25,-2.9805856891475835,20.5,2,,False,2.0,"https://static.www.nfl.com/image/upload/f_auto,q_auto/league/eo62l8ec8e3lzt86ihth",3.994833887738377,5.014079651425061,0.0,0.0,21.432960400949938,18.164478563630244,0.125267258963754,0.0,0.0,0.0,0.0,0.0,0.0,22.0,"[0.64, 1.56, 2.15, 2.73, 3.34, 3.98, 4.62, 5.27, 5.91, 6.67, 7.54, 8.37, 9.35, 10.4, 11.65, 13.01, 14.84, 17.46, 21.34]",Active,True,Active,4371733.0,2,7.3,3.6,2026-09-26 11:43:51,,
175,18,00-0036894,Pat Freiermuth,TE,PIT,CIN,1.0,2026_03_CIN_PIT,2026-09-27 13:00:00,8.089321879857925,2.405562164709954,14.277415412775436,7.839168277540593,0.2501536023173321,C,4,7.048203931284905,19.5,2,,False,1.0,"https://static.www.nfl.com/image/upload/f_auto,q_auto/league/pyrdsypgggjshiaygkr7",4.386547341734392,0.2773437870990919,0.0,0.0,0.5546875741981838,35.72297495549742,0.1243788504886947,0.0,0.0,0.0,0.0,0.0,0.0,23.0,"[0.85, 1.74, 2.41, 3.09, 3.61, 4.22, 4.85, 5.49, 6.11, 6.86, 7.6, 8.46, 9.35, 10.34, 11.41, 12.61, 14.28, 16.25, 19.89]",Active,True,Active,4361411.0,2,23.0,11.5,2026-09-26 11:43:51,,
176,60,00-0041042,Malachi Fields,WR,NYG,TEN,1.0,2026_03_TEN_NYG,2026-09-27 13:00:00,8.077149388875462,1.8463859249467396,14.326174835392608,8.017305339348532,0.0598440495269301,C,2,7.90337129655551,20.0,3,,True,2.0,"https://static.www.nfl.com/image/upload/f_auto,q_auto/league/tpls1aptxx9x8xaqvjtj",5.043294617499389,0.0,0.0,0.0,0.0,27.60823654374847,0.163788551942334,0.0,0.0,0.0,0.0,0.0,0.0,17.5,"[0.3, 1.24, 1.85, 2.43, 3.08, 3.65, 4.25, 4.9, 5.56, 6.28, 7.03, 7.82, 8.89, 9.93, 11.12, 12.59, 14.33, 16.79, 20.29]",Active,True,Active,4682648.0,2,9.5,4.8,2026-09-26 11:43:51,,
177,39,00-0039032,Tyjae Spears,RB,TEN,NYG,0.0,2026_03_TEN_NYG,2026-09-27 13:00:00,8.038617162213214,2.020127385417519,14.709609059322917,8.388667069717767,-0.3500499075045535,C,7,3.650229425774356,17.5,2,Questionable,False,2.0,"https://static.www.nfl.com/image/upload/f_auto,q_auto/league/pkly3nkohty1tuijtwty",3.4470890160425407,5.321301088892839,0.0,0.0,24.51358548574817,20.49380289205359,0.1300333135600676,0.0,0.0,0.0,0.0,0.0,0.0,20.0,"[0.51, 1.42, 2.02, 2.59, 3.21, 3.85, 4.49, 5.13, 5.78, 6.53, 7.4, 8.24, 9.21, 10.27, 11.52, 12.87, 14.71, 17.33, 21.2]",Questionable,True,Active,4428557.0,2,13.4,6.7,2026-09-26 11:43:51,,
178,61,00-0039410,Ryan Flournoy,WR,DAL,BAL,1.0,2026_03_BAL_DAL,2026-09-27 16:25:00,8.022382213250086,1.7916187493213638,14.271407659767233,7.789225084685642,0.2331571285644447,C,21,-1.200301287884041,25.0,3,,False,3.0,"https://static.www.nfl.com/image/upload/f_auto,q_auto/league/tqwq3cgpqu7j9hzoyicx",4.622264999333563,0.0812244880601855,0.0,0.0,0.4920187376390426,28.46396510333417,0.1459984183317393,0.0,0.0,0.0,0.0,0.0,0.0,28.5,"[0.24, 1.18, 1.79, 2.38, 3.02, 3.6, 4.2, 4.85, 5.51, 6.23, 6.97, 7.77, 8.83, 9.87, 11.06, 12.54, 14.27, 16.74, 20.24]",Active,True,Active,5083754.0,2,11.5,5.8,2026-09-26 11:43:51,,
179,46,00-0031503,Jameis Winston,QB,NYG,TEN,1.0,2026_03_TEN_NYG,2026-09-27 13:00:00,7.98764531319571,0.0,17.033983733384147,8.057204396873043,-0.0695590836773334,C,19,-0.4701913878773203,20.0,2,,False,1.0,"https://static.www.nfl.com/image/upload/f_auto,q_auto/league/e5qyxnibbyawi0pvfpjl",0.1371994794800612,2.1009772497876043,24.5963758445811,140.7014928789442,3.629088957149212,4.52758282284202,0.004035278808237,0.0,0.0,0.0,0.0,0.0,0.0,17.5,"[0.0, 0.0, 0.0, 0.49, 1.02, 1.49, 2.13, 3.29, 4.56, 5.51, 7.19, 8.79, 10.24, 11.86, 13.43, 15.16, 17.03, 19.25, 21.9]",Active,True,Active,2969939.0,1,2.5,2.5,2026-09-26 11:43:51,,
180,47,00-0040206,Riley Leonard,QB,IND,HOU,1.0,2026_03_HOU_IND,2026-09-27 13:00:00,7.953543509042476,0.0,16.999881929230916,7.1355243266209465,0.8180191824215299,B,5,3.3847884174337226,20.5,2,,False,3.0,"https://static.www.nfl.com/image/upload/f_auto,q_auto/league/okxcrf19ylc0hwfefmwl",0.0,1.2391827218484777,14.053963120228923,90.13223116962288,6.034455630100404,-0.7081964636461012,0.0,0.0,0.0,0.0,0.0,0.0,0.0,22.0,"[0.0, 0.0, 0.0, 0.46, 0.99, 1.46, 2.09, 3.25, 4.53, 5.47, 7.16, 8.76, 10.21, 11.82, 13.4, 15.13, 17.0, 19.21, 21.86]",Active,True,Active,4683423.0,0,0.0,,2026-09-26 11:43:51,,
181,4,DST_CIN,Cincinnati Bengals D/ST,DST,CIN,PIT,0.0,2026_03_CIN_PIT,2026-09-27 13:00:00,7.953520099460402,2.65084051572062,13.725662178169472,6.509427676222635,1.444092423237767,A+,5,1.839358802476185,23.0,1,,False,1.0,https://a.espncdn.com/i/teamlogos/nfl/500/cin.png,34.21532931990296,24.478372647568044,35.387798356248624,244.32097306858608,98.35651013668968,244.32097306858608,0.0,2.279564832468116,2.622495631487754,0.0,3.2135406372372324,1.5741782961210151,21.328819992483943,19.5,"[0.51, 1.76, 2.65, 3.42, 4.08, 4.69, 5.35, 5.87, 6.51, 7.07, 7.73, 8.44, 9.17, 10.08, 11.13, 12.41, 13.73, 15.68, 18.56]",Active,True,Active,,2,23.0,11.5,2026-09-26 11:43:51,,
182,19,00-0039066,Michael Mayer,TE,LV,NO,0.0,2026_03_LV_NO,2026-09-27 16:25:00,7.942993169883264,2.259233454735293,14.131086702800774,8.160009267564433,-0.217016097681169,C,15,-0.011561373012771,20.25,2,,False,2.0,"https://static.www.nfl.com/image/upload/f_auto,q_auto/league/twnkr9uq1phvukxb5jmh",4.823646737632101,0.0,0.0,0.0,0.0,27.5827842607542,0.1690528127379336,0.0,0.0,0.0,0.0,0.0,0.0,23.25,"[0.7, 1.59, 2.26, 2.94, 3.46, 4.08, 4.71, 5.34, 5.97, 6.72, 7.46, 8.32, 9.21, 10.19, 11.27, 12.46, 14.13, 16.1, 19.74]",Active,True,Active,4429086.0,2,14.5,7.2,2026-09-26 11:43:51,,
183,13,00-0036162,Tyler Bass,K,BUF,LAC,1.0,2026_03_LAC_BUF,2026-09-27 13:00:00,7.930038461844571,3.3401896586100506,12.607017377000606,6.954080156612248,0.9759583052323232,A,5,2.41379216680247,28.75,1,,True,1.0,"https://static.www.nfl.com/image/upload/f_auto,q_auto/league/rwidgp7jp8vxhssi7und",0.0,0.0,0.0,0.0,0.0,0.0,0.0,1.435058073750916,4.564941926249083,0.0,0.0,0.0,0.0,21.75,"[1.2, 2.34, 3.34, 4.05, 4.73, 5.29, 5.84, 6.38, 6.94, 7.52, 8.12, 8.74, 9.34, 10.01, 10.78, 11.65, 12.61, 13.95, 15.86]",Active,True,Active,3917232.0,2,17.0,8.5,2026-09-26 11:43:51,,
184,5,DST_NYG,New York Giants D/ST,DST,NYG,TEN,1.0,2026_03_TEN_NYG,2026-09-27 13:00:00,7.876664477250514,2.5739848935107315,13.648806555959585,6.050826030876381,1.8258384463741324,A+,10,1.1158359304875551,20.0,1,,False,1.0,https://a.espncdn.com/i/teamlogos/nfl/500/nyg.png,29.809375148916367,29.53600410435268,30.37352004137969,194.44031674941093,119.30557140911992,194.44031674941093,0.0,1.3470669324689497,2.1705338704307207,0.0,1.3571648569846964,1.305108153546826,24.40840124699093,17.5,"[0.43, 1.68, 2.57, 3.34, 4.0, 4.61, 5.28, 5.8, 6.44, 6.99, 7.66, 8.36, 9.09, 10.0, 11.05, 12.34, 13.65, 15.6, 18.49]",Active,True,Active,,2,7.0,3.5,2026-09-26 11:43:51,,
185,6,DST_GB,Green Bay Packers D/ST,DST,GB,ATL,1.0,2026_03_ATL_GB,2026-09-24 20:15:00,7.735782794308298,2.4331032105685155,13.507924873017368,5.858158626488318,1.87762416781998,A+,1,9.769204482551526,24.0,1,,False,1.0,https://a.espncdn.com/i/teamlogos/nfl/500/gb.png,30.884483557993857,23.7563732035328,32.4480522561968,244.46519863336653,91.02396844064222,244.46519863336653,0.0,2.200842251439988,2.227804130182498,0.0,2.6672250969927567,0.7047194212588734,25.411803354546112,19.5,"[0.29, 1.54, 2.43, 3.2, 3.86, 4.47, 5.14, 5.66, 6.29, 6.85, 7.52, 8.22, 8.95, 9.86, 10.91, 12.2, 13.51, 15.46, 18.34]",Active,True,Active,,3,4.0,1.3,2026-09-24 19:34:09,-2.0,nflverse
186,14,00-0035269,Matt Gay,K,LV,NO,0.0,2026_03_LV_NO,2026-09-27 16:25:00,7.725011226678661,3.1351624234441404,12.401990141834697,7.812826893697082,-0.0878156670184209,C,22,-0.8717586210052686,20.25,1,,False,1.0,"https://static.www.nfl.com/image/upload/f_auto,q_auto/league/opglxpqmhu21eydoyvg2",0.0,0.0,0.0,0.0,0.0,0.0,0.0,1.6651106139284184,2.588841581092112,0.4058701382139549,0.0,0.0,0.0,23.25,"[1.0, 2.14, 3.14, 3.85, 4.52, 5.08, 5.63, 6.18, 6.73, 7.31, 7.92, 8.54, 9.14, 9.8, 10.58, 11.45, 12.4, 13.75, 15.65]",Active,True,Active,4249087.0,2,18.0,9.0,2026-09-26 11:43:51,,
187,20,00-0034829,Mike Gesicki,TE,CIN,PIT,0.0,2026_03_CIN_PIT,2026-09-27 13:00:00,7.71993153732747,2.036171822179499,13.90802507024498,7.923591960077233,-0.2036604227497624,C,26,-3.165744158393005,23.0,2,,False,1.0,"https://static.www.nfl.com/image/upload/f_auto,q_auto/league/dykckg6we3cnw9yhpggi",4.61511363747827,0.0,0.0,0.0,0.0,44.56488731468728,0.1351057109759065,0.0,0.0,0.0,0.0,0.0,0.0,19.5,"[0.48, 1.37, 2.04, 2.72, 3.24, 3.85, 4.48, 5.12, 5.74, 6.49, 7.24, 8.09, 8.98, 9.97, 11.04, 12.24, 13.91, 15.88, 19.52]",Active,True,Active,3116164.0,1,18.8,18.8,2026-09-26 11:43:51,,
188,7,DST_PHI,Philadelphia Eagles D/ST,DST,PHI,CHI,0.0,2026_03_PHI_CHI,2026-09-28 20:15:00,7.6371994368759,2.334519853136117,13.40934151558497,5.905346557925521,1.731852878950379,A+,13,0.489789154777913,23.0,1,,False,1.0,https://a.espncdn.com/i/teamlogos/nfl/500/phi.png,28.34778457810011,28.716418400308196,30.95725215228118,219.1550882825415,116.46217482154783,219.1550882825415,0.0,1.364008527161024,2.66124375514838,0.0,1.9939908948824387,0.6734958075017607,19.842431035739107,18.5,"[0.19, 1.44, 2.33, 3.1, 3.76, 4.37, 5.04, 5.56, 6.2, 6.75, 7.42, 8.12, 8.85, 9.76, 10.81, 12.1, 13.41, 15.36, 18.25]",Active,True,Active,,2,6.0,3.0,2026-09-26 11:43:51,,
189,8,DST_MIN,Minnesota Vikings D/ST,DST,MIN,TB,0.0,2026_03_MIN_TB,2026-09-27 16:05:00,7.632243588595044,2.329564004855261,13.404385667304114,6.590523784759092,1.041719803835952,A,4,2.2930170186408465,22.0,1,,False,1.0,https://a.espncdn.com/i/teamlogos/nfl/500/min.png,23.587649319529312,28.171887118155368,24.539013449387458,162.34999389736632,112.89609108461616,162.34999389736632,0.0,2.074491160865953,1.8627283765906373,0.0,3.566701854913279,1.696909106111235,14.718523401093108,20.5,"[0.19, 1.43, 2.33, 3.1, 3.76, 4.37, 5.03, 5.55, 6.19, 6.75, 7.41, 8.12, 8.85, 9.76, 10.81, 12.09, 13.4, 15.36, 18.24]",Active,True,Active,,2,25.0,12.5,2026-09-26 11:43:51,,
190,15,00-0040279,Ryan Fitzgerald,K,CAR,CLE,0.0,2026_03_CAR_CLE,2026-09-27 13:00:00,7.61563655741528,3.025787754180759,12.292615472571317,7.669368576111284,-0.0537320186960048,C,4,2.52768459607311,22.5,1,,False,1.0,"https://static.www.nfl.com/image/upload/f_auto,q_auto/league/giy8qnq6njxzwtqvqdsm",0.0,0.0,0.0,0.0,0.0,0.0,0.0,1.55431471962406,3.279995526400965,0.0316659666718942,0.0,0.0,0.0,20.0,"[0.89, 2.03, 3.03, 3.74, 4.41, 4.97, 5.52, 6.07, 6.62, 7.2, 7.81, 8.43, 9.03, 9.7, 10.47, 11.34, 12.29, 13.64, 15.54]",Active,True,Active,4568263.0,2,18.0,9.0,2026-09-26 11:43:51,,
191,40,00-0036158,J.K. Dobbins,RB,DEN,LA,1.0,2026_03_LA_DEN,2026-09-27 20:20:00,7.607025264916731,1.5885354881210365,14.278017162026432,8.25106620792327,-0.6440409430065381,D,32,-9.067275620202803,21.0,2,,False,1.0,"https://static.www.nfl.com/image/upload/f_auto,q_auto/league/cevotvl3ho5h1mioruyg",0.540990365006759,11.637658474703752,0.0,0.0,52.76515666766818,1.462559227043284,0.0178016522124276,0.0,0.0,0.0,0.0,0.0,0.0,23.5,"[0.08, 0.99, 1.59, 2.16, 2.78, 3.41, 4.06, 4.7, 5.34, 6.1, 6.97, 7.81, 8.78, 9.84, 11.08, 12.44, 14.28, 16.9, 20.77]",Active,True,Active,4241985.0,2,7.2,3.6,2026-09-26 11:43:51,,
192,48,00-0037012,Trey Lance,QB,LAC,BUF,0.0,2026_03_LAC_BUF,2026-09-27 13:00:00,7.57726281283845,0.0,16.62360123302689,7.1592547006864935,0.4180081121519565,C,4,4.445643598427184,21.75,2,Questionable,False,2.0,"https://static.www.nfl.com/image/upload/f_auto,q_auto/league/j3psmvvxo13kmbgi60ej",0.0,4.523033232026452,15.508219315606915,59.30702570445662,23.23347569291816,0.0,0.0,0.0,0.0,0.0,0.0,0.0,0.0,28.75,"[0.0, 0.0, 0.0, 0.08, 0.61, 1.08, 1.72, 2.87, 4.15, 5.1, 6.78, 8.38, 9.83, 11.45, 13.02, 14.75, 16.62, 18.84, 21.48]",Questionable,True,Active,4383351.0,0,0.0,,2026-09-26 11:43:51,,
193,16,00-0032569,Wil Lutz,K,DEN,LA,1.0,2026_03_LA_DEN,2026-09-27 20:20:00,7.565984836591325,2.9761360333568048,12.24296375174736,7.900287998063142,-0.3343031614718166,D,14,0.0247952454056118,21.0,1,,False,1.0,"https://static.www.nfl.com/image/upload/f_auto,q_auto/league/vcglg5vsgbiyggwibgy0",0.0,0.0,0.0,0.0,0.0,0.0,0.0,1.8704298165159887,1.8381504018160604,0.1373856977103751,0.0,0.0,0.0,23.5,"[0.84, 1.98, 2.98, 3.69, 4.36, 4.92, 5.48, 6.02, 6.57, 7.15, 7.76, 8.38, 8.98, 9.65, 10.42, 11.29, 12.24, 13.59, 15.49]",Active,True,Active,2985659.0,2,13.0,6.5,2026-09-26 11:43:51,,
194,17,00-0038428,Andre Szmyt,K,CLE,CAR,1.0,2026_03_CAR_CLE,2026-09-27 13:00:00,7.563789034179799,2.9739402309452787,12.240767949335837,8.06055611849565,-0.4967670843158513,D,17,-0.1755903515661434,20.0,1,,False,1.0,"https://static.www.nfl.com/image/upload/f_auto,q_auto/league/tkah6glpysuyq2a54gts",0.0,0.0,0.0,0.0,0.0,0.0,0.0,1.820937423305597,1.5075945915242062,0.4255242353615583,0.0,0.0,0.0,22.5,"[0.84, 1.98, 2.97, 3.69, 4.36, 4.92, 5.47, 6.02, 6.57, 7.15, 7.76, 8.37, 8.98, 9.64, 10.42, 11.29, 12.24, 13.58, 15.49]",Active,True,Active,4258620.0,2,17.0,8.5,2026-09-26 11:43:51,,
195,41,00-0040242,Jacory Croskey-Merritt,RB,WAS,SEA,1.0,2026_03_SEA_WAS,2026-09-27 13:00:00,7.546220147152373,1.5277303703566778,14.217212044262077,8.249516614995029,-0.7032964678426561,D,29,-3.8883405090824734,16.5,2,,False,1.0,"https://static.www.nfl.com/image/upload/f_auto,q_auto/league/qew4qhlj4yuf50voko61",0.7783828104098662,12.312697437749472,0.0,0.0,50.31437599419399,0.9042989160729498,0.026559480222769,0.0,0.0,0.0,0.0,0.0,0.0,24.0,"[0.02, 0.93, 1.53, 2.1, 2.72, 3.35, 4.0, 4.64, 5.28, 6.04, 6.91, 7.75, 8.72, 9.77, 11.02, 12.38, 14.22, 16.84, 20.71]",Active,True,Active,4575131.0,2,18.4,9.2,2026-09-26 11:43:51,,
196,18,00-0033787,Jake Elliott,K,PHI,CHI,0.0,2026_03_PHI_CHI,2026-09-28 20:15:00,7.510034601711438,2.920185798476917,12.187013516867474,7.6343104581955235,-0.1242758564840853,C,11,0.5170218863682569,23.0,1,,False,1.0,"https://static.www.nfl.com/image/upload/f_auto,q_auto/league/gxy1mhbnz1p2nufkg8qz",0.0,0.0,0.0,0.0,0.0,0.0,0.0,1.364008527161024,2.66124375514838,0.3402910265460878,0.0,0.0,0.0,18.5,"[0.78, 1.92, 2.92, 3.63, 4.31, 4.87, 5.42, 5.96, 6.52, 7.1, 7.7, 8.32, 8.92, 9.59, 10.36, 11.23, 12.19, 13.53, 15.44]",Active,True,Active,3050478.0,2,14.0,7.0,2026-09-26 11:43:51,,
197,19,00-0039576,Spencer Shrader,K,IND,HOU,1.0,2026_03_HOU_IND,2026-09-27 13:00:00,7.484976897625554,2.8951280943910334,12.161955812781589,7.944283104147901,-0.4593062065223474,D,21,-0.6841535830770207,20.5,1,,False,1.0,"https://static.www.nfl.com/image/upload/f_auto,q_auto/league/upbporhm1frqfpgalfrk",0.0,0.0,0.0,0.0,0.0,0.0,0.0,2.2078377978261923,2.9305740969424754,0.4018183762366213,0.0,0.0,0.0,22.0,"[0.76, 1.9, 2.9, 3.61, 4.28, 4.84, 5.39, 5.94, 6.49, 7.07, 7.68, 8.3, 8.9, 9.56, 10.34, 11.21, 12.16, 13.51, 15.41]",Active,True,Active,4571557.0,2,20.0,10.0,2026-09-26 11:43:51,,
198,20,00-0040899,Trey Smack,K,GB,ATL,1.0,2026_03_ATL_GB,2026-09-24 20:15:00,7.470731719540087,2.8808829163055663,12.14771063469612,7.286584399295606,0.184147320244481,C,9,1.1971777595477382,24.0,1,,True,1.0,"https://static.www.nfl.com/image/upload/f_auto,q_auto/league/zierx6p09ilfe0o0ckj7",0.0,0.0,0.0,0.0,0.0,0.0,0.0,2.478352691250305,2.0,0.4783526912503054,0.0,0.0,0.0,19.5,"[0.74, 1.89, 2.88, 3.59, 4.27, 4.83, 5.38, 5.93, 6.48, 7.06, 7.66, 8.28, 8.88, 9.55, 10.32, 11.19, 12.15, 13.49, 15.4]",Active,True,Active,4869461.0,3,22.0,7.3,2026-09-24 19:34:09,2.0,nflverse
199,62,00-0040170,Elic Ayomanor,WR,TEN,NYG,0.0,2026_03_TEN_NYG,2026-09-27 13:00:00,7.453565077476215,1.2228016135474924,13.70259052399336,7.881958683971851,-0.4283936064956357,D,11,3.387232470981544,17.5,3,,False,4.0,"https://static.www.nfl.com/image/upload/f_auto,q_auto/league/jjmscqt6v4ecasveugoh",4.211259282341582,0.0,0.0,0.0,0.0,37.286837243314686,0.1614128853217703,0.0,0.0,0.0,0.0,0.0,0.0,20.0,"[0.0, 0.61, 1.22, 1.81, 2.45, 3.03, 3.63, 4.28, 4.94, 5.66, 6.4, 7.2, 8.26, 9.3, 10.49, 11.97, 13.7, 16.17, 19.67]",Active,True,Active,4883647.0,2,17.0,8.5,2026-09-26 11:43:51,,
200,21,00-0036970,Kyle Pitts,TE,ATL,GB,0.0,2026_03_ATL_GB,2026-09-24 20:15:00,7.4449194538091295,1.7613237833833022,13.631795274596222,7.585422643046826,-0.1405031892376964,C,10,1.8463426778507053,19.5,2,,False,1.0,"https://static.www.nfl.com/image/upload/f_auto,q_auto/league/xczipzxvytnmvgznhhb4",4.498902924925248,0.0,0.0,0.0,0.0,31.660356799599345,0.1523922855023921,0.0,0.0,0.0,0.0,0.0,0.0,24.0,"[0.2, 1.09, 1.76, 2.45, 2.97, 3.58, 4.22, 4.84, 5.47, 6.22, 6.96, 7.82, 8.7, 9.69, 10.77, 11.96, 13.63, 15.6, 19.24]",Active,True,Active,4360248.0,3,4.0,1.3,2026-09-24 19:34:09,1.5,nflverse
201,21,00-0040200,Andy Borregales,K,NE,JAX,0.0,2026_03_NE_JAX,2026-09-27 13:00:00,7.44131975131319,2.8514709480786697,12.118298666469226,7.819062510482079,-0.3777427591688882,D,18,-0.4342284484603323,21.75,1,,False,1.0,"https://static.www.nfl.com/image/upload/f_auto,q_auto/league/x2fxn5qf6zkgmvedjpys",0.0,0.0,0.0,0.0,0.0,0.0,0.0,1.9150888912604056,2.186143683745813,0.3201122331450792,0.0,0.0,0.0,24.75,"[0.71, 1.86, 2.85, 3.56, 4.24, 4.8, 5.35, 5.9, 6.45, 7.03, 7.63, 8.25, 8.86, 9.52, 10.29, 11.16, 12.12, 13.46, 15.37]",Active,True,Active,4569923.0,2,14.0,7.0,2026-09-26 11:43:51,,
202,63,00-0038608,Kayshon Boutte,WR,HOU,IND,0.0,2026_03_HOU_IND,2026-09-27 13:00:00,7.430816836884293,1.200053372955571,13.67984228340144,7.205207924695915,0.2256089121883784,C,1,11.060728367424472,22.0,3,,False,2.0,"https://static.www.nfl.com/image/upload/f_auto,q_auto/league/mg4icjqhwhnc5uobmau5",3.707960315959394,0.0,0.0,0.0,0.0,33.04468159206769,0.1104680028615144,0.0,0.0,0.0,0.0,0.0,0.0,20.5,"[0.0, 0.59, 1.2, 1.79, 2.43, 3.0, 3.6, 4.26, 4.92, 5.64, 6.38, 7.18, 8.24, 9.28, 10.47, 11.94, 13.68, 16.15, 19.64]",Active,True,Active,4429022.0,2,9.8,4.9,2026-09-26 11:43:51,,
203,42,00-0041013,Emmett Johnson,RB,KC,MIA,0.0,2026_03_KC_MIA,2026-09-27 13:00:00,7.402360918177329,1.3838711413816336,14.07335281528703,6.516616414292658,0.8857445038846707,B,1,9.017662992455104,27.75,2,,True,2.0,"https://static.www.nfl.com/image/upload/f_auto,q_auto/league/avdz4njz1slqn7ktqcuq",2.0,4.870116147501832,0.0,0.0,19.305174221252745,31.48046459000733,0.062530880823266,0.0,0.0,0.0,0.0,0.0,0.0,17.75,"[0.0, 0.79, 1.38, 1.96, 2.57, 3.21, 3.85, 4.5, 5.14, 5.9, 6.77, 7.6, 8.57, 9.63, 10.88, 12.24, 14.07, 16.69, 20.57]",Active,True,Active,4832955.0,2,14.3,7.2,2026-09-26 11:43:51,,
204,64,00-0033307,Kendrick Bourne,WR,ARI,SF,0.0,2026_03_ARI_SF,2026-09-27 16:05:00,7.311011168421805,1.0802477044930825,13.560036614938952,7.716806822802895,-0.4057956543810901,D,22,-1.8081610719087355,19.5,3,,False,3.0,"https://static.www.nfl.com/image/upload/f_auto,q_auto/league/yzfa94cmhpcqamrwzdzk",4.340838012675188,0.0,0.0,0.0,0.0,35.81654490530257,0.1315119803704208,0.0,0.0,0.0,0.0,0.0,0.0,28.0,"[0.0, 0.47, 1.08, 1.67, 2.31, 2.89, 3.48, 4.14, 4.8, 5.52, 6.26, 7.06, 8.12, 9.16, 10.35, 11.82, 13.56, 16.03, 19.52]",Active,True,Active,3045523.0,2,18.6,9.3,2026-09-26 11:43:51,,
205,65,00-0033908,Cooper Kupp,WR,SEA,WAS,0.0,2026_03_SEA_WAS,2026-09-27 13:00:00,7.295342939667678,1.064579475738955,13.544368386184823,7.04710951788169,0.2482334217859874,C,5,5.866187398450362,24.0,3,,False,3.0,"https://static.www.nfl.com/image/upload/f_auto,q_auto/league/kjixprihktsfog6wx9sq",3.81864376850774,0.0,0.0176911353944363,0.0,0.0,33.18679441084219,0.1418922757132844,0.0,0.0,0.0,0.0,0.0,0.0,16.5,"[0.0, 0.45, 1.06, 1.65, 2.3, 2.87, 3.47, 4.12, 4.78, 5.5, 6.25, 7.04, 8.11, 9.15, 10.33, 11.81, 13.54, 16.01, 19.51]",Active,True,Active,2977187.0,2,9.5,4.8,2026-09-26 11:43:51,,
206,49,00-0041056,Cade Klubnik,QB,NYJ,DET,0.0,2026_03_NYJ_DET,2026-09-27 13:00:00,7.242673177735952,0.0,16.289011597924393,6.067120144149832,1.1755530335861204,B,1,7.622490683636146,21.0,2,,True,2.0,"https://static.www.nfl.com/image/upload/f_auto,q_auto/league/sqsxavkryojbysy4kq85",0.0,0.0,0.0,0.0,0.0,0.0,0.0,0.0,0.0,0.0,0.0,0.0,0.0,27.5,"[0.0, 0.0, 0.0, 0.0, 0.28, 0.75, 1.38, 2.54, 3.82, 4.76, 6.45, 8.04, 9.49, 11.11, 12.69, 14.42, 16.29, 18.5, 21.15]",Active,True,Active,4685413.0,0,0.0,,2026-09-26 11:43:51,,
207,22,00-0038041,Jake Ferguson,TE,DAL,BAL,1.0,2026_03_BAL_DAL,2026-09-27 16:25:00,7.239422272672627,1.5556625575246557,13.427515805590136,7.232308853046661,0.0071134196259663,C,23,-2.613073203385342,25.0,2,,False,1.0,"https://static.www.nfl.com/image/upload/f_auto,q_auto/league/xpykb0tbosfwsn6dqstb",4.045983374485427,0.0304218154229204,0.0,0.0,0.0304218154229204,27.563146157659805,0.1210094330027008,0.0,0.0,0.0,0.0,0.0,0.0,28.5,"[0.0, 0.89, 1.56, 2.24, 2.76, 3.37, 4.0, 4.64, 5.26, 6.01, 6.75, 7.61, 8.5, 9.49, 10.56, 11.76, 13.43, 15.4, 19.04]",Active,True,Active,4242355.0,2,22.9,11.4,2026-09-26 11:43:51,,
208,23,00-0038935,Brenton Strange,TE,JAX,NE,1.0,2026_03_NE_JAX,2026-09-27 13:00:00,7.237382377578678,1.5536226624307066,13.425475910496187,7.261289152365052,-0.0239067747863739,C,24,-2.6968073698109047,24.75,2,,False,1.0,"https://static.www.nfl.com/image/upload/f_auto,q_auto/league/devxzxwf1sfficgncggm",3.621516419336865,0.0,0.0,0.0,0.0,29.023137298902583,0.129491083708727,0.0,0.0,0.0,0.0,0.0,0.0,21.75,"[0.0, 0.89, 1.55, 2.24, 2.76, 3.37, 4.0, 4.64, 5.26, 6.01, 6.75, 7.61, 8.5, 9.48, 10.56, 11.76, 13.43, 15.39, 19.04]",Active,True,Active,4430539.0,2,14.0,7.0,2026-09-26 11:43:51,,
209,66,00-0040727,Tre Harris,WR,LAC,BUF,0.0,2026_03_LAC_BUF,2026-09-27 13:00:00,7.204658541894737,0.9738950779660148,13.453683988411884,7.250667486603104,-0.0460089447083662,C,13,3.0810969999554563,21.75,3,,False,3.0,"https://static.www.nfl.com/image/upload/f_auto,q_auto/league/v5ofh8jggzo8rygtpwl7",3.757356163801525,0.0761981689235151,0.0,0.0,0.4006862826229659,30.21519518555425,0.1359718489085343,0.0,0.0,0.0,0.0,0.0,0.0,28.75,"[0.0, 0.36, 0.97, 1.56, 2.2, 2.78, 3.38, 4.03, 4.69, 5.41, 6.16, 6.95, 8.01, 9.05, 10.24, 11.72, 13.45, 15.92, 19.42]",Active,True,Active,4686612.0,2,11.3,5.6,2026-09-26 11:43:51,,
210,22,00-0031203,Cairo Santos,K,CHI,PHI,1.0,2026_03_PHI_CHI,2026-09-28 20:15:00,7.1849350516289565,2.595086248394436,11.861913966784993,7.896928872209162,-0.7119938205802052,F,15,-0.0802277723385341,18.5,1,,False,1.0,"https://static.www.nfl.com/image/upload/f_auto,q_auto/league/tz5ecjri52gwpoo9s7be",0.0,0.0,0.0,0.0,0.0,0.0,0.0,1.6967176701549485,3.1496789980127167,0.413524682729616,0.0,0.0,0.0,23.0,"[0.46, 1.6, 2.6, 3.31, 3.98, 4.54, 5.09, 5.64, 6.19, 6.77, 7.38, 8.0, 8.6, 9.26, 10.04, 10.91, 11.86, 13.21, 15.11]",Active,True,Active,17427.0,2,17.0,8.5,2026-09-26 11:43:51,,
211,23,00-0031136,Chris Boswell,K,PIT,CIN,1.0,2026_03_CIN_PIT,2026-09-27 13:00:00,7.171116462361686,2.5812676591271657,11.848095377517724,7.805674902876307,-0.6345584405146205,D,23,-1.062395446780404,19.5,1,,False,1.0,"https://static.www.nfl.com/image/upload/f_auto,q_auto/league/rxbnhvnfjmheuryvdmuf",0.0,0.0,0.0,0.0,0.0,0.0,0.0,2.1818537298791263,1.578949821699771,0.4772504193943755,0.0,0.0,0.0,23.0,"[0.44, 1.59, 2.58, 3.29, 3.97, 4.53, 5.08, 5.63, 6.18, 6.76, 7.36, 7.98, 8.58, 9.25, 10.02, 10.89, 11.85, 13.19, 15.1]",Active,True,Active,17372.0,2,12.0,6.0,2026-09-26 11:43:51,,
212,67,00-0039855,Jalen McMillan,WR,TB,MIN,1.0,2026_03_MIN_TB,2026-09-27 16:05:00,7.170954171983931,0.9401907080552084,13.419979618501078,7.187182193625671,-0.0162280216417398,C,8,4.1156195303677725,20.5,3,,False,3.0,"https://static.www.nfl.com/image/upload/f_auto,q_auto/league/s8tlj5wsi6cq8kjhp06v",3.773849334975622,0.2382813874369516,0.0,0.0,0.2382813874369516,44.6170730753214,0.1082812628731748,0.0,0.0,0.0,0.0,0.0,0.0,22.0,"[0.0, 0.33, 0.94, 1.53, 2.17, 2.75, 3.34, 4.0, 4.66, 5.38, 6.12, 6.92, 7.98, 9.02, 10.21, 11.68, 13.42, 15.89, 19.38]",Active,True,Active,4430834.0,0,0.0,,2026-09-26 11:43:51,,
213,24,00-0040126,Colston Loveland,TE,CHI,PHI,1.0,2026_03_PHI_CHI,2026-09-28 20:15:00,7.166893769607654,1.4831340544596827,13.354987302525164,7.897662048918763,-0.7307682793111088,F,28,-3.93695006131112,18.5,2,,False,1.0,"https://static.www.nfl.com/image/upload/f_auto,q_auto/league/cnxiyi76jeahgx94nh6d",4.828750062211359,0.0327906168224949,0.0,0.0,-0.0655812336449899,29.756039974712017,0.1483300888215605,0.0,0.0,0.0,0.0,0.0,0.0,23.0,"[0.0, 0.82, 1.48, 2.17, 2.69, 3.3, 3.93, 4.56, 5.19, 5.94, 6.68, 7.54, 8.43, 9.41, 10.49, 11.69, 13.35, 15.32, 18.97]",Active,True,Active,4723086.0,2,1.3,0.6,2026-09-26 11:43:51,,
214,9,DST_DET,Detroit Lions D/ST,DST,DET,NYJ,1.0,2026_03_NYJ_DET,2026-09-27 13:00:00,7.101408088006214,1.7987285042664318,12.873550166715283,6.316410045803268,0.7849980422029459,A,19,0.0181194596539976,27.5,1,,False,1.0,https://a.espncdn.com/i/teamlogos/nfl/500/det.png,36.21335269051433,25.652256485921715,37.23849572955718,273.85257079507574,112.67664825571298,273.85257079507574,0.0,1.5590944766290795,3.5343994683852498,0.0,3.101667408897858,1.2394295336016292,30.578397984587763,21.0,"[-0.34, 0.9, 1.8, 2.57, 3.23, 3.84, 4.5, 5.02, 5.66, 6.22, 6.88, 7.59, 8.32, 9.23, 10.28, 11.56, 12.87, 14.82, 17.71]",Active,True,Active,,2,8.0,4.0,2026-09-26 11:43:51,,
215,10,DST_NO,New Orleans Saints D/ST,DST,NO,LV,1.0,2026_03_LV_NO,2026-09-27 16:25:00,7.079571157708628,1.7768915739688458,12.851713236417698,6.182380485518002,0.897190672190626,A,12,0.5818789591987458,23.25,1,,False,1.0,https://a.espncdn.com/i/teamlogos/nfl/500/no.png,37.51799670825802,25.824545113640152,39.780710860941454,290.45544325097705,85.29021530447493,290.45544325097705,0.0,2.517464270273238,1.887649881572224,0.0,2.446515776897816,1.085177050327689,22.421169097882,20.25,"[-0.36, 0.88, 1.78, 2.55, 3.2, 3.82, 4.48, 5.0, 5.64, 6.19, 6.86, 7.57, 8.3, 9.2, 10.26, 11.54, 12.85, 14.8, 17.69]",Active,True,Active,,2,10.0,5.0,2026-09-26 11:43:51,,
216,11,DST_BUF,Buffalo Bills D/ST,DST,BUF,LAC,1.0,2026_03_LAC_BUF,2026-09-27 13:00:00,7.064514472718393,1.761834888978611,12.836656551427463,6.190294408002071,0.8742200647163223,A,2,4.42136247677991,28.75,1,,False,1.0,https://a.espncdn.com/i/teamlogos/nfl/500/buf.png,28.75806517627185,30.654155538174667,30.207431722763044,264.7913482533681,151.79583230971227,264.7913482533681,0.0,1.3602802917298635,3.8387977939648223,0.0,2.5992794417684477,1.0735392915754671,26.71387211256686,21.75,"[-0.38, 0.87, 1.76, 2.53, 3.19, 3.8, 4.47, 4.99, 5.62, 6.18, 6.84, 7.55, 8.28, 9.19, 10.24, 11.53, 12.84, 14.79, 17.67]",Active,True,Active,,2,9.0,4.5,2026-09-26 11:43:51,,
217,12,DST_SF,San Francisco 49ers D/ST,DST,SF,ARI,1.0,2026_03_ARI_SF,2026-09-27 16:05:00,7.03897371144874,1.736294127708958,12.81111579015781,5.822298143811843,1.216675567636897,A+,28,-2.3622775354626064,28.0,1,,False,1.0,https://a.espncdn.com/i/teamlogos/nfl/500/sf.png,28.857202594027815,28.172835416166425,29.94665898165254,243.3342771503453,121.07544868921116,243.3342771503453,0.0,1.6384735198336635,3.336154048665433,0.0,1.6774666814718031,0.8502425182926926,16.80038211920902,19.5,"[-0.4, 0.84, 1.74, 2.51, 3.16, 3.78, 4.44, 4.96, 5.6, 6.15, 6.82, 7.53, 8.25, 9.16, 10.22, 11.5, 12.81, 14.76, 17.65]",Active,True,Active,,2,16.0,8.0,2026-09-26 11:43:51,,
218,24,00-0036816,Riley Patterson,K,MIA,KC,1.0,2026_03_KC_MIA,2026-09-27 13:00:00,7.017217020004159,2.427368216769638,11.694195935160195,7.771114478608149,-0.7538974586039906,F,10,0.8813261271570466,17.75,1,,False,1.0,"https://static.www.nfl.com/image/upload/f_auto,q_auto/league/xjg7x98iyq5hlgjc62ot",0.0,0.0,0.0,0.0,0.0,0.0,0.0,2.3882981052286745,1.4633502640972211,0.1267932439862599,0.0,0.0,0.0,27.75,"[0.29, 1.43, 2.43, 3.14, 3.81, 4.38, 4.93, 5.47, 6.03, 6.61, 7.21, 7.83, 8.43, 9.1, 9.87, 10.74, 11.69, 13.04, 14.94]",Active,True,Active,4243371.0,2,13.0,6.5,2026-09-26 11:43:51,,
219,50,00-0033869,Mitchell Trubisky,QB,TEN,NYG,0.0,2026_03_TEN_NYG,2026-09-27 13:00:00,7.006678224245711,0.0,16.05301664443415,7.631614034866057,-0.6249358106203458,D,10,2.224984284204807,17.5,2,,False,2.0,"https://static.www.nfl.com/image/upload/f_auto,q_auto/league/yxs7ix2pmcfv5k1qn1sk",0.0,2.332192289214227,9.60774725921756,85.62612400601667,1.8007054016642123,0.0,0.0,0.0,0.0,0.0,0.0,0.0,0.0,20.0,"[0.0, 0.0, 0.0, 0.0, 0.04, 0.51, 1.15, 2.3, 3.58, 4.53, 6.21, 7.81, 9.26, 10.88, 12.45, 14.18, 16.05, 18.27, 20.91]",Active,True,Active,3039707.0,0,0.0,,2026-09-26 11:43:51,,
220,25,00-0025565,Nick Folk,K,ATL,GB,0.0,2026_03_ATL_GB,2026-09-24 20:15:00,7.004259529500381,2.41441072626586,11.681238444656415,7.723948635782846,-0.7196891062824653,F,20,-0.55690887749775,19.5,1,,False,1.0,"https://static.www.nfl.com/image/upload/f_auto,q_auto/league/qf6vaghxuoxqw0pyrvg3",0.0,0.0,0.0,0.0,0.0,0.0,0.0,2.3905660899885124,0.8874507865375035,0.4225262639260723,0.0,0.0,0.0,24.0,"[0.28, 1.42, 2.41, 3.13, 3.8, 4.36, 4.91, 5.46, 6.01, 6.59, 7.2, 7.82, 8.42, 9.08, 9.86, 10.73, 11.68, 13.03, 14.93]",Active,True,Active,10621.0,3,21.0,7.0,2026-09-24 19:34:09,10.0,nflverse
221,43,00-0035250,Devin Singletary,RB,NYG,TEN,1.0,2026_03_TEN_NYG,2026-09-27 13:00:00,6.973043563382563,0.9545537865868684,13.644035460492264,6.895644428605878,0.0773991347766855,C,8,2.9172632585472447,20.0,2,,False,2.0,"https://static.www.nfl.com/image/upload/f_auto,q_auto/league/xy2r2msxjqneml2c1cdc",1.895622344972885,6.134233975744777,0.0,0.0,20.87836540874025,10.370841975072508,0.0661915319927562,0.0,0.0,0.0,0.0,0.0,0.0,17.5,"[0.0, 0.36, 0.95, 1.53, 2.15, 2.78, 3.42, 4.07, 4.71, 5.47, 6.34, 7.17, 8.15, 9.2, 10.45, 11.81, 13.64, 16.26, 20.14]",Active,True,Active,4040761.0,2,14.7,7.4,2026-09-26 11:43:51,,
222,13,DST_TEN,Tennessee Titans D/ST,DST,TEN,NYG,0.0,2026_03_TEN_NYG,2026-09-27 13:00:00,6.967965146795199,1.6652855630554164,12.740107225504268,5.9956892851894255,0.9722758616057732,A,6,1.832429074749349,17.5,1,,False,1.0,https://a.espncdn.com/i/teamlogos/nfl/500/ten.png,26.552143533294387,22.46541553723797,29.450416393663403,175.44128502255816,97.879317501132,175.44128502255816,0.0,1.707605066738486,1.6748268700894866,0.0,2.045980387611105,0.8529146195663256,25.917530454083792,20.0,"[-0.48, 0.77, 1.67, 2.44, 3.09, 3.7, 4.37, 4.89, 5.53, 6.08, 6.75, 7.46, 8.18, 9.09, 10.14, 11.43, 12.74, 14.69, 17.58]",Active,True,Active,,2,7.0,3.5,2026-09-26 11:43:51,,
223,51,00-0039164,Anthony Richardson,QB,IND,HOU,1.0,2026_03_HOU_IND,2026-09-27 13:00:00,6.961749405085366,0.0,16.008087825273805,3.4310187639832974,3.530730641102069,A+,5,3.3847884174337226,20.5,2,,True,2.0,"https://static.www.nfl.com/image/upload/f_auto,q_auto/league/wrddeyklfcgk9qybgofq",0.5216473087496946,1.913410765001221,1.0432946174993891,4.694825778747251,-0.4783526912503054,4.694825778747251,0.0168273325403127,0.0,0.0,0.0,0.0,0.0,0.0,22.0,"[0.0, 0.0, 0.0, 0.0, 0.0, 0.47, 1.1, 2.26, 3.54, 4.48, 6.17, 7.76, 9.21, 10.83, 12.41, 14.14, 16.01, 18.22, 20.87]",Active,True,Active,4429084.0,0,0.0,,2026-09-26 11:43:51,,
224,44,00-0041052,Kaelon Black,RB,SF,ARI,1.0,2026_03_ARI_SF,2026-09-27 16:05:00,6.950408959161457,0.9319191823657622,13.621400856271158,6.394980654698291,0.5554283044631667,B,18,-0.3554071126463017,28.0,2,,True,2.0,"https://static.www.nfl.com/image/upload/f_auto,q_auto/league/nwgkzr1ysr32jc79zfnt",0.4783526912503054,10.348468838752137,0.0,0.0,44.13410765001221,2.391763456251527,0.0140691968014795,0.0,0.0,0.0,0.0,0.0,0.0,19.5,"[0.0, 0.33, 0.93, 1.5, 2.12, 2.76, 3.4, 4.04, 4.69, 5.44, 6.31, 7.15, 8.12, 9.18, 10.43, 11.78, 13.62, 16.24, 20.12]",Active,True,Active,4696044.0,2,10.5,5.2,2026-09-26 11:43:51,,
225,52,00-0037077,Sam Howell,QB,DAL,BAL,1.0,2026_03_BAL_DAL,2026-09-27 16:25:00,6.943815669032913,0.0,15.990154089221353,6.067120144149832,0.8766955248830817,B,18,0.2052363207906818,25.0,2,,True,2.0,"https://static.www.nfl.com/image/upload/f_auto,q_auto/league/sx77bippywnl0dx6m8q9",0.0,0.0,0.0,0.0,0.0,0.0,0.0,0.0,0.0,0.0,0.0,0.0,0.0,28.5,"[0.0, 0.0, 0.0, 0.0, 0.0, 0.45, 1.08, 2.24, 3.52, 4.46, 6.15, 7.75, 9.2, 10.81, 12.39, 14.12, 15.99, 18.2, 20.85]",Active,True,Active,4426875.0,0,0.0,,2026-09-26 11:43:51,,
226,26,00-0039498,Harrison Mevis,K,LA,DEN,0.0,2026_03_LA_DEN,2026-09-27 20:20:00,6.943484327331522,2.353635524097001,11.620463242487556,7.123882852273439,-0.1803985249419177,C,24,-1.2930752201657638,23.5,1,,False,1.0,"https://static.www.nfl.com/image/upload/f_auto,q_auto/league/yjmtai1e4eqbsw2yk6mh",0.0,0.0,0.0,0.0,0.0,0.0,0.0,1.0601293194949122,3.100867033377078,0.0808141384724861,0.0,0.0,0.0,21.0,"[0.22, 1.36, 2.35, 3.06, 3.74, 4.3, 4.85, 5.4, 5.95, 6.53, 7.14, 7.75, 8.36, 9.02, 9.8, 10.67, 11.62, 12.96, 14.87]",Active,True,Active,4574716.0,2,4.0,2.0,2026-09-26 11:43:51,,
227,68,00-0039451,Isaiah Williams,WR,NYJ,DET,0.0,2026_03_NYJ_DET,2026-09-27 13:00:00,6.939165607375847,0.7084021434471248,13.188191053892991,7.01433916516948,-0.075173557793633,C,7,4.365147025870685,21.0,3,,False,3.0,"https://static.www.nfl.com/image/upload/f_auto,q_auto/league/rj2etltwzmlxyz1cfkeo",3.3984171779560484,0.3822907176839336,0.0286633649595679,0.0,4.896715952074125,19.13376748279646,0.1110263918016827,0.0,0.0,0.0,0.0,0.0,0.0,27.5,"[0.0, 0.1, 0.71, 1.29, 1.94, 2.51, 3.11, 3.76, 4.43, 5.15, 5.89, 6.68, 7.75, 8.79, 9.98, 11.45, 13.19, 15.66, 19.15]",Active,True,Active,4569371.0,2,12.5,6.2,2026-09-26 11:43:51,,
228,69,00-0037545,Rashid Shaheed,WR,SEA,WAS,0.0,2026_03_SEA_WAS,2026-09-27 13:00:00,6.931728573524478,0.7009651095957556,13.180754020041626,6.683495151738491,0.2482334217859874,C,5,5.866187398450362,24.0,3,,False,2.0,"https://static.www.nfl.com/image/upload/f_auto,q_auto/league/ku2naisfbxmzgagxojnm",4.312577470297675,0.6289477492937771,0.0,0.0,3.631554086533765,25.36473457549462,0.1570101408029012,0.0,0.0,0.0,0.0,0.0,0.0,16.5,"[0.0, 0.09, 0.7, 1.29, 1.93, 2.51, 3.11, 3.76, 4.42, 5.14, 5.88, 6.68, 7.74, 8.78, 9.97, 11.44, 13.18, 15.65, 19.14]",Active,True,Active,4032473.0,2,8.3,4.2,2026-09-26 11:43:51,,
229,27,00-0038567,Chad Ryland,K,ARI,SF,0.0,2026_03_ARI_SF,2026-09-27 16:05:00,6.9087709677878175,2.318922164553297,11.585749882943851,7.829721060659027,-0.9209500928712098,F,31,-3.3559905778462475,19.5,1,,False,1.0,"https://static.www.nfl.com/image/upload/f_auto,q_auto/league/gbfzwbzdl9wj582nh5g9",0.0,0.0,0.0,0.0,0.0,0.0,0.0,2.167150161101607,1.7457166140652296,0.1997627142034352,0.0,0.0,0.0,28.0,"[0.18, 1.32, 2.32, 3.03, 3.71, 4.27, 4.82, 5.36, 5.92, 6.5, 7.1, 7.72, 8.32, 8.99, 9.76, 10.63, 11.59, 12.93, 14.83]",Active,True,Active,4363538.0,2,16.0,8.0,2026-09-26 11:43:51,,
230,14,DST_LA,Los Angeles Rams D/ST,DST,LA,DEN,0.0,2026_03_LA_DEN,2026-09-27 20:20:00,6.901661003848161,1.5989814201083783,12.673803082557232,6.168974698023181,0.7326863058249797,A,20,-0.4204508225299458,23.5,1,,False,1.0,https://a.espncdn.com/i/teamlogos/nfl/500/lar.png,32.15534011871404,28.08499720722707,33.20240275543246,271.3366892207377,135.46103857696238,271.3366892207377,0.0,1.1360230402250495,3.132168174782723,0.0,1.7247211228869392,1.239901981454269,19.56154223798024,21.0,"[-0.54, 0.7, 1.6, 2.37, 3.03, 3.64, 4.3, 4.82, 5.46, 6.02, 6.68, 7.39, 8.12, 9.03, 10.08, 11.36, 12.67, 14.62, 17.51]",Active,True,Active,,2,13.0,6.5,2026-09-26 11:43:51,,
231,28,00-0037224,Cameron Dicker,K,LAC,BUF,0.0,2026_03_LAC_BUF,2026-09-27 13:00:00,6.8945127802744,2.304663977039879,11.571491695430437,7.335942223563175,-0.4414294432887757,D,25,-1.3199650986543137,21.75,1,,False,1.0,"https://static.www.nfl.com/image/upload/f_auto,q_auto/league/fvkop13kntnwv3amucpf",0.0,0.0,0.0,0.0,0.0,0.0,0.0,1.3497641029316385,1.885917320326892,0.1277265430713491,0.0,0.0,0.0,28.75,"[0.17, 1.31, 2.3, 3.02, 3.69, 4.25, 4.8, 5.35, 5.9, 6.48, 7.09, 7.71, 8.31, 8.97, 9.75, 10.62, 11.57, 12.92, 14.82]",Active,True,Active,4362081.0,2,3.0,1.5,2026-09-26 11:43:51,,
232,70,00-0036309,Darnell Mooney,WR,NYG,TEN,1.0,2026_03_TEN_NYG,2026-09-27 13:00:00,6.864818630078223,0.6340551661495004,13.11384407659537,6.809167367031644,0.0556512630465793,C,2,7.90337129655551,20.0,3,,False,3.0,"https://static.www.nfl.com/image/upload/f_auto,q_auto/league/eaejonwaflt9drrs9ika",3.5344686125106097,0.0,0.0,0.0,0.0,33.82057616674434,0.1184647108947792,0.0,0.0,0.0,0.0,0.0,0.0,17.5,"[0.0, 0.02, 0.63, 1.22, 1.87, 2.44, 3.04, 3.69, 4.35, 5.07, 5.82, 6.61, 7.68, 8.71, 9.9, 11.38, 13.11, 15.58, 19.08]",Active,True,Active,4040655.0,2,11.5,5.8,2026-09-26 11:43:51,,
233,25,00-0041032,Kenyon Sadiq,TE,NYJ,DET,0.0,2026_03_NYJ_DET,2026-09-27 13:00:00,6.863111373232526,1.1793516580845544,13.051204906150035,6.163456834673887,0.6996545385586384,B,2,7.966903091397335,21.0,2,,True,1.0,"https://static.www.nfl.com/image/upload/f_auto,q_auto/league/mnswulwto4yqkgmugoiq",3.0,0.4783526912503054,0.0,0.0,1.435058073750916,18.91341076500122,0.1058644383559926,0.0,0.0,0.0,0.0,0.0,0.0,27.5,"[0.0, 0.51, 1.18, 1.86, 2.38, 3.0, 3.63, 4.26, 4.89, 5.64, 6.38, 7.24, 8.13, 9.11, 10.19, 11.38, 13.05, 15.02, 18.66]",Active,True,Active,5083315.0,2,15.1,7.6,2026-09-26 11:43:51,,
234,26,00-0040737,Terrance Ferguson,TE,LA,DEN,0.0,2026_03_LA_DEN,2026-09-27 20:20:00,6.812695916509333,1.1289362013613615,13.000789449426843,6.829689965601775,-0.0169940490924416,C,20,-1.449221027771366,23.5,2,,False,2.0,"https://static.www.nfl.com/image/upload/f_auto,q_auto/league/w5o0s5yf6j5dsmiwdtfg",4.015545044903307,0.0209526270961105,0.0,0.0,0.0,24.05910737499753,0.1280477535290272,0.0,0.0,0.0,0.0,0.0,0.0,21.0,"[0.0, 0.46, 1.13, 1.81, 2.33, 2.95, 3.58, 4.21, 4.84, 5.59, 6.33, 7.19, 8.08, 9.06, 10.14, 11.33, 13.0, 14.97, 18.61]",Active,True,Active,4570037.0,2,17.4,8.7,2026-09-26 11:43:51,,
235,45,00-0037263,Tyler Allgeier,RB,ARI,SF,0.0,2026_03_ARI_SF,2026-09-27 16:05:00,6.790524815363507,0.7720350385678119,13.461516712473207,7.309590292176257,-0.5190654768127505,D,20,-1.532472532337454,19.5,2,,False,2.0,"https://static.www.nfl.com/image/upload/f_auto,q_auto/league/sp9lhhmpv4qy3xy2msxd",1.5254906455857151,9.64975466135498,0.0,0.0,32.42439280687314,7.673104415166327,0.0509023003353474,0.0,0.0,0.0,0.0,0.0,0.0,28.0,"[0.0, 0.17, 0.77, 1.34, 1.96, 2.6, 3.24, 3.88, 4.53, 5.29, 6.15, 6.99, 7.96, 9.02, 10.27, 11.62, 13.46, 16.08, 19.96]",Active,True,Active,4373626.0,2,12.9,6.4,2026-09-26 11:43:51,,
236,46,00-0035537,Ty Johnson,RB,BUF,LAC,1.0,2026_03_LAC_BUF,2026-09-27 13:00:00,6.788248082577381,0.7697583057816857,13.459239979687084,6.342212493543758,0.4460355890336229,B,27,-3.415604060411791,28.75,2,,False,3.0,"https://static.www.nfl.com/image/upload/f_auto,q_auto/league/zruhihypizhtgpvsaj3c",2.1831933345349936,3.670937321964977,0.0,0.0,13.716316855560208,18.18050158237162,0.0774444543378139,0.0,0.0,0.0,0.0,0.0,0.0,21.75,"[0.0, 0.17, 0.77, 1.34, 1.96, 2.6, 3.24, 3.88, 4.52, 5.28, 6.15, 6.99, 7.96, 9.02, 10.27, 11.62, 13.46, 16.08, 19.95]",Active,True,Active,3915411.0,0,0.0,,2026-09-26 11:43:51,,
237,29,00-0041145,Dominic Zvada,K,NYG,TEN,1.0,2026_03_TEN_NYG,2026-09-27 13:00:00,6.782904208764136,2.1930554055296154,11.459883123920171,7.140318343661345,-0.3574141348972093,D,7,1.5884685451948004,20.0,1,,True,1.0,"https://static.www.nfl.com/image/upload/f_auto,q_auto/league/rej45oauer8jysbtwbxm",0.0,0.0,0.0,0.0,0.0,0.0,0.0,1.0432946174993891,1.913410765001221,0.5216473087496946,0.0,0.0,0.0,17.5,"[0.06, 1.2, 2.19, 2.9, 3.58, 4.14, 4.69, 5.24, 5.79, 6.37, 6.98, 7.59, 8.2, 8.86, 9.63, 10.51, 11.46, 12.8, 14.71]",Active,True,Active,5082424.0,2,12.0,6.0,2026-09-26 11:43:51,,
238,53,00-0034577,Kyle Allen,QB,BUF,LAC,1.0,2026_03_LAC_BUF,2026-09-27 13:00:00,6.778581791729958,0.0,15.824920211918396,4.681735907725756,2.0968458840042024,A,13,1.2765192897566426,28.75,2,,True,2.0,"https://static.www.nfl.com/image/upload/f_auto,q_auto/league/s3vbqdcoc6oc6yh460v9",0.0,1.4783526912503056,1.0432946174993891,0.0,-1.4783526912503056,0.0,0.0,0.0,0.0,0.0,0.0,0.0,0.0,21.75,"[0.0, 0.0, 0.0, 0.0, 0.0, 0.29, 0.92, 2.08, 3.35, 4.3, 5.99, 7.58, 9.03, 10.65, 12.22, 13.95, 15.82, 18.04, 20.69]",Active,True,Active,3115293.0,0,0.0,,2026-09-26 11:43:51,,
239,15,DST_HOU,Houston Texans D/ST,DST,HOU,IND,0.0,2026_03_HOU_IND,2026-09-27 13:00:00,6.775229713198105,1.4725501294583232,12.547371791907176,6.0467891610006825,0.7284405521974229,A,25,-2.105085118348147,22.0,1,,False,1.0,https://a.espncdn.com/i/teamlogos/nfl/500/hou.png,38.65471495998106,26.501739662124635,41.402213875385016,274.3679056977505,99.42043905397502,274.3679056977505,0.0,2.505916044738452,1.9629965236288325,0.0,3.362451808063994,0.938775208453721,23.04988716034341,20.5,"[-0.67, 0.58, 1.47, 2.24, 2.9, 3.51, 4.18, 4.7, 5.33, 5.89, 6.55, 7.26, 7.99, 8.9, 9.95, 11.24, 12.55, 14.5, 17.38]",Active,True,Active,,2,4.0,2.0,2026-09-26 11:43:51,,
240,71,00-0038994,Jordan Addison,WR,MIN,TB,0.0,2026_03_MIN_TB,2026-09-27 16:05:00,6.657792897261573,0.4270294333328506,12.90681834377872,7.068742958667987,-0.4109500614064139,D,30,-9.374701289506303,22.0,3,,False,2.0,"https://static.www.nfl.com/image/upload/f_auto,q_auto/league/mi4lzk9gvjrvo6rwdf1e",4.205865111366591,0.0734568050213131,0.0,0.0,3.574897844370572,22.56143372737797,0.1749122927362952,0.0,0.0,0.0,0.0,0.0,0.0,20.5,"[0.0, 0.0, 0.43, 1.01, 1.66, 2.23, 2.83, 3.48, 4.14, 4.86, 5.61, 6.4, 7.47, 8.51, 9.7, 11.17, 12.91, 15.38, 18.87]",Active,True,Active,4429205.0,2,4.1,2.0,2026-09-26 11:43:51,,
241,72,00-0039739,Roman Wilson,WR,PIT,CIN,1.0,2026_03_CIN_PIT,2026-09-27 13:00:00,6.610737796208067,0.3799743322793443,12.859763242725212,6.883907173281823,-0.2731693770737564,C,20,-1.172532099829588,19.5,3,,False,3.0,"https://static.www.nfl.com/image/upload/f_auto,q_auto/league/xuhjoscmhmmsutbvfmrs",4.569427879628573,0.0,0.0,0.0,0.0,23.218360875888003,0.1291299698704534,0.0,0.0,0.0,0.0,0.0,0.0,23.0,"[0.0, 0.0, 0.38, 0.97, 1.61, 2.18, 2.78, 3.44, 4.1, 4.82, 5.56, 6.36, 7.42, 8.46, 9.65, 11.12, 12.86, 15.33, 18.82]",Active,True,Active,4431492.0,2,13.4,6.7,2026-09-26 11:43:51,,
242,73,00-0036259,Jauan Jennings,WR,MIN,TB,0.0,2026_03_MIN_TB,2026-09-27 16:05:00,6.604686071798833,0.3739226078701101,12.85371151831598,7.015636133205247,-0.4109500614064139,D,30,-9.374701289506303,22.0,3,,False,3.0,"https://static.www.nfl.com/image/upload/f_auto,q_auto/league/ben8kbygzzlid6ltmdum",4.179129710332223,0.0,0.0694047385384615,2.012737417615384,0.0,29.41132792636813,0.1453917616781514,0.0,0.0,0.0,0.0,0.0,0.0,20.5,"[0.0, 0.0, 0.37, 0.96, 1.6, 2.18, 2.78, 3.43, 4.09, 4.81, 5.56, 6.35, 7.41, 8.45, 9.64, 11.12, 12.85, 15.32, 18.82]",Active,True,Active,3886598.0,1,0.0,0.0,2026-09-26 11:43:51,,
243,16,DST_JAX,Jacksonville Jaguars D/ST,DST,JAX,NE,1.0,2026_03_NE_JAX,2026-09-27 13:00:00,6.5801907344608965,1.2775111507211143,12.352332813169966,6.203729463319,0.3764612711418964,B,17,0.2858448835018639,24.75,1,,False,1.0,https://a.espncdn.com/i/teamlogos/nfl/500/jax.png,27.97624495546024,27.96511963458268,29.150926595604098,228.2734260462269,111.52754293628612,228.2734260462269,0.0,2.2614047974861826,2.8347416649307515,0.0,2.132268760195842,1.5762328387029518,17.240559753874244,21.75,"[-0.86, 0.38, 1.28, 2.05, 2.7, 3.32, 3.98, 4.5, 5.14, 5.69, 6.36, 7.07, 7.8, 8.7, 9.76, 11.04, 12.35, 14.3, 17.19]",Active,True,Active,,2,16.0,8.0,2026-09-26 11:43:51,,
244,74,00-0036407,Jerry Jeudy,WR,CLE,CAR,1.0,2026_03_CAR_CLE,2026-09-27 13:00:00,6.5789807519510175,0.3482172880222949,12.828006198468165,6.761432060557568,-0.1824513086065504,C,17,0.2595730689160777,20.0,3,,False,3.0,"https://static.www.nfl.com/image/upload/f_auto,q_auto/league/szca1v9butuqkjs7ekpm",4.069600540695194,0.0511631910692879,0.0,0.0,0.2558159553464399,22.790718358655297,0.1540521067162437,0.0,0.0,0.0,0.0,0.0,0.0,22.5,"[0.0, 0.0, 0.35, 0.93, 1.58, 2.15, 2.75, 3.4, 4.07, 4.79, 5.53, 6.32, 7.39, 8.43, 9.62, 11.09, 12.83, 15.3, 18.79]",Active,True,Active,4241463.0,2,4.6,2.3,2026-09-26 11:43:51,,
245,30,00-0035192,Joey Slye,K,TEN,NYG,0.0,2026_03_TEN_NYG,2026-09-27 13:00:00,6.554322497702612,1.964473694468092,11.231301412858649,7.796439056735453,-1.242116559032841,F,32,-3.70444955381366,17.5,1,,False,1.0,"https://static.www.nfl.com/image/upload/f_auto,q_auto/league/qyugyvvddildncveryob",0.0,0.0,0.0,0.0,0.0,0.0,0.0,1.7331487496760178,1.6839297963761606,0.2268274079342656,0.0,0.0,0.0,20.0,"[0.0, 0.97, 1.96, 2.68, 3.35, 3.91, 4.46, 5.01, 5.56, 6.14, 6.75, 7.37, 7.97, 8.63, 9.41, 10.28, 11.23, 12.58, 14.48]",Active,True,Active,3124084.0,2,13.0,6.5,2026-09-26 11:43:51,,
246,75,00-0034837,Calvin Ridley,WR,TEN,NYG,0.0,2026_03_TEN_NYG,2026-09-27 13:00:00,6.553828059748299,0.3230645958195763,12.802853506265446,6.982221666243934,-0.4283936064956348,D,11,3.387232470981544,17.5,3,,False,3.0,"https://static.www.nfl.com/image/upload/f_auto,q_auto/league/zrv8bjm7zdtboyka2jvr",3.624472707862268,0.0,0.0,0.0,0.0,39.5861965300081,0.1388430008291298,0.0,0.0,0.0,0.0,0.0,0.0,20.0,"[0.0, 0.0, 0.32, 0.91, 1.55, 2.13, 2.73, 3.38, 4.04, 4.76, 5.51, 6.3, 7.36, 8.4, 9.59, 11.07, 12.8, 15.27, 18.77]",Active,True,Active,3925357.0,1,5.5,5.5,2026-09-26 11:43:51,,
247,47,00-0039391,Kimani Vidal,RB,LAC,BUF,0.0,2026_03_LAC_BUF,2026-09-27 13:00:00,6.523945530456579,0.5054557536608844,13.19493742756628,6.335555786096865,0.1883897443597142,C,3,5.874351122856741,21.75,2,,False,3.0,"https://static.www.nfl.com/image/upload/f_auto,q_auto/league/tqdctdun0bv60d5ziwtl",1.1787241336232088,7.956988797769394,0.0,0.0,30.685465622098945,8.265359036826595,0.0395078383879847,0.0,0.0,0.0,0.0,0.0,0.0,28.75,"[0.0, 0.0, 0.51, 1.08, 1.7, 2.33, 2.98, 3.62, 4.26, 5.02, 5.89, 6.73, 7.7, 8.75, 10.0, 11.36, 13.19, 15.81, 19.69]",Active,True,Active,4430968.0,1,0.0,0.0,2026-09-26 11:43:51,,
248,48,00-0039384,Tyrone Tracy Jr.,RB,NYG,TEN,1.0,2026_03_TEN_NYG,2026-09-27 13:00:00,6.47399954701419,0.4555097702184945,13.144991444123892,6.396600412237504,0.0773991347766855,C,8,2.9172632585472447,20.0,2,,False,4.0,"https://static.www.nfl.com/image/upload/f_auto,q_auto/league/b9nje50lohbprf06xoom",1.5725262365406203,6.52506775183538,0.0,0.0,29.94953297624983,9.659676551506006,0.0540795039921134,0.0,0.0,0.0,0.0,0.0,0.0,17.5,"[0.0, 0.0, 0.46, 1.03, 1.65, 2.28, 2.93, 3.57, 4.21, 4.97, 5.84, 6.68, 7.65, 8.7, 9.95, 11.31, 13.14, 15.76, 19.64]",Active,True,Active,4360516.0,2,-0.6,-0.3,2026-09-26 11:43:51,,
249,76,00-0036988,Josh Palmer,WR,BUF,LAC,1.0,2026_03_LAC_BUF,2026-09-27 13:00:00,6.431198727727017,0.200435263798294,12.680224174244165,5.584695649302878,0.8465030784241385,B,3,7.388318795914675,28.75,3,,False,4.0,"https://static.www.nfl.com/image/upload/f_auto,q_auto/league/woswdfrtxnsfgzsjvsxx",2.6666159060034054,0.0,0.0,0.0,0.0,31.152757753718323,0.0933040013747032,0.0,0.0,0.0,0.0,0.0,0.0,21.75,"[0.0, 0.0, 0.2, 0.79, 1.43, 2.01, 2.61, 3.26, 3.92, 4.64, 5.38, 6.18, 7.24, 8.28, 9.47, 10.94, 12.68, 15.15, 18.64]",Active,True,Active,4242433.0,2,21.7,10.8,2026-09-26 11:43:51,,
250,17,DST_LV,Las Vegas Raiders D/ST,DST,LV,NO,0.0,2026_03_LV_NO,2026-09-27 16:25:00,6.319396758234029,1.0167171744942465,12.091538836943098,6.513692430599914,-0.194295672365885,C,11,1.009547113909017,20.25,1,,False,1.0,https://a.espncdn.com/i/teamlogos/nfl/500/lv.png,28.67233152307407,27.402193537747596,29.538614834591478,196.4522852667662,84.43319284301943,196.4522852667662,0.0,1.479585821243766,2.173581051671396,0.0,3.1913424117957416,1.7401136012926168,19.097018636674097,23.25,"[-1.12, 0.12, 1.02, 1.79, 2.44, 3.06, 3.72, 4.24, 4.88, 5.43, 6.1, 6.81, 7.54, 8.44, 9.5, 10.78, 12.09, 14.04, 16.93]",Active,True,Active,,2,25.0,12.5,2026-09-26 11:43:51,,
251,27,00-0031610,Darren Waller,TE,CAR,CLE,0.0,2026_03_CAR_CLE,2026-09-27 13:00:00,6.302195502600817,0.6184357874528459,12.490289035518328,6.331810093298932,-0.0296145906981148,C,17,-0.3987482731510873,22.5,2,,False,2.0,"https://static.www.nfl.com/image/upload/f_auto,q_auto/league/loyehiyzcu2lexjk7plq",3.046264007119301,0.0459453322890191,0.0,0.0,0.1837813291560766,30.54285475945129,0.1060253277208033,0.0,0.0,0.0,0.0,0.0,0.0,20.0,"[0.0, 0.0, 0.62, 1.3, 1.82, 2.44, 3.07, 3.7, 4.32, 5.08, 5.82, 6.67, 7.56, 8.55, 9.63, 10.82, 12.49, 14.46, 18.1]",Active,True,Active,2576925.0,2,23.1,11.6,2026-09-26 11:43:51,,
252,77,00-0040134,Pat Bryant,WR,DEN,LA,1.0,2026_03_LA_DEN,2026-09-27 20:20:00,6.26732869787746,0.0365652339487372,12.516354144394606,6.240541667894179,0.0267870299832804,C,9,4.016316478447309,21.0,3,,False,4.0,"https://static.www.nfl.com/image/upload/f_auto,q_auto/league/n91hznzkfpftxhqt1qd9",3.571947463433057,0.3338874333130867,0.0,0.0,4.55366628621614,24.321770338467896,0.117311236578239,0.0,0.0,0.0,0.0,0.0,0.0,23.5,"[0.0, 0.0, 0.04, 0.62, 1.27, 1.84, 2.44, 3.09, 3.75, 4.47, 5.22, 6.01, 7.08, 8.12, 9.31, 10.78, 12.52, 14.99, 18.48]",Active,True,Active,4600981.0,2,9.8,4.9,2026-09-26 11:43:51,,
253,28,00-0036244,Colby Parkinson,TE,LA,DEN,0.0,2026_03_LA_DEN,2026-09-27 20:20:00,6.260969622885749,0.5772099077377781,12.44906315580326,6.277963671978192,-0.0169940490924425,C,20,-1.449221027771366,23.5,2,Questionable,False,1.0,"https://static.www.nfl.com/image/upload/f_auto,q_auto/league/qsyrgtfjj06wryahnxc9",3.2444508311178173,0.0,0.0,0.0,0.0,23.967659271998368,0.0981285972796021,0.0,0.0,0.0,0.0,0.0,0.0,21.0,"[0.0, 0.0, 0.58, 1.26, 1.78, 2.39, 3.03, 3.66, 4.28, 5.03, 5.78, 6.63, 7.52, 8.51, 9.58, 10.78, 12.45, 14.42, 18.06]",Questionable,True,Active,4242557.0,2,5.1,2.6,2026-09-26 11:43:51,,
254,18,DST_PIT,Pittsburgh Steelers D/ST,DST,PIT,CIN,1.0,2026_03_CIN_PIT,2026-09-27 13:00:00,6.241928889336969,0.9392493055971868,12.014070968046038,6.552634616490248,-0.3107057271532785,D,9,1.1194094798624086,19.5,1,,False,1.0,https://a.espncdn.com/i/teamlogos/nfl/500/pit.png,34.60039075010698,22.79536970086125,37.29903797156072,206.8787353563432,89.96245017818804,206.8787353563432,0.0,2.1818537298791263,1.578949821699771,0.0,3.111240583799192,1.8185569659194425,19.651578826532308,23.0,"[-1.2, 0.04, 0.94, 1.71, 2.37, 2.98, 3.64, 4.16, 4.8, 5.36, 6.02, 6.73, 7.46, 8.37, 9.42, 10.7, 12.01, 13.97, 16.85]",Active,True,Active,,2,26.0,13.0,2026-09-26 11:43:51,,
255,19,DST_IND,Indianapolis Colts D/ST,DST,IND,HOU,1.0,2026_03_HOU_IND,2026-09-27 13:00:00,6.209951104040092,0.90727152030031,11.982093182749162,6.0685859948194105,0.1413651092206818,C,7,1.3634605218963711,20.5,1,,False,1.0,https://a.espncdn.com/i/teamlogos/nfl/500/ind.png,30.38669320615175,25.83725952340809,31.67778340680137,209.2663953155796,109.52068294202,209.2663953155796,0.0,2.042908293660272,2.754698728661933,0.0,1.993674398087622,0.7781089122487178,31.912309059704075,22.0,"[-1.23, 0.01, 0.91, 1.68, 2.33, 2.95, 3.61, 4.13, 4.77, 5.32, 5.99, 6.7, 7.43, 8.33, 9.39, 10.67, 11.98, 13.93, 16.82]",Active,True,Active,,2,1.0,0.5,2026-09-26 11:43:51,,
256,29,00-0040189,Oronde Gadsden II,TE,LAC,BUF,0.0,2026_03_LAC_BUF,2026-09-27 13:00:00,6.156337540190645,0.4725778250426735,12.344431073108154,6.244981717005953,-0.0886441768153085,C,16,-0.2269580921117432,21.75,2,,False,1.0,"https://static.www.nfl.com/image/upload/f_auto,q_auto/league/r8b4oghjwhw8x9nv1wbs",3.007481960397068,0.0,0.0,0.0,0.0,31.19930981042857,0.1040544853245283,0.0,0.0,0.0,0.0,0.0,0.0,28.75,"[0.0, 0.0, 0.47, 1.16, 1.68, 2.29, 2.92, 3.55, 4.18, 4.93, 5.67, 6.53, 7.42, 8.4, 9.48, 10.68, 12.34, 14.31, 17.96]",Active,True,Active,4595342.0,2,15.0,7.5,2026-09-26 11:43:51,,
257,20,DST_TB,Tampa Bay Buccaneers D/ST,DST,TB,MIN,1.0,2026_03_MIN_TB,2026-09-27 16:05:00,6.140102478053265,0.8374228943134829,11.912244556762335,6.064309239955183,0.0757932380980825,C,15,0.4429023138365937,20.5,1,,False,1.0,https://a.espncdn.com/i/teamlogos/nfl/500/tb.png,30.659069644834467,25.414214065055344,31.65188926250724,207.4904160953792,115.38372233929836,207.4904160953792,0.0,2.647012487055944,1.9032738846642083,0.0,1.7192339203813187,0.8987233229642094,25.821611251216115,22.0,"[-1.3, -0.06, 0.84, 1.61, 2.26, 2.88, 3.54, 4.06, 4.7, 5.25, 5.92, 6.63, 7.36, 8.26, 9.32, 10.6, 11.91, 13.86, 16.75]",Active,True,Active,,2,10.0,5.0,2026-09-26 11:43:51,,
258,30,00-0039793,AJ Barner,TE,SEA,WAS,0.0,2026_03_SEA_WAS,2026-09-27 13:00:00,6.111937776946138,0.4281780617981665,12.300031309863648,5.319942637393379,0.7919951395527587,A,1,8.002544023815657,24.0,2,,False,1.0,"https://static.www.nfl.com/image/upload/f_auto,q_auto/league/i0esiguve9if4ts5mm1q",2.5836808423261197,0.4972611764759775,0.0,0.0,0.5980271738854348,19.651164437479157,0.0913317635156104,0.0,0.0,0.0,0.0,0.0,0.0,16.5,"[0.0, 0.0, 0.43, 1.11, 1.63, 2.24, 2.88, 3.51, 4.13, 4.88, 5.63, 6.48, 7.37, 8.36, 9.44, 10.63, 12.3, 14.27, 17.91]",Active,True,Active,4576297.0,2,11.2,5.6,2026-09-26 11:43:51,,
259,78,00-0038104,Tyquan Thornton,WR,KC,MIA,0.0,2026_03_KC_MIA,2026-09-27 13:00:00,6.109695116100915,0.0,12.35872056261806,5.759591361103259,0.3501037549976562,C,23,-1.96507570032539,27.75,3,,False,3.0,"https://static.www.nfl.com/image/upload/f_auto,q_auto/league/bjqzuempyiwxe0hl7e5a",2.6365935045607656,0.0,0.0,0.0,0.0,39.822995688737066,0.0734071236670764,0.0,0.0,0.0,0.0,0.0,0.0,17.75,"[0.0, 0.0, 0.0, 0.46, 1.11, 1.68, 2.28, 2.93, 3.6, 4.32, 5.06, 5.86, 6.92, 7.96, 9.15, 10.62, 12.36, 14.83, 18.32]",Active,True,Active,4362921.0,2,12.6,6.3,2026-09-26 11:43:51,,
260,31,00-0033858,Jonnu Smith,TE,GB,ATL,1.0,2026_03_ATL_GB,2026-09-24 20:15:00,6.075413838872951,0.3918181684471236,12.262289659660045,5.589029885695435,0.4863839531775156,B,7,4.550797589254076,24.0,2,,False,2.0,"https://static.www.nfl.com/image/upload/f_auto,q_auto/league/egd6llghj3n5wfdrqacw",2.9128861964340427,0.4659268580625498,0.0,0.0,3.567370795139923,21.47372935687053,0.0874534097244051,0.0,0.0,0.0,0.0,0.0,0.0,19.5,"[0.0, 0.0, 0.39, 1.08, 1.6, 2.21, 2.85, 3.47, 4.1, 4.85, 5.59, 6.45, 7.34, 8.32, 9.4, 10.6, 12.26, 14.23, 17.88]",Active,True,Active,3054212.0,2,10.6,5.3,2026-09-24 19:34:09,3.6,nflverse
261,32,00-0037252,Greg Dulcich,TE,MIA,KC,1.0,2026_03_KC_MIA,2026-09-27 13:00:00,6.017346808831874,0.3335870936839029,12.205440341749384,6.251340096994847,-0.2339932881629725,C,9,3.1432850013624525,17.75,2,,False,1.0,"https://static.www.nfl.com/image/upload/f_auto,q_auto/league/kw4cwgjl4kywh6le4sfh",2.974025045410338,0.0546385160592658,0.0,0.0,-0.382469612414861,25.58499445354032,0.1239807769136547,0.0,0.0,0.0,0.0,0.0,0.0,27.75,"[0.0, 0.0, 0.33, 1.02, 1.54, 2.15, 2.78, 3.42, 4.04, 4.79, 5.53, 6.39, 7.28, 8.26, 9.34, 10.54, 12.21, 14.17, 17.82]",Active,True,Active,4367209.0,2,7.5,3.8,2026-09-26 11:43:51,,
262,54,00-0038400,Tanner McKee,QB,PHI,CHI,0.0,2026_03_PHI_CHI,2026-09-28 20:15:00,6.005690083084225,0.0,15.052028503272664,5.941463464438312,0.0642266186459128,C,11,1.9953300613546516,23.0,2,,False,3.0,"https://static.www.nfl.com/image/upload/f_auto,q_auto/league/oveivzhzv13jrfvkp8zg",0.0,1.9802236082631517,12.049481014820572,76.15447282179045,2.037924868370183,0.0,0.0,0.0,0.0,0.0,0.0,0.0,0.0,18.5,"[0.0, 0.0, 0.0, 0.0, 0.0, 0.0, 0.15, 1.3, 2.58, 3.52, 5.21, 6.81, 8.26, 9.88, 11.45, 13.18, 15.05, 17.27, 19.91]",Active,True,Active,4685201.0,0,0.0,,2026-09-26 11:43:51,,
263,79,00-0041048,Ted Hurst III,WR,TB,MIN,1.0,2026_03_MIN_TB,2026-09-27 16:05:00,5.996512676036206,2.604213619927631,9.70802059297526,6.009011508115887,-0.0124988320796814,C,8,4.1156195303677725,20.5,3,,True,4.0,"https://static.www.nfl.com/image/upload/f_auto,q_auto/league/mmf6qmo6a2evw4feupcm",5.086589234998778,0.0,0.0,0.0,0.0,31.30517422125275,0.1638027584595651,0.0,0.0,0.0,0.0,0.0,0.0,22.0,"[1.32, 2.06, 2.6, 3.09, 3.49, 3.85, 4.15, 4.45, 4.73, 5.0, 5.27, 5.51, 5.83, 6.41, 7.14, 8.23, 9.71, 11.64, 14.87]",Active,True,Active,5220680.0,2,11.3,5.6,2026-09-26 11:43:51,,
264,80,00-0040648,Tory Horton,WR,SEA,WAS,0.0,2026_03_SEA_WAS,2026-09-27 13:00:00,5.984388026719586,2.592088970611011,9.69589594365864,5.736154604933599,0.2482334217859865,C,5,5.866187398450362,24.0,3,,False,4.0,"https://static.www.nfl.com/image/upload/f_auto,q_auto/league/lmsun4qzmk1rkgt4kw76",2.83225978269442,0.0,0.0,0.0,0.0,20.735863491475463,0.108753716012216,0.0,0.0,0.0,0.0,0.0,0.0,16.5,"[1.31, 2.05, 2.59, 3.08, 3.48, 3.84, 4.14, 4.43, 4.71, 4.99, 5.25, 5.5, 5.82, 6.4, 7.12, 8.22, 9.7, 11.63, 14.86]",Active,True,Active,4597703.0,0,0.0,,2026-09-26 11:43:51,,
265,33,00-0040584,Gunnar Helm,TE,TEN,NYG,0.0,2026_03_TEN_NYG,2026-09-27 13:00:00,5.982393519345166,2.85251652807464,9.37666728272312,6.343673151449678,-0.3612796321045115,D,11,1.515485241013074,17.5,2,,False,1.0,"https://static.www.nfl.com/image/upload/f_auto,q_auto/league/hewm6ztgka7xkbl6ybvb",3.490523981277481,0.0,0.0,0.0,0.0,21.03150401097224,0.129925178124162,0.0,0.0,0.0,0.0,0.0,0.0,20.0,"[1.68, 2.35, 2.85, 3.25, 3.6, 3.88, 4.17, 4.45, 4.73, 5.01, 5.31, 5.66, 6.02, 6.51, 7.21, 8.06, 9.38, 11.1, 13.65]",Active,True,Active,4686728.0,2,10.1,5.0,2026-09-26 11:43:51,,
266,81,00-0039849,Marvin Harrison Jr.,WR,ARI,SF,0.0,2026_03_ARI_SF,2026-09-27 16:05:00,5.979854048791843,2.5875549926832684,9.691361965730897,6.385649703172932,-0.4057956543810892,D,22,-1.8081610719087355,19.5,3,,False,2.0,"https://static.www.nfl.com/image/upload/f_auto,q_auto/league/hwpoo1icpnh8emjvqaii",3.6574079435165374,0.0,0.0,0.0,0.0,29.261493422321823,0.1078221757692233,0.0,0.0,0.0,0.0,0.0,0.0,28.0,"[1.31, 2.04, 2.59, 3.07, 3.48, 3.83, 4.13, 4.43, 4.71, 4.98, 5.25, 5.5, 5.82, 6.4, 7.12, 8.21, 9.69, 11.63, 14.85]",Active,True,Active,4432708.0,2,4.3,2.2,2026-09-26 11:43:51,,
267,82,00-0037291,Jalen Nailor,WR,LV,NO,0.0,2026_03_LV_NO,2026-09-27 16:25:00,5.8618515178000346,2.46955246169146,9.573359434739087,6.021857159756511,-0.1600056419564763,C,10,3.862106245476425,20.25,3,,False,2.0,"https://static.www.nfl.com/image/upload/f_auto,q_auto/league/nojopyt8hxuwycxyaokb",3.431106191447011,0.0575411332408536,0.0,0.0,0.1924293680123032,21.288299896469724,0.12309419333405,0.0,0.0,0.0,0.0,0.0,0.0,23.25,"[1.19, 1.92, 2.47, 2.95, 3.36, 3.72, 4.02, 4.31, 4.59, 4.86, 5.13, 5.38, 5.7, 6.28, 7.0, 8.09, 9.57, 11.51, 14.73]",Active,True,Active,4382466.0,2,7.6,3.8,2026-09-26 11:43:51,,
268,83,00-0041489,Germie Bernard,WR,PIT,CIN,1.0,2026_03_CIN_PIT,2026-09-27 13:00:00,5.846306745986556,2.4540076898779817,9.55781466292561,6.017183713611374,-0.1708769676248174,C,20,-1.172532099829588,19.5,3,,True,4.0,"https://static.www.nfl.com/image/upload/f_auto,q_auto/league/rsbtypbsvxux94vokb5q",8.0,0.0,0.0,0.0,0.0,35.0,0.2162162162162162,0.0,0.0,0.0,0.0,0.0,0.0,23.0,"[1.17, 1.91, 2.45, 2.94, 3.34, 3.7, 4.0, 4.3, 4.58, 4.85, 5.11, 5.36, 5.68, 6.26, 6.99, 8.08, 9.56, 11.49, 14.72]",Active,True,Active,4685261.0,1,7.5,7.5,2026-09-26 11:43:51,,
269,31,00-0041182,Drew Stevens,K,WAS,SEA,1.0,2026_03_SEA_WAS,2026-09-27 13:00:00,5.844441320375465,1.0885519562249266,10.387399225696402,7.04986269004257,-1.2054213696671052,F,30,-3.203785134418219,16.5,1,,True,1.0,"https://static.www.nfl.com/image/upload/f_auto,q_auto/league/dzlynw7seoaqck1r2il3",0.0,0.0,0.0,0.0,0.0,0.0,0.0,2.5216473087496944,2.0,0.4783526912503054,0.0,0.0,0.0,24.0,"[0.07, 0.24, 1.09, 2.14, 2.44, 3.11, 3.6, 4.04, 4.87, 4.92, 5.17, 5.9, 6.86, 7.85, 8.82, 9.54, 10.39, 11.93, 13.97]",Active,True,Active,5081335.0,2,13.0,6.5,2026-09-26 11:43:51,,
270,55,00-0035264,Jarrett Stidham,QB,DEN,LA,1.0,2026_03_LA_DEN,2026-09-27 20:20:00,5.844418034446003,1.2022913281658596,13.021190890581089,7.066188265083202,-1.2217702306371994,D,32,-7.325864312696092,21.0,2,,True,2.0,"https://static.www.nfl.com/image/upload/f_auto,q_auto/league/uzdn86skeienyyqxyiuw",0.0,2.564941926249084,16.17106657124053,69.37909206370938,11.51953540999267,0.0,0.0,0.0,0.0,0.0,0.0,0.0,0.0,23.5,"[0.07, 0.69, 1.2, 1.54, 1.87, 2.17, 2.52, 2.9, 3.26, 3.58, 3.93, 4.64, 5.45, 6.9, 9.13, 10.75, 13.02, 15.59, 20.21]",Active,True,Active,3892775.0,0,0.0,,2026-09-26 11:43:51,,
271,21,DST_CHI,Chicago Bears D/ST,DST,CHI,PHI,1.0,2026_03_PHI_CHI,2026-09-28 20:15:00,5.828969127200633,0.9045225211867152,10.65947575099435,6.235652914696365,-0.4066837874957318,D,14,0.4851007217314125,18.5,1,,False,1.0,https://a.espncdn.com/i/teamlogos/nfl/500/chi.png,30.80324315582001,32.526392762000846,34.149565548637405,238.9333410262142,175.37314530887525,238.9333410262142,0.0,1.782007482871975,3.103207149853768,0.0,2.3615753117536804,1.4338374221656291,22.880381448237905,23.0,"[-1.25, 0.06, 0.9, 1.56, 2.19, 2.87, 3.36, 3.95, 4.42, 5.07, 5.59, 6.15, 6.84, 7.69, 8.58, 9.52, 10.66, 12.59, 15.32]",Active,True,Active,,2,13.0,6.5,2026-09-26 11:43:51,,
272,84,00-0034272,Marquez Valdes-Scantling,WR,LAC,BUF,0.0,2026_03_LAC_BUF,2026-09-27 13:00:00,5.827319077623297,2.435020021514722,9.538826994562353,5.873328022331664,-0.0460089447083662,C,13,3.0810969999554563,21.75,3,,False,4.0,"https://static.www.nfl.com/image/upload/f_auto,q_auto/league/xkdli55uvkkffiq6fwnu",3.871463802239626,0.0,0.0,0.0,0.0,16.5242694049661,0.1039609211115432,0.0,0.0,0.0,0.0,0.0,0.0,28.75,"[1.15, 1.89, 2.44, 2.92, 3.33, 3.68, 3.98, 4.28, 4.56, 4.83, 5.1, 5.34, 5.66, 6.24, 6.97, 8.06, 9.54, 11.48, 14.7]",Active,True,Active,3051738.0,0,0.0,,2026-09-26 11:43:51,,
273,22,DST_CLE,Cleveland Browns D/ST,DST,CLE,CAR,1.0,2026_03_CAR_CLE,2026-09-27 13:00:00,5.809995306513154,0.8855487004992364,10.640501930306872,6.088163967075973,-0.2781686605628186,D,23,-1.4750727448759653,20.0,1,,False,1.0,https://a.espncdn.com/i/teamlogos/nfl/500/cle.png,27.398300346773876,23.626224886305696,28.35228267042626,202.64030351461355,80.82288074535786,202.64030351461355,0.0,1.820937423305597,1.5075945915242062,0.0,2.500160156545298,0.7529338550318964,23.992919389654357,22.5,"[-1.27, 0.04, 0.89, 1.54, 2.17, 2.85, 3.34, 3.94, 4.4, 5.05, 5.57, 6.13, 6.83, 7.67, 8.57, 9.5, 10.64, 12.57, 15.3]",Active,True,Active,,2,6.0,3.0,2026-09-26 11:43:51,,
274,56,00-0033662,Cooper Rush,QB,ATL,GB,0.0,2026_03_ATL_GB,2026-09-24 20:15:00,5.803299119659986,1.1734747702615556,12.853945093275303,6.8036615805611245,-1.0003624609011386,D,21,-0.7931699363124608,19.5,2,,False,3.0,"https://static.www.nfl.com/image/upload/f_auto,q_auto/league/mwrtykpswz7nbfisqlmj",0.0,1.01656963899525,17.92945432177285,104.57384802942843,7.538896819231397,0.0,0.0,0.0,0.0,0.0,0.0,0.0,0.0,24.0,"[0.02, 0.65, 1.17, 1.51, 1.84, 2.12, 2.49, 2.87, 3.22, 3.55, 3.9, 4.57, 5.37, 6.77, 9.05, 10.66, 12.85, 15.38, 20.13]",Active,True,Active,2972515.0,2,5.2,2.6,2026-09-24 19:34:09,0.0,nflverse
275,85,00-0039868,Troy Franklin,WR,DEN,LA,1.0,2026_03_LA_DEN,2026-09-27 20:20:00,5.783855193468919,2.3915561373603444,9.495363110407972,5.757068163485637,0.0267870299832821,C,9,4.016316478447309,21.0,3,,False,5.0,"https://static.www.nfl.com/image/upload/f_auto,q_auto/league/wgfbgxjntyqzojpizgaj",3.451780142363094,0.3753623249886119,0.0,0.0,1.4642773232148023,26.182329227828436,0.1064209662714739,0.0,0.0,0.0,0.0,0.0,0.0,23.5,"[1.11, 1.85, 2.39, 2.88, 3.28, 3.64, 3.94, 4.23, 4.51, 4.79, 5.05, 5.3, 5.62, 6.2, 6.92, 8.02, 9.5, 11.43, 14.66]",Active,True,Active,4431280.0,2,4.2,2.1,2026-09-26 11:43:51,,
276,86,00-0038621,DeMario Douglas,WR,NE,JAX,0.0,2026_03_NE_JAX,2026-09-27 13:00:00,5.772645280291673,2.3803462241830986,9.484153197230729,5.989149032987947,-0.2165037526962736,C,24,-2.392291641214892,21.75,3,,False,2.0,"https://static.www.nfl.com/image/upload/f_auto,q_auto/league/cm9vnzqu5phlmsocjwgc",3.601875861228625,0.1313812891085559,0.0,0.0,0.4354736001640512,19.69236814638069,0.1259475909826842,0.0,0.0,0.0,0.0,0.0,0.0,24.75,"[1.1, 1.84, 2.38, 2.87, 3.27, 3.63, 3.93, 4.22, 4.5, 4.77, 5.04, 5.29, 5.61, 6.19, 6.91, 8.0, 9.48, 11.42, 14.64]",Active,True,Active,4427095.0,2,8.9,4.4,2026-09-26 11:43:51,,
277,87,00-0040867,Makai Lemon,WR,PHI,CHI,0.0,2026_03_PHI_CHI,2026-09-28 20:15:00,5.770100021031247,2.377800964922673,9.4816079379703,5.74439626920468,0.0257037518265672,C,16,1.6639397615764917,23.0,3,,True,3.0,"https://static.www.nfl.com/image/upload/f_auto,q_auto/league/ys2i2o7c0bl36xvlrojz",2.435058073750916,0.5216473087496946,0.0,0.0,-2.6082365437484727,4.911298866244197,0.1023157844953673,0.0,0.0,0.0,0.0,0.0,0.0,18.5,"[1.1, 1.83, 2.38, 2.86, 3.27, 3.62, 3.92, 4.22, 4.5, 4.77, 5.04, 5.29, 5.61, 6.19, 6.91, 8.0, 9.48, 11.42, 14.64]",Active,True,Active,4870795.0,2,4.4,2.2,2026-09-26 11:43:51,,
278,88,00-0041067,Bryce Lance,WR,NO,LV,1.0,2026_03_LV_NO,2026-09-27 16:25:00,5.737547686836697,2.3452486307281224,9.44905560377575,5.744772215850749,-0.007224529014052,C,25,-3.7312447396593975,23.25,3,,True,3.0,"https://static.www.nfl.com/image/upload/f_auto,q_auto/league/lzh0hbhllbouh97ffpp6",2.435058073750916,0.0,0.0,0.0,0.0,24.263991502510383,0.053097839263836,0.0,0.0,0.0,0.0,0.0,0.0,20.25,"[1.06, 1.8, 2.35, 2.83, 3.24, 3.59, 3.89, 4.19, 4.47, 4.74, 5.01, 5.25, 5.57, 6.15, 6.88, 7.97, 9.45, 11.39, 14.61]",Active,True,Active,4879276.0,2,9.0,4.5,2026-09-26 11:43:51,,
279,23,DST_DEN,Denver Broncos D/ST,DST,DEN,LA,1.0,2026_03_LA_DEN,2026-09-27 20:20:00,5.72448886513874,0.8000422591248224,10.554995488932455,6.2060298704515935,-0.4815410053128532,D,16,0.34609529673795,21.0,1,,False,1.0,https://a.espncdn.com/i/teamlogos/nfl/500/den.png,31.15367317828061,23.90631649489529,32.92986786723621,220.17869629293548,94.7967665464252,220.17869629293548,0.0,1.8704298165159887,1.8381504018160604,0.0,2.8887564225157023,1.0693755864939292,20.05924492095388,23.5,"[-1.36, -0.04, 0.8, 1.45, 2.08, 2.77, 3.26, 3.85, 4.31, 4.96, 5.49, 6.04, 6.74, 7.58, 8.48, 9.41, 10.55, 12.49, 15.21]",Active,True,Active,,2,11.0,5.5,2026-09-26 11:43:51,,
280,89,00-0039342,Xavier Legette,WR,CAR,CLE,0.0,2026_03_CAR_CLE,2026-09-27 13:00:00,5.721162694854261,2.3288636387456862,9.432670611793316,5.715055724160678,0.0061069706935832,C,15,2.5338518004318757,22.5,3,Questionable,False,3.0,"https://static.www.nfl.com/image/upload/f_auto,q_auto/league/yoyxkitrdqbkhyqncy5p",3.427788078287173,0.0154079881721717,0.0,0.0,0.0,27.871106116219792,0.1108702503789471,0.0,0.0,0.0,0.0,0.0,0.0,20.0,"[1.05, 1.78, 2.33, 2.81, 3.22, 3.57, 3.88, 4.17, 4.45, 4.72, 4.99, 5.24, 5.56, 6.14, 6.86, 7.95, 9.43, 11.37, 14.59]",Questionable,True,Active,4430034.0,2,8.4,4.2,2026-09-26 11:43:51,,
281,49,00-0033526,Samaje Perine,RB,CIN,PIT,0.0,2026_03_CIN_PIT,2026-09-27 13:00:00,5.696207938316607,2.4707457159643256,8.94603008660211,5.805730235502367,-0.1095222971857605,C,16,-0.2004559673072032,23.0,2,,False,2.0,"https://static.www.nfl.com/image/upload/f_auto,q_auto/league/fllwhcdovol5i7xxahf6",1.7889095335756051,4.795699322524852,0.0,0.0,19.704835485999403,15.36646389385108,0.0528788007107068,0.0,0.0,0.0,0.0,0.0,0.0,19.5,"[1.33, 1.99, 2.47, 2.86, 3.23, 3.54, 3.82, 4.07, 4.32, 4.57, 4.83, 5.14, 5.49, 5.98, 6.62, 7.48, 8.95, 10.73, 14.15]",Active,True,Active,3116389.0,2,11.2,5.6,2026-09-26 11:43:51,,
282,50,00-0034975,Justice Hill,RB,BAL,DAL,0.0,2026_03_BAL_DAL,2026-09-27 16:25:00,5.605970617098876,2.380508394746595,8.855792765384379,5.151856765103752,0.4541138519951246,B,13,0.7139164805581611,28.5,2,,False,2.0,"https://static.www.nfl.com/image/upload/f_auto,q_auto/league/fuodbrwvianete2gy5ag",1.9041767758028472,3.00247237947571,0.0,0.0,10.446272113644405,12.768598443247514,0.0700763852350782,0.0,0.0,0.0,0.0,0.0,0.0,25.0,"[1.24, 1.9, 2.38, 2.77, 3.14, 3.45, 3.73, 3.98, 4.23, 4.48, 4.74, 5.05, 5.4, 5.89, 6.53, 7.39, 8.86, 10.64, 14.06]",Active,True,Active,4038441.0,2,7.6,3.8,2026-09-26 11:43:51,,
283,34,00-0033881,Evan Engram,TE,DEN,LA,1.0,2026_03_LA_DEN,2026-09-27 20:20:00,5.5763672556917365,2.44649026442121,8.97064101906969,6.129528342931348,-0.5531610872396113,D,29,-4.747712017669031,21.0,2,,False,1.0,"https://static.www.nfl.com/image/upload/f_auto,q_auto/league/nucl2dxmpvhlywhyro8o",3.561952094617874,0.0163953084112474,0.0,0.0,0.1147671588787324,27.934302130479907,0.1156277883051225,0.0,0.0,0.0,0.0,0.0,0.0,23.5,"[1.28, 1.94, 2.45, 2.84, 3.19, 3.47, 3.77, 4.04, 4.32, 4.61, 4.9, 5.25, 5.61, 6.1, 6.8, 7.65, 8.97, 10.7, 13.25]",Active,True,Active,3051876.0,2,17.0,8.5,2026-09-26 11:43:51,,
284,24,DST_ATL,Atlanta Falcons D/ST,DST,ATL,GB,0.0,2026_03_ATL_GB,2026-09-24 20:15:00,5.564372515801154,0.6399259097872365,10.39487913959487,6.148514148958012,-0.5841416331568574,F,18,0.1134323409214643,19.5,1,,False,1.0,https://a.espncdn.com/i/teamlogos/nfl/500/atl.png,27.508896772822983,29.96086251662163,29.3140791170236,176.46865390052315,133.14078958349342,176.46865390052315,0.0,2.679071803723551,1.1875209503468611,0.0,2.68703019982789,0.9152222847440996,25.641096924136768,24.0,"[-1.52, -0.2, 0.64, 1.29, 1.92, 2.61, 3.1, 3.69, 4.15, 4.8, 5.33, 5.88, 6.58, 7.42, 8.32, 9.25, 10.39, 12.33, 15.05]",Active,True,Active,,3,12.0,4.0,2026-09-24 19:34:09,6.0,nflverse
285,35,00-0035689,Dawson Knox,TE,BUF,LAC,1.0,2026_03_LAC_BUF,2026-09-27 13:00:00,5.54346177046721,2.413584779196684,8.937735533845164,4.9607455259405,0.5827162445267096,B,14,0.0139262747182616,28.75,2,,False,2.0,"https://static.www.nfl.com/image/upload/f_auto,q_auto/league/k8bi9ppahwfmoxs8ij4w",2.441024691675407,0.0,0.0,0.0,0.0,17.04146453878209,0.0843571053531224,0.0,0.0,0.0,0.0,0.0,0.0,21.75,"[1.24, 1.91, 2.41, 2.81, 3.16, 3.44, 3.73, 4.01, 4.29, 4.58, 4.87, 5.22, 5.58, 6.07, 6.77, 7.62, 8.94, 10.66, 13.22]",Active,True,Active,3930086.0,2,10.2,5.1,2026-09-26 11:43:51,,
286,51,00-0038611,Chris Rodriguez Jr.,RB,JAX,NE,1.0,2026_03_NE_JAX,2026-09-27 13:00:00,5.525506809865636,2.3000445875133546,8.775328958151139,5.349123020232018,0.1763837896336175,C,22,-2.012031851893699,24.75,2,,False,2.0,"https://static.www.nfl.com/image/upload/f_auto,q_auto/league/pknd5uajvpvfd8c744im",0.1881255363823244,7.832218925469078,0.0,0.0,29.67582819155685,1.5373041392041171,0.0077572848967369,0.0,0.0,0.0,0.0,0.0,0.0,21.75,"[1.16, 1.82, 2.3, 2.69, 3.06, 3.37, 3.65, 3.9, 4.15, 4.4, 4.66, 4.97, 5.31, 5.81, 6.45, 7.31, 8.78, 10.56, 13.98]",Active,True,Active,4362619.0,2,3.6,1.8,2026-09-26 11:43:51,,
287,57,00-0027973,Andy Dalton,QB,PHI,CHI,0.0,2026_03_PHI_CHI,2026-09-28 20:15:00,5.4793030336735455,0.8371763273934025,12.65607588980863,5.415076415027633,0.0642266186459128,C,11,1.9953300613546516,23.0,2,,False,2.0,"https://static.www.nfl.com/image/upload/f_auto,q_auto/league/sfsneh0bn46e2kwve7sr",0.0,1.304932229425993,10.049404304978957,79.00021843408533,-0.4548344654877645,0.0,0.0,0.0,0.0,0.0,0.0,0.0,0.0,18.5,"[0.0, 0.33, 0.84, 1.17, 1.51, 1.81, 2.16, 2.54, 2.89, 3.21, 3.57, 4.28, 5.08, 6.54, 8.77, 10.39, 12.66, 15.22, 19.84]",Active,True,Active,14012.0,0,0.0,,2026-09-26 11:43:51,,
288,90,00-0040729,Jack Bech,WR,LV,NO,0.0,2026_03_LV_NO,2026-09-27 16:25:00,5.46190520887953,2.069606152770956,9.173413125818584,5.621910850836006,-0.1600056419564755,C,10,3.862106245476425,20.25,3,,False,3.0,"https://static.www.nfl.com/image/upload/f_auto,q_auto/league/feplgtl0x1svqen9szwv",2.6613722142545844,0.0,0.0,0.0,0.0,21.129396178257142,0.0967111161189807,0.0,0.0,0.0,0.0,0.0,0.0,23.25,"[0.79, 1.52, 2.07, 2.55, 2.96, 3.32, 3.62, 3.91, 4.19, 4.46, 4.73, 4.98, 5.3, 5.88, 6.6, 7.69, 9.17, 11.11, 14.33]",Active,True,Active,4603186.0,2,15.8,7.9,2026-09-26 11:43:51,,
289,91,00-0035662,Marquise Brown,WR,PHI,CHI,0.0,2026_03_PHI_CHI,2026-09-28 20:15:00,5.433243155739378,2.0409440996308037,9.144751072678432,5.408125427629476,0.0251177281099019,C,16,1.6639397615764917,23.0,3,,False,5.0,"https://static.www.nfl.com/image/upload/f_auto,q_auto/league/shkjxggufymydgp6wk3p",2.784957166320657,0.6057248682527748,0.0,0.0,3.6343492095166487,23.67831879244776,0.0905747853786323,0.0,0.0,0.0,0.0,0.0,0.0,18.5,"[0.76, 1.5, 2.04, 2.53, 2.93, 3.29, 3.59, 3.88, 4.16, 4.43, 4.7, 4.95, 5.27, 5.85, 6.57, 7.67, 9.14, 11.08, 14.3]",Active,True,Active,4241372.0,1,1.2,1.2,2026-09-26 11:43:51,,
290,52,00-0038551,Kendre Miller,RB,NO,LV,1.0,2026_03_LV_NO,2026-09-27 16:25:00,5.426514273176357,2.201052050824076,8.67633642146186,5.443004059274198,-0.016489786097841,C,24,-2.838840779134308,23.25,2,,False,4.0,"https://static.www.nfl.com/image/upload/f_auto,q_auto/league/vclaomtslw55smksopku",0.4062252518286676,7.626235683098058,0.0,0.0,28.408429479896892,2.602350932828576,0.0123295807288574,0.0,0.0,0.0,0.0,0.0,0.0,20.25,"[1.06, 1.72, 2.2, 2.59, 2.96, 3.27, 3.55, 3.8, 4.05, 4.3, 4.56, 4.87, 5.22, 5.71, 6.35, 7.21, 8.68, 10.46, 13.88]",Active,True,Active,4599739.0,1,9.0,9.0,2026-09-26 11:43:51,,
291,92,00-0039365,Jacob Cowing,WR,SF,ARI,1.0,2026_03_ARI_SF,2026-09-27 16:05:00,5.421674146737447,2.029375090628873,9.1331820636765,3.7536455007561473,1.6680286459813,A,6,5.714090884231345,28.0,3,,True,3.0,"https://static.www.nfl.com/image/upload/f_auto,q_auto/league/uarciagmnzmyzs102dv6",0.0,0.0,0.0,0.0,0.0,0.0,0.0,0.0,0.0,0.0,0.0,0.0,0.0,19.5,"[0.75, 1.48, 2.03, 2.51, 2.92, 3.28, 3.58, 3.87, 4.15, 4.42, 4.69, 4.94, 5.26, 5.84, 6.56, 7.65, 9.13, 11.07, 14.29]",Active,True,Active,4575665.0,2,0.0,0.0,2026-09-26 11:43:51,,
292,93,00-0041040,Antonio Williams,WR,WAS,SEA,1.0,2026_03_SEA_WAS,2026-09-27 13:00:00,5.407375223356754,2.015076167248179,9.118883140295807,6.30407485029822,-0.8966996269414667,D,32,-14.266071470507672,16.5,3,,True,3.0,"https://static.www.nfl.com/image/upload/f_auto,q_auto/league/noywrsgaqoqlv64c12yw",3.4783526912503056,0.0,0.5216473087496946,0.0,0.0,43.13410765001222,0.1120073852649746,0.0,0.0,0.0,0.0,0.0,0.0,24.0,"[0.73, 1.47, 2.02, 2.5, 2.91, 3.26, 3.56, 3.86, 4.14, 4.41, 4.68, 4.92, 5.24, 5.82, 6.55, 7.64, 9.12, 11.06, 14.28]",Active,True,Active,5081432.0,2,21.8,10.9,2026-09-26 11:43:51,,
293,94,00-0032398,Chris Moore,WR,BAL,DAL,0.0,2026_03_BAL_DAL,2026-09-27 16:25:00,5.367301959234947,1.9750029031263725,9.078809876174,4.793571602705477,0.5737303565294702,B,14,2.9936804404916164,28.5,3,,False,4.0,"https://static.www.nfl.com/image/upload/f_auto,q_auto/league/o0s29hnpztyxqotqdx8h",2.409279113176422,0.0316243035176291,0.0,0.0,0.2846187316586624,24.96144485714283,0.0910384870814105,0.0,0.0,0.0,0.0,0.0,0.0,25.0,"[0.69, 1.43, 1.98, 2.46, 2.87, 3.22, 3.52, 3.82, 4.1, 4.37, 4.64, 4.88, 5.2, 5.78, 6.51, 7.6, 9.08, 11.02, 14.24]",Active,True,Active,2576581.0,2,7.9,4.0,2026-09-26 11:43:51,,
294,25,DST_BAL,Baltimore Ravens D/ST,DST,BAL,DAL,0.0,2026_03_BAL_DAL,2026-09-27 16:25:00,5.365929307152724,0.4414827011388063,10.19643593094644,6.085256302751308,-0.7193269955985837,F,30,-2.813083971104534,28.5,1,,False,1.0,https://a.espncdn.com/i/teamlogos/nfl/500/bal.png,24.882022535179747,30.30547726197645,26.090567438867872,234.85080397786447,159.81830270042894,234.85080397786447,0.0,2.0050963100519126,3.108340245828433,0.0,2.245188986613068,1.099099076876936,22.85118736259896,25.0,"[-1.72, -0.4, 0.44, 1.09, 1.73, 2.41, 2.9, 3.49, 3.95, 4.61, 5.13, 5.68, 6.38, 7.22, 8.12, 9.06, 10.2, 12.13, 14.85]",Active,True,Active,,2,9.0,4.5,2026-09-26 11:43:51,,
295,95,00-0038976,Marvin Mims Jr.,WR,DEN,LA,1.0,2026_03_LA_DEN,2026-09-27 20:20:00,5.333751036256212,1.941451980147637,9.045258953195264,5.3069640062729295,0.0267870299832821,C,9,4.016316478447309,21.0,3,Questionable,False,3.0,"https://static.www.nfl.com/image/upload/f_auto,q_auto/league/zbdjtph5xplbf4yocz0l",2.849281163785113,0.443117726468437,0.0,0.0,2.7036899252684234,22.09046522268668,0.0842666622500003,0.0,0.0,0.0,0.0,0.0,0.0,23.5,"[0.66, 1.4, 1.94, 2.43, 2.83, 3.19, 3.49, 3.78, 4.06, 4.33, 4.6, 4.85, 5.17, 5.75, 6.47, 7.57, 9.05, 10.98, 14.21]",Questionable,True,Active,4686472.0,1,0.0,0.0,2026-09-26 11:43:51,,
296,53,00-0037157,Bam Knight,RB,ARI,SF,0.0,2026_03_ARI_SF,2026-09-27 16:05:00,5.311878968119942,2.0864167457676603,8.561701116405445,5.830944444932692,-0.5190654768127505,D,20,-1.532472532337454,19.5,2,,False,3.0,"https://static.www.nfl.com/image/upload/f_auto,q_auto/league/mjxnlzlnnwlfqayeybut",1.8891676643215296,5.341170871944894,0.0,0.0,23.26853446726977,9.5573058321678,0.0454621651402226,0.0,0.0,0.0,0.0,0.0,0.0,28.0,"[0.95, 1.61, 2.09, 2.47, 2.84, 3.15, 3.43, 3.69, 3.93, 4.19, 4.45, 4.76, 5.1, 5.6, 6.23, 7.09, 8.56, 10.34, 13.77]",Active,True,Active,4427728.0,1,2.4,2.4,2026-09-26 11:43:51,,
297,58,00-0038476,Tommy DeVito,QB,NE,JAX,0.0,2026_03_NE_JAX,2026-09-27 13:00:00,5.287640837807876,0.6455141315277331,12.46441369394296,6.067120144149832,-0.7794793063419556,D,20,-0.6076904641395319,21.75,2,,True,2.0,"https://static.www.nfl.com/image/upload/f_auto,q_auto/league/hb3m2zbfb5aprw6vdqx8",0.0,0.0,0.0,0.0,0.0,0.0,0.0,0.0,0.0,0.0,0.0,0.0,0.0,24.75,"[0.0, 0.14, 0.65, 0.98, 1.32, 1.62, 1.97, 2.34, 2.7, 3.02, 3.38, 4.09, 4.89, 6.34, 8.58, 10.19, 12.46, 15.03, 19.65]",Active,True,Active,4240391.0,0,0.0,,2026-09-26 11:43:51,,
298,36,00-0039847,Theo Johnson,TE,NYG,TEN,1.0,2026_03_TEN_NYG,2026-09-27 13:00:00,5.246855459509058,2.116978468238532,8.641129222887013,5.908830696359174,-0.6619752368501155,D,30,-4.892890155555996,20.0,2,,False,2.0,"https://static.www.nfl.com/image/upload/f_auto,q_auto/league/fv2jbzlocr1o3ahkru43",3.6668408334926794,0.0,0.0,0.0,0.0,19.810652027992628,0.1260738136798291,0.0,0.0,0.0,0.0,0.0,0.0,17.5,"[0.95, 1.61, 2.12, 2.51, 2.86, 3.14, 3.44, 3.71, 3.99, 4.28, 4.57, 4.92, 5.28, 5.77, 6.47, 7.32, 8.64, 10.37, 12.92]",Active,True,Active,4429148.0,2,1.9,1.0,2026-09-26 11:43:51,,
299,26,DST_NE,New England Patriots D/ST,DST,NE,JAX,0.0,2026_03_NE_JAX,2026-09-27 13:00:00,5.213297875126175,0.2888512691122571,10.043804498919892,6.151537224736495,-0.9382393496103196,F,29,-2.4201741753781127,21.75,1,,False,1.0,https://a.espncdn.com/i/teamlogos/nfl/500/ne.png,27.06676396651213,29.40094646318296,28.507917756382923,218.7659477618399,127.4485747033926,218.7659477618399,0.0,1.9150888912604056,2.186143683745813,0.0,2.69797915378167,1.2276836433276208,12.375553929743846,24.75,"[-1.87, -0.55, 0.29, 0.94, 1.57, 2.26, 2.75, 3.34, 3.8, 4.45, 4.97, 5.53, 6.23, 7.07, 7.97, 8.9, 10.04, 11.98, 14.7]",Active,True,Active,,2,21.0,10.5,2026-09-26 11:43:51,,
300,54,00-0038797,Emanuel Wilson,RB,SEA,WAS,0.0,2026_03_SEA_WAS,2026-09-27 13:00:00,5.1890350402384575,1.963572817886176,8.438857188523961,5.492770905495131,-0.303735865256673,C,30,-4.409697966230712,24.0,2,,False,2.0,"https://static.www.nfl.com/image/upload/f_auto,q_auto/league/uorruvczsxzvffpbxu8z",0.6630298216059305,9.81481234506597,0.0,0.0,39.64248770376739,2.27908059826662,0.0270521394195437,0.0,0.0,0.0,0.0,0.0,0.0,16.5,"[0.83, 1.49, 1.96, 2.35, 2.72, 3.03, 3.31, 3.56, 3.81, 4.07, 4.32, 4.64, 4.98, 5.48, 6.11, 6.97, 8.44, 10.22, 13.64]",Active,True,Active,4887558.0,2,9.5,4.8,2026-09-26 11:43:51,,
301,96,00-0040138,Jaylin Noel,WR,HOU,IND,0.0,2026_03_HOU_IND,2026-09-27 13:00:00,5.107421115436109,1.7151220593275345,8.818929032375163,4.88181220324773,0.2256089121883793,C,1,11.060728367424472,22.0,3,,False,3.0,"https://static.www.nfl.com/image/upload/f_auto,q_auto/league/ehlm8w4afdqoisx1e6as",2.677767104617501,0.4089423927438433,0.0,0.0,3.756886371232125,28.06806690210372,0.0656806072472277,0.0,0.0,0.0,0.0,0.0,0.0,20.5,"[0.43, 1.17, 1.72, 2.2, 2.61, 2.96, 3.26, 3.56, 3.84, 4.11, 4.38, 4.62, 4.94, 5.52, 6.25, 7.34, 8.82, 10.76, 13.98]",Active,True,Active,4586312.0,2,12.7,6.4,2026-09-26 11:43:51,,
302,59,00-0038416,Tyson Bagent,QB,CHI,PHI,1.0,2026_03_PHI_CHI,2026-09-28 20:15:00,5.098800860093452,0.4566741538133092,12.275573716228536,4.504593406568432,0.5942074535250201,B,7,2.9485719615073536,18.5,2,,True,2.0,"https://static.www.nfl.com/image/upload/f_auto,q_auto/league/ymimvligfyrucu0v3p6a",0.0,0.3138902716739397,6.689130111102863,43.943385268431705,1.0986159508587892,0.0,0.0,0.0,0.0,0.0,0.0,0.0,0.0,23.0,"[0.0, 0.0, 0.46, 0.79, 1.13, 1.43, 1.78, 2.15, 2.51, 2.83, 3.19, 3.9, 4.7, 6.16, 8.39, 10.01, 12.28, 14.84, 19.46]",Active,True,Active,4434153.0,1,2.2,2.2,2026-09-26 11:43:51,,
303,55,00-0029892,Kyle Juszczyk,RB,SF,ARI,1.0,2026_03_ARI_SF,2026-09-27 16:05:00,5.081555334906538,1.8560931125542568,8.33137748319204,4.49641893606719,0.5851363988393476,B,18,-0.3554071126463017,28.0,2,,False,,"https://static.www.nfl.com/image/upload/f_auto,q_auto/league/tsejiiddtouukwyyqr9q",1.897459323347697,0.1271987338955119,0.0,0.0,-0.3046732468914923,19.117145406646284,0.0717241374213509,0.0,0.0,0.0,0.0,0.0,0.0,19.5,"[0.72, 1.38, 1.86, 2.24, 2.61, 2.92, 3.2, 3.46, 3.7, 3.96, 4.22, 4.53, 4.87, 5.37, 6.0, 6.86, 8.33, 10.11, 13.54]",Active,True,Active,16002.0,1,10.7,10.7,2026-09-26 11:43:51,,
304,56,00-0039794,Braelon Allen,RB,NYJ,DET,0.0,2026_03_NYJ_DET,2026-09-27 13:00:00,5.078331750303985,1.8528695279517036,8.328153898589488,5.184134900350647,-0.105803150046662,C,9,2.5445295029914763,21.0,2,,False,2.0,"https://static.www.nfl.com/image/upload/f_auto,q_auto/league/fmpzgmfjmcbrv1gmqbdn",0.9380534850481798,6.646526022655893,0.0,0.0,22.008808379648027,4.235690418641955,0.032960774290419,0.0,0.0,0.0,0.0,0.0,0.0,27.5,"[0.72, 1.37, 1.85, 2.24, 2.61, 2.92, 3.2, 3.45, 3.7, 3.96, 4.21, 4.53, 4.87, 5.36, 6.0, 6.86, 8.33, 10.11, 13.53]",Active,True,Active,4685247.0,2,12.5,6.2,2026-09-26 11:43:51,,
305,97,00-0038728,Jared Wayne,WR,HOU,IND,0.0,2026_03_HOU_IND,2026-09-27 13:00:00,5.068789128615782,1.6764900725072072,8.780297045554835,4.861523553699972,0.2072655749158096,C,1,11.060728367424472,22.0,3,,True,4.0,"https://static.www.nfl.com/image/upload/f_auto,q_auto/league/ykhrjnmqsqyprplhy6pl",3.9407074225737566,0.0,0.0,0.0,0.0,22.69216628778313,0.0829989239122503,0.0,0.0,0.0,0.0,0.0,0.0,20.5,"[0.4, 1.13, 1.68, 2.16, 2.57, 2.92, 3.22, 3.52, 3.8, 4.07, 4.34, 4.58, 4.9, 5.49, 6.21, 7.3, 8.78, 10.72, 13.94]",Active,True,Active,4430681.0,2,7.5,3.8,2026-09-26 11:43:51,,
306,98,00-0037614,John Metchie III,WR,CAR,CLE,0.0,2026_03_CAR_CLE,2026-09-27 13:00:00,5.032757916830098,1.6404588607215236,8.744265833769152,5.026650946136513,0.006106970693585,C,15,2.5338518004318757,22.5,3,,False,5.0,"https://static.www.nfl.com/image/upload/f_auto,q_auto/league/nsjpnskeldxzbzckpfgg",2.790475684259121,0.1590554860853631,0.0,0.0,-0.1418941848174404,15.68030804638732,0.0985354346890015,0.0,0.0,0.0,0.0,0.0,0.0,20.0,"[0.36, 1.1, 1.64, 2.13, 2.53, 2.89, 3.19, 3.48, 3.76, 4.03, 4.3, 4.55, 4.87, 5.45, 6.17, 7.27, 8.74, 10.68, 13.9]",Active,True,Active,4567096.0,1,0.0,0.0,2026-09-26 11:43:51,,
307,99,00-0041525,Chris Bell,WR,MIA,KC,1.0,2026_03_KC_MIA,2026-09-27 13:00:00,5.017349940076235,1.6250508839676605,8.728857857015289,6.219539437681284,-1.2021894976050491,F,31,-11.174942804246568,17.75,3,,True,2.0,"https://static.www.nfl.com/image/upload/f_auto,q_auto/league/zgbku18zemqyryvyahd4",1.478352691250305,0.0,0.0,0.0,0.0,11.958817281257634,0.0581138504569336,0.0,0.0,0.0,0.0,0.0,0.0,27.75,"[0.34, 1.08, 1.63, 2.11, 2.52, 2.87, 3.17, 3.47, 3.75, 4.02, 4.29, 4.53, 4.85, 5.43, 6.16, 7.25, 8.73, 10.67, 13.89]",Active,True,Active,4869961.0,2,3.5,1.8,2026-09-26 11:43:51,,
308,37,00-0035249,Josh Oliver,TE,MIN,TB,0.0,2026_03_MIN_TB,2026-09-27 16:05:00,5.005089360850983,1.8752123695804563,8.399363124228937,4.4763483807884485,0.5287409800625342,B,3,7.145075216515093,22.0,2,,False,2.0,"https://static.www.nfl.com/image/upload/f_auto,q_auto/league/awdb5xedlbq0ebpptgzb",2.109718044980852,0.0,0.0,0.0,0.0,19.37921205665692,0.0939807660563299,0.0,0.0,0.0,0.0,0.0,0.0,20.5,"[0.71, 1.37, 1.88, 2.27, 2.62, 2.9, 3.19, 3.47, 3.75, 4.04, 4.33, 4.68, 5.04, 5.53, 6.23, 7.08, 8.4, 10.13, 12.68]",Active,True,Active,3921690.0,2,7.6,3.8,2026-09-26 11:43:51,,
309,100,00-0040669,Isaac TeSlaa,WR,DET,NYJ,1.0,2026_03_NYJ_DET,2026-09-27 13:00:00,4.992839144019547,1.6005400879109728,8.7043470609586,4.626636560347312,0.3662025836722353,B,26,-4.330216340541972,27.5,3,,False,3.0,"https://static.www.nfl.com/image/upload/f_auto,q_auto/league/ducfhbiy2a8loytcjymn",2.69023628716205,0.0,0.0,0.0,0.0,16.429420620443125,0.0729526623149942,0.0,0.0,0.0,0.0,0.0,0.0,21.0,"[0.32, 1.06, 1.6, 2.09, 2.49, 2.85, 3.15, 3.44, 3.72, 3.99, 4.26, 4.51, 4.83, 5.41, 6.13, 7.23, 8.7, 10.64, 13.86]",Active,True,Active,5123663.0,2,4.6,2.3,2026-09-26 11:43:51,,
310,38,00-0037005,Tommy Tremble,TE,CAR,CLE,0.0,2026_03_CAR_CLE,2026-09-27 13:00:00,4.927594708468418,1.7977177171978918,8.321868471846372,4.957209299166533,-0.0296145906981148,C,17,-0.3987482731510873,22.5,2,,False,1.0,"https://static.www.nfl.com/image/upload/f_auto,q_auto/league/t7wjikfv09d3o1q7wjdx",2.9764662052951203,0.0,0.0,0.0,0.0,15.590742132162664,0.0970083174709755,0.0,0.0,0.0,0.0,0.0,0.0,20.0,"[0.63, 1.29, 1.8, 2.19, 2.54, 2.83, 3.12, 3.39, 3.67, 3.96, 4.25, 4.6, 4.96, 5.46, 6.15, 7.0, 8.32, 10.05, 12.6]",Active,True,Active,4372780.0,2,6.9,3.4,2026-09-26 11:43:51,,
311,60,00-0041562,Fernando Mendoza,QB,LV,NO,0.0,2026_03_LV_NO,2026-09-27 16:25:00,4.916781779356717,0.2746550730765742,12.093554635491802,6.067120144149832,-1.1503383647931145,D,22,-1.1577452968907027,20.25,2,,True,2.0,"https://static.www.nfl.com/image/upload/f_auto,q_auto/league/umygvel2pumkyvxt3jm9",0.0,0.0,0.0,0.0,0.0,0.0,0.0,0.0,0.0,0.0,0.0,0.0,0.0,23.25,"[0.0, 0.0, 0.27, 0.61, 0.95, 1.25, 1.6, 1.97, 2.33, 2.65, 3.01, 3.72, 4.52, 5.97, 8.21, 9.82, 12.09, 14.66, 19.28]",Active,True,Active,4837248.0,0,0.0,,2026-09-26 11:43:51,,
312,39,00-0038558,Darnell Washington,TE,PIT,CIN,1.0,2026_03_CIN_PIT,2026-09-27 13:00:00,4.882695191036328,1.7528181997658017,8.276968954414283,4.632541588718995,0.2501536023173329,C,4,7.048203931284905,19.5,2,,False,2.0,"https://static.www.nfl.com/image/upload/f_auto,q_auto/league/inwx7uipfktapaump5pj",2.5470478077599044,0.0,0.0,0.0,0.0,19.258408020992555,0.0780980742002257,0.0,0.0,0.0,0.0,0.0,0.0,23.0,"[0.58, 1.25, 1.75, 2.15, 2.5, 2.78, 3.07, 3.35, 3.63, 3.92, 4.21, 4.56, 4.92, 5.41, 6.11, 6.96, 8.28, 10.0, 12.56]",Active,True,Active,4430802.0,2,5.5,2.8,2026-09-26 11:43:51,,
313,40,00-0033110,Tyler Higbee,TE,LA,DEN,0.0,2026_03_LA_DEN,2026-09-27 20:20:00,4.872171841679547,1.7422948504090208,8.266445605057502,4.88916589077199,-0.0169940490924425,C,20,-1.449221027771366,23.5,2,,False,4.0,"https://static.www.nfl.com/image/upload/f_auto,q_auto/league/x1d4osiefibd04df6gow",2.7775316591766765,0.0,0.0,0.0,0.0,24.308277475478477,0.0865522030458292,0.0,0.0,0.0,0.0,0.0,0.0,21.0,"[0.57, 1.24, 1.74, 2.14, 2.49, 2.77, 3.06, 3.34, 3.62, 3.9, 4.2, 4.55, 4.91, 5.4, 6.1, 6.95, 8.27, 9.99, 12.54]",Active,True,Active,2573401.0,1,1.2,1.2,2026-09-26 11:43:51,,
314,57,00-0038555,Tank Bigsby,RB,PHI,CHI,0.0,2026_03_PHI_CHI,2026-09-28 20:15:00,4.866074597093805,1.6406123747415235,8.115896745379308,4.61362062621046,0.2524539708833444,C,4,5.137805474107638,23.0,2,,False,2.0,"https://static.www.nfl.com/image/upload/f_auto,q_auto/league/vfkdjfpiyrcuzahrmfvn",0.7042294423623031,6.258991845880393,0.0,0.0,22.740586692141427,2.92535619474798,0.022676373050208,0.0,0.0,0.0,0.0,0.0,0.0,18.5,"[0.5, 1.16, 1.64, 2.03, 2.4, 2.71, 2.99, 3.24, 3.49, 3.74, 4.0, 4.31, 4.66, 5.15, 5.79, 6.65, 8.12, 9.9, 13.32]",Active,True,Active,4429013.0,2,12.1,6.0,2026-09-26 11:43:51,,
315,61,00-0038579,Aidan O'Connell,QB,LV,NO,0.0,2026_03_LV_NO,2026-09-27 16:25:00,4.855777723417416,0.2136510171372725,12.0325505795525,5.402526991728305,-0.5467492683108892,D,22,-1.1577452968907027,20.25,2,Questionable,True,3.0,"https://static.www.nfl.com/image/upload/f_auto,q_auto/league/bcejxo7ofgk5pszhup12",0.0,1.0,22.0,102.0,6.999999999999999,0.0,0.0,0.0,0.0,0.0,0.0,0.0,0.0,23.25,"[0.0, 0.0, 0.21, 0.55, 0.88, 1.19, 1.53, 1.91, 2.27, 2.59, 2.95, 3.66, 4.46, 5.91, 8.14, 9.76, 12.03, 14.6, 19.22]",Questionable,True,Active,4260394.0,0,0.0,,2026-09-26 11:43:51,,
316,27,DST_WAS,Washington Commanders D/ST,DST,WAS,SEA,1.0,2026_03_SEA_WAS,2026-09-27 13:00:00,4.712042124046491,-0.2124044819674271,9.542548747840208,5.794650686066364,-1.0826085620198729,F,26,-2.1884982093812884,16.5,1,,False,1.0,https://a.espncdn.com/i/teamlogos/nfl/500/wsh.png,28.149693847345688,30.542925757120823,30.7915053104209,187.65648524130307,145.56306038655714,187.65648524130307,0.0,2.1733834987818934,1.959162083269947,0.0,2.51808089312876,0.2920774739984142,28.87297771760043,24.0,"[-2.37, -1.05, -0.21, 0.44, 1.07, 1.76, 2.25, 2.84, 3.3, 3.95, 4.47, 5.03, 5.73, 6.57, 7.47, 8.4, 9.54, 11.47, 14.2]",Active,True,Active,,2,1.0,0.5,2026-09-26 11:43:51,,
317,58,00-0040466,Raheim Sanders,RB,CLE,CAR,1.0,2026_03_CAR_CLE,2026-09-27 13:00:00,4.709437450006653,1.4839752276543714,7.959259598292156,4.358465509185098,0.3509719408215543,C,2,6.951790631624031,20.0,2,,False,2.0,"https://static.www.nfl.com/image/upload/f_auto,q_auto/league/bopoof9uczgpvpggeahp",1.7224157644860014,2.865546318582876,0.0,0.0,7.920166799308954,13.031577022306513,0.072967750446498,0.0,0.0,0.0,0.0,0.0,0.0,22.5,"[0.35, 1.01, 1.48, 1.87, 2.24, 2.55, 2.83, 3.09, 3.33, 3.59, 3.84, 4.16, 4.5, 5.0, 5.63, 6.49, 7.96, 9.74, 13.17]",Active,True,Active,4601080.0,2,7.7,3.8,2026-09-26 11:43:51,,
318,59,00-0040878,Mike Washington Jr.,RB,LV,NO,0.0,2026_03_LV_NO,2026-09-27 16:25:00,4.630307306904653,1.4048450845523717,7.880129455190156,4.968097406398796,-0.3377900994941427,C,10,1.219871876313602,20.25,2,,True,2.0,"https://static.www.nfl.com/image/upload/f_auto,q_auto/league/ocdjq5ohmtgdghqdh5m4",0.5216473087496946,4.913410765001221,0.0,0.0,23.26399150251038,0.0,0.017987838232748,0.0,0.0,0.0,0.0,0.0,0.0,23.25,"[0.27, 0.93, 1.4, 1.79, 2.16, 2.47, 2.75, 3.01, 3.25, 3.51, 3.77, 4.08, 4.42, 4.92, 5.55, 6.41, 7.88, 9.66, 13.09]",Active,True,Active,4686658.0,2,4.8,2.4,2026-09-26 11:43:51,,
319,62,00-0040014,Kyle McCord,QB,MIA,KC,1.0,2026_03_KC_MIA,2026-09-27 13:00:00,4.604305111977035,0.0,11.781077968112118,6.067120144149832,-1.4628150321727968,F,27,-4.612981143627088,17.75,2,,True,2.0,"https://static.www.nfl.com/image/upload/f_auto,q_auto/league/smdh2mmu457aammcblth",0.0,0.0,0.0,0.0,0.0,0.0,0.0,0.0,0.0,0.0,0.0,0.0,0.0,27.75,"[0.0, 0.0, 0.0, 0.3, 0.63, 0.93, 1.28, 1.66, 2.02, 2.34, 2.69, 3.4, 4.21, 5.66, 7.89, 9.51, 11.78, 14.35, 18.97]",Active,True,Active,4433971.0,0,0.0,,2026-09-26 11:43:51,,
320,63,00-0033949,Joshua Dobbs,QB,DET,NYJ,1.0,2026_03_NYJ_DET,2026-09-27 13:00:00,4.594359704049088,0.0,11.771132560184173,3.482496703394929,1.111863000654159,B,17,0.3520420524352899,27.5,2,,False,2.0,"https://static.www.nfl.com/image/upload/f_auto,q_auto/league/twaqqjexyi0vgyfbvzis",0.0,2.5018709170128464,2.6296408505888347,17.172223705942567,-1.1734204618243125,0.0,0.0,0.0,0.0,0.0,0.0,0.0,0.0,21.0,"[0.0, 0.0, 0.0, 0.29, 0.62, 0.92, 1.27, 1.65, 2.01, 2.33, 2.68, 3.39, 4.2, 5.65, 7.88, 9.5, 11.77, 14.34, 18.96]",Active,True,Active,3044720.0,0,0.0,,2026-09-26 11:43:51,,
321,101,00-0039792,Devontez Walker,WR,BAL,DAL,0.0,2026_03_BAL_DAL,2026-09-27 16:25:00,4.54970395302579,1.1574048969172153,8.261211869964843,3.97597359649632,0.5737303565294702,B,14,2.9936804404916164,28.5,3,,False,3.0,"https://static.www.nfl.com/image/upload/f_auto,q_auto/league/x3x3k5ispk44ms0f7vrv",1.405965742948146,0.0,0.0,0.0,0.0,28.9481296962294,0.054590904524535,0.0,0.0,0.0,0.092159194067139,0.0,0.0,25.0,"[0.0, 0.61, 1.16, 1.64, 2.05, 2.4, 2.7, 3.0, 3.28, 3.55, 3.82, 4.07, 4.38, 4.97, 5.69, 6.78, 8.26, 10.2, 13.42]",Active,True,Active,4696882.0,1,5.7,5.7,2026-09-26 11:43:51,,
322,102,00-0041069,Colbie Young,WR,CIN,PIT,0.0,2026_03_CIN_PIT,2026-09-27 13:00:00,4.535434610554666,1.1431355544460913,8.246942527493719,4.840761512732693,-0.3053269021780274,C,27,-4.754448771337329,23.0,3,,True,3.0,"https://static.www.nfl.com/image/upload/f_auto,q_auto/league/n4irmipxyl87b6jmudte",1.0,0.0,0.0,0.0,0.0,7.0,0.032258064516129,0.0,0.0,0.0,0.0,0.0,0.0,19.5,"[0.0, 0.6, 1.14, 1.63, 2.03, 2.39, 2.69, 2.98, 3.27, 3.54, 3.8, 4.05, 4.37, 4.95, 5.67, 6.77, 8.25, 10.18, 13.41]",Active,True,Active,5092508.0,1,1.7,1.7,2026-09-26 11:43:51,,
323,41,00-0039356,Ja'Tavion Sanders,TE,CAR,CLE,0.0,2026_03_CAR_CLE,2026-09-27 13:00:00,4.530248876091474,1.400371884820948,7.924522639469428,4.559863466789589,-0.0296145906981148,C,17,-0.3987482731510873,22.5,2,,False,5.0,"https://static.www.nfl.com/image/upload/f_auto,q_auto/league/le2akm1cbou170ioctxl",2.53742107293773,0.0,0.0,0.0,0.0,13.61014041303356,0.085803855412618,0.0,0.0,0.0,0.0,0.0,0.0,20.0,"[0.23, 0.89, 1.4, 1.8, 2.15, 2.43, 2.72, 2.99, 3.27, 3.56, 3.86, 4.2, 4.57, 5.06, 5.76, 6.61, 7.92, 9.65, 12.2]",Active,True,Active,4431588.0,0,0.0,,2026-09-26 11:43:51,,
324,103,00-0037741,Jahan Dotson,WR,ATL,GB,0.0,2026_03_ATL_GB,2026-09-24 20:15:00,4.524797237824558,1.132515176271029,8.23068380776935,4.680071598401079,-0.155274360576521,C,4,6.271161181040156,19.5,3,,False,2.0,"https://static.www.nfl.com/image/upload/f_auto,q_auto/league/gwuibfw7ljxudxtldcvh",3.051099717635394,0.0,0.0,0.0,0.0,14.84514759639393,0.1149857165917544,0.0,0.0,0.0,0.0,0.0,0.0,24.0,"[0.0, 0.59, 1.13, 1.62, 2.02, 2.38, 2.68, 2.97, 3.25, 3.53, 3.79, 4.04, 4.36, 4.94, 5.67, 6.76, 8.23, 10.16, 13.4]",Active,True,Active,4361409.0,3,8.1,2.7,2026-09-24 19:34:09,2.1,nflverse
325,64,00-0039107,Stetson Bennett,QB,LA,DEN,0.0,2026_03_LA_DEN,2026-09-27 20:20:00,4.47119971739323,0.0,11.647972573528314,5.757349891022956,-1.2861501736297258,F,26,-4.014286024392746,23.5,2,,True,2.0,"https://static.www.nfl.com/image/upload/f_auto,q_auto/league/s0eo3fstv6rkitzbefzu",0.0,1.0,3.0,13.0,9.0,0.0,0.0,0.0,0.0,0.0,0.0,0.0,0.0,21.0,"[0.0, 0.0, 0.0, 0.16, 0.5, 0.8, 1.15, 1.53, 1.88, 2.2, 2.56, 3.27, 4.07, 5.53, 7.76, 9.38, 11.65, 14.21, 18.84]",Active,True,Active,4259553.0,1,1.4,1.4,2026-09-26 11:43:51,,
326,104,00-0040172,Jordan Watkins,WR,SF,ARI,1.0,2026_03_ARI_SF,2026-09-27 16:05:00,4.455497232558651,1.0631981764500762,8.167005149497705,3.570075579192196,0.8854216533664552,B,6,5.714090884231345,28.0,3,,True,4.0,"https://static.www.nfl.com/image/upload/f_auto,q_auto/league/agcwewjrj4dfssqkzksp",1.4783526912503056,0.0,0.0,0.0,0.0,13.259767704996335,0.0535417817233584,0.0,0.0,0.0,0.0,0.0,0.0,19.5,"[0.0, 0.52, 1.06, 1.55, 1.95, 2.31, 2.61, 2.9, 3.19, 3.46, 3.72, 3.97, 4.29, 4.87, 5.59, 6.69, 8.17, 10.1, 13.33]",Active,True,Active,4431466.0,0,0.0,,2026-09-26 11:43:51,,
327,42,00-0035644,Noah Fant,TE,NO,LV,1.0,2026_03_LV_NO,2026-09-27 16:25:00,4.444087149204956,1.3142101579344292,7.83836091258291,4.446784809807452,-0.0026976606024966,C,18,-0.6221738285480897,23.25,2,,False,2.0,"https://static.www.nfl.com/image/upload/f_auto,q_auto/league/lijnonbrcmplvkcb5kqv",3.3510224714656576,0.0,0.0,0.0,0.0,17.1661766121185,0.0752384610738657,0.0,0.0,0.0,0.0,0.0,0.0,20.25,"[0.14, 0.81, 1.31, 1.71, 2.06, 2.34, 2.63, 2.91, 3.19, 3.48, 3.77, 4.12, 4.48, 4.97, 5.67, 6.52, 7.84, 9.56, 12.12]",Active,True,Active,4036131.0,2,13.3,6.6,2026-09-26 11:43:51,,
328,65,00-0041251,Jalon Daniels,QB,TB,MIN,1.0,2026_03_MIN_TB,2026-09-27 16:05:00,4.4343868038534975,0.0,11.611159659988582,6.067120144149832,-1.6327333402963342,F,31,-6.978781095413612,20.5,2,,True,2.0,"https://static.www.nfl.com/image/upload/f_auto,q_auto/league/hwhfl6i5drktwjvslfpn",0.0,0.0,0.0,0.0,0.0,0.0,0.0,0.0,0.0,0.0,0.0,0.0,0.0,22.0,"[0.0, 0.0, 0.0, 0.13, 0.46, 0.76, 1.11, 1.49, 1.85, 2.17, 2.52, 3.23, 4.04, 5.49, 7.72, 9.34, 11.61, 14.18, 18.8]",Active,True,Active,4596472.0,0,0.0,,2026-09-26 11:43:51,,
329,43,00-0039359,Cade Stover,TE,HOU,IND,0.0,2026_03_HOU_IND,2026-09-27 13:00:00,4.416711085197282,1.286834093926756,7.810984848575236,4.04965643230878,0.3670546528885028,B,6,5.135374100177506,22.0,2,,False,4.0,"https://static.www.nfl.com/image/upload/f_auto,q_auto/league/ur3ihcg0rkeqbfiksj5y",1.9641105428920969,0.5538253858942096,0.0,0.0,1.1671378320877186,5.72468411884523,0.0606570779688302,0.0,0.0,0.0,0.0,0.0,0.0,20.5,"[0.12, 0.78, 1.29, 1.68, 2.03, 2.31, 2.61, 2.88, 3.16, 3.45, 3.74, 4.09, 4.45, 4.94, 5.64, 6.49, 7.81, 9.54, 12.09]",Active,True,Active,4426496.0,1,0.8,0.8,2026-09-26 11:43:51,,
330,105,00-0031235,Odell Beckham Jr.,WR,NYG,TEN,1.0,2026_03_TEN_NYG,2026-09-27 13:00:00,4.371516590894195,0.97921753478562,8.083024507833247,4.216144554508144,0.1553720363860504,C,2,7.90337129655551,20.0,3,,True,4.0,"https://static.www.nfl.com/image/upload/f_auto,q_auto/league/ffmalg3wr7lwnsz59i7v",0.0,0.0,0.0,0.0,0.0,0.0,0.0,0.0,0.0,0.0,0.0,0.0,0.0,17.5,"[0.0, 0.43, 0.98, 1.46, 1.87, 2.22, 2.53, 2.82, 3.1, 3.37, 3.64, 3.89, 4.21, 4.79, 5.51, 6.6, 8.08, 10.02, 13.24]",Active,True,Active,16733.0,0,0.0,,2026-09-26 11:43:51,,
331,66,00-0040589,Kurtis Rourke,QB,SF,ARI,1.0,2026_03_ARI_SF,2026-09-27 16:05:00,4.359761895182631,0.0,11.536534751317715,3.2823376417233563,1.0774242534592746,B,8,2.735851990801577,28.0,2,,True,3.0,"https://static.www.nfl.com/image/upload/f_auto,q_auto/league/rq4swf5c2ar45ljuc0w2",0.0,0.0,0.0,0.0,0.0,0.0,0.0,0.0,0.0,0.0,0.0,0.0,0.0,19.5,"[0.0, 0.0, 0.0, 0.05, 0.39, 0.69, 1.04, 1.42, 1.77, 2.09, 2.45, 3.16, 3.96, 5.42, 7.65, 9.27, 11.54, 14.1, 18.72]",Active,True,Active,4430431.0,0,0.0,,2026-09-26 11:43:51,,
332,106,00-0040237,Tez Johnson,WR,TB,MIN,1.0,2026_03_MIN_TB,2026-09-27 16:05:00,4.334591324408505,0.9422922682999304,8.046099241347559,4.350819346050244,-0.0162280216417389,C,8,4.1156195303677725,20.5,3,,False,5.0,"https://static.www.nfl.com/image/upload/f_auto,q_auto/league/ajbnpagviw0glrhf5a2e",2.6380167379544326,0.4910712389776652,0.0,0.0,-0.2670673287262285,22.710387119860098,0.0832442581330849,0.0,0.0,0.0,0.0,0.0,0.0,22.0,"[0.0, 0.4, 0.94, 1.43, 1.83, 2.19, 2.49, 2.78, 3.06, 3.34, 3.6, 3.85, 4.17, 4.75, 5.47, 6.57, 8.05, 9.98, 13.21]",Active,True,Active,4608810.0,2,5.5,2.8,2026-09-26 11:43:51,,
333,60,00-0037746,Brian Robinson,RB,ATL,GB,0.0,2026_03_ATL_GB,2026-09-24 20:15:00,4.331753399285795,1.1055017680310937,7.581471095387837,4.672797186068772,-0.3410437867829774,C,11,1.0900673386436337,19.5,4,,False,2.0,"https://static.www.nfl.com/image/upload/f_auto,q_auto/league/n1xhex1ytisxcbcggqu7",0.8432626049650316,7.421241363606207,0.0,0.0,30.56003666833577,5.027321259723774,0.0269007852531216,0.0,0.0,0.0,0.0,0.0,0.0,24.0,"[0.0, 0.63, 1.11, 1.49, 1.86, 2.17, 2.45, 2.71, 2.95, 3.21, 3.46, 3.78, 4.12, 4.62, 5.25, 6.11, 7.58, 9.36, 12.79]",Active,True,Active,4241474.0,3,22.8,7.6,2026-09-24 19:34:09,11.0,nflverse
334,61,00-0038685,Chris Brooks,RB,GB,ATL,1.0,2026_03_ATL_GB,2026-09-24 20:15:00,4.294555685297972,1.0683040540432711,7.544273381400014,4.222758013842333,0.0717976714556387,C,23,-2.543547721196131,24.0,4,,False,2.0,"https://static.www.nfl.com/image/upload/f_auto,q_auto/league/ityat7ltppdxe9t0imjd",1.254644748421282,3.857411418470364,0.0,0.0,15.134276130817408,6.793011452319027,0.0410704525583918,0.0,0.0,0.0,0.0,0.0,0.0,19.5,"[0.0, 0.59, 1.07, 1.46, 1.82, 2.14, 2.41, 2.67, 2.91, 3.17, 3.43, 3.74, 4.08, 4.58, 5.21, 6.08, 7.54, 9.32, 12.75]",Active,True,Active,3149687.0,3,7.9,2.6,2026-09-24 19:34:09,1.4,nflverse
335,44,00-0036290,Cole Kmet,TE,CHI,PHI,1.0,2026_03_PHI_CHI,2026-09-28 20:15:00,4.270983198577577,1.1411062073070504,7.6652569619555315,5.001751477888686,-0.7307682793111088,F,28,-3.93695006131112,18.5,2,,False,2.0,"https://static.www.nfl.com/image/upload/f_auto,q_auto/league/ysnui8mzlu2fo70ub0yt",2.4096476285756045,0.0463729350289517,0.0194974174153194,0.0,0.0463729350289517,18.494015392092123,0.0805839464541863,0.0,0.0,0.0,0.0,0.0,0.0,23.0,"[0.0, 0.64, 1.14, 1.54, 1.89, 2.17, 2.46, 2.73, 3.01, 3.3, 3.6, 3.94, 4.31, 4.8, 5.5, 6.35, 7.67, 9.39, 11.94]",Active,True,Active,4258595.0,2,11.5,5.8,2026-09-26 11:43:51,,
336,107,00-0041443,Skyler Bell,WR,BUF,LAC,1.0,2026_03_LAC_BUF,2026-09-27 13:00:00,4.259513847446173,0.8672147913375983,7.971021764385226,2.7540648308768167,1.505449016569356,A,3,7.388318795914675,28.75,3,,True,5.0,"https://static.www.nfl.com/image/upload/f_auto,q_auto/league/oac3geuuhazbznztufzk",0.0,0.0,0.0,0.0,0.0,0.0,0.0,0.0,0.0,0.0,0.0,0.0,0.0,21.75,"[0.0, 0.32, 0.87, 1.35, 1.76, 2.11, 2.41, 2.71, 2.99, 3.26, 3.53, 3.78, 4.09, 4.68, 5.4, 6.49, 7.97, 9.91, 13.13]",Active,True,Active,4683153.0,0,0.0,,2026-09-26 11:43:51,,
337,45,00-0032392,Austin Hooper,TE,ATL,GB,0.0,2026_03_ATL_GB,2026-09-24 20:15:00,4.169265534636681,1.0390094805948582,7.564082376511876,4.3097687238743765,-0.1405031892376955,C,10,1.8463426778507053,19.5,2,,False,3.0,"https://static.www.nfl.com/image/upload/f_auto,q_auto/league/dd0j9ccd8fxokl48alzg",2.704430723839901,0.0,0.0,0.0,0.0,17.264285484492863,0.0896276206342493,0.0,0.0,0.0,0.0,0.0,0.0,24.0,"[0.0, 0.53, 1.04, 1.43, 1.78, 2.07, 2.36, 2.63, 2.91, 3.2, 3.49, 3.84, 4.2, 4.7, 5.39, 6.25, 7.56, 9.29, 11.84]",Active,True,Active,3043275.0,2,13.1,6.6,2026-09-24 19:34:09,9.1,nflverse
338,46,00-0034981,Foster Moreau,TE,HOU,IND,0.0,2026_03_HOU_IND,2026-09-27 13:00:00,4.158969263392981,1.029092272122455,7.553243026770936,3.791914610504479,0.3670546528885019,B,6,5.135374100177506,22.0,2,,False,2.0,"https://static.www.nfl.com/image/upload/f_auto,q_auto/league/daymhftrwf00siu0iviy",1.7951419389813803,0.0,0.0,0.0,0.0,19.241939988410145,0.0464654811334664,0.0,0.0,0.0,0.0,0.0,0.0,20.5,"[0.0, 0.52, 1.03, 1.42, 1.77, 2.06, 2.35, 2.62, 2.9, 3.19, 3.48, 3.83, 4.2, 4.69, 5.39, 6.24, 7.55, 9.28, 11.83]",Active,True,Active,3843945.0,2,8.9,4.4,2026-09-26 11:43:51,,
339,62,00-0038454,Keaton Mitchell,RB,LAC,BUF,0.0,2026_03_LAC_BUF,2026-09-27 13:00:00,4.092001442586888,0.8665392202346065,7.341823590872391,3.9036116982271754,0.1883897443597133,C,3,5.874351122856741,21.75,2,,False,2.0,"https://static.www.nfl.com/image/upload/f_auto,q_auto/league/ztciwwpbyaffmckwrzdk",0.7034460496537542,4.725403409242066,0.0,0.0,21.4775493568079,6.3768305284522055,0.0304001794265194,0.0,0.0,0.0,0.0,0.0,0.0,28.75,"[0.0, 0.39, 0.87, 1.25, 1.62, 1.94, 2.21, 2.47, 2.71, 2.97, 3.23, 3.54, 3.88, 4.38, 5.01, 5.87, 7.34, 9.12, 12.55]",Active,True,Active,4596334.0,2,5.8,2.9,2026-09-26 11:43:51,,
340,67,00-0041117,Athan Kaliakmanis,QB,WAS,SEA,1.0,2026_03_SEA_WAS,2026-09-27 13:00:00,4.086724170650809,0.0,11.263497026785894,6.067120144149832,-1.9803959734990224,F,29,-6.105729918252214,16.5,2,,True,2.0,"https://static.www.nfl.com/image/upload/f_auto,q_auto/league/ahtbv63jyg8ampmyrxn9",0.0,0.0,0.0,0.0,0.0,0.0,0.0,0.0,0.0,0.0,0.0,0.0,0.0,24.0,"[0.0, 0.0, 0.0, 0.0, 0.12, 0.42, 0.77, 1.14, 1.5, 1.82, 2.18, 2.89, 3.69, 5.14, 7.38, 8.99, 11.26, 13.83, 18.45]",Active,True,Active,4432722.0,0,0.0,,2026-09-26 11:43:51,,
341,108,00-0040890,Cyrus Allen,WR,KC,MIA,0.0,2026_03_KC_MIA,2026-09-27 13:00:00,4.080280526944383,0.6879814708358079,7.791788443883435,3.322157651720248,0.7581228752241347,B,23,-1.96507570032539,27.75,3,,True,4.0,"https://static.www.nfl.com/image/upload/f_auto,q_auto/league/qput6hanukjbatuao8ca",1.0,0.0,0.0,0.0,0.0,0.0,0.04,0.0,0.0,0.0,0.0,0.0,0.0,17.75,"[0.0, 0.14, 0.69, 1.17, 1.58, 1.93, 2.23, 2.53, 2.81, 3.08, 3.35, 3.6, 3.92, 4.5, 5.22, 6.31, 7.79, 9.73, 12.95]",Active,True,Active,4912218.0,1,0.0,0.0,2026-09-26 11:43:51,,
342,68,00-0040673,Jalen Milroe,QB,SEA,WAS,0.0,2026_03_SEA_WAS,2026-09-27 13:00:00,4.052179834995002,0.0,11.228952691130086,2.48857005924933,1.5636097757456715,A,2,6.847403172982628,24.0,2,,True,3.0,"https://static.www.nfl.com/image/upload/f_auto,q_auto/league/hohqoqpdyquxn1sr1fm2",0.0,1.0,0.0,0.0,1.302406884864705,0.0,0.0,0.0,0.0,0.0,0.0,0.0,0.0,16.5,"[0.0, 0.0, 0.0, 0.0, 0.08, 0.38, 0.73, 1.11, 1.47, 1.78, 2.14, 2.85, 3.65, 5.11, 7.34, 8.96, 11.23, 13.79, 18.42]",Active,True,Active,4432734.0,0,0.0,,2026-09-26 11:43:51,,
343,109,00-0041267,Malik McClain,WR,NYJ,DET,0.0,2026_03_NYJ_DET,2026-09-27 13:00:00,4.043531444428639,0.6512323883200639,7.755039361367691,4.216144554508144,-0.1726131100795056,C,7,4.365147025870685,21.0,3,,True,4.0,"https://static.www.nfl.com/image/upload/f_auto,q_auto/league/ekh5mirge1jmayln4tfe",0.0,0.0,0.0,0.0,0.0,0.0,0.0,0.0,0.0,0.0,0.0,0.0,0.0,27.5,"[0.0, 0.11, 0.65, 1.14, 1.54, 1.9, 2.2, 2.49, 2.77, 3.04, 3.31, 3.56, 3.88, 4.46, 5.18, 6.28, 7.76, 9.69, 12.92]",Active,True,Active,,0,0.0,,2026-09-26 11:43:51,,
344,63,00-0040078,Brashard Smith,RB,KC,MIA,0.0,2026_03_KC_MIA,2026-09-27 13:00:00,3.978038753717717,0.752576531365436,7.22786090200322,3.029270036820491,0.9487687168972264,B,1,9.017662992455104,27.75,2,,False,3.0,"https://static.www.nfl.com/image/upload/f_auto,q_auto/league/xnf4x6b9a2yunsc0gaej",1.4830727200028384,1.9771805745971984,0.0,0.0,7.341705810648645,5.946389687425625,0.0502500895299191,0.0,0.0,0.0,0.0,0.0,0.0,17.75,"[0.0, 0.27, 0.75, 1.14, 1.51, 1.82, 2.1, 2.35, 2.6, 2.86, 3.11, 3.42, 3.77, 4.26, 4.9, 5.76, 7.23, 9.01, 12.43]",Active,True,Active,4596602.0,1,0.0,0.0,2026-09-26 11:43:51,,
345,47,00-0035631,Drew Sample,TE,CIN,PIT,0.0,2026_03_CIN_PIT,2026-09-27 13:00:00,3.9551908120869776,0.8253138208164512,7.349464575464932,4.158851234836741,-0.2036604227497629,C,26,-3.165744158393005,23.0,2,,False,2.0,"https://static.www.nfl.com/image/upload/f_auto,q_auto/league/mmxrr2k7gdfowqpyxtr7",2.1488850031420688,0.0603605330182485,0.0,0.0,0.1810815990547457,13.20304470789668,0.0623506603229768,0.0,0.0,0.0,0.0,0.0,0.0,19.5,"[0.0, 0.32, 0.83, 1.22, 1.57, 1.85, 2.14, 2.42, 2.7, 2.99, 3.28, 3.63, 3.99, 4.48, 5.18, 6.03, 7.35, 9.08, 11.63]",Active,True,Active,3127310.0,1,4.9,4.9,2026-09-26 11:43:51,,
346,110,00-0037666,Jalen Tolbert,WR,MIA,KC,1.0,2026_03_KC_MIA,2026-09-27 13:00:00,3.952588049559109,0.5602889934505337,7.664095966498161,4.698709355728774,-0.7461213061696652,D,31,-11.174942804246568,17.75,3,,False,4.0,"https://static.www.nfl.com/image/upload/f_auto,q_auto/league/dthrzudnyh1mcrh1det2",2.716940551764664,0.0,0.0,0.0,0.0,16.05156370465731,0.0756370832596941,0.0,0.0,0.0,0.0,0.0,0.0,27.75,"[0.0, 0.02, 0.56, 1.05, 1.45, 1.81, 2.11, 2.4, 2.68, 2.95, 3.22, 3.47, 3.79, 4.37, 5.09, 6.18, 7.66, 9.6, 12.82]",Active,True,Active,4249417.0,0,0.0,,2026-09-26 11:43:51,,
347,111,00-0035406,Lil'Jordan Humphrey,WR,DEN,LA,1.0,2026_03_LA_DEN,2026-09-27 20:20:00,3.938952319253285,0.5466532631447105,7.650460236192338,3.912165289270004,0.0267870299832813,C,9,4.016316478447309,21.0,3,,False,6.0,"https://static.www.nfl.com/image/upload/f_auto,q_auto/league/otxrvkflhixz9akhmfqq",2.652225965185406,0.0,0.0,0.0,0.0,13.037768448071825,0.0809510186624832,0.0,0.0,0.0,0.0,0.0,0.0,23.5,"[0.0, 0.0, 0.55, 1.03, 1.44, 1.79, 2.09, 2.39, 2.67, 2.94, 3.21, 3.45, 3.77, 4.36, 5.08, 6.17, 7.65, 9.59, 12.81]",Active,True,Active,4039057.0,1,0.0,0.0,2026-09-26 11:43:51,,
348,69,00-0040981,Joe Fagnano,QB,BAL,DAL,0.0,2026_03_BAL_DAL,2026-09-27 16:25:00,3.934948571587933,0.0,11.111721427723015,3.2823376417233563,0.6526109298645766,B,6,3.025038584083433,28.5,2,,True,3.0,"https://static.www.nfl.com/image/upload/f_auto,q_auto/league/p8uqfsnpx153mn3gjtd3",0.0,0.0,0.0,0.0,0.0,0.0,0.0,0.0,0.0,0.0,0.0,0.0,0.0,25.0,"[0.0, 0.0, 0.0, 0.0, 0.0, 0.26, 0.61, 0.99, 1.35, 1.67, 2.02, 2.73, 3.54, 4.99, 7.22, 8.84, 11.11, 13.68, 18.3]",Active,True,Active,4429582.0,0,0.0,,2026-09-26 11:43:51,,
349,112,00-0041100,Josh Cameron,WR,JAX,NE,1.0,2026_03_NE_JAX,2026-09-27 13:00:00,3.9342221123790098,0.5419230562704351,7.645730029318063,3.655093869235997,0.2791282431430124,C,19,-0.3598596917299616,24.75,3,,True,4.0,"https://static.www.nfl.com/image/upload/f_auto,q_auto/league/jwb3wyhoqqq52mfiyxxc",0.9567053825006108,0.0,0.0,0.0,0.0,9.567053825006107,0.0455573991666957,0.0,0.0,0.0,0.0,0.0,0.0,21.75,"[0.0, 0.0, 0.54, 1.03, 1.43, 1.79, 2.09, 2.38, 2.66, 2.94, 3.2, 3.45, 3.77, 4.35, 5.07, 6.17, 7.65, 9.58, 12.81]",Active,True,Active,4879194.0,2,10.0,5.0,2026-09-26 11:43:51,,
350,28,DST_NYJ,New York Jets D/ST,DST,NYJ,DET,0.0,2026_03_NYJ_DET,2026-09-27 13:00:00,3.911094406517413,-1.013352199496505,8.74160103031113,5.936541166930339,-2.025446760412926,F,27,-2.3276591435467866,21.0,1,,False,1.0,https://a.espncdn.com/i/teamlogos/nfl/500/nyj.png,29.02165259562784,29.67160082410185,31.24780418586829,196.3893116484167,111.75928747413364,196.3893116484167,0.0,2.019122909524752,1.6228898770602769,0.0,2.249547315741696,0.6602451777769011,22.71916572843606,27.5,"[-3.17, -1.85, -1.01, -0.36, 0.27, 0.95, 1.44, 2.04, 2.5, 3.15, 3.67, 4.23, 4.93, 5.77, 6.67, 7.6, 8.74, 10.67, 13.4]",Active,True,Active,,2,15.0,7.5,2026-09-26 11:43:51,,
351,113,00-0032951,Laquon Treadwell,WR,IND,HOU,1.0,2026_03_HOU_IND,2026-09-27 13:00:00,3.895990729310385,0.5036916732018102,7.607498646249438,3.936787287506868,-0.040796558196483,C,12,3.326896691849145,20.5,3,,False,4.0,"https://static.www.nfl.com/image/upload/f_auto,q_auto/league/xspi3oy2wlnszorzn6vk",1.3842194968550834,0.0,0.0,0.0,0.0,21.556625517056705,0.0465131298792845,0.0,0.0,0.0,0.0,0.0,0.0,22.0,"[0.0, 0.0, 0.5, 0.99, 1.39, 1.75, 2.05, 2.35, 2.63, 2.9, 3.16, 3.41, 3.73, 4.31, 5.04, 6.13, 7.61, 9.54, 12.77]",Active,True,Active,3051889.0,2,9.1,4.6,2026-09-26 11:43:51,,
352,114,00-0040705,Chimere Dike,WR,TEN,NYG,0.0,2026_03_TEN_NYG,2026-09-27 13:00:00,3.859722141364317,0.4674230852557426,7.571230058303371,4.288115747859953,-0.4283936064956357,D,11,3.387232470981544,17.5,3,,False,5.0,"https://static.www.nfl.com/image/upload/f_auto,q_auto/league/cbcpv4931dqmgsu3anvo",2.464910026365884,0.252211343532275,0.0,0.0,0.3073102840485942,15.270870250738406,0.0805926089454704,0.0,0.0,0.0,0.0,0.0,0.0,20.0,"[0.0, 0.0, 0.47, 0.95, 1.36, 1.71, 2.01, 2.31, 2.59, 2.86, 3.13, 3.38, 3.69, 4.28, 5.0, 6.09, 7.57, 9.51, 12.73]",Active,True,Active,4431268.0,2,1.7,0.8,2026-09-26 11:43:51,,
353,115,00-0041529,Kevin Coleman Jr.,WR,MIA,KC,1.0,2026_03_KC_MIA,2026-09-27 13:00:00,3.8461163565623497,0.4538173004537751,7.557624273501403,4.996863995287278,-1.150747638724928,F,31,-11.174942804246568,17.75,3,,True,3.0,"https://static.www.nfl.com/image/upload/f_auto,q_auto/league/nqqd4zjnxephjb4qziww",2.0,0.0,0.0,0.0,0.0,0.0,0.074074074074074,0.0,0.0,0.0,0.0,0.0,0.0,27.75,"[0.0, 0.0, 0.45, 0.94, 1.34, 1.7, 2.0, 2.3, 2.58, 2.85, 3.11, 3.36, 3.68, 4.26, 4.99, 6.08, 7.56, 9.49, 12.72]",Active,True,Active,4685307.0,1,0.0,0.0,2026-09-26 11:43:51,,
354,64,00-0038951,Sean Tucker,RB,TB,MIN,1.0,2026_03_MIN_TB,2026-09-27 16:05:00,3.8237510178473393,0.598288795495058,7.073573166132842,4.1006694672337485,-0.2769184493864092,C,25,-2.9805856891475835,20.5,2,,False,3.0,"https://static.www.nfl.com/image/upload/f_auto,q_auto/league/wiarwjvy8p6bojlratp4",0.6114010052809506,5.391661050109314,0.0,0.0,18.64745490909524,2.0829754959334426,0.0177031824366886,0.0,0.0,0.0,0.0,0.0,0.0,22.0,"[0.0, 0.12, 0.6, 0.98, 1.36, 1.67, 1.94, 2.2, 2.44, 2.7, 2.96, 3.27, 3.61, 4.11, 4.74, 5.61, 7.07, 8.85, 12.28]",Active,True,Active,4430871.0,0,0.0,,2026-09-26 11:43:51,,
355,29,DST_ARI,Arizona Cardinals D/ST,DST,ARI,SF,0.0,2026_03_ARI_SF,2026-09-27 16:05:00,3.773821998642077,-1.150624607371841,8.604328622435794,6.203435983291165,-2.429613984649088,F,31,-4.237343230141694,19.5,1,,False,1.0,https://a.espncdn.com/i/teamlogos/nfl/500/ari.png,33.760410632671565,22.751311212301424,35.30267824610918,219.81470692944512,89.48470670053317,219.81470692944512,0.0,2.167150161101607,1.7457166140652296,0.0,1.8268142005301449,1.246393648109505,26.797711369592378,28.0,"[-3.31, -1.99, -1.15, -0.5, 0.13, 0.82, 1.31, 1.9, 2.36, 3.01, 3.54, 4.09, 4.79, 5.63, 6.53, 7.46, 8.6, 10.54, 13.26]",Active,True,Active,,2,12.0,6.0,2026-09-26 11:43:51,,
356,48,00-0036637,Noah Gray,TE,KC,MIA,0.0,2026_03_KC_MIA,2026-09-27 13:00:00,3.7715291342532375,0.6416521429827111,7.165802897631192,2.970689190123167,0.8008399441300704,A,8,3.584951383061251,27.75,2,,False,2.0,"https://static.www.nfl.com/image/upload/f_auto,q_auto/league/bpmlguml8jth2rbdfyp5",1.7239223009285063,0.0,0.0,0.0,0.0,7.315409576605852,0.0538178262646595,0.0,0.0,0.0,0.0,0.0,0.0,17.75,"[0.0, 0.14, 0.64, 1.04, 1.39, 1.67, 1.96, 2.23, 2.52, 2.8, 3.1, 3.44, 3.81, 4.3, 5.0, 5.85, 7.17, 8.89, 11.44]",Active,True,Active,4240472.0,2,1.5,0.8,2026-09-26 11:43:51,,
357,49,00-0037805,Jeremy Ruckert,TE,NYJ,DET,0.0,2026_03_NYJ_DET,2026-09-27 13:00:00,3.764247034078642,0.6343700428081158,7.158520797456596,3.2665217442990944,0.4977252897795479,B,2,7.966903091397335,21.0,2,,False,2.0,"https://static.www.nfl.com/image/upload/f_auto,q_auto/league/bcqcta7r1uee3rqhejdh",1.8542626000074005,0.0,0.0,0.0,0.0,8.057913150246659,0.0624319478192549,0.0,0.0,0.0,0.0,0.0,0.0,27.5,"[0.0, 0.13, 0.63, 1.03, 1.38, 1.66, 1.95, 2.23, 2.51, 2.8, 3.09, 3.44, 3.8, 4.29, 4.99, 5.84, 7.16, 8.88, 11.44]",Active,True,Active,4361372.0,2,3.9,2.0,2026-09-26 11:43:51,,
358,116,00-0035208,Olamide Zaccheaus,WR,ATL,GB,0.0,2026_03_ATL_GB,2026-09-24 20:15:00,3.7150025235416746,0.3227204619881458,7.4208890934864655,3.870276884118195,-0.1552743605765205,C,4,6.271161181040156,19.5,3,,False,3.0,"https://static.www.nfl.com/image/upload/f_auto,q_auto/league/zsnzd30ysrewgufbv06y",2.889450471203906,0.0739823927799767,0.0,0.0,0.4202290105854329,10.505277226131836,0.0962539754190656,0.0,0.0,0.0,0.0,0.0,0.0,24.0,"[0.0, 0.0, 0.32, 0.81, 1.21, 1.57, 1.87, 2.16, 2.44, 2.72, 2.98, 3.23, 3.55, 4.13, 4.86, 5.95, 7.42, 9.35, 12.59]",Active,True,Active,3917914.0,3,5.7,1.9,2026-09-24 19:34:09,2.9,nflverse
359,30,DST_DAL,Dallas Cowboys D/ST,DST,DAL,BAL,1.0,2026_03_BAL_DAL,2026-09-27 16:25:00,3.708530239435455,-1.2159163665784627,8.539036863229171,5.964181259539008,-2.255651020103553,F,21,-0.4658926678685187,25.0,1,,False,1.0,https://a.espncdn.com/i/teamlogos/nfl/500/dal.png,32.54001535179079,23.7787152907884,34.0414212652355,251.5349774380015,96.79372503615858,251.5349774380015,0.0,2.0853565121551574,3.104843370000344,0.0,1.4597441192132543,0.839057125041505,26.878664853857497,28.5,"[-3.37, -2.06, -1.22, -0.56, 0.07, 0.75, 1.24, 1.83, 2.3, 2.95, 3.47, 4.03, 4.72, 5.57, 6.46, 7.4, 8.54, 10.47, 13.2]",Active,True,Active,,2,6.0,3.0,2026-09-26 11:43:51,,
360,50,00-0040739,Elijah Arroyo,TE,SEA,WAS,0.0,2026_03_SEA_WAS,2026-09-27 13:00:00,3.678359217690376,0.5484822264198495,7.07263298106833,2.8863640781376176,0.7919951395527582,A,1,8.002544023815657,24.0,2,,False,3.0,"https://static.www.nfl.com/image/upload/f_auto,q_auto/league/m5rdyemjoxl4cuz9yun8",1.6137421802387897,0.0,0.0,0.0,0.0,13.3514727729658,0.0631497721810058,0.0,0.0,0.0,0.0,0.0,0.0,16.5,"[0.0, 0.04, 0.55, 0.94, 1.29, 1.58, 1.87, 2.14, 2.42, 2.71, 3.0, 3.35, 3.72, 4.21, 4.9, 5.76, 7.07, 8.8, 11.35]",Active,True,Active,4678006.0,1,2.7,2.7,2026-09-26 11:43:51,,
361,51,00-0040194,Jackson Hawes,TE,BUF,LAC,1.0,2026_03_LAC_BUF,2026-09-27 13:00:00,3.678355696368077,0.5484787050975508,7.072629459746032,3.095639451841369,0.5827162445267087,B,14,0.0139262747182616,28.75,2,,False,3.0,"https://static.www.nfl.com/image/upload/f_auto,q_auto/league/gl3easmpg7rn6e5siya2",1.2832001043785044,0.0,0.0,0.0,0.0,12.085873869896025,0.0507743745772153,0.0,0.0,0.0,0.0,0.0,0.0,21.75,"[0.0, 0.04, 0.55, 0.94, 1.29, 1.58, 1.87, 2.14, 2.42, 2.71, 3.0, 3.35, 3.72, 4.21, 4.9, 5.76, 7.07, 8.8, 11.35]",Active,True,Active,4573699.0,0,0.0,,2026-09-26 11:43:51,,
362,117,00-0040876,Elijah Sarratt,WR,BAL,DAL,0.0,2026_03_BAL_DAL,2026-09-27 16:25:00,3.660526441811893,0.2682273857033181,7.372034358750946,2.7540648308768167,0.906461610935076,B,14,2.9936804404916164,28.5,3,,True,5.0,"https://static.www.nfl.com/image/upload/f_auto,q_auto/league/rbtitvma6hjyotcajqtv",0.0,0.0,0.0,0.0,0.0,0.0,0.0,0.0,0.0,0.0,0.0,0.0,0.0,25.0,"[0.0, 0.0, 0.27, 0.75, 1.16, 1.51, 1.82, 2.11, 2.39, 2.66, 2.93, 3.18, 3.5, 4.08, 4.8, 5.89, 7.37, 9.31, 12.53]",Active,True,Active,5088338.0,0,0.0,,2026-09-26 11:43:51,,
363,70,00-0041092,Taylen Green,QB,CLE,CAR,1.0,2026_03_CAR_CLE,2026-09-27 13:00:00,3.618869962073891,0.0,10.795642818208975,3.2823376417233563,0.3365323203505346,C,9,2.3407301602730524,20.0,2,,True,3.0,"https://static.www.nfl.com/image/upload/f_auto,q_auto/league/ybylky9uitivzresfzt3",0.0,0.0,0.0,0.0,0.0,0.0,0.0,0.0,0.0,0.0,0.0,0.0,0.0,22.5,"[0.0, 0.0, 0.0, 0.0, 0.0, 0.0, 0.3, 0.67, 1.03, 1.35, 1.71, 2.42, 3.22, 4.68, 6.91, 8.53, 10.8, 13.36, 17.98]",Active,True,Active,4431325.0,0,0.0,,2026-09-26 11:43:51,,
364,71,00-0040906,Garrett Nussmeier,QB,KC,MIA,0.0,2026_03_KC_MIA,2026-09-27 13:00:00,3.605317255436205,0.0,10.78209011157129,3.2823376417233563,0.3229796137128491,C,14,1.0828580641976226,27.75,2,,True,3.0,"https://static.www.nfl.com/image/upload/f_auto,q_auto/league/uyidfkzfhuqaks3pmdeo",0.0,0.0,0.0,0.0,0.0,0.0,0.0,0.0,0.0,0.0,0.0,0.0,0.0,17.75,"[0.0, 0.0, 0.0, 0.0, 0.0, 0.0, 0.28, 0.66, 1.02, 1.34, 1.69, 2.4, 3.21, 4.66, 6.89, 8.51, 10.78, 13.35, 17.97]",Active,True,Active,4567747.0,0,0.0,,2026-09-26 11:43:51,,
365,65,00-0040177,Jordan James,RB,SF,ARI,1.0,2026_03_ARI_SF,2026-09-27 16:05:00,3.595352605015772,0.3698903826634905,6.845174753301275,3.054174120630931,0.5411784843848406,B,18,-0.3554071126463017,28.0,2,,True,3.0,"https://static.www.nfl.com/image/upload/f_auto,q_auto/league/un9cfqnwdzugrcy8caoh",0.2030115612989547,4.406023122597909,0.0,0.0,17.639150296886413,1.421080929092683,0.007518946714776,0.0,0.0,0.0,0.0,0.0,0.0,19.5,"[0.0, 0.0, 0.37, 0.76, 1.13, 1.44, 1.72, 1.97, 2.22, 2.47, 2.73, 3.04, 3.38, 3.88, 4.52, 5.38, 6.85, 8.63, 12.05]",Active,True,Active,4685397.0,1,1.5,1.5,2026-09-26 11:43:51,,
366,118,00-0036849,Tutu Atwell,WR,LA,DEN,0.0,2026_03_LA_DEN,2026-09-27 20:20:00,3.580195139473372,0.1878960833647975,7.291703056412425,3.810263313038723,-0.2300681735653507,C,29,-8.008497685707223,23.5,3,,False,5.0,"https://static.www.nfl.com/image/upload/f_auto,q_auto/league/tl2aa9ucbtcwhr1yk3tf",1.9836113717288792,0.0,0.0,0.0,0.0,22.219091625874245,0.0575509779426035,0.0,0.0,0.0,0.0,0.0,0.0,21.0,"[0.0, 0.0, 0.19, 0.67, 1.08, 1.43, 1.73, 2.03, 2.31, 2.58, 2.85, 3.1, 3.42, 4.0, 4.72, 5.81, 7.29, 9.23, 12.45]",Active,True,Active,4360797.0,1,2.9,2.9,2026-09-26 11:43:51,,
367,72,00-0028986,Case Keenum,QB,CHI,PHI,1.0,2026_03_PHI_CHI,2026-09-28 20:15:00,3.5730964436006203,0.0,10.749869299735703,3.2823376417233563,0.290758801877264,C,7,2.9485719615073536,18.5,2,,True,3.0,"https://static.www.nfl.com/image/upload/f_auto,q_auto/league/weixhyzal4ntsyszyepu",0.0,0.0,0.0,0.0,0.0,0.0,0.0,0.0,0.0,0.0,0.0,0.0,0.0,23.0,"[0.0, 0.0, 0.0, 0.0, 0.0, 0.0, 0.25, 0.63, 0.99, 1.31, 1.66, 2.37, 3.18, 4.63, 6.86, 8.48, 10.75, 13.32, 17.94]",Active,True,Active,15168.0,0,0.0,,2026-09-26 11:43:51,,
368,66,00-0038794,Jaleel McLaughlin,RB,CLE,CAR,1.0,2026_03_CAR_CLE,2026-09-27 13:00:00,3.573006308091114,0.3475440857388325,6.822828456376617,3.2220343672695604,0.3509719408215535,C,2,6.951790631624031,20.0,2,,False,3.0,"https://static.www.nfl.com/image/upload/f_auto,q_auto/league/jlzkji7mfkcmkyz2tygj",0.9738066827741936,3.298074773994493,0.0,0.0,15.746993556336896,2.055071068395875,0.0330570899693949,0.0,0.0,0.0,0.0,0.0,0.0,22.5,"[0.0, 0.0, 0.35, 0.73, 1.11, 1.42, 1.69, 1.95, 2.19, 2.45, 2.71, 3.02, 3.36, 3.86, 4.49, 5.36, 6.82, 8.6, 12.03]",Active,True,Active,4722893.0,1,0.3,0.3,2026-09-26 11:43:51,,
369,73,00-0034771,Mason Rudolph,QB,PIT,CIN,1.0,2026_03_CIN_PIT,2026-09-27 13:00:00,3.569035949951674,0.0,10.745808806086758,3.530092972220128,0.0389429777315459,C,16,0.3548365321017987,19.5,2,,False,2.0,"https://static.www.nfl.com/image/upload/f_auto,q_auto/league/oadtxde6hxz1jgrs618o",0.0,1.0602225739078426,5.377663745942732,28.546473029490127,1.917362343241894,0.0,0.0,0.0,0.0,0.0,0.0,0.0,0.0,23.0,"[0.0, 0.0, 0.0, 0.0, 0.0, 0.0, 0.25, 0.62, 0.98, 1.3, 1.66, 2.37, 3.17, 4.63, 6.86, 8.48, 10.75, 13.31, 17.93]",Active,True,Active,3116407.0,1,0.3,0.3,2026-09-26 11:43:51,,
370,67,00-0036893,Najee Harris,RB,NYG,TEN,1.0,2026_03_TEN_NYG,2026-09-27 13:00:00,3.5653509587523717,0.33988873640009,6.815173107037874,3.4879518239756857,0.0773991347766855,C,8,2.9172632585472447,20.0,2,,False,3.0,"https://static.www.nfl.com/image/upload/f_auto,q_auto/league/grfxgbvqnzz40r7rdtvk",0.4002114363689149,4.470594672275178,0.0,0.0,12.184152123546967,3.3730519766451863,0.013863291388542,0.0,0.0,0.0,0.0,0.0,0.0,17.5,"[0.0, 0.0, 0.34, 0.73, 1.1, 1.41, 1.69, 1.94, 2.19, 2.44, 2.7, 3.01, 3.35, 3.85, 4.49, 5.35, 6.82, 8.6, 12.02]",Active,True,Active,4241457.0,1,0.6,0.6,2026-09-26 11:43:51,,
371,31,DST_MIA,Miami Dolphins D/ST,DST,MIA,KC,1.0,2026_03_KC_MIA,2026-09-27 13:00:00,3.549034108621653,-1.375412497392265,8.37954073241537,5.986788644944109,-2.4377545363224566,F,24,-1.8943745585562488,17.75,1,,False,1.0,https://a.espncdn.com/i/teamlogos/nfl/500/mia.png,25.418853456405905,25.14008032005,25.90029301944528,200.2790976980964,105.86774810777764,200.2790976980964,0.0,2.3882981052286745,1.4633502640972211,0.0,1.1189042796004292,1.0914388507901858,28.20866453514019,27.75,"[-3.53, -2.22, -1.38, -0.72, -0.09, 0.59, 1.08, 1.67, 2.14, 2.79, 3.31, 3.87, 4.57, 5.41, 6.3, 7.24, 8.38, 10.31, 13.04]",Active,True,Active,,2,0.0,0.0,2026-09-26 11:43:51,,
372,52,00-0041503,Nate Boerkircher,TE,JAX,NE,1.0,2026_03_NE_JAX,2026-09-27 13:00:00,3.541481994500016,0.4116050032294893,6.9357557578779705,3.5643380874649333,-0.0228560929649175,C,24,-2.6968073698109047,24.75,2,,True,2.0,"https://static.www.nfl.com/image/upload/f_auto,q_auto/league/bxglkvzpx2y40u25xaso",1.0,0.0,0.0,0.0,0.0,9.0,0.0476190476190476,0.0,0.0,0.0,0.0,0.0,0.0,21.75,"[0.0, 0.0, 0.41, 0.81, 1.16, 1.44, 1.73, 2.0, 2.29, 2.57, 2.87, 3.21, 3.58, 4.07, 4.77, 5.62, 6.94, 8.66, 11.21]",Active,True,Active,4686248.0,1,1.9,1.9,2026-09-26 11:43:51,,
373,53,00-0038589,Josh Whyle,TE,GB,ATL,1.0,2026_03_ATL_GB,2026-09-24 20:15:00,3.5304766976780355,0.4002206436362128,6.925293539553231,3.04409274450052,0.4863839531775156,B,7,4.550797589254076,24.0,2,,False,3.0,"https://static.www.nfl.com/image/upload/f_auto,q_auto/league/an9hxzbzmg6kgkdai022",1.0,0.0,0.0,0.0,0.0,6.465623072118787,0.0482234133853519,0.0,0.0,0.0,0.0,0.0,0.0,19.5,"[0.0, 0.0, 0.4, 0.8, 1.14, 1.43, 1.72, 1.99, 2.27, 2.56, 2.86, 3.2, 3.57, 4.06, 4.76, 5.61, 6.93, 8.65, 11.2]",Active,True,Active,4360086.0,0,0.0,,2026-09-24 19:34:09,0.0,nflverse
374,119,00-0040024,Darius Cooper,WR,PHI,CHI,0.0,2026_03_PHI_CHI,2026-09-28 20:15:00,3.5282754774769094,0.1359764213683347,7.239783394415962,3.5031577493670083,0.025117728109901,C,16,1.6639397615764917,23.0,3,,False,4.0,"https://static.www.nfl.com/image/upload/f_auto,q_auto/league/pe71oe4eoyyfnq80fkxc",1.653743377386161,0.0,0.0,0.0,0.0,14.112342934773991,0.0517848798325695,0.0,0.0,0.0,0.0,0.0,0.0,18.5,"[0.0, 0.0, 0.14, 0.62, 1.03, 1.38, 1.68, 1.98, 2.26, 2.53, 2.8, 3.04, 3.36, 3.94, 4.67, 5.76, 7.24, 9.18, 12.4]",Active,True,Active,4715355.0,2,10.6,5.3,2026-09-26 11:43:51,,
375,120,00-0036980,Elijah Moore,WR,PHI,CHI,0.0,2026_03_PHI_CHI,2026-09-28 20:15:00,3.489794788301528,0.0974957321929532,7.201302705240581,3.464677060191625,0.0251177281099028,C,16,1.6639397615764917,23.0,3,,False,6.0,"https://static.www.nfl.com/image/upload/f_auto,q_auto/league/wax90oyx9vs0x9j4nt5n",1.850729025160209,0.4925260081641318,0.0,0.0,1.6934119128167613,10.53154272900895,0.0659611400910342,0.0,0.0,0.0,0.0,0.0,0.0,18.5,"[0.0, 0.0, 0.1, 0.58, 0.99, 1.34, 1.64, 1.94, 2.22, 2.49, 2.76, 3.01, 3.32, 3.91, 4.63, 5.72, 7.2, 9.14, 12.36]",Active,True,Active,4372414.0,0,0.0,,2026-09-26 11:43:51,,
376,121,00-0040782,Isaiah Bond,WR,CLE,CAR,1.0,2026_03_CAR_CLE,2026-09-27 13:00:00,3.486082366491016,0.0937833103824412,7.197590283430069,3.6685336750975663,-0.1824513086065504,C,17,0.2595730689160777,20.0,3,,False,4.0,"https://static.www.nfl.com/image/upload/f_auto,q_auto/league/piv889pkizjvgrtpfkxm",2.096637177150717,0.2646837410049082,0.0,0.0,1.282511928387832,19.47600327108241,0.0698332653305683,0.0,0.0,0.0,0.0,0.0,0.0,22.5,"[0.0, 0.0, 0.09, 0.58, 0.98, 1.34, 1.64, 1.94, 2.22, 2.49, 2.75, 3.0, 3.32, 3.9, 4.63, 5.72, 7.2, 9.13, 12.36]",Active,True,Active,4808839.0,1,2.0,2.0,2026-09-26 11:43:51,,
377,68,00-0039798,Isaiah Davis,RB,NYJ,DET,0.0,2026_03_NYJ_DET,2026-09-27 13:00:00,3.4818634252125324,0.2564012028602511,6.731685573498035,3.5876665752591945,-0.105803150046662,C,9,2.5445295029914763,21.0,2,,False,3.0,"https://static.www.nfl.com/image/upload/f_auto,q_auto/league/x6r9a5xhtaklbvnqmtw7",1.176598560746672,2.1237794637554885,0.0,0.0,11.459857790492288,8.773488865162482,0.0411298899836065,0.0,0.0,0.0,0.0,0.0,0.0,27.5,"[0.0, 0.0, 0.26, 0.64, 1.01, 1.32, 1.6, 1.86, 2.1, 2.36, 2.62, 2.93, 3.27, 3.77, 4.4, 5.26, 6.73, 8.51, 11.94]",Active,True,Active,4695404.0,1,0.0,0.0,2026-09-26 11:43:51,,
378,69,00-0038705,Emari Demercado,RB,DAL,BAL,1.0,2026_03_BAL_DAL,2026-09-27 16:25:00,3.4738324780630387,0.2483702557107574,6.723654626348542,3.1579320097547567,0.315900468308282,C,17,-0.290770448646386,25.0,2,,False,2.0,"https://static.www.nfl.com/image/upload/f_auto,q_auto/league/wu0sm9ttr4aiugi9fquf",0.7811302560366931,3.085521668502339,0.0,0.0,15.574924841498373,4.213357516569992,0.0205451829186143,0.0,0.0,0.0,0.0,0.0,0.0,28.5,"[0.0, 0.0, 0.25, 0.64, 1.01, 1.32, 1.59, 1.85, 2.09, 2.35, 2.61, 2.92, 3.26, 3.76, 4.39, 5.26, 6.72, 8.5, 11.93]",Active,True,Active,4362478.0,2,1.5,0.8,2026-09-26 11:43:51,,
379,122,00-0035500,Greg Dortch,WR,BUF,LAC,1.0,2026_03_LAC_BUF,2026-09-27 13:00:00,3.4495922955189897,0.057293239410415,7.161100212458043,2.603089217094851,0.8465030784241385,B,3,7.388318795914675,28.75,3,,False,6.0,"https://static.www.nfl.com/image/upload/f_auto,q_auto/league/pylafoddjiqh4rhjlhpf",1.3127820424843473,0.2793626316917739,0.0,0.0,0.4218653835773564,8.64193593270383,0.0312162571452548,0.0,0.0,0.0,0.0,0.0,0.0,21.75,"[0.0, 0.0, 0.06, 0.54, 0.95, 1.3, 1.6, 1.9, 2.18, 2.45, 2.72, 2.97, 3.28, 3.87, 4.59, 5.68, 7.16, 9.1, 12.32]",Active,True,Active,4037235.0,2,0.0,0.0,2026-09-26 11:43:51,,
380,54,00-0039074,Davis Allen,TE,LA,DEN,0.0,2026_03_LA_DEN,2026-09-27 20:20:00,3.448314354346812,0.3184373630762858,6.842588117724766,3.4653084034392547,-0.0169940490924425,C,20,-1.449221027771366,23.5,2,,False,3.0,"https://static.www.nfl.com/image/upload/f_auto,q_auto/league/iweydtcrfchsl3mt6jtd",1.6473162973551223,0.0,0.0,0.0,0.0,12.167782927556804,0.0498968654755036,0.0,0.0,0.0,0.0,0.0,0.0,21.0,"[0.0, 0.0, 0.32, 0.71, 1.06, 1.35, 1.64, 1.91, 2.19, 2.48, 2.77, 3.12, 3.49, 3.98, 4.67, 5.53, 6.84, 8.57, 11.12]",Active,True,Active,4426553.0,2,4.0,2.0,2026-09-26 11:43:51,,
381,55,00-0034270,Tyler Conklin,TE,DET,NYJ,1.0,2026_03_NYJ_DET,2026-09-27 13:00:00,3.421969989186989,0.2920929979164626,6.816243752564944,3.141062759109757,0.2809072300772319,B,22,-2.228271145684766,27.5,2,,False,3.0,"https://static.www.nfl.com/image/upload/f_auto,q_auto/league/knjuzxnzsfjxwcjxp5en",1.6218239785997168,0.132749610461431,0.0,0.0,0.265499220922862,15.756932150327636,0.0456132472286507,0.0,0.0,0.0,0.0,0.0,0.0,21.0,"[0.0, 0.0, 0.29, 0.69, 1.04, 1.32, 1.61, 1.89, 2.17, 2.45, 2.75, 3.1, 3.46, 3.95, 4.65, 5.5, 6.82, 8.54, 11.09]",Active,True,Active,3915486.0,0,0.0,,2026-09-26 11:43:51,,
382,123,00-0036626,Dyami Brown,WR,WAS,SEA,1.0,2026_03_SEA_WAS,2026-09-27 13:00:00,3.403277793280018,0.0109787371714431,7.114785710219071,4.360957850100787,-0.9576800568207692,D,32,-14.266071470507672,16.5,3,,False,4.0,"https://static.www.nfl.com/image/upload/f_auto,q_auto/league/addv9eheok1jj7amfkpb",3.6022944954456104,0.1991904362677995,0.3029903056391715,0.0,0.9799467718257544,13.468720456407288,0.1090338397093347,0.0,0.0,0.0,0.0,0.0,0.0,24.0,"[0.0, 0.0, 0.01, 0.5, 0.9, 1.26, 1.56, 1.85, 2.13, 2.4, 2.67, 2.92, 3.24, 3.82, 4.54, 5.64, 7.11, 9.05, 12.27]",Active,True,Active,4361577.0,2,4.1,2.0,2026-09-26 11:43:51,,
383,70,00-0032104,Ameer Abdullah,RB,JAX,NE,1.0,2026_03_NE_JAX,2026-09-27 13:00:00,3.3897115688546364,0.1642493465023551,6.639533717140139,3.213327779221019,0.1763837896336175,C,22,-2.012031851893699,24.75,2,,False,4.0,"https://static.www.nfl.com/image/upload/f_auto,q_auto/league/k8teyeiqchljlm0h5te4",1.20594107368542,2.381671399375746,0.0,0.0,13.47170770841878,4.538651715728175,0.044611077103865,0.0,0.0,0.0,0.0,0.0,0.0,21.75,"[0.0, 0.0, 0.16, 0.55, 0.92, 1.23, 1.51, 1.77, 2.01, 2.27, 2.52, 2.84, 3.18, 3.68, 4.31, 5.17, 6.64, 8.42, 11.85]",Active,True,Active,2576336.0,2,6.5,3.2,2026-09-26 11:43:51,,
384,56,00-0036422,Adam Trautman,TE,DEN,LA,1.0,2026_03_LA_DEN,2026-09-27 20:20:00,3.3759925355191416,0.2461155442486151,6.770266298897096,3.929153622758753,-0.5531610872396113,D,29,-4.747712017669031,21.0,2,,False,2.0,"https://static.www.nfl.com/image/upload/f_auto,q_auto/league/bqsgkwkfolczyrxmdp1j",2.254839851285347,0.0,0.0,0.0,0.0,13.156692186854082,0.0690613189683955,0.0,0.0,0.0,0.0,0.0,0.0,23.5,"[0.0, 0.0, 0.25, 0.64, 0.99, 1.27, 1.57, 1.84, 2.12, 2.41, 2.7, 3.05, 3.41, 3.9, 4.6, 5.45, 6.77, 8.5, 11.05]",Active,True,Active,3911853.0,1,3.0,3.0,2026-09-26 11:43:51,,
385,71,00-0033376,Patrick Ricard,RB,NYG,TEN,1.0,2026_03_TEN_NYG,2026-09-27 13:00:00,3.323588982504913,0.0981267601526316,6.573411130790416,3.2461898477282274,0.0773991347766855,C,8,2.9172632585472447,20.0,2,,False,,"https://static.www.nfl.com/image/upload/f_auto,q_auto/league/nm7ezh46zd5bdxaxz6a9",0.7065383850756705,0.08663464062961,0.0,0.0,0.2599039218888302,0.98015906999771,0.0269149980872488,0.0,0.0,0.0,0.0,0.0,0.0,17.5,"[0.0, 0.0, 0.1, 0.48, 0.86, 1.17, 1.44, 1.7, 1.94, 2.2, 2.46, 2.77, 3.11, 3.61, 4.24, 5.11, 6.57, 8.35, 11.78]",Active,True,Active,2975417.0,1,0.0,0.0,2026-09-26 11:43:51,,
386,57,00-0041395,Eli Raridon,TE,NE,JAX,0.0,2026_03_NE_JAX,2026-09-27 13:00:00,3.318869106995143,0.1889921157246163,6.7131428703730975,3.3369433027111244,-0.0180741957159815,C,13,0.6599941665186049,21.75,2,Questionable,True,2.0,"https://static.www.nfl.com/image/upload/f_auto,q_auto/league/tglrg0yek3kwrt8rqz5t",1.0,0.0,0.0,0.0,0.0,16.606124644991446,0.040271080011516,0.0,0.0,0.0,0.0,0.0,0.0,24.75,"[0.0, 0.0, 0.19, 0.58, 0.93, 1.22, 1.51, 1.78, 2.06, 2.35, 2.64, 2.99, 3.36, 3.85, 4.55, 5.4, 6.71, 8.44, 10.99]",Questionable,True,Active,4831959.0,2,11.2,5.6,2026-09-26 11:43:51,,
387,74,00-0040203,Will Howard,QB,PIT,CIN,1.0,2026_03_CIN_PIT,2026-09-27 13:00:00,3.3051664417967213,0.0,10.481939297931806,3.2823376417233563,0.0228288000733649,C,16,0.3548365321017987,19.5,2,,True,3.0,"https://static.www.nfl.com/image/upload/f_auto,q_auto/league/wzt7xj9ownxfit5igpcd",0.0,0.0,0.0,0.0,0.0,0.0,0.0,0.0,0.0,0.0,0.0,0.0,0.0,23.0,"[0.0, 0.0, 0.0, 0.0, 0.0, 0.0, 0.0, 0.36, 0.72, 1.04, 1.39, 2.1, 2.91, 4.36, 6.59, 8.21, 10.48, 13.05, 17.67]",Active,True,Active,4429955.0,0,0.0,,2026-09-26 11:43:51,,
388,72,00-0039746,Will Shipley,RB,PHI,CHI,0.0,2026_03_PHI_CHI,2026-09-28 20:15:00,3.2975661789232227,0.0721039565709413,6.547388327208726,3.045112208039879,0.2524539708833435,C,4,5.137805474107638,23.0,2,,False,3.0,"https://static.www.nfl.com/image/upload/f_auto,q_auto/league/pvpaepncsdfgzdubkuhg",1.2525606945659826,2.864705218974063,0.0,0.0,8.869738972957688,5.559630837329307,0.0423717702670932,0.0,0.0,0.0,0.0,0.0,0.0,18.5,"[0.0, 0.0, 0.07, 0.46, 0.83, 1.14, 1.42, 1.67, 1.92, 2.17, 2.43, 2.74, 3.09, 3.58, 4.22, 5.08, 6.55, 8.33, 11.75]",Active,True,Active,4431545.0,2,7.1,3.6,2026-09-26 11:43:51,,
389,58,00-0033217,Mo Alie-Cox,TE,IND,HOU,1.0,2026_03_HOU_IND,2026-09-27 13:00:00,3.2821404126426024,0.1522634213720759,6.676414176020557,3.5551341698799583,-0.2729937572373559,D,19,-0.6616652477521382,20.5,2,,False,2.0,"https://static.www.nfl.com/image/upload/f_auto,q_auto/league/ivdxijcqlhfwsydxh6ox",2.011876220324807,0.0,0.0,0.0,0.0,11.279623403617084,0.0623463014757058,0.0,0.0,0.0,0.0,0.0,0.0,22.0,"[0.0, 0.0, 0.15, 0.55, 0.9, 1.18, 1.47, 1.75, 2.03, 2.31, 2.61, 2.96, 3.32, 3.81, 4.51, 5.36, 6.68, 8.4, 10.95]",Active,True,Active,2998565.0,0,0.0,,2026-09-26 11:43:51,,
390,59,00-0033246,Johnny Mundt,TE,PHI,CHI,0.0,2026_03_PHI_CHI,2026-09-28 20:15:00,3.272867873346878,0.1429908820763517,6.667141636724832,3.382893745997615,-0.1100258726507368,C,21,-2.0019014071179684,23.0,2,,False,2.0,"https://static.www.nfl.com/image/upload/f_auto,q_auto/league/gbsnomwbzavt5124vvaz",2.077491718393773,0.0,0.0,0.0,0.0,9.47972935461354,0.0650761018665284,0.0,0.0,0.0,0.0,0.0,0.0,18.5,"[0.0, 0.0, 0.14, 0.54, 0.89, 1.17, 1.46, 1.74, 2.02, 2.31, 2.6, 2.95, 3.31, 3.8, 4.5, 5.35, 6.67, 8.39, 10.95]",Active,True,Active,3052096.0,1,2.8,2.8,2026-09-26 11:43:51,,
391,32,DST_LAC,Los Angeles Chargers D/ST,DST,LAC,BUF,0.0,2026_03_LAC_BUF,2026-09-27 13:00:00,3.2258652243563315,-1.6985813816575863,8.056371848150048,5.9721831050172645,-2.746317880660933,F,32,-6.245980918361275,21.75,1,,False,1.0,https://a.espncdn.com/i/teamlogos/nfl/500/lac.png,28.581108506954617,26.992549201569155,29.67586993956627,206.51067546287703,111.27587217137598,206.51067546287703,0.0,1.3497641029316385,1.885917320326892,0.0,2.1541284801301663,0.993995606054392,22.710117566826035,28.75,"[-3.86, -2.54, -1.7, -1.05, -0.41, 0.27, 0.76, 1.35, 1.81, 2.47, 2.99, 3.54, 4.24, 5.08, 5.98, 6.92, 8.06, 9.99, 12.71]",Active,True,Active,,2,5.0,2.5,2026-09-26 11:43:51,,
392,60,00-0034798,Durham Smythe,TE,BAL,DAL,0.0,2026_03_BAL_DAL,2026-09-27 16:25:00,3.21470501074966,0.0848280194791337,6.608978774127614,2.2128917697271904,1.0018132410224698,A,5,5.177468914293607,28.5,2,,False,2.0,"https://static.www.nfl.com/image/upload/f_auto,q_auto/league/pwcuy1ntmris98x8xmxi",0.9975873703616804,0.0,0.0,0.0,0.0,2.7796169460789883,0.0341922132248282,0.0,0.0,0.0,0.0,0.0,0.0,25.0,"[0.0, 0.0, 0.08, 0.48, 0.83, 1.11, 1.4, 1.68, 1.96, 2.25, 2.54, 2.89, 3.25, 3.74, 4.44, 5.29, 6.61, 8.33, 10.89]",Active,True,Active,3052897.0,2,1.4,0.7,2026-09-26 11:43:51,,
393,75,00-0041194,Jack Strand,QB,ATL,GB,0.0,2026_03_ATL_GB,2026-09-24 20:15:00,3.211130582710772,0.0,10.26177655632609,3.755074831839594,-0.5439442491288222,D,21,-0.7931699363124608,19.5,2,,True,4.0,"https://static.www.nfl.com/image/upload/f_auto,q_auto/league/oadw9h9otuauaiv1vxvz",0.0,2.0,15.0,59.0,16.0,0.0,0.0,0.0,0.0,0.0,0.0,0.0,0.0,24.0,"[0.0, 0.0, 0.0, 0.0, 0.0, 0.0, 0.0, 0.28, 0.63, 0.96, 1.31, 1.97, 2.78, 4.18, 6.46, 8.07, 10.26, 12.79, 17.54]",Active,True,Active,5344782.0,1,-0.0,-0.0,2026-09-24 19:34:09,0.0,nflverse
394,124,00-0040590,Konata Mumpfield,WR,LA,DEN,0.0,2026_03_LA_DEN,2026-09-27 20:20:00,3.203823994035127,0.0,6.91533191097418,3.4338921676004768,-0.2300681735653498,C,29,-8.008497685707223,23.5,3,,False,3.0,"https://static.www.nfl.com/image/upload/f_auto,q_auto/league/cehkowkvb4aujslmppbj",1.88501521859851,0.0,0.0,0.0,0.0,7.344829527263675,0.0563590793399001,0.0,0.0,0.0,0.0,0.0,0.0,21.0,"[0.0, 0.0, 0.0, 0.3, 0.7, 1.06, 1.36, 1.65, 1.93, 2.21, 2.47, 2.72, 3.04, 3.62, 4.34, 5.44, 6.92, 8.85, 12.08]",Active,True,Active,4710855.0,2,2.2,1.1,2026-09-26 11:43:51,,
395,125,00-0040718,Travis Hunter,WR,JAX,NE,1.0,2026_03_NE_JAX,2026-09-27 13:00:00,3.1789662220504598,0.0,6.8904741389895126,2.7540648308768167,0.4249013911736425,B,19,-0.3598596917299616,24.75,3,,True,5.0,"https://static.www.nfl.com/image/upload/f_auto,q_auto/league/absw1gfqoiztajjagmf6",0.0,0.0,0.0,0.0,0.0,0.0,0.0,0.0,0.0,0.0,0.0,0.0,0.0,21.75,"[0.0, 0.0, 0.0, 0.27, 0.68, 1.03, 1.33, 1.63, 1.91, 2.18, 2.45, 2.69, 3.01, 3.6, 4.32, 5.41, 6.89, 8.83, 12.05]",Active,True,Active,4685415.0,0,0.0,,2026-09-26 11:43:51,,
396,126,00-0041106,C.J. Williams,WR,JAX,NE,1.0,2026_03_NE_JAX,2026-09-27 13:00:00,3.1789662220504598,0.0,6.8904741389895126,2.7540648308768167,0.4249013911736425,B,19,-0.3598596917299616,24.75,3,,True,6.0,"https://static.www.nfl.com/image/upload/f_auto,q_auto/league/svmb2citno2f6zqc9qbm",0.0,0.0,0.0,0.0,0.0,0.0,0.0,0.0,0.0,0.0,0.0,0.0,0.0,21.75,"[0.0, 0.0, 0.0, 0.27, 0.68, 1.03, 1.33, 1.63, 1.91, 2.18, 2.45, 2.69, 3.01, 3.6, 4.32, 5.41, 6.89, 8.83, 12.05]",Active,True,Active,5085024.0,0,0.0,,2026-09-26 11:43:51,,
397,73,00-0037085,Tyler Badie,RB,DEN,LA,1.0,2026_03_LA_DEN,2026-09-27 20:20:00,3.171369314898995,0.0,6.421191463184498,3.8154102579055342,-0.644040943006539,D,32,-9.067275620202803,21.0,2,,False,3.0,"https://static.www.nfl.com/image/upload/f_auto,q_auto/league/ghhul5piv9vzeih6atsj",2.0406239155228465,0.7158033313633735,0.0,0.0,1.4001993120176952,13.454690633866711,0.0623149446272197,0.0,0.0,0.0,0.0,0.0,0.0,23.5,"[0.0, 0.0, 0.0, 0.33, 0.7, 1.01, 1.29, 1.55, 1.79, 2.05, 2.31, 2.62, 2.96, 3.46, 4.09, 4.95, 6.42, 8.2, 11.63]",Active,True,Active,4362748.0,1,4.9,4.9,2026-09-26 11:43:51,,
398,127,00-0040930,Camden Brown,WR,DAL,BAL,1.0,2026_03_BAL_DAL,2026-09-27 16:25:00,3.166443888250923,0.0,6.877951805189976,2.7540648308768167,0.4123790573741064,B,21,-1.200301287884041,25.0,3,,True,6.0,"https://static.www.nfl.com/image/upload/f_auto,q_auto/league/tvoztpalnmmattxhdaoa",0.0,0.0,0.0,0.0,0.0,0.0,0.0,0.0,0.0,0.0,0.0,0.0,0.0,28.5,"[0.0, 0.0, 0.0, 0.26, 0.66, 1.02, 1.32, 1.62, 1.9, 2.17, 2.44, 2.68, 3.0, 3.58, 4.31, 5.4, 6.88, 8.81, 12.04]",Active,True,Active,4808759.0,0,0.0,,2026-09-26 11:43:51,,
399,74,00-0041490,Eli Heidenreich,RB,PIT,CIN,1.0,2026_03_CIN_PIT,2026-09-27 13:00:00,3.155790196411264,0.0,6.405612344696767,3.9744185218354735,-0.8186283254242093,D,26,-3.3106772544374192,19.5,2,,True,2.0,"https://static.www.nfl.com/image/upload/f_auto,q_auto/league/jhiyjb8jmjyzehmrrjoy",0.0,0.0,0.0,0.0,0.0,0.0,0.0,0.0,0.0,0.0,0.0,0.0,0.0,23.0,"[0.0, 0.0, 0.0, 0.32, 0.69, 1.0, 1.28, 1.53, 1.78, 2.03, 2.29, 2.6, 2.95, 3.44, 4.08, 4.94, 6.41, 8.19, 11.61]",Active,True,Active,5081508.0,2,0.0,0.0,2026-09-26 11:43:51,,
400,128,00-0040785,Dohnte Meyers,WR,CIN,PIT,0.0,2026_03_CIN_PIT,2026-09-27 13:00:00,3.127552866537054,0.0,6.839060783476107,3.361915710299558,-0.2343628437625038,C,27,-4.754448771337329,23.0,3,,True,4.0,"https://static.www.nfl.com/image/upload/f_auto,q_auto/league/xkxpqhtebubkbv1irlkc",1.0,0.4783526912503054,0.0,0.0,4.783526912503054,8.610348442505497,0.0308965293417922,0.0,0.0,0.0,0.0,0.0,0.0,19.5,"[0.0, 0.0, 0.0, 0.22, 0.63, 0.98, 1.28, 1.58, 1.86, 2.13, 2.4, 2.64, 2.96, 3.54, 4.27, 5.36, 6.84, 8.78, 12.0]",Active,True,Active,4384852.0,2,3.8,1.9,2026-09-26 11:43:51,,
401,129,00-0040277,Jahdae Walker,WR,CHI,PHI,1.0,2026_03_PHI_CHI,2026-09-28 20:15:00,3.108743028094711,0.0,6.820250945033765,3.6840792178590194,-0.5753361897643083,D,28,-7.912554945179455,18.5,3,,False,5.0,"https://static.www.nfl.com/image/upload/f_auto,q_auto/league/cr13mo2xrpdkksy8fveq",1.488762418138897,0.0,0.0,0.0,0.0,9.658489695386448,0.0494284708111725,0.0,0.0,0.0,0.0,0.0,0.0,23.0,"[0.0, 0.0, 0.0, 0.2, 0.61, 0.96, 1.26, 1.56, 1.84, 2.11, 2.38, 2.62, 2.94, 3.53, 4.25, 5.34, 6.82, 8.76, 11.98]",Active,True,Active,5160110.0,1,7.1,7.1,2026-09-26 11:43:51,,
402,61,00-0038783,Nate Adkins,TE,DEN,LA,1.0,2026_03_LA_DEN,2026-09-27 20:20:00,3.104930437588071,0.0,6.499204200966025,3.6580915248276815,-0.5531610872396113,D,29,-4.747712017669031,21.0,2,,False,3.0,"https://static.www.nfl.com/image/upload/f_auto,q_auto/league/hedaw0ksq5qdzp9uhe3w",1.5867448422596333,0.3400357142074944,0.0,0.0,2.0402142852449665,13.146927295390627,0.0502337796337707,0.0,0.0,0.0,0.0,0.0,0.0,23.5,"[0.0, 0.0, 0.0, 0.37, 0.72, 1.0, 1.29, 1.57, 1.85, 2.14, 2.43, 2.78, 3.14, 3.63, 4.33, 5.18, 6.5, 8.23, 10.78]",Active,True,Active,4383440.0,2,12.8,6.4,2026-09-26 11:43:51,,
403,130,00-0040894,Malik Benson,WR,LV,NO,0.0,2026_03_LV_NO,2026-09-27 16:25:00,3.1034417611823084,0.0,6.814949678121362,3.32233667909633,-0.2188949179140213,C,10,3.862106245476425,20.25,3,,True,4.0,"https://static.www.nfl.com/image/upload/f_auto,q_auto/league/tndlq4zmq6r9nsvmzih6",1.478352691250305,0.4783526912503054,0.0,0.0,-3.826821530002443,2.870116147501832,0.0509776790086312,0.0,0.0,0.0,0.0,0.0,0.0,23.25,"[0.0, 0.0, 0.0, 0.2, 0.6, 0.96, 1.26, 1.55, 1.83, 2.1, 2.37, 2.62, 2.94, 3.52, 4.24, 5.34, 6.81, 8.75, 11.97]",Active,True,Active,5150247.0,2,0.8,0.4,2026-09-26 11:43:51,,
404,62,00-0036628,John Bates,TE,WAS,SEA,1.0,2026_03_SEA_WAS,2026-09-27 13:00:00,3.08423756146889,0.0,6.478511324846844,3.933376596254932,-0.8491390347860421,F,25,-2.993571858988445,16.5,2,,False,2.0,"https://static.www.nfl.com/image/upload/f_auto,q_auto/league/sqaiwpind6kk4ns4acql",2.0743595767568923,0.0,0.0,0.0,0.0,11.072009461960551,0.0810168044762503,0.0,0.0,0.0,0.0,0.0,0.0,24.0,"[0.0, 0.0, 0.0, 0.35, 0.7, 0.98, 1.27, 1.55, 1.83, 2.12, 2.41, 2.76, 3.12, 3.61, 4.31, 5.16, 6.48, 8.2, 10.76]",Active,True,Active,4048228.0,1,3.3,3.3,2026-09-26 11:43:51,,
405,131,00-0040621,Montorie Foster Jr,WR,SEA,WAS,0.0,2026_03_SEA_WAS,2026-09-27 13:00:00,3.0685628219952763,0.0,6.780070738934329,1.9883514656804904,1.0802113563147857,A,5,5.866187398450362,24.0,3,,True,5.0,"https://static.www.nfl.com/image/upload/f_auto,q_auto/league/qkyl0pfhi4pmzdtodu9k",0.0,0.0,0.0,0.0,0.0,0.0,0.0,0.0,0.0,0.0,0.0,0.0,0.0,16.5,"[0.0, 0.0, 0.0, 0.16, 0.57, 0.92, 1.22, 1.52, 1.8, 2.07, 2.34, 2.58, 2.9, 3.49, 4.21, 5.3, 6.78, 8.72, 11.94]",Active,True,Active,4600597.0,1,0.0,0.0,2026-09-26 11:43:51,,
406,132,00-0039751,Jordan Whittington,WR,LA,DEN,0.0,2026_03_LA_DEN,2026-09-27 20:20:00,3.044253042553647,0.0,6.755760959492701,3.274321216118998,-0.2300681735653507,C,29,-8.008497685707223,23.5,3,,False,2.0,"https://static.www.nfl.com/image/upload/f_auto,q_auto/league/enqcg1lgjkuk0hqz3qjc",1.2306423752554498,0.1333297446618562,0.0,0.0,0.2521199229543077,10.040274531488317,0.0385266327492406,0.0,0.0,0.0,0.0,0.0,0.0,21.0,"[0.0, 0.0, 0.0, 0.14, 0.54, 0.9, 1.2, 1.49, 1.77, 2.05, 2.31, 2.56, 2.88, 3.46, 4.18, 5.28, 6.76, 8.69, 11.92]",Active,True,Active,4569382.0,1,1.8,1.8,2026-09-26 11:43:51,,
407,133,00-0039355,Luke McCaffrey,WR,WAS,SEA,1.0,2026_03_SEA_WAS,2026-09-27 13:00:00,3.037320953491013,0.0,6.748828870430067,3.995001010311784,-0.9576800568207702,D,32,-14.266071470507672,16.5,3,,False,7.0,"https://static.www.nfl.com/image/upload/f_auto,q_auto/league/xtxiwlkniuldrqg65n3q",1.6694967729671264,0.0,0.0,0.0,0.0,21.47087403803344,0.0664204846440529,0.0,0.0,0.0,0.0,0.0,0.0,24.0,"[0.0, 0.0, 0.0, 0.13, 0.54, 0.89, 1.19, 1.49, 1.77, 2.04, 2.31, 2.55, 2.87, 3.45, 4.18, 5.27, 6.75, 8.69, 11.91]",Active,True,Active,4426948.0,0,0.0,,2026-09-26 11:43:51,,
408,63,00-0040879,Matthew Hibner,TE,BAL,DAL,0.0,2026_03_BAL_DAL,2026-09-27 16:25:00,3.0356238100619546,0.0,6.429897573439909,2.2920364059223823,0.7435874041395723,A,5,5.177468914293607,28.5,2,,True,3.0,"https://static.www.nfl.com/image/upload/f_auto,q_auto/league/kkkia0wl2sqsjiwecde0",1.0,0.0,0.0,0.0,0.0,13.0,0.0416666666666666,0.0,0.0,0.0,0.0,0.0,0.0,25.0,"[0.0, 0.0, 0.0, 0.3, 0.65, 0.93, 1.23, 1.5, 1.78, 2.07, 2.36, 2.71, 3.07, 3.56, 4.26, 5.11, 6.43, 8.16, 10.71]",Active,True,Active,4432260.0,1,2.3,2.3,2026-09-26 11:43:51,,
409,134,00-0037801,KaVontae Turpin,WR,DAL,BAL,1.0,2026_03_BAL_DAL,2026-09-27 16:25:00,3.019351191557183,0.0,6.730859108496237,2.786194062992738,0.2331571285644447,C,21,-1.200301287884041,25.0,3,,False,4.0,"https://static.www.nfl.com/image/upload/f_auto,q_auto/league/tayjlp1hgmm6rewgl1k4",1.3367271516039372,0.7952631893136415,0.0,0.0,3.180803491233614,14.125229291241196,0.0390968611708437,0.0,0.0,0.0,0.0,0.0,0.0,28.5,"[0.0, 0.0, 0.0, 0.11, 0.52, 0.87, 1.17, 1.47, 1.75, 2.02, 2.29, 2.54, 2.85, 3.44, 4.16, 5.25, 6.73, 8.67, 11.89]",Active,True,Active,3676833.0,2,1.9,1.0,2026-09-26 11:43:51,,
410,64,00-0040187,Mitchell Evans,TE,CAR,CLE,0.0,2026_03_CAR_CLE,2026-09-27 13:00:00,2.9989637650074705,0.0,6.393237528385425,3.028578355705585,-0.0296145906981148,C,17,-0.3987482731510873,22.5,2,,False,3.0,"https://static.www.nfl.com/image/upload/f_auto,q_auto/league/yruhsxdnyfaa7iswn1dp",1.5950817714656818,0.0442049517332643,0.0,0.0,0.0442049517332643,10.702785928114873,0.052913616414424,0.0,0.0,0.0,0.0,0.0,0.0,20.0,"[0.0, 0.0, 0.0, 0.26, 0.61, 0.9, 1.19, 1.46, 1.74, 2.03, 2.32, 2.67, 3.04, 3.53, 4.23, 5.08, 6.39, 8.12, 10.67]",Active,True,Active,4683243.0,2,4.2,2.1,2026-09-26 11:43:51,,
411,135,00-0041044,Zachariah Branch,WR,ATL,GB,0.0,2026_03_ATL_GB,2026-09-24 20:15:00,2.9952579980899987,0.0,6.70114456803479,3.220075337578621,-0.2248173394886223,C,4,6.271161181040156,19.5,3,,True,4.0,"https://static.www.nfl.com/image/upload/f_auto,q_auto/league/qwbo8lgyd85dlwnbznsc",1.0432946174993891,0.0,0.0,0.0,0.0,7.303062322495724,0.0336546650806254,0.0,0.0,0.0,0.0,0.0,0.0,24.0,"[0.0, 0.0, 0.0, 0.09, 0.49, 0.85, 1.15, 1.44, 1.72, 2.0, 2.26, 2.51, 2.83, 3.41, 4.14, 5.23, 6.7, 8.63, 11.87]",Active,True,Active,4870612.0,3,5.1,1.7,2026-09-24 19:34:09,1.7000000000000002,nflverse
412,65,00-0036754,Brock Wright,TE,DET,NYJ,1.0,2026_03_NYJ_DET,2026-09-27 13:00:00,2.9599626754267643,0.0,6.354236438804719,2.6790554453495323,0.2809072300772319,B,22,-2.228271145684766,27.5,2,,False,2.0,"https://static.www.nfl.com/image/upload/f_auto,q_auto/league/ghmaeofuj87fm97yhvcp",1.3904383643443317,0.0,0.0,0.0,0.0,6.554090706813353,0.0415063861665442,0.0,0.0,0.0,0.0,0.0,0.0,21.0,"[0.0, 0.0, 0.0, 0.22, 0.57, 0.86, 1.15, 1.42, 1.7, 1.99, 2.28, 2.63, 3.0, 3.49, 4.19, 5.04, 6.35, 8.08, 10.63]",Active,True,Active,4242392.0,2,1.5,0.8,2026-09-26 11:43:51,,
413,66,00-0040215,Gavin Bartholomew,TE,MIN,TB,0.0,2026_03_MIN_TB,2026-09-27 16:05:00,2.952300547029945,0.0,6.3465743104079,1.8940582961598589,1.0582422508700866,A,3,7.145075216515093,22.0,2,,True,3.0,"https://static.www.nfl.com/image/upload/f_auto,q_auto/league/vezjblfvo9gduiyonlum",0.0,0.0,0.0,0.0,0.0,0.0,0.0,0.0,0.0,0.0,0.0,0.0,0.0,20.5,"[0.0, 0.0, 0.0, 0.22, 0.57, 0.85, 1.14, 1.42, 1.7, 1.98, 2.28, 2.63, 2.99, 3.48, 4.18, 5.03, 6.35, 8.07, 10.62]",Active,True,Active,4708049.0,0,0.0,,2026-09-26 11:43:51,,
414,75,00-0039364,Sione Vaki,RB,DET,NYJ,1.0,2026_03_NYJ_DET,2026-09-27 13:00:00,2.944996073553624,0.0,6.194818221839127,2.363065220086602,0.5819308534670222,B,14,0.2698532562620907,27.5,2,,False,2.0,"https://static.www.nfl.com/image/upload/f_auto,q_auto/league/abqcluf2gbejhiyjjtoz",0.6300220850765291,0.9712164706192158,0.0,0.0,4.569441097932504,7.587541586107904,0.0163761731160871,0.0,0.0,0.0,0.0,0.0,0.0,21.0,"[0.0, 0.0, 0.0, 0.11, 0.48, 0.79, 1.06, 1.32, 1.57, 1.82, 2.08, 2.39, 2.73, 3.23, 3.87, 4.73, 6.19, 7.98, 11.4]",Active,True,Active,4912274.0,2,5.8,2.9,2026-09-26 11:43:51,,
415,67,00-0036887,Luke Farrell,TE,SF,ARI,1.0,2026_03_ARI_SF,2026-09-27 16:05:00,2.9340707372068664,0.0,6.328344500584821,2.340695647225457,0.5933750899814094,B,12,1.0519178295763438,28.0,2,,False,2.0,"https://static.www.nfl.com/image/upload/f_auto,q_auto/league/kdq2zratulrdsv4ykugy",1.006740261994086,0.0,0.0,0.0,0.0,6.909513994712557,0.0311074502074312,0.0,0.0,0.0,0.0,0.0,0.0,19.5,"[0.0, 0.0, 0.0, 0.2, 0.55, 0.83, 1.12, 1.4, 1.68, 1.97, 2.26, 2.61, 2.97, 3.46, 4.16, 5.01, 6.33, 8.05, 10.61]",Active,True,Active,4040612.0,2,3.9,2.0,2026-09-26 11:43:51,,
416,136,00-0040646,Jalen Royals,WR,KC,MIA,0.0,2026_03_KC_MIA,2026-09-27 13:00:00,2.8748192601898834,0.0,6.586327177128936,2.524715505192227,0.3501037549976562,C,23,-1.96507570032539,27.75,3,,False,5.0,"https://static.www.nfl.com/image/upload/f_auto,q_auto/league/sqrid1hnmwqymcp2vxfx",1.1254252783190914,0.0,0.0,0.0,0.0,2.965622530858764,0.0286557008694117,0.0,0.0,0.0,0.0,0.0,0.0,17.75,"[0.0, 0.0, 0.0, 0.0, 0.37, 0.73, 1.03, 1.32, 1.6, 1.88, 2.14, 2.39, 2.71, 3.29, 4.01, 5.11, 6.59, 8.52, 11.75]",Active,True,Active,5082630.0,2,8.6,4.3,2026-09-26 11:43:51,,
417,137,00-0040075,LaJohntay Wester,WR,BAL,DAL,0.0,2026_03_BAL_DAL,2026-09-27 16:25:00,2.8738454324988387,0.0,6.585353349437892,2.3001150759693685,0.5737303565294702,B,14,2.9936804404916164,28.5,3,,False,6.0,"https://static.www.nfl.com/image/upload/f_auto,q_auto/league/t6cyhtqoihm88xppswud",1.0957022729198334,0.0,0.0,0.0,0.0,7.931981975968974,0.0415481540307146,0.0,0.0,0.0,0.0,0.0,0.0,25.0,"[0.0, 0.0, 0.0, 0.0, 0.37, 0.73, 1.03, 1.32, 1.6, 1.88, 2.14, 2.39, 2.71, 3.29, 4.01, 5.11, 6.59, 8.52, 11.75]",Active,True,Active,4690143.0,2,5.9,3.0,2026-09-26 11:43:51,,
418,76,00-0041123,Behren Morton,QB,NE,JAX,0.0,2026_03_NE_JAX,2026-09-27 13:00:00,2.860636042387527,0.0,10.03740889852261,3.2823376417233563,-0.4217015993358295,C,20,-0.6076904641395319,21.75,2,,True,3.0,"https://static.www.nfl.com/image/upload/f_auto,q_auto/league/st5s1urflg14hwvx8uzl",0.0,0.0,0.0,0.0,0.0,0.0,0.0,0.0,0.0,0.0,0.0,0.0,0.0,24.75,"[0.0, 0.0, 0.0, 0.0, 0.0, 0.0, 0.0, 0.0, 0.27, 0.59, 0.95, 1.66, 2.46, 3.92, 6.15, 7.77, 10.04, 12.6, 17.22]",Active,True,Active,4431465.0,0,0.0,,2026-09-26 11:43:51,,
419,68,00-0041524,Will Kacmarek,TE,MIA,KC,1.0,2026_03_KC_MIA,2026-09-27 13:00:00,2.8324634865635234,0.0,6.226737249941477,3.0994450416361774,-0.266981555072654,C,9,3.1432850013624525,17.75,2,,True,2.0,"https://static.www.nfl.com/image/upload/f_auto,q_auto/league/erqascuieblamkhf2vbs",1.0,0.0,0.0,0.0,0.0,2.0865892349987782,0.0403970841143297,0.0,0.0,0.0,0.0,0.0,0.0,27.75,"[0.0, 0.0, 0.0, 0.1, 0.45, 0.73, 1.02, 1.3, 1.58, 1.86, 2.16, 2.51, 2.87, 3.36, 4.06, 4.91, 6.23, 7.95, 10.5]",Active,True,Active,4880236.0,2,1.4,0.7,2026-09-26 11:43:51,,
420,69,00-0034365,Ian Thomas,TE,LV,NO,0.0,2026_03_LV_NO,2026-09-27 16:25:00,2.8285610305069704,0.0,6.222834793884925,3.0455771281881394,-0.217016097681169,C,15,-0.011561373012771,20.25,2,,False,3.0,"https://static.www.nfl.com/image/upload/f_auto,q_auto/league/gvpwnq0mjefjlekgzxro",1.350867570687335,0.0,0.0,0.0,0.0,12.828845581517111,0.0425533515823948,0.0,0.0,0.0,0.0,0.0,0.0,23.25,"[0.0, 0.0, 0.0, 0.09, 0.44, 0.73, 1.02, 1.29, 1.57, 1.86, 2.15, 2.5, 2.87, 3.36, 4.05, 4.91, 6.22, 7.95, 10.5]",Active,True,Active,4045305.0,1,2.1,2.1,2026-09-26 11:43:51,,
421,76,00-0039299,George Holani,RB,SEA,WAS,0.0,2026_03_SEA_WAS,2026-09-27 13:00:00,2.8187881907876946,0.0,6.068610339073198,3.122524056044369,-0.3037358652566739,C,30,-4.409697966230712,24.0,2,,False,3.0,"https://static.www.nfl.com/image/upload/f_auto,q_auto/league/pgwvv5qhcmnwf3tomy1a",0.8778856246631598,4.388442103648559,0.0,0.0,14.918377520696293,2.733852549412202,0.032791340780832,0.0,0.0,0.0,0.0,0.0,0.0,16.5,"[0.0, 0.0, 0.0, 0.0, 0.35, 0.66, 0.94, 1.19, 1.44, 1.7, 1.95, 2.27, 2.61, 3.1, 3.74, 4.6, 6.07, 7.85, 11.27]",Active,True,Active,4429835.0,2,5.4,2.7,2026-09-26 11:43:51,,
422,77,00-0041149,Haynes King,QB,CAR,CLE,0.0,2026_03_CAR_CLE,2026-09-27 13:00:00,2.806122021022033,0.0,9.982894877157118,3.2823376417233563,-0.476215620701323,C,24,-1.6455408438373786,22.5,2,,True,3.0,"https://static.www.nfl.com/image/upload/f_auto,q_auto/league/qcloyq4ahyh0hfzo6i0i",0.0,0.0,0.0,0.0,0.0,0.0,0.0,0.0,0.0,0.0,0.0,0.0,0.0,20.0,"[0.0, 0.0, 0.0, 0.0, 0.0, 0.0, 0.0, 0.0, 0.22, 0.54, 0.9, 1.61, 2.41, 3.86, 6.09, 7.71, 9.98, 12.55, 17.17]",Active,True,Active,4428993.0,0,0.0,,2026-09-26 11:43:51,,
423,77,00-0039875,Ray Davis,RB,BUF,LAC,1.0,2026_03_LAC_BUF,2026-09-27 13:00:00,2.8025785315086797,0.0,6.052400679794182,2.3565429424750564,0.4460355890336229,B,27,-3.415604060411791,28.75,2,,False,2.0,"https://static.www.nfl.com/image/upload/f_auto,q_auto/league/xibwzhrl6q5xkgh3utug",0.4412671403906889,1.8778999254589224,0.0,0.0,10.024654525142797,4.5091941893308345,0.0157131110265672,0.0,0.0,0.0,0.0,0.0,0.0,21.75,"[0.0, 0.0, 0.0, 0.0, 0.34, 0.65, 0.92, 1.18, 1.42, 1.68, 1.94, 2.25, 2.59, 3.09, 3.72, 4.58, 6.05, 7.83, 11.26]",Active,True,Active,4429501.0,2,0.3,0.2,2026-09-26 11:43:51,,
424,70,00-0038115,Daniel Bellinger,TE,TEN,NYG,0.0,2026_03_TEN_NYG,2026-09-27 13:00:00,2.7734690828935102,0.0,6.167742846271464,3.134748714998022,-0.3612796321045119,D,11,1.515485241013074,17.5,2,,False,2.0,"https://static.www.nfl.com/image/upload/f_auto,q_auto/league/nvabdu88h2cvroeygabo",1.5177081153976186,0.0,0.0,0.0,0.0,11.79049111270335,0.0567085640884285,0.0,0.0,0.0,0.0,0.0,0.0,20.0,"[0.0, 0.0, 0.0, 0.04, 0.39, 0.67, 0.96, 1.24, 1.52, 1.81, 2.1, 2.45, 2.81, 3.3, 4.0, 4.85, 6.17, 7.89, 10.45]",Active,True,Active,4361516.0,2,1.7,0.8,2026-09-26 11:43:51,,
425,78,00-0040179,DJ Giddens,RB,IND,HOU,1.0,2026_03_HOU_IND,2026-09-27 13:00:00,2.772762010193051,0.0,6.022584158478554,3.334195627273779,-0.5614336170807279,D,31,-7.176486037261855,20.5,2,,False,3.0,"https://static.www.nfl.com/image/upload/f_auto,q_auto/league/y2vrgvb9kbvfpmyb3yzu",0.3985043823073479,5.172477647251895,0.0,0.0,19.28375445341773,0.0,0.0124991025075519,0.0,0.0,0.0,0.0,0.0,0.0,22.0,"[0.0, 0.0, 0.0, 0.0, 0.31, 0.62, 0.89, 1.15, 1.39, 1.65, 1.91, 2.22, 2.56, 3.06, 3.69, 4.55, 6.02, 7.8, 11.23]",Active,True,Active,4874509.0,0,0.0,,2026-09-26 11:43:51,,
426,71,00-0040081,Jake Briningstool,TE,KC,MIA,0.0,2026_03_KC_MIA,2026-09-27 13:00:00,2.7630912678733948,0.0,6.157365031251349,2.0874346608922854,0.6756566069811094,B,8,3.584951383061251,27.75,2,,True,3.0,"https://static.www.nfl.com/image/upload/f_auto,q_auto/league/q7n84oth87v1glz5a5sz",1.0,0.0,0.0,0.0,0.0,9.0,0.04,0.0,0.0,0.0,0.0,0.0,0.0,17.75,"[0.0, 0.0, 0.0, 0.03, 0.38, 0.66, 0.95, 1.23, 1.51, 1.8, 2.09, 2.44, 2.8, 3.29, 3.99, 4.84, 6.16, 7.88, 10.44]",Active,True,Active,4431196.0,1,1.9,1.9,2026-09-26 11:43:51,,
427,79,00-0041326,CJ Donaldson,RB,NO,LV,1.0,2026_03_LV_NO,2026-09-27 16:25:00,2.693702044223434,0.0,5.943524192508937,2.7107926788591,-0.0170906346356662,C,24,-2.838840779134308,23.25,2,,True,3.0,"https://static.www.nfl.com/image/upload/f_auto,q_auto/league/lwl0pyoz7mbjcne0stsx",0.9567053825006108,1.478352691250305,0.0,0.0,2.9567053825006107,-0.9567053825006108,0.018398180432704,0.0,0.0,0.0,0.0,0.0,0.0,20.25,"[0.0, 0.0, 0.0, 0.0, 0.23, 0.54, 0.81, 1.07, 1.31, 1.57, 1.83, 2.14, 2.48, 2.98, 3.61, 4.48, 5.94, 7.72, 11.15]",Active,True,Active,5081999.0,2,1.4,0.7,2026-09-26 11:43:51,,
428,72,00-0039489,Hayden Rucci,TE,LAC,BUF,0.0,2026_03_LAC_BUF,2026-09-27 13:00:00,2.672159139404361,0.0,6.066432902782315,2.835259119792301,-0.16309998038794,C,16,-0.2269580921117432,21.75,2,,True,2.0,"https://static.www.nfl.com/image/upload/f_auto,q_auto/league/vkscrzclmd0tboxpi8lk",0.0,0.0,0.0,0.0,0.0,0.0,0.0,0.0,0.0,0.0,0.0,0.0,0.0,28.75,"[0.0, 0.0, 0.0, 0.0, 0.29, 0.57, 0.86, 1.14, 1.42, 1.7, 2.0, 2.35, 2.71, 3.2, 3.9, 4.75, 6.07, 7.79, 10.34]",Active,True,Active,4428396.0,0,0.0,,2026-09-26 11:43:51,,
429,138,00-0040948,J. Michael Sturdivant,WR,GB,ATL,1.0,2026_03_ATL_GB,2026-09-24 20:15:00,2.642126611264747,0.0,6.348013181209538,2.3763509409696777,0.2657756702950693,C,18,0.0955672049176264,24.0,3,,True,5.0,"https://static.www.nfl.com/image/upload/f_auto,q_auto/league/jpcewjixipg3iuu2ucyq",0.0,0.0,0.0,0.0,0.0,0.0,0.0,0.0,0.0,0.0,0.0,0.0,0.0,19.5,"[0.0, 0.0, 0.0, 0.0, 0.14, 0.5, 0.8, 1.09, 1.37, 1.64, 1.91, 2.16, 2.48, 3.06, 3.78, 4.87, 6.35, 8.28, 11.52]",Active,True,Active,4635009.0,2,5.2,2.6,2026-09-24 19:34:09,5.2,nflverse
430,73,00-0039814,Erick All,TE,CIN,PIT,0.0,2026_03_CIN_PIT,2026-09-27 13:00:00,2.6266863440757438,0.0,6.020960107453698,2.752126424713428,-0.1254400806376843,C,26,-3.165744158393005,23.0,2,,True,3.0,"https://static.www.nfl.com/image/upload/f_auto,q_auto/league/ifkhcxze7lnxkpzjvsmk",3.0,0.0,0.0,0.0,0.0,5.0,0.0967741935483871,0.0,0.0,0.0,0.0,0.0,0.0,19.5,"[0.0, 0.0, 0.0, 0.0, 0.24, 0.52, 0.82, 1.09, 1.37, 1.66, 1.95, 2.3, 2.66, 3.15, 3.85, 4.7, 6.02, 7.75, 10.3]",Active,True,Active,4427834.0,1,2.5,2.5,2026-09-26 11:43:51,,
431,139,00-0037742,Treylon Burks,WR,WAS,SEA,1.0,2026_03_SEA_WAS,2026-09-27 13:00:00,2.6211813685059164,0.0,6.332689285444969,3.5788614253266866,-0.9576800568207702,D,32,-14.266071470507672,16.5,3,,False,5.0,"https://static.www.nfl.com/image/upload/f_auto,q_auto/league/bmozbzdxgnnwdniuvgnn",2.124212747014017,0.0,0.0,0.0,0.0,9.314027005267423,0.0924580037851265,0.0,0.0,0.0,0.0,0.0,0.0,24.0,"[0.0, 0.0, 0.0, 0.0, 0.12, 0.47, 0.78, 1.07, 1.35, 1.62, 1.89, 2.14, 2.46, 3.04, 3.76, 4.85, 6.33, 8.27, 11.49]",Active,True,Active,4567156.0,1,0.0,0.0,2026-09-26 11:43:51,,
432,80,00-0041104,Demond Claiborne,RB,MIN,TB,0.0,2026_03_MIN_TB,2026-09-27 16:05:00,2.60678669398494,0.0,5.856608842270442,2.871901529198957,-0.2651148352140176,C,19,-1.329172997090597,22.0,2,,True,3.0,"https://static.www.nfl.com/image/upload/f_auto,q_auto/league/vmozbbdzgcaqq1yrixeb",1.0,0.0,0.0,0.0,0.0,2.0,0.0526315789473684,0.0,0.0,0.0,0.0,0.0,0.0,20.5,"[0.0, 0.0, 0.0, 0.0, 0.14, 0.45, 0.73, 0.98, 1.23, 1.48, 1.74, 2.05, 2.4, 2.89, 3.53, 4.39, 5.86, 7.64, 11.06]",Active,True,Active,4832846.0,1,1.2,1.2,2026-09-26 11:43:51,,
433,78,00-0041568,Ty Simpson,QB,LA,DEN,0.0,2026_03_LA_DEN,2026-09-27 20:20:00,2.576436791660268,0.0,9.753209647795352,3.2823376417233563,-0.7059008500630881,D,26,-4.014286024392746,23.5,2,,True,3.0,"https://static.www.nfl.com/image/upload/f_auto,q_auto/league/lbvqgmsidrpxh1jyyey6",0.0,0.0,0.0,0.0,0.0,0.0,0.0,0.0,0.0,0.0,0.0,0.0,0.0,21.0,"[0.0, 0.0, 0.0, 0.0, 0.0, 0.0, 0.0, 0.0, 0.0, 0.31, 0.67, 1.38, 2.18, 3.63, 5.87, 7.48, 9.75, 12.32, 16.94]",Active,True,Active,4685522.0,0,0.0,,2026-09-26 11:43:51,,
434,81,00-0036425,DeeJay Dallas,RB,MIN,TB,0.0,2026_03_MIN_TB,2026-09-27 16:05:00,2.565309157514968,0.0,5.81513130580047,2.8425736487299567,-0.2772644912149893,C,19,-1.329172997090597,22.0,2,,False,2.0,"https://static.www.nfl.com/image/upload/f_auto,q_auto/league/qrvemj4m3g2mqlbgy352",0.7710143043259662,0.9181189447291556,0.0,0.0,4.282115991038571,4.768905295864768,0.0358609543854459,0.0,0.0,0.0,0.0,0.0,0.0,20.5,"[0.0, 0.0, 0.0, 0.0, 0.1, 0.41, 0.69, 0.94, 1.19, 1.44, 1.7, 2.01, 2.35, 2.85, 3.49, 4.35, 5.82, 7.6, 11.02]",Active,True,Active,4240631.0,2,4.1,2.0,2026-09-26 11:43:51,,
435,79,00-0037013,Zach Wilson,QB,NO,LV,1.0,2026_03_LV_NO,2026-09-27 16:25:00,2.5294701721718127,0.0,9.706243028306895,2.4182251650822693,0.1112450070895434,C,25,-1.6697520998099462,23.25,2,,False,3.0,"https://static.www.nfl.com/image/upload/f_auto,q_auto/league/i17xpbsar7evcypbhtel",0.0,0.7382003868005074,2.553053195663265,6.99215986240331,0.1358195959999063,0.0,0.0,0.0,0.0,0.0,0.0,0.0,0.0,20.25,"[0.0, 0.0, 0.0, 0.0, 0.0, 0.0, 0.0, 0.0, 0.0, 0.26, 0.62, 1.33, 2.13, 3.59, 5.82, 7.44, 9.71, 12.27, 16.89]",Active,True,Active,4361259.0,0,0.0,,2026-09-26 11:43:51,,
436,140,00-0041132,Deion Burks,WR,IND,HOU,1.0,2026_03_HOU_IND,2026-09-27 13:00:00,2.5241578481815483,0.0,6.2356657651206016,2.571696703829846,-0.0475388556482978,C,12,3.326896691849145,20.5,3,,True,5.0,"https://static.www.nfl.com/image/upload/f_auto,q_auto/league/mbejyq733jilg3bkpzur",0.0,2.0,0.0,0.0,14.0,0.0,0.0,0.0,0.0,0.0,0.0,0.0,0.0,22.0,"[0.0, 0.0, 0.0, 0.0, 0.02, 0.38, 0.68, 0.97, 1.25, 1.53, 1.79, 2.04, 2.36, 2.94, 3.66, 4.76, 6.24, 8.17, 11.4]",Active,True,Active,4683151.0,1,1.4,1.4,2026-09-26 11:43:51,,
437,74,00-0039912,Ben Sinnott,TE,WAS,SEA,1.0,2026_03_SEA_WAS,2026-09-27 13:00:00,2.504042935286298,0.0,5.898316698664252,3.353181970072341,-0.849139034786043,F,25,-2.993571858988445,16.5,2,,False,1.0,"https://static.www.nfl.com/image/upload/f_auto,q_auto/league/ilkrv6dqajndnlsbmv8f",1.3872316154696156,0.0,0.0,0.0,0.0,10.520754312088696,0.0597909968485017,0.0,0.0,0.0,0.0,0.0,0.0,24.0,"[0.0, 0.0, 0.0, 0.0, 0.12, 0.4, 0.69, 0.97, 1.25, 1.54, 1.83, 2.18, 2.54, 3.03, 3.73, 4.58, 5.9, 7.62, 10.18]",Active,True,Active,4690923.0,1,1.6,1.6,2026-09-26 11:43:51,,
438,141,00-0040131,Kyle Williams,WR,NE,JAX,0.0,2026_03_NE_JAX,2026-09-27 13:00:00,2.468899998143724,0.0,6.180407915082776,2.6854037508399973,-0.2165037526962736,C,24,-2.392291641214892,21.75,3,,False,4.0,"https://static.www.nfl.com/image/upload/f_auto,q_auto/league/xkicyhizq6sm86wr5osk",1.378713694489352,0.0546631212761956,0.0,0.0,0.1668392524007565,8.841854070560863,0.0540171980202318,0.0,0.0,0.0,0.0,0.0,0.0,24.75,"[0.0, 0.0, 0.0, 0.0, 0.0, 0.32, 0.62, 0.92, 1.2, 1.47, 1.74, 1.98, 2.3, 2.89, 3.61, 4.7, 6.18, 8.12, 11.34]",Active,True,Active,4613202.0,2,2.0,1.0,2026-09-26 11:43:51,,
439,142,00-0041399,CJ Daniels,WR,LA,DEN,0.0,2026_03_LA_DEN,2026-09-27 20:20:00,2.457207442096001,0.0,6.168715359035055,2.7540648308768167,-0.2968573887808152,C,29,-8.008497685707223,23.5,3,,True,6.0,"https://static.www.nfl.com/image/upload/f_auto,q_auto/league/jqx2xj6xmri9hrjm8azc",0.0,0.0,0.0,0.0,0.0,0.0,0.0,0.0,0.0,0.0,0.0,0.0,0.0,21.0,"[0.0, 0.0, 0.0, 0.0, 0.0, 0.31, 0.61, 0.91, 1.19, 1.46, 1.73, 1.97, 2.29, 2.87, 3.6, 4.69, 6.17, 8.1, 11.33]",Active,True,Active,4605951.0,0,0.0,,2026-09-26 11:43:51,,
440,75,00-0041472,Marlin Klein,TE,HOU,IND,0.0,2026_03_HOU_IND,2026-09-27 13:00:00,2.456121273622749,0.0,5.850395037000704,2.161969183893034,0.2941520897297147,B,6,5.135374100177506,22.0,2,,True,3.0,"https://static.www.nfl.com/image/upload/f_auto,q_auto/league/ek2nzhrwqxl6psbm2iic",1.0,0.0,0.0,0.0,0.0,16.0,0.027027027027027,0.0,0.0,0.0,0.0,0.0,0.0,20.5,"[0.0, 0.0, 0.0, 0.0, 0.07, 0.35, 0.65, 0.92, 1.2, 1.49, 1.78, 2.13, 2.49, 2.98, 3.68, 4.53, 5.85, 7.58, 10.13]",Active,True,Active,4695705.0,1,2.6,2.6,2026-09-26 11:43:51,,
441,143,00-0038824,Ryan Miller,WR,MIA,KC,1.0,2026_03_KC_MIA,2026-09-27 13:00:00,2.4537040020170107,0.0,6.165211918956064,3.199825308186676,-0.7461213061696652,D,31,-11.174942804246568,17.75,3,Questionable,False,5.0,"https://static.www.nfl.com/image/upload/f_auto,q_auto/league/g7bpkzvg0xyww8weku0r",0.6002546767954638,0.0,0.0,0.0,0.0,30.917376585670127,0.0226929704080736,0.0,0.0,0.0,0.0,0.0,0.0,27.75,"[0.0, 0.0, 0.0, 0.0, 0.0, 0.31, 0.61, 0.9, 1.18, 1.45, 1.72, 1.97, 2.29, 2.87, 3.59, 4.69, 6.17, 8.1, 11.33]",Questionable,True,Active,4369466.0,1,14.7,14.7,2026-09-26 11:43:51,,
442,144,00-0034854,KhaDarel Hodge,WR,SF,ARI,1.0,2026_03_ARI_SF,2026-09-27 16:05:00,2.442216326540508,0.0,6.1537242434795605,1.7170275443342922,0.7251887822062155,B,6,5.714090884231345,28.0,3,,False,5.0,"https://static.www.nfl.com/image/upload/f_auto,q_auto/league/mozew14dow474cun5eqp",0.7658577954929463,0.0,0.0,0.0,0.0,7.261887362334849,0.0299694019284244,0.0,0.0,0.0,0.0,0.0,0.0,19.5,"[0.0, 0.0, 0.0, 0.0, 0.0, 0.3, 0.6, 0.89, 1.17, 1.44, 1.71, 1.96, 2.28, 2.86, 3.58, 4.67, 6.15, 8.09, 11.31]",Active,True,Active,3047876.0,2,2.8,1.4,2026-09-26 11:43:51,,
443,82,00-0040886,Nicholas Singleton,RB,TEN,NYG,0.0,2026_03_TEN_NYG,2026-09-27 13:00:00,2.4419505245848865,0.0,5.691772672870389,2.794842111219447,-0.3528915866345605,C,7,3.650229425774356,17.5,2,,True,3.0,"https://static.www.nfl.com/image/upload/f_auto,q_auto/league/ztwqbc0s69cbz5ow0r0q",0.0,4.0,0.0,0.0,10.0,0.0,0.0,0.0,0.0,0.0,0.0,0.0,0.0,20.0,"[0.0, 0.0, 0.0, 0.0, 0.0, 0.28, 0.56, 0.82, 1.06, 1.32, 1.58, 1.89, 2.23, 2.73, 3.36, 4.22, 5.69, 7.47, 10.9]",Active,True,Active,4685555.0,1,1.0,1.0,2026-09-26 11:43:51,,
444,80,00-0036879,Sam Ehlinger,QB,DEN,LA,1.0,2026_03_LA_DEN,2026-09-27 20:20:00,2.432394510345368,0.0,9.609167366480452,3.2823376417233563,-0.8499431313779882,D,32,-7.325864312696092,21.0,2,,True,3.0,"https://static.www.nfl.com/image/upload/f_auto,q_auto/league/imtb2ia03w2ujrl9dprs",0.0,0.0,0.0,0.0,0.0,0.0,0.0,0.0,0.0,0.0,0.0,0.0,0.0,23.5,"[0.0, 0.0, 0.0, 0.0, 0.0, 0.0, 0.0, 0.0, 0.0, 0.16, 0.52, 1.23, 2.04, 3.49, 5.72, 7.34, 9.61, 12.17, 16.8]",Active,True,Active,4241820.0,0,0.0,,2026-09-26 11:43:51,,
445,76,00-0038547,Luke Schoonmaker,TE,DAL,BAL,1.0,2026_03_BAL_DAL,2026-09-27 16:25:00,2.38546784868216,0.0,5.779741612060114,2.378354429056193,0.0071134196259663,C,23,-2.613073203385342,25.0,2,,False,3.0,"https://static.www.nfl.com/image/upload/f_auto,q_auto/league/g1slhy5joxxfeudlzrh9",1.4120016943052245,0.0,0.0,0.0,0.0,11.283776138622706,0.0416385765014475,0.0,0.0,0.0,0.0,0.0,0.0,28.5,"[0.0, 0.0, 0.0, 0.0, 0.0, 0.28, 0.58, 0.85, 1.13, 1.42, 1.71, 2.06, 2.42, 2.91, 3.61, 4.46, 5.78, 7.51, 10.06]",Active,True,Active,4372096.0,1,2.2,2.2,2026-09-26 11:43:51,,
446,83,00-0041125,Seth McGowan,RB,IND,HOU,1.0,2026_03_HOU_IND,2026-09-27 13:00:00,2.37655856199691,0.0,5.6263807102824135,3.781900652122359,-1.4053420901254483,F,31,-7.176486037261855,20.5,2,,True,2.0,"https://static.www.nfl.com/image/upload/f_auto,q_auto/league/qkwvvygwu9pan88sivzb",0.4783526912503054,1.0432946174993891,0.0,0.0,0.0,0.0,0.0164949203879415,0.0,0.0,0.0,0.0,0.0,0.0,22.0,"[0.0, 0.0, 0.0, 0.0, 0.0, 0.22, 0.5, 0.75, 1.0, 1.25, 1.51, 1.82, 2.17, 2.66, 3.3, 4.16, 5.63, 7.41, 10.83]",Active,True,Active,4686468.0,2,1.0,0.5,2026-09-26 11:43:51,,
447,77,00-0036429,Charlie Woerner,TE,ATL,GB,0.0,2026_03_ATL_GB,2026-09-24 20:15:00,2.323901064401233,0.0,5.718717906276428,2.464404253638929,-0.1405031892376955,C,10,1.8463426778507053,19.5,2,,False,2.0,"https://static.www.nfl.com/image/upload/f_auto,q_auto/league/tuzldnhk23mvsapfejqd",1.147061409956606,0.0,0.0,0.0,0.0,4.069635660463789,0.0394572407175596,0.0,0.0,0.0,0.0,0.0,0.0,24.0,"[0.0, 0.0, 0.0, 0.0, 0.0, 0.22, 0.51, 0.79, 1.07, 1.36, 1.65, 2.0, 2.36, 2.85, 3.55, 4.4, 5.72, 7.44, 10.0]",Active,True,Active,4035020.0,1,0.0,0.0,2026-09-24 19:34:09,0.0,nflverse
448,78,00-0037755,Jelani Woods,TE,NYJ,DET,0.0,2026_03_NYJ_DET,2026-09-27 13:00:00,2.3010512779504326,0.0,5.6953250413283865,1.941229441249847,0.3598218367005856,B,2,7.966903091397335,21.0,2,,True,4.0,"https://static.www.nfl.com/image/upload/f_auto,q_auto/league/bnezem4laynlarqnpyc5",1.4783526912503056,0.0,0.0,0.0,0.0,2.0865892349987782,0.0444398720013871,0.0,0.0,0.0,0.0,0.0,0.0,27.5,"[0.0, 0.0, 0.0, 0.0, 0.0, 0.2, 0.49, 0.76, 1.05, 1.33, 1.63, 1.97, 2.34, 2.83, 3.53, 4.38, 5.7, 7.42, 9.97]",Active,True,Active,4241410.0,0,0.0,,2026-09-26 11:43:51,,
449,84,00-0038738,Hunter Luepke,RB,DAL,BAL,1.0,2026_03_BAL_DAL,2026-09-27 16:25:00,2.2952561465595567,0.0,5.54507829484506,1.9793556782512736,0.3159004683082829,C,17,-0.290770448646386,25.0,2,,False,,"https://static.www.nfl.com/image/upload/f_auto,q_auto/league/m28qafff4o5vb3aaumiv",0.5133004689884315,1.2432390459748088,0.0,0.0,5.214559530419808,3.926486257405784,0.0161774922664751,0.0,0.0,0.0,0.0,0.0,0.0,28.5,"[0.0, 0.0, 0.0, 0.0, 0.0, 0.14, 0.42, 0.67, 0.92, 1.17, 1.43, 1.74, 2.08, 2.58, 3.22, 4.08, 5.55, 7.33, 10.75]",Active,True,Active,4383396.0,2,0.8,0.4,2026-09-26 11:43:51,,
450,85,00-0041096,Kaytron Allen,RB,WAS,SEA,1.0,2026_03_SEA_WAS,2026-09-27 13:00:00,2.2603328071130493,0.0,5.510154955398552,2.934206898015796,-0.6738740909027467,D,29,-3.8883405090824734,16.5,2,,True,3.0,"https://static.www.nfl.com/image/upload/f_auto,q_auto/league/vbhwkqty94alwjyz8cin",0.0,4.521647308749695,0.0,0.0,20.17317846999756,0.0,0.0,0.0,0.0,0.0,0.0,0.0,0.0,24.0,"[0.0, 0.0, 0.0, 0.0, 0.0, 0.1, 0.38, 0.64, 0.88, 1.14, 1.4, 1.71, 2.05, 2.55, 3.18, 4.04, 5.51, 7.29, 10.72]",Active,True,Active,4685246.0,2,4.0,2.0,2026-09-26 11:43:51,,
451,79,00-0039041,Elijah Higgins,TE,ARI,SF,0.0,2026_03_ARI_SF,2026-09-27 16:05:00,2.259693329388184,0.0,5.6539670927661385,2.976535816106541,-0.7168424867183569,D,32,-5.318712067121405,19.5,2,,False,2.0,"https://static.www.nfl.com/image/upload/f_auto,q_auto/league/qgvtaa0gekopg4ad6vqe",1.681407008136123,0.0,0.0,0.0,0.0,13.63232284795153,0.0516302726093374,0.0,0.0,0.0,0.0,0.0,0.0,28.0,"[0.0, 0.0, 0.0, 0.0, 0.0, 0.16, 0.45, 0.72, 1.0, 1.29, 1.58, 1.93, 2.3, 2.79, 3.49, 4.34, 5.65, 7.38, 9.93]",Active,True,Active,4426844.0,1,0.0,0.0,2026-09-26 11:43:51,,
452,80,00-0041558,Sam Roush,TE,CHI,PHI,1.0,2026_03_PHI_CHI,2026-09-28 20:15:00,2.243040009295061,0.0,5.637313772673015,2.700548314415592,-0.4575083051205308,D,28,-3.93695006131112,18.5,2,,True,3.0,"https://static.www.nfl.com/image/upload/f_auto,q_auto/league/jqkmmguw4934lyjgvuip",3.0,0.0,0.0,0.0,0.0,9.0,0.1,0.0,0.0,0.0,0.0,0.0,0.0,23.0,"[0.0, 0.0, 0.0, 0.0, 0.0, 0.14, 0.43, 0.71, 0.99, 1.28, 1.57, 1.92, 2.28, 2.77, 3.47, 4.32, 5.64, 7.36, 9.92]",Active,True,Active,4685504.0,1,1.9,1.9,2026-09-26 11:43:51,,
453,86,00-0040238,LeQuint Allen Jr.,RB,JAX,NE,1.0,2026_03_NE_JAX,2026-09-27 13:00:00,2.2341668095406737,0.0,5.483988957826177,2.057783019907057,0.1763837896336166,C,22,-2.012031851893699,24.75,2,,False,3.0,"https://static.www.nfl.com/image/upload/f_auto,q_auto/league/i0utigksuuvo2njb9wtk",0.7669086952615678,1.132340842675769,0.0,0.0,4.095448685248221,2.531966676004546,0.0254980417865913,0.0,0.0,0.0,0.0,0.0,0.0,21.75,"[0.0, 0.0, 0.0, 0.0, 0.0, 0.08, 0.35, 0.61, 0.85, 1.11, 1.37, 1.68, 2.02, 2.52, 3.16, 4.02, 5.48, 7.26, 10.69]",Active,True,Active,4911851.0,1,0.0,0.0,2026-09-26 11:43:51,,
454,81,00-0040891,Cole Payton,QB,PHI,CHI,0.0,2026_03_PHI_CHI,2026-09-28 20:15:00,2.206799251701025,0.0,9.383572107836107,2.179651851851852,0.0271473998491735,C,11,1.9953300613546516,23.0,2,,True,4.0,"https://static.www.nfl.com/image/upload/f_auto,q_auto/league/qt8hajjwkvpynr8nwepz",0.0,0.0,0.0,0.0,0.0,0.0,0.0,0.0,0.0,0.0,0.0,0.0,0.0,18.5,"[0.0, 0.0, 0.0, 0.0, 0.0, 0.0, 0.0, 0.0, 0.0, 0.0, 0.3, 1.01, 1.81, 3.26, 5.5, 7.11, 9.38, 11.95, 16.57]",Active,True,Active,4879250.0,0,0.0,,2026-09-26 11:43:51,,
455,81,00-0038710,Blake Whiteheart,TE,CLE,CAR,1.0,2026_03_CAR_CLE,2026-09-27 13:00:00,2.2031470236368693,0.0,5.597420787014824,2.787955851061456,-0.5848088274245864,D,27,-3.933740288793752,20.0,2,,False,2.0,"https://static.www.nfl.com/image/upload/f_auto,q_auto/league/senw8edxu2ovkg1dbdxs",1.2009889998524828,0.0,0.0,0.0,0.0,9.668651565814091,0.0448759150252501,0.0,0.0,0.0,0.0,0.0,0.0,22.5,"[0.0, 0.0, 0.0, 0.0, 0.0, 0.1, 0.39, 0.67, 0.95, 1.24, 1.53, 1.88, 2.24, 2.73, 3.43, 4.28, 5.6, 7.32, 9.88]",Active,True,Active,4362018.0,2,11.1,5.6,2026-09-26 11:43:51,,
456,82,00-0041565,Drew Allar,QB,PIT,CIN,1.0,2026_03_CIN_PIT,2026-09-27 13:00:00,2.1948114246279604,0.0,9.371584280763043,2.179651851851852,0.0151595727761084,C,16,0.3548365321017987,19.5,2,,True,4.0,"https://static.www.nfl.com/image/upload/f_auto,q_auto/league/sphuqnfrtzwsgeugeycz",0.0,0.0,0.0,0.0,0.0,0.0,0.0,0.0,0.0,0.0,0.0,0.0,0.0,23.0,"[0.0, 0.0, 0.0, 0.0, 0.0, 0.0, 0.0, 0.0, 0.0, 0.0, 0.28, 0.99, 1.8, 3.25, 5.48, 7.1, 9.37, 11.94, 16.56]",Active,True,Active,4714771.0,0,0.0,,2026-09-26 11:43:51,,
457,87,00-0038489,Ben VanSumeren,RB,KC,MIA,0.0,2026_03_KC_MIA,2026-09-27 13:00:00,2.1825001283293157,0.0,5.432322276614818,1.3409387045487082,0.841561423780607,B,1,9.017662992455104,27.75,2,,True,,"https://static.www.nfl.com/image/upload/f_auto,q_auto/league/ncnb1nwr2b1usus557xy",0.0,0.0,0.0,0.0,0.0,0.0,0.0,0.0,0.0,0.0,0.0,0.0,0.0,17.75,"[0.0, 0.0, 0.0, 0.0, 0.0, 0.03, 0.3, 0.56, 0.8, 1.06, 1.32, 1.63, 1.97, 2.47, 3.1, 3.96, 5.43, 7.21, 10.64]",Active,True,Active,4372070.0,1,0.0,0.0,2026-09-26 11:43:51,,
458,145,00-0036463,Chris Blair,WR,ATL,GB,0.0,2026_03_ATL_GB,2026-09-24 20:15:00,2.171742047717442,0.0,5.877628617662233,2.347297978579017,-0.175555930861575,C,4,6.271161181040156,19.5,3,,True,5.0,"https://static.www.nfl.com/image/upload/f_auto,q_auto/league/gfkhv6k1wr45fnhl0p1d",1.4259436769785463,0.0,0.0,0.0,0.0,2.8518873539570926,0.0459981831283402,0.0,0.0,0.0,0.0,0.0,0.0,24.0,"[0.0, 0.0, 0.0, 0.0, 0.0, 0.03, 0.33, 0.62, 0.9, 1.17, 1.44, 1.69, 2.01, 2.59, 3.31, 4.4, 5.88, 7.81, 11.05]",Active,True,Active,4369886.0,3,3.6,1.2,2026-09-24 19:34:09,2.0,nflverse
459,146,00-0039062,Jonathan Mingo,WR,DAL,BAL,1.0,2026_03_BAL_DAL,2026-09-27 16:25:00,2.138923751827292,0.0,5.850431668766346,1.9057666232628476,0.2331571285644447,C,21,-1.200301287884041,25.0,3,,False,5.0,"https://static.www.nfl.com/image/upload/f_auto,q_auto/league/u2b8s2s0ix5hntyg3eog",1.0,0.0,0.0,0.0,0.0,7.171813340916843,0.0322430609455584,0.0,0.0,0.0,0.0,0.0,0.0,28.5,"[0.0, 0.0, 0.0, 0.0, 0.0, 0.0, 0.29, 0.59, 0.87, 1.14, 1.41, 1.65, 1.97, 2.56, 3.28, 4.37, 5.85, 7.79, 11.01]",Active,True,Active,4426485.0,1,2.0,2.0,2026-09-26 11:43:51,,
460,88,00-0040142,Kaleb Johnson,RB,GB,ATL,1.0,2026_03_ATL_GB,2026-09-24 20:15:00,2.117558207292789,0.0,5.367275903394831,2.0457605358371502,0.0717976714556387,C,23,-2.543547721196131,24.0,4,,False,3.0,"https://static.www.nfl.com/image/upload/f_auto,q_auto/league/zpzc4oobxi8nr5dyonob",0.0692321502677993,3.5984498396720634,0.0,0.0,12.656344830076202,0.3384706207515315,0.0025119782488581,0.0,0.0,0.0,0.0,0.0,0.0,19.5,"[0.0, 0.0, 0.0, 0.0, 0.0, 0.0, 0.24, 0.49, 0.74, 0.99, 1.25, 1.56, 1.91, 2.4, 3.04, 3.9, 5.37, 7.15, 10.57]",Active,True,Active,4819231.0,3,5.8,1.9,2026-09-24 19:34:09,2.6,nflverse
461,89,00-0040198,Ollie Gordon II,RB,MIA,KC,1.0,2026_03_KC_MIA,2026-09-27 13:00:00,2.0738193229717403,0.0,5.323641471257243,2.4122662630752734,-0.338446940103533,C,15,-0.1890412772039905,17.75,2,,False,2.0,"https://static.www.nfl.com/image/upload/f_auto,q_auto/league/bv33rgypaauv7sealwkr",0.3051515330052477,3.742745584625837,0.0,0.0,9.48966436059458,1.1360244834616653,0.0107925691835373,0.0,0.0,0.0,0.0,0.0,0.0,27.75,"[0.0, 0.0, 0.0, 0.0, 0.0, 0.0, 0.19, 0.45, 0.69, 0.95, 1.21, 1.52, 1.86, 2.36, 2.99, 3.86, 5.32, 7.1, 10.53]",Active,True,Active,4711533.0,1,0.7,0.7,2026-09-26 11:43:51,,
462,83,00-0041561,Carson Beck,QB,ARI,SF,0.0,2026_03_ARI_SF,2026-09-27 16:05:00,2.0509158301808235,0.0,9.227688686315908,3.2823376417233563,-1.2314218115425328,D,28,-5.189463301855584,19.5,2,,True,3.0,"https://static.www.nfl.com/image/upload/f_auto,q_auto/league/yvybqpgnezk75h9rpobv",0.0,0.0,0.0,0.0,0.0,0.0,0.0,0.0,0.0,0.0,0.0,0.0,0.0,28.0,"[0.0, 0.0, 0.0, 0.0, 0.0, 0.0, 0.0, 0.0, 0.0, 0.0, 0.14, 0.85, 1.65, 3.11, 5.34, 6.96, 9.23, 11.79, 16.42]",Active,True,Active,4430841.0,0,0.0,,2026-09-26 11:43:51,,
463,82,00-0040887,Josh Cuevas,TE,BAL,DAL,0.0,2026_03_BAL_DAL,2026-09-27 16:25:00,2.049432427341217,0.0,5.443706190719171,1.1972439021241104,0.8521885252171062,A,5,5.177468914293607,28.5,2,,True,4.0,"https://static.www.nfl.com/image/upload/f_auto,q_auto/league/maktufaiogxfm5ewjsi9",0.0,0.0,0.0,0.0,0.0,0.0,0.0,0.0,0.0,0.0,0.0,0.0,0.0,25.0,"[0.0, 0.0, 0.0, 0.0, 0.0, 0.0, 0.24, 0.51, 0.79, 1.08, 1.37, 1.72, 2.09, 2.58, 3.28, 4.13, 5.44, 7.17, 9.72]",Active,True,Active,4876132.0,0,0.0,,2026-09-26 11:43:51,,
464,83,00-0039824,Jared Wiley,TE,KC,MIA,0.0,2026_03_KC_MIA,2026-09-27 13:00:00,2.0459705631418625,0.0,5.440244326519817,1.307328570231941,0.7386419929099215,A,8,3.584951383061251,27.75,2,,True,4.0,"https://static.www.nfl.com/image/upload/f_auto,q_auto/league/qbu14rgh4wchepqsrgb0",0.4783526912503054,0.0,0.0,0.0,0.0,1.913410765001221,0.014948521601572,0.0,0.0,0.0,0.0,0.0,0.0,17.75,"[0.0, 0.0, 0.0, 0.0, 0.0, 0.0, 0.24, 0.51, 0.79, 1.08, 1.37, 1.72, 2.08, 2.57, 3.27, 4.12, 5.44, 7.17, 9.72]",Active,True,Active,4430723.0,0,0.0,,2026-09-26 11:43:51,,
465,147,00-0038359,Xavier Smith,WR,LA,DEN,0.0,2026_03_LA_DEN,2026-09-27 20:20:00,2.037178868796569,0.0,5.748686785735622,2.2672470423619187,-0.2300681735653498,C,29,-8.008497685707223,23.5,3,,False,4.0,"https://static.www.nfl.com/image/upload/f_auto,q_auto/league/hqvwpitewijx8bjrcofe",0.9128634190813028,0.0,0.0,0.0,0.0,8.020431341522901,0.0280896539237519,0.0,0.0,0.0,0.0,0.0,0.0,21.0,"[0.0, 0.0, 0.0, 0.0, 0.0, 0.0, 0.19, 0.49, 0.77, 1.04, 1.31, 1.55, 1.87, 2.45, 3.18, 4.27, 5.75, 7.68, 10.91]",Active,True,Active,4386544.0,2,0.0,0.0,2026-09-26 11:43:51,,
466,148,00-0041070,Reggie Virgil,WR,ARI,SF,0.0,2026_03_ARI_SF,2026-09-27 16:05:00,2.0363444228819594,0.0,5.747852339821012,2.7540648308768167,-0.7177204079948574,D,22,-1.8081610719087355,19.5,3,,True,7.0,"https://static.www.nfl.com/image/upload/f_auto,q_auto/league/hmaylhc9nc2zmqjdw1ib",0.0,0.0,0.0,0.0,0.0,0.0,0.0,0.0,0.0,0.0,0.0,0.0,0.0,28.0,"[0.0, 0.0, 0.0, 0.0, 0.0, 0.0, 0.19, 0.49, 0.77, 1.04, 1.31, 1.55, 1.87, 2.45, 3.18, 4.27, 5.75, 7.68, 10.91]",Active,True,Active,4869132.0,0,0.0,,2026-09-26 11:43:51,,
467,90,00-0036265,AJ Dillon,RB,CAR,CLE,0.0,2026_03_CAR_CLE,2026-09-27 13:00:00,2.010357487563768,0.0,5.260179635849271,2.2839537325374577,-0.2735962449736897,C,21,-1.9476096639343976,22.5,2,,False,2.0,"https://static.www.nfl.com/image/upload/f_auto,q_auto/league/imxxt8yrbrxptoxr1hw5",0.1871466315261553,3.2733670314457237,0.0,0.0,10.981953693221955,1.2881035280575894,0.0057269424816145,0.0,0.0,0.0,0.0,0.0,0.0,20.0,"[0.0, 0.0, 0.0, 0.0, 0.0, 0.0, 0.13, 0.39, 0.63, 0.89, 1.15, 1.46, 1.8, 2.3, 2.93, 3.79, 5.26, 7.04, 10.47]",Active,True,Active,4239934.0,2,2.5,1.2,2026-09-26 11:43:51,,
468,84,00-0038102,Kenny Pickett,QB,CAR,CLE,0.0,2026_03_CAR_CLE,2026-09-27 13:00:00,2.0100382763382925,0.0,9.186811132473377,2.787819558127021,-0.7777812817887284,D,24,-1.6455408438373786,22.5,2,,False,2.0,"https://static.www.nfl.com/image/upload/f_auto,q_auto/league/gw6lyiuevyuspfkglnmj",0.0,0.9482796329566788,2.790009492616922,10.00274221707171,7.652387712322253,0.0,0.0,0.0,0.0,0.0,0.0,0.0,0.0,20.0,"[0.0, 0.0, 0.0, 0.0, 0.0, 0.0, 0.0, 0.0, 0.0, 0.0, 0.1, 0.81, 1.61, 3.07, 5.3, 6.92, 9.19, 11.75, 16.37]",Active,True,Active,4240703.0,2,2.0,1.0,2026-09-26 11:43:51,,
469,91,00-0041436,DJ Herman,RB,MIA,KC,1.0,2026_03_KC_MIA,2026-09-27 13:00:00,1.991802504595164,0.0,5.241624652880667,2.175183933423887,-0.183381428828723,C,15,-0.1890412772039905,17.75,2,,True,,"https://static.www.nfl.com/image/upload/f_auto,q_auto/league/snacspvu9hic30y1vd8m",3.0,0.0,0.0,0.0,0.0,18.0,0.1304347826086956,0.0,0.0,0.0,0.0,0.0,0.0,27.75,"[0.0, 0.0, 0.0, 0.0, 0.0, 0.0, 0.11, 0.37, 0.61, 0.87, 1.13, 1.44, 1.78, 2.28, 2.91, 3.77, 5.24, 7.02, 10.45]",Active,True,Active,4685116.0,1,2.8,2.8,2026-09-26 11:43:51,,
470,84,00-0041041,Oscar Delp,TE,NO,LV,1.0,2026_03_LV_NO,2026-09-27 16:25:00,1.9904615203667195,0.0,5.384735283744674,1.9929157042782384,-0.0024541839115186,C,18,-0.6221738285480897,23.25,2,,True,3.0,"https://static.www.nfl.com/image/upload/f_auto,q_auto/league/a7tu8cb3rnd5ncgbtok5",1.0,0.0,0.0,0.0,0.0,8.0,0.03125,0.0,0.0,0.0,0.0,0.0,0.0,20.25,"[0.0, 0.0, 0.0, 0.0, 0.0, 0.0, 0.18, 0.45, 0.73, 1.02, 1.32, 1.66, 2.03, 2.52, 3.22, 4.07, 5.38, 7.11, 9.66]",Active,True,Active,4702559.0,1,1.8,1.8,2026-09-26 11:43:51,,
471,149,00-0037091,Bo Melton,WR,GB,ATL,1.0,2026_03_ATL_GB,2026-09-24 20:15:00,1.954304635538298,0.0,5.660191205483089,1.7730174644283396,0.1812871711099584,C,18,0.0955672049176264,24.0,3,,False,4.0,"https://static.www.nfl.com/image/upload/f_auto,q_auto/league/d7hxvsyeufobjykcxhls",1.0635054444311982,0.1675435804496072,0.0,0.0,1.1464439376439708,6.920100587654056,0.0383201545300408,0.0,0.0,0.0,0.0,0.0,0.0,19.5,"[0.0, 0.0, 0.0, 0.0, 0.0, 0.0, 0.11, 0.4, 0.68, 0.96, 1.22, 1.47, 1.79, 2.37, 3.1, 4.19, 5.66, 7.59, 10.83]",Active,True,Active,4259305.0,3,2.0,0.7,2026-09-24 19:34:09,0.0,nflverse
472,85,00-0040058,Nick Kallerup,TE,SEA,WAS,0.0,2026_03_SEA_WAS,2026-09-27 13:00:00,1.9369480882938424,0.0,5.331221851671797,1.144952948741084,0.7919951395527587,A,1,8.002544023815657,24.0,2,,False,4.0,"https://static.www.nfl.com/image/upload/f_auto,q_auto/league/eetx8ba2ztsmk9wabbzp",0.2185049957001034,0.0,0.0,0.0,0.0,0.0,0.0182087496416752,0.0,0.0,0.0,0.0,0.0,0.0,16.5,"[0.0, 0.0, 0.0, 0.0, 0.0, 0.0, 0.13, 0.4, 0.68, 0.97, 1.26, 1.61, 1.97, 2.46, 3.16, 4.01, 5.33, 7.06, 9.61]",Active,True,Active,4569547.0,0,0.0,,2026-09-26 11:43:51,,
473,150,00-0040563,Efton Chism III,WR,NE,JAX,0.0,2026_03_NE_JAX,2026-09-27 13:00:00,1.9053348375416024,0.0,5.616842754480656,2.121838590237875,-0.2165037526962727,C,24,-2.392291641214892,21.75,3,,False,5.0,"https://static.www.nfl.com/image/upload/f_auto,q_auto/league/zbnf3ujmwprzgjnwdtlo",0.6624002918550581,0.0,0.084061564267401,0.0,0.0,6.4869222140268,0.0297597296275552,0.0,0.0,0.0,0.0,0.0,0.0,24.75,"[0.0, 0.0, 0.0, 0.0, 0.0, 0.0, 0.06, 0.35, 0.63, 0.91, 1.17, 1.42, 1.74, 2.32, 3.04, 4.14, 5.62, 7.55, 10.78]",Active,True,Active,4695193.0,1,0.8,0.8,2026-09-26 11:43:51,,
474,86,00-0033757,Robert Tonyan,TE,PIT,CIN,1.0,2026_03_CIN_PIT,2026-09-27 13:00:00,1.903845323889372,0.0,5.298119087267326,1.5963430908288787,0.3075022330604928,B,4,7.048203931284905,19.5,2,,True,3.0,"https://static.www.nfl.com/image/upload/f_auto,q_auto/league/m8h8rzmxq4sjywitqnyb",0.5216473087496946,0.0,0.0,0.0,0.0,0.5216473087496946,0.0121313327616208,0.0,0.0,0.0,0.0,0.0,0.0,23.0,"[0.0, 0.0, 0.0, 0.0, 0.0, 0.0, 0.09, 0.37, 0.65, 0.94, 1.23, 1.58, 1.94, 2.43, 3.13, 3.98, 5.3, 7.02, 9.58]",Active,True,Active,2975674.0,0,0.0,,2026-09-26 11:43:51,,
475,92,00-0035125,Alec Ingold,RB,LAC,BUF,0.0,2026_03_LAC_BUF,2026-09-27 13:00:00,1.8830600892319425,0.0,5.132882237517445,1.694670344872229,0.1883897443597133,C,3,5.874351122856741,21.75,2,,False,,"https://static.www.nfl.com/image/upload/f_auto,q_auto/league/saqgxmq3xrr68byket0r",0.464665956154573,0.0845805975084961,0.0,0.0,0.3915777893925459,2.1730278031806827,0.0166193447645947,0.0,0.0,0.0,0.0,0.0,0.0,28.75,"[0.0, 0.0, 0.0, 0.0, 0.0, 0.0, 0.0, 0.26, 0.5, 0.76, 1.02, 1.33, 1.67, 2.17, 2.8, 3.67, 5.13, 6.91, 10.34]",Active,True,Active,3917668.0,2,0.0,0.0,2026-09-26 11:43:51,,
476,151,00-0038090,Skyy Moore,WR,GB,ATL,1.0,2026_03_ATL_GB,2026-09-24 20:15:00,1.881781199469958,0.0,5.5876677694147485,1.7004940283600003,0.1812871711099575,C,18,0.0955672049176264,24.0,3,,False,3.0,"https://static.www.nfl.com/image/upload/f_auto,q_auto/league/id9k0aylvgyq8lulabe3",1.2372605054753023,0.0993461805218542,0.0,0.0,0.5383781961573153,3.665680069663914,0.0400017205079828,0.0,0.0,0.0,0.0,0.0,0.0,19.5,"[0.0, 0.0, 0.0, 0.0, 0.0, 0.0, 0.04, 0.33, 0.61, 0.88, 1.15, 1.4, 1.72, 2.3, 3.02, 4.11, 5.59, 7.52, 10.76]",Active,True,Active,4430191.0,3,8.7,2.9,2026-09-24 19:34:09,6.1,nflverse
477,87,00-0033576,Eric Saubert,TE,SEA,WAS,0.0,2026_03_SEA_WAS,2026-09-27 13:00:00,1.821471554945541,0.0,5.215745318323496,1.0294764153927822,0.7919951395527587,A,1,8.002544023815657,24.0,2,,False,2.0,"https://static.www.nfl.com/image/upload/f_auto,q_auto/league/czzieyox5rht6ae3g5tx",0.6401141461816959,0.0,0.0,0.0,0.0,-1.8233375366729925,0.0246500768006886,0.0,0.0,0.0,0.0,0.0,0.0,16.5,"[0.0, 0.0, 0.0, 0.0, 0.0, 0.0, 0.01, 0.28, 0.57, 0.85, 1.15, 1.49, 1.86, 2.35, 3.05, 3.9, 5.22, 6.94, 9.49]",Active,True,Active,2975863.0,2,0.0,0.0,2026-09-26 11:43:51,,
478,88,00-0036590,Quintin Morris,TE,JAX,NE,1.0,2026_03_NE_JAX,2026-09-27 13:00:00,1.7460229921876853,0.0,5.14029675556564,1.7699297669740592,-0.0239067747863739,C,24,-2.6968073698109047,24.75,2,,False,3.0,"https://static.www.nfl.com/image/upload/f_auto,q_auto/league/auqtvapzdtpdxg6myw6b",0.9384198740410136,0.0,0.0,0.0,0.0,4.368816401966882,0.0375036622805213,0.0,0.0,0.0,0.0,0.0,0.0,21.75,"[0.0, 0.0, 0.0, 0.0, 0.0, 0.0, 0.0, 0.21, 0.49, 0.78, 1.07, 1.42, 1.78, 2.27, 2.97, 3.82, 5.14, 6.87, 9.42]",Active,True,Active,4244049.0,2,1.7,0.8,2026-09-26 11:43:51,,
479,89,00-0039530,Brevyn Spann-Ford,TE,DAL,BAL,1.0,2026_03_BAL_DAL,2026-09-27 16:25:00,1.7412404023113155,0.0,5.13551416568927,1.734126982685349,0.0071134196259667,C,23,-2.613073203385342,25.0,2,,False,2.0,"https://static.www.nfl.com/image/upload/f_auto,q_auto/league/sko2pmuqociwa92ep1ad",0.9681440140359,0.0,0.0,0.0,0.0,7.38147667217034,0.0320313543969737,0.0,0.0,0.0,0.0,0.0,0.0,28.5,"[0.0, 0.0, 0.0, 0.0, 0.0, 0.0, 0.0, 0.2, 0.49, 0.77, 1.07, 1.41, 1.78, 2.27, 2.97, 3.82, 5.14, 6.86, 9.41]",Active,True,Active,4360967.0,2,3.4,1.7,2026-09-26 11:43:51,,
480,93,00-0039796,Rasheen Ali,RB,BAL,DAL,0.0,2026_03_BAL_DAL,2026-09-27 16:25:00,1.702744271754666,0.0,4.952566420040169,1.248630419759542,0.4541138519951238,B,13,0.7139164805581611,28.5,2,,False,3.0,"https://static.www.nfl.com/image/upload/f_auto,q_auto/league/zwjrkzu3ia3cfrwgotqt",0.4568726449458391,0.2417161493341742,0.0,0.0,0.7319611420767125,2.6489664169023928,0.0230369494058589,0.0,0.0,0.0,0.0,0.0,0.0,25.0,"[0.0, 0.0, 0.0, 0.0, 0.0, 0.0, 0.0, 0.08, 0.32, 0.58, 0.84, 1.15, 1.49, 1.99, 2.62, 3.48, 4.95, 6.73, 10.16]",Active,True,Active,4690013.0,2,0.0,0.0,2026-09-26 11:43:51,,
481,90,00-0040598,Mark Redman,TE,GB,ATL,1.0,2026_03_ATL_GB,2026-09-24 20:15:00,1.5994941898466857,0.0,4.994311031721881,1.1972439021241104,0.4022502877225753,B,7,4.550797589254076,24.0,2,,True,4.0,"https://static.www.nfl.com/image/upload/f_auto,q_auto/league/m20wrukxvkgbvs70qpai",0.0,0.0,0.0,0.0,0.0,0.0,0.0,0.0,0.0,0.0,0.0,0.0,0.0,19.5,"[0.0, 0.0, 0.0, 0.0, 0.0, 0.0, 0.0, 0.06, 0.34, 0.63, 0.92, 1.27, 1.64, 2.13, 2.82, 3.68, 4.99, 6.72, 9.27]",Active,True,Active,,0,0.0,,2026-09-24 19:34:09,0.0,nflverse
482,91,00-0041579,Seydou Traore,TE,MIA,KC,1.0,2026_03_KC_MIA,2026-09-27 13:00:00,1.5929720797236555,0.0,4.98724584310161,1.8940582961598589,-0.3010862164362033,D,9,3.1432850013624525,17.75,2,,True,3.0,"https://static.www.nfl.com/image/upload/f_auto,q_auto/league/kzpmm2zoctywb276zqt4",0.0,0.0,0.0,0.0,0.0,0.0,0.0,0.0,0.0,0.0,0.0,0.0,0.0,27.75,"[0.0, 0.0, 0.0, 0.0, 0.0, 0.0, 0.0, 0.06, 0.34, 0.63, 0.92, 1.27, 1.63, 2.12, 2.82, 3.67, 4.99, 6.71, 9.27]",Active,True,Active,4714379.0,0,0.0,,2026-09-26 11:43:51,,
483,152,00-0039920,Malachi Corley,WR,CLE,CAR,1.0,2026_03_CAR_CLE,2026-09-27 13:00:00,1.5777791700603006,0.0,5.289287086999353,1.760230478666852,-0.1824513086065513,C,17,0.2595730689160777,20.0,3,,False,6.0,"https://static.www.nfl.com/image/upload/f_auto,q_auto/league/lay1p8pvwrglmqorc6ev",0.5583954353897446,0.5162386761664409,0.0,0.0,4.508292615895274,3.1827297307487705,0.0234687456233323,0.0,0.0,0.0,0.0,0.0,0.0,22.5,"[0.0, 0.0, 0.0, 0.0, 0.0, 0.0, 0.0, 0.03, 0.31, 0.58, 0.85, 1.09, 1.41, 1.99, 2.72, 3.81, 5.29, 7.23, 10.45]",Active,True,Active,4613104.0,2,0.0,0.0,2026-09-26 11:43:51,,
484,92,00-0040363,Keleki Latu,TE,BUF,LAC,1.0,2026_03_LAC_BUF,2026-09-27 13:00:00,1.5082558683354916,0.0,4.9025296317134455,0.9255396238087812,0.5827162445267104,B,14,0.0139262747182616,28.75,2,,False,4.0,"https://static.www.nfl.com/image/upload/f_auto,q_auto/league/vebjjfyrrrbwaqjlyvun",0.2950763884892977,0.0,0.0,0.0,0.0,2.6399781863747767,0.0103846287262413,0.0,0.0,0.0,0.0,0.0,0.0,21.75,"[0.0, 0.0, 0.0, 0.0, 0.0, 0.0, 0.0, 0.0, 0.25, 0.54, 0.83, 1.18, 1.55, 2.04, 2.73, 3.59, 4.9, 6.63, 9.18]",Active,True,Active,4688552.0,2,0.0,0.0,2026-09-26 11:43:51,,
485,153,00-0037524,Tay Martin,WR,DET,NYJ,1.0,2026_03_NYJ_DET,2026-09-27 13:00:00,1.496724978763937,0.0,5.20823289570299,1.1305223950917016,0.3662025836722353,B,26,-4.330216340541972,27.5,3,,False,5.0,"https://static.www.nfl.com/image/upload/f_auto,q_auto/league/ttdp5v9tl0zqmb0dmmuv",0.1574448088624404,0.0,0.0,0.0,0.0,1.7935740199756558,0.0067089877982895,0.0,0.0,0.0,0.0,0.0,0.0,21.0,"[0.0, 0.0, 0.0, 0.0, 0.0, 0.0, 0.0, 0.0, 0.23, 0.5, 0.77, 1.01, 1.33, 1.91, 2.64, 3.73, 5.21, 7.14, 10.37]",Active,True,Active,4245144.0,2,0.0,0.0,2026-09-26 11:43:51,,
486,94,00-0031595,Michael Burton,RB,CLE,CAR,1.0,2026_03_CAR_CLE,2026-09-27 13:00:00,1.4634160776943246,0.0,4.713238225979827,1.2555269896769896,0.2078890880173349,C,2,6.951790631624031,20.0,2,,True,,"https://static.www.nfl.com/image/upload/f_auto,q_auto/league/ibyeabk3yu68mgipxklr",0.0,0.0,0.0,0.0,0.0,0.0,0.0,0.0,0.0,0.0,0.0,0.0,0.0,22.5,"[0.0, 0.0, 0.0, 0.0, 0.0, 0.0, 0.0, 0.0, 0.08, 0.34, 0.6, 0.91, 1.25, 1.75, 2.38, 3.25, 4.71, 6.49, 9.92]",Active,True,Active,2515270.0,0,0.0,,2026-09-26 11:43:51,,
487,93,00-0040390,Jackson Meeks,TE,DET,NYJ,1.0,2026_03_NYJ_DET,2026-09-27 13:00:00,1.4588100805786006,0.0,4.853083843956555,1.1972439021241104,0.2615661784544902,C,22,-2.228271145684766,27.5,2,,True,4.0,"https://static.www.nfl.com/image/upload/f_auto,q_auto/league/ot3dsyhfhos9epmkqdip",0.0,0.0,0.0,0.0,0.0,0.0,0.0,0.0,0.0,0.0,0.0,0.0,0.0,21.0,"[0.0, 0.0, 0.0, 0.0, 0.0, 0.0, 0.0, 0.0, 0.2, 0.49, 0.78, 1.13, 1.5, 1.99, 2.69, 3.54, 4.85, 6.58, 9.13]",Active,True,Active,4602788.0,0,0.0,,2026-09-26 11:43:51,,
488,94,00-0038498,E.J. Jenkins,TE,PHI,CHI,0.0,2026_03_PHI_CHI,2026-09-28 20:15:00,1.444397499241418,0.0,4.838671262619372,1.6132004897119845,-0.1688029904705663,C,21,-2.0019014071179684,23.0,2,,True,3.0,"https://static.www.nfl.com/image/upload/f_auto,q_auto/league/jmhuk0gcnyotcjhdxo6v",0.0,0.0,0.0,0.0,0.0,0.0,0.0,0.0,0.0,0.0,0.0,0.0,0.0,18.5,"[0.0, 0.0, 0.0, 0.0, 0.0, 0.0, 0.0, 0.0, 0.19, 0.48, 0.77, 1.12, 1.48, 1.97, 2.67, 3.52, 4.84, 6.56, 9.12]",Active,True,Active,4248557.0,0,0.0,,2026-09-26 11:43:51,,
489,95,00-0041398,Riley Nowakowski,RB,PIT,CIN,1.0,2026_03_CIN_PIT,2026-09-27 13:00:00,1.43226552161424,0.0,4.682087669899743,1.6901458531868214,-0.2578803315725815,C,26,-3.3106772544374192,19.5,2,,True,,"https://static.www.nfl.com/image/upload/f_auto,q_auto/league/nhyd8plaetjoosbq1btb",0.0,0.0,0.0,0.0,0.0,0.0,0.0,0.0,0.0,0.0,0.0,0.0,0.0,23.0,"[0.0, 0.0, 0.0, 0.0, 0.0, 0.0, 0.0, 0.0, 0.05, 0.31, 0.57, 0.88, 1.22, 1.72, 2.35, 3.21, 4.68, 6.46, 9.89]",Active,True,Active,4693370.0,1,0.0,0.0,2026-09-26 11:43:51,,
490,154,00-0041051,Zavion Thomas,WR,CHI,PHI,1.0,2026_03_PHI_CHI,2026-09-28 20:15:00,1.3279017619629958,0.0,5.039409678902049,3.142855693232224,-1.814953931269228,F,28,-7.912554945179455,18.5,3,,True,4.0,"https://static.www.nfl.com/image/upload/f_auto,q_auto/league/lhodk54zsmznu4yxjoux",0.0,0.0,0.0,0.0,0.0,0.0,0.0,0.0,0.0,0.0,0.0,0.0,0.0,23.0,"[0.0, 0.0, 0.0, 0.0, 0.0, 0.0, 0.0, 0.0, 0.06, 0.33, 0.6, 0.84, 1.16, 1.74, 2.47, 3.56, 5.04, 6.98, 10.2]",Active,True,Active,4869748.0,1,0.0,0.0,2026-09-26 11:43:51,,
491,95,00-0036876,Kylen Granson,TE,TEN,NYG,0.0,2026_03_TEN_NYG,2026-09-27 13:00:00,1.2925552049260745,0.0,4.686828968304029,1.653834837030586,-0.3612796321045115,D,11,1.515485241013074,17.5,2,,False,4.0,"https://static.www.nfl.com/image/upload/f_auto,q_auto/league/ysbxmdw4da30q3kjb571",0.9119191470422184,0.0,0.0,0.0,0.0,4.504038481943064,0.0300927106112393,0.0,0.0,0.0,0.0,0.0,0.0,20.0,"[0.0, 0.0, 0.0, 0.0, 0.0, 0.0, 0.0, 0.0, 0.04, 0.32, 0.62, 0.97, 1.33, 1.82, 2.52, 3.37, 4.69, 6.41, 8.96]",Active,True,Active,4039160.0,0,0.0,,2026-09-26 11:43:51,,
492,96,00-0040556,Corey Kiner,RB,NE,JAX,0.0,2026_03_NE_JAX,2026-09-27 13:00:00,1.29097386893633,0.0,4.540796017221833,1.7389227666445857,-0.4479488977082555,D,28,-3.510081880870486,21.75,2,,False,3.0,"https://static.www.nfl.com/image/upload/f_auto,q_auto/league/tpnamrgzfbytwlzhhyf8",0.2175848810129007,3.6736426552712023,0.0,0.0,7.55780980346513,1.0879244050645034,0.0077708886076035,0.0,0.0,0.0,0.0,0.0,0.0,24.75,"[0.0, 0.0, 0.0, 0.0, 0.0, 0.0, 0.0, 0.0, 0.0, 0.17, 0.43, 0.74, 1.08, 1.58, 2.21, 3.07, 4.54, 6.32, 9.75]",Active,True,Active,4431431.0,2,1.1,0.6,2026-09-26 11:43:51,,
493,155,00-0036630,Tylan Wallace,WR,CLE,CAR,1.0,2026_03_CAR_CLE,2026-09-27 13:00:00,1.2826060281184004,0.0,4.994113945057453,1.4650573367249509,-0.1824513086065504,C,17,0.2595730689160777,20.0,3,,False,5.0,"https://static.www.nfl.com/image/upload/f_auto,q_auto/league/rifnnpeub6okv41offnd",0.6637317692741724,0.0,0.0,0.0,0.0,3.1048990152790976,0.0264633567870386,0.0,0.0,0.0,0.0,0.0,0.0,22.5,"[0.0, 0.0, 0.0, 0.0, 0.0, 0.0, 0.0, 0.0, 0.01, 0.28, 0.55, 0.8, 1.12, 1.7, 2.42, 3.51, 4.99, 6.93, 10.15]",Active,True,Active,4241424.0,0,0.0,,2026-09-26 11:43:51,,
494,97,00-0037120,Tyler Goodson,RB,DAL,BAL,1.0,2026_03_BAL_DAL,2026-09-27 16:25:00,1.21492478566668,0.0,4.464746933952183,0.899024317358398,0.315900468308282,C,17,-0.290770448646386,25.0,2,,False,3.0,"https://static.www.nfl.com/image/upload/f_auto,q_auto/league/zqmesi6fwv82lhfzlht6",0.2419065260087438,0.9175201044778952,0.0,0.0,2.5330816625515675,0.6812118166924145,0.0057855898318034,0.0,0.0,0.0,0.0,0.0,0.0,28.5,"[0.0, 0.0, 0.0, 0.0, 0.0, 0.0, 0.0, 0.0, 0.0, 0.09, 0.35, 0.66, 1.0, 1.5, 2.14, 3.0, 4.46, 6.25, 9.67]",Active,True,Active,4429676.0,0,0.0,,2026-09-26 11:43:51,,
495,96,00-0037004,Hunter Long,TE,ARI,SF,0.0,2026_03_ARI_SF,2026-09-27 16:05:00,1.1869708631570075,0.0,4.581244626534962,1.903813349875365,-0.7168424867183574,D,32,-5.318712067121405,19.5,2,,False,3.0,"https://static.www.nfl.com/image/upload/f_auto,q_auto/league/wlj6sdfj5qcy8bt2qyxb",0.8708932656716734,0.0,0.0,0.0,0.0,4.230216681928694,0.0243206490104439,0.0,0.0,0.0,0.0,0.0,0.0,28.0,"[0.0, 0.0, 0.0, 0.0, 0.0, 0.0, 0.0, 0.0, 0.0, 0.22, 0.51, 0.86, 1.22, 1.71, 2.41, 3.26, 4.58, 6.31, 8.86]",Active,True,Active,4239944.0,2,0.0,0.0,2026-09-26 11:43:51,,
496,97,00-0041314,Tanner Arkin,TE,NE,JAX,0.0,2026_03_NE_JAX,2026-09-27 13:00:00,1.183709506579001,0.0,4.577983269956956,1.1972439021241104,-0.013534395545109,C,13,0.6599941665186049,21.75,2,,True,4.0,"https://static.www.nfl.com/image/upload/f_auto,q_auto/league/vgc4lne9seywphzadlav",0.0,0.0,0.0,0.0,0.0,0.0,0.0,0.0,0.0,0.0,0.0,0.0,0.0,24.75,"[0.0, 0.0, 0.0, 0.0, 0.0, 0.0, 0.0, 0.0, 0.0, 0.22, 0.51, 0.86, 1.22, 1.71, 2.41, 3.26, 4.58, 6.3, 8.86]",Active,True,Active,,0,0.0,,2026-09-26 11:43:51,,
497,156,00-0038573,Derius Davis,WR,LAC,BUF,0.0,2026_03_LAC_BUF,2026-09-27 13:00:00,1.1793996403035203,0.0,4.890907557242574,1.2254085850118877,-0.0460089447083671,C,13,3.0810969999554563,21.75,3,,False,5.0,"https://static.www.nfl.com/image/upload/f_auto,q_auto/league/ykmeihbr6903smvblzgc",0.6943438877205171,0.0467682283966385,0.0,0.0,0.1148995466883053,0.463456813291377,0.0255335282246964,0.0,0.0,0.0,0.0,0.0,0.0,28.75,"[0.0, 0.0, 0.0, 0.0, 0.0, 0.0, 0.0, 0.0, 0.0, 0.18, 0.45, 0.7, 1.01, 1.6, 2.32, 3.41, 4.89, 6.83, 10.05]",Active,True,Active,4362477.0,2,0.0,0.0,2026-09-26 11:43:51,,
498,98,00-0041084,Tanner Koziol,TE,JAX,NE,1.0,2026_03_NE_JAX,2026-09-27 13:00:00,1.1743938840545227,0.0,4.568667647432477,1.1972439021241104,-0.0228500180695876,C,24,-2.6968073698109047,24.75,2,,True,4.0,"https://static.www.nfl.com/image/upload/f_auto,q_auto/league/yx0na9fufgv3snuyecbd",0.0,0.0,0.0,0.0,0.0,0.0,0.0,0.0,0.0,0.0,0.0,0.0,0.0,21.75,"[0.0, 0.0, 0.0, 0.0, 0.0, 0.0, 0.0, 0.0, 0.0, 0.21, 0.5, 0.85, 1.21, 1.7, 2.4, 3.25, 4.57, 6.29, 8.85]",Active,True,Active,4917427.0,0,0.0,,2026-09-26 11:43:51,,
499,99,00-0039518,Treyton Welch,TE,NO,LV,1.0,2026_03_LV_NO,2026-09-27 16:25:00,1.1655367714824652,0.0,4.55981053486042,1.16837467490338,-0.0028379034209147,C,18,-0.6221738285480897,23.25,2,,True,4.0,"https://static.www.nfl.com/image/upload/f_auto,q_auto/league/rutsetwerjfsym9ohqrs",0.0,0.0,0.0,0.0,0.0,0.0,0.0,0.0,0.0,0.0,0.0,0.0,0.0,20.25,"[0.0, 0.0, 0.0, 0.0, 0.0, 0.0, 0.0, 0.0, 0.0, 0.2, 0.49, 0.84, 1.2, 1.69, 2.39, 3.24, 4.56, 6.29, 8.84]",Active,True,Active,4430684.0,1,0.0,0.0,2026-09-26 11:43:51,,
500,98,00-0037304,Connor Heyward,RB,LV,NO,0.0,2026_03_LV_NO,2026-09-27 16:25:00,1.152597816141676,0.0,4.402419964427179,1.416627912301231,-0.264030096159555,C,10,1.219871876313602,20.25,2,,False,,"https://static.www.nfl.com/image/upload/f_auto,q_auto/league/nbbhxtutzvbj0ejljyyp",0.1192234533212937,1.183536852473155,0.0,0.0,2.45143308608287,0.542937056510767,0.0033390221873178,0.0,0.0,0.0,0.0,0.0,0.0,23.25,"[0.0, 0.0, 0.0, 0.0, 0.0, 0.0, 0.0, 0.0, 0.0, 0.03, 0.29, 0.6, 0.94, 1.44, 2.07, 2.93, 4.4, 6.18, 9.61]",Active,True,Active,4241961.0,2,0.2,0.1,2026-09-26 11:43:51,,
501,99,00-0041081,Max Bredeson,RB,MIN,TB,0.0,2026_03_MIN_TB,2026-09-27 16:05:00,1.137510686050053,0.0,4.387332834335556,1.2555269896769896,-0.1180163036269366,C,19,-1.329172997090597,22.0,2,,True,,"https://static.www.nfl.com/image/upload/f_auto,q_auto/league/fl3inwpzgb7fgzpaezw1",0.0,0.0,0.0,0.0,0.0,0.0,0.0,0.0,0.0,0.0,0.0,0.0,0.0,20.5,"[0.0, 0.0, 0.0, 0.0, 0.0, 0.0, 0.0, 0.0, 0.0, 0.01, 0.27, 0.58, 0.93, 1.42, 2.06, 2.92, 4.39, 6.17, 9.59]",Active,True,Active,4878695.0,0,0.0,,2026-09-26 11:43:51,,
502,100,00-0038643,Brayden Willis,TE,SF,ARI,1.0,2026_03_ARI_SF,2026-09-27 16:05:00,1.1256287017908084,0.0,4.519902465168762,0.5322536118093986,0.5933750899814099,B,12,1.0519178295763438,28.0,2,,False,3.0,"https://static.www.nfl.com/image/upload/f_auto,q_auto/league/sdifjifrgrvunhiigdub",0.0735974191355599,0.0,0.0,0.0,0.0,0.0,0.0019367741877778,0.0,0.0,0.0,0.0,0.0,0.0,19.5,"[0.0, 0.0, 0.0, 0.0, 0.0, 0.0, 0.0, 0.0, 0.0, 0.16, 0.45, 0.8, 1.16, 1.65, 2.35, 3.2, 4.52, 6.25, 8.8]",Active,True,Active,4360290.0,1,0.0,0.0,2026-09-26 11:43:51,,
503,100,00-0039603,British Brooks,RB,HOU,IND,0.0,2026_03_HOU_IND,2026-09-27 13:00:00,1.1198395856347343,0.0,4.369661733920237,1.0178448963886495,0.1019946892460845,C,6,4.263968979198941,22.0,2,,False,3.0,"https://static.www.nfl.com/image/upload/f_auto,q_auto/league/jethzcwj6oeitvdprnk8",0.0,1.35023595620176,0.0,0.0,6.245922970337951,0.0,0.0,0.0,0.0,0.0,0.0,0.0,0.0,20.5,"[0.0, 0.0, 0.0, 0.0, 0.0, 0.0, 0.0, 0.0, 0.0, 0.0, 0.26, 0.57, 0.91, 1.41, 2.04, 2.9, 4.37, 6.15, 9.58]",Active,True,Active,4373273.0,1,0.0,0.0,2026-09-26 11:43:51,,
504,101,00-0036187,Reggie Gilliam,RB,NE,JAX,0.0,2026_03_NE_JAX,2026-09-27 13:00:00,1.1165918708950278,0.0,4.366414019180531,1.5645407686032833,-0.4479488977082555,D,28,-3.510081880870486,21.75,2,,False,,"https://static.www.nfl.com/image/upload/f_auto,q_auto/league/jjntivnnkczvlclkiwwm",0.8385501494302617,0.1765354714542265,0.0,0.0,0.3530709429084531,3.4424550134027885,0.0379432781174914,0.0,0.0,0.0,0.0,0.0,0.0,24.75,"[0.0, 0.0, 0.0, 0.0, 0.0, 0.0, 0.0, 0.0, 0.0, 0.0, 0.25, 0.56, 0.91, 1.4, 2.04, 2.9, 4.37, 6.15, 9.57]",Active,True,Active,4039505.0,1,1.4,1.4,2026-09-26 11:43:51,,
505,101,00-0037292,Andrew Ogletree,TE,IND,HOU,1.0,2026_03_HOU_IND,2026-09-27 13:00:00,1.0689388033662448,0.0,4.463212566744199,1.3419325606036,-0.2729937572373551,D,19,-0.6616652477521382,20.5,2,,False,3.0,"https://static.www.nfl.com/image/upload/f_auto,q_auto/league/wvcrk0ygv3coprxj4cnt",0.8626643941480484,0.0,0.0,0.0,0.0,1.3529576290398495,0.0287494133413129,0.0,0.0,0.0,0.0,0.0,0.0,22.0,"[0.0, 0.0, 0.0, 0.0, 0.0, 0.0, 0.0, 0.0, 0.0, 0.1, 0.39, 0.74, 1.11, 1.6, 2.3, 3.15, 4.46, 6.19, 8.74]",Active,True,Active,4722908.0,2,0.0,0.0,2026-09-26 11:43:51,,
506,157,00-0035544,Tom Kennedy,WR,DET,NYJ,1.0,2026_03_NYJ_DET,2026-09-27 13:00:00,1.065397907515513,0.0,4.776905824454566,0.699195323843278,0.3662025836722353,B,26,-4.330216340541972,27.5,3,,False,4.0,"https://static.www.nfl.com/image/upload/f_auto,q_auto/league/cbpuzvde5zqalmkjo0dv",0.171276260958248,0.0,0.0,0.0,0.0,1.5414863486242325,0.0063435652206758,0.0,0.0,0.0,0.0,0.0,0.0,21.0,"[0.0, 0.0, 0.0, 0.0, 0.0, 0.0, 0.0, 0.0, 0.0, 0.07, 0.33, 0.58, 0.9, 1.48, 2.2, 3.3, 4.78, 6.71, 9.94]",Active,True,Active,3126997.0,2,0.0,0.0,2026-09-26 11:43:51,,
507,158,00-0041397,Kaden Wetjen,WR,PIT,CIN,1.0,2026_03_CIN_PIT,2026-09-27 13:00:00,1.0598306408601803,0.0,4.7713385577992335,1.7297105274202944,-0.6698798865601141,D,20,-1.172532099829588,19.5,3,,True,6.0,"https://static.www.nfl.com/image/upload/f_auto,q_auto/league/s44clgjdvd1tuslyqimk",0.0,0.0,0.0,0.0,0.0,0.0,0.0,0.0,0.0,0.0,0.0,0.0,0.0,23.0,"[0.0, 0.0, 0.0, 0.0, 0.0, 0.0, 0.0, 0.0, 0.0, 0.06, 0.33, 0.58, 0.9, 1.48, 2.2, 3.29, 4.77, 6.71, 9.93]",Active,True,Active,5081338.0,2,0.0,0.0,2026-09-26 11:43:51,,
508,159,00-0037093,Dareke Young,WR,LV,NO,0.0,2026_03_LV_NO,2026-09-27 16:25:00,1.0452882850423162,0.0,4.75679620198137,1.2052939269987937,-0.1600056419564772,C,10,3.862106245476425,20.25,3,,False,5.0,"https://static.www.nfl.com/image/upload/f_auto,q_auto/league/xd0585sr1fy1wpry0ued",0.4034803737532617,0.0,0.0,0.0,0.0,9.603628213116316,0.0143330994797493,0.0,0.0,0.0,0.0,0.0,0.0,23.25,"[0.0, 0.0, 0.0, 0.0, 0.0, 0.0, 0.0, 0.0, 0.0, 0.05, 0.31, 0.56, 0.88, 1.46, 2.18, 3.28, 4.76, 6.69, 9.92]",Active,True,Active,4401805.0,2,3.7,1.8,2026-09-26 11:43:51,,
509,102,00-0041116,Jack Endries,TE,CIN,PIT,0.0,2026_03_CIN_PIT,2026-09-27 13:00:00,1.0240009580289846,0.0,4.418274721406939,1.1972439021241104,-0.1732429440951257,C,26,-3.165744158393005,23.0,2,,True,4.0,"https://static.www.nfl.com/image/upload/f_auto,q_auto/league/wxtev9zj048yzxk8ebfu",0.0,0.0,0.0,0.0,0.0,0.0,0.0,0.0,0.0,0.0,0.0,0.0,0.0,19.5,"[0.0, 0.0, 0.0, 0.0, 0.0, 0.0, 0.0, 0.0, 0.0, 0.06, 0.35, 0.7, 1.06, 1.55, 2.25, 3.1, 4.42, 6.14, 8.7]",Active,True,Active,5085189.0,0,0.0,,2026-09-26 11:43:51,,
510,160,00-0038840,Brycen Tremayne,WR,CAR,CLE,0.0,2026_03_CAR_CLE,2026-09-27 13:00:00,1.010279691062251,0.0,4.721787608001304,1.0041727203686674,0.0061069706935832,C,15,2.5338518004318757,22.5,3,,False,4.0,"https://static.www.nfl.com/image/upload/f_auto,q_auto/league/isc094ihkf69vzrlkiql",0.4768055647612529,0.0,0.0,0.0,0.0,3.801959490623895,0.0151768607017518,0.0,0.0,0.0,0.0,0.0,0.0,20.0,"[0.0, 0.0, 0.0, 0.0, 0.0, 0.0, 0.0, 0.0, 0.0, 0.01, 0.28, 0.53, 0.85, 1.43, 2.15, 3.24, 4.72, 6.66, 9.88]",Active,True,Active,4360763.0,2,0.0,0.0,2026-09-26 11:43:51,,
511,103,00-0041077,Justin Joly,TE,MIA,KC,1.0,2026_03_KC_MIA,2026-09-27 13:00:00,1.0069257702204022,0.0,4.401199533598357,1.1972439021241104,-0.1903181319037081,C,9,3.1432850013624525,17.75,2,,True,4.0,"https://static.www.nfl.com/image/upload/f_auto,q_auto/league/vglffv5obtvktndulobu",0.0,0.0,0.0,0.0,0.0,0.0,0.0,0.0,0.0,0.0,0.0,0.0,0.0,27.75,"[0.0, 0.0, 0.0, 0.0, 0.0, 0.0, 0.0, 0.0, 0.0, 0.04, 0.33, 0.68, 1.04, 1.53, 2.23, 3.08, 4.4, 6.13, 8.68]",Active,True,Active,4912052.0,0,0.0,,2026-09-26 11:43:51,,
512,85,00-0035289,Gardner Minshew,QB,ARI,SF,0.0,2026_03_ARI_SF,2026-09-27 16:05:00,0.9634262316840267,0.0,8.140199087819111,2.89805453835738,-1.9346283066733532,F,28,-5.189463301855584,19.5,2,,False,2.0,"https://static.www.nfl.com/image/upload/f_auto,q_auto/league/knlacyr7rqfkcxiriudj",0.0,1.4352200750238049,3.566165848252953,9.967138121795587,0.896568221090778,0.0,0.0,0.0,0.0,0.0,0.0,0.0,0.0,28.0,"[0.0, 0.0, 0.0, 0.0, 0.0, 0.0, 0.0, 0.0, 0.0, 0.0, 0.0, 0.0, 0.57, 2.02, 4.25, 5.87, 8.14, 10.71, 15.33]",Active,True,Active,4038524.0,0,0.0,,2026-09-26 11:43:51,,
513,102,00-0034959,Andrew Beck,RB,NYJ,DET,0.0,2026_03_NYJ_DET,2026-09-27 13:00:00,0.9538448053158292,0.0,4.203666953601332,1.0596479553624922,-0.1058031500466629,C,9,2.5445295029914763,21.0,2,,False,3.0,"https://static.www.nfl.com/image/upload/f_auto,q_auto/league/zv8xb3nfxamq7sqa1xqt",0.5716761271343989,0.0809418705462842,0.0,0.0,0.4047093527314213,2.840123929361691,0.0215323615609366,0.0,0.0,0.0,0.0,0.0,0.0,27.5,"[0.0, 0.0, 0.0, 0.0, 0.0, 0.0, 0.0, 0.0, 0.0, 0.0, 0.09, 0.4, 0.74, 1.24, 1.87, 2.74, 4.2, 5.98, 9.41]",Active,True,Active,3125107.0,1,0.0,0.0,2026-09-26 11:43:51,,
514,104,00-0037317,Nick Muse,TE,ATL,GB,0.0,2026_03_ATL_GB,2026-09-24 20:15:00,0.8940929338961138,0.0,4.288909775771309,1.0756442274582136,-0.1815512935620998,C,10,1.8463426778507053,19.5,2,,True,4.0,"https://static.www.nfl.com/image/upload/f_auto,q_auto/league/cdidnsvt1we5d7ffnjbo",0.0,0.0,0.0,0.0,0.0,0.0,0.0,0.0,0.0,0.0,0.0,0.0,0.0,24.0,"[0.0, 0.0, 0.0, 0.0, 0.0, 0.0, 0.0, 0.0, 0.0, 0.0, 0.22, 0.57, 0.93, 1.42, 2.12, 2.97, 4.29, 6.01, 8.57]",Active,True,Active,4249624.0,2,0.0,0.0,2026-09-24 19:34:09,0.0,nflverse
515,161,00-0037132,Britain Covey,WR,PHI,CHI,0.0,2026_03_PHI_CHI,2026-09-28 20:15:00,0.8745553259869441,0.0,4.586063242925997,0.8494375978770412,0.0251177281099028,C,16,1.6639397615764917,23.0,3,,False,7.0,"https://static.www.nfl.com/image/upload/f_auto,q_auto/league/jgvgr3prtme8ua28bfxi",0.2330696708782749,0.0,0.0,0.0,0.0,1.165348354391375,0.0068549903199492,0.0,0.0,0.0,0.0,0.0,0.0,18.5,"[0.0, 0.0, 0.0, 0.0, 0.0, 0.0, 0.0, 0.0, 0.0, 0.0, 0.14, 0.39, 0.71, 1.29, 2.01, 3.11, 4.59, 6.52, 9.75]",Active,True,Active,3926231.0,2,0.0,0.0,2026-09-26 11:43:51,,
516,162,00-0040164,Jaylin Lane,WR,WAS,SEA,1.0,2026_03_SEA_WAS,2026-09-27 13:00:00,0.8201653950870673,0.0,4.53167331202612,1.7778454519078375,-0.9576800568207702,D,32,-14.266071470507672,16.5,3,,False,6.0,"https://static.www.nfl.com/image/upload/f_auto,q_auto/league/fa5ufxqxs3hzioih3cfb",1.0791098080374115,0.0241029208436096,0.0,0.0,0.1687204459052672,7.175309003988245,0.0413921847984325,0.0,0.0,0.0,0.0,0.0,0.0,24.0,"[0.0, 0.0, 0.0, 0.0, 0.0, 0.0, 0.0, 0.0, 0.0, 0.0, 0.09, 0.34, 0.66, 1.24, 1.96, 3.05, 4.53, 6.47, 9.69]",Active,True,Active,4602667.0,2,1.4,0.7,2026-09-26 11:43:51,,
517,163,00-0038640,Jalen Brooks,WR,ARI,SF,0.0,2026_03_ARI_SF,2026-09-27 16:05:00,0.8100053641533664,0.0,4.521513281092419,1.2158010185344563,-0.4057956543810901,D,22,-1.8081610719087355,19.5,3,,False,4.0,"https://static.www.nfl.com/image/upload/f_auto,q_auto/league/xeg0tvg6klf0afgddkq6",0.5925068296971049,0.0,0.0,0.0,0.0,4.980727946550783,0.0145752016072092,0.0,0.0,0.0,0.0,0.0,0.0,28.0,"[0.0, 0.0, 0.0, 0.0, 0.0, 0.0, 0.0, 0.0, 0.0, 0.0, 0.08, 0.33, 0.65, 1.23, 1.95, 3.04, 4.52, 6.46, 9.68]",Active,True,Active,4692835.0,1,0.0,0.0,2026-09-26 11:43:51,,
518,105,00-0039648,David Martin-Robinson,TE,TEN,NYG,0.0,2026_03_TEN_NYG,2026-09-27 13:00:00,0.8056068198244528,0.0,4.199880583202408,1.1668864519289643,-0.3612796321045115,D,11,1.515485241013074,17.5,2,,False,3.0,"https://static.www.nfl.com/image/upload/f_auto,q_auto/league/imh2h5q6jmoqno5xlpwm",0.6865296999991545,0.0,0.0,0.0,0.0,3.6408133080922314,0.0214604258993429,0.0,0.0,0.0,0.0,0.0,0.0,20.0,"[0.0, 0.0, 0.0, 0.0, 0.0, 0.0, 0.0, 0.0, 0.0, 0.0, 0.13, 0.48, 0.84, 1.33, 2.03, 2.88, 4.2, 5.93, 8.48]",Active,True,Active,4360978.0,0,0.0,,2026-09-26 11:43:51,,
519,103,00-0038488,Brady Russell,RB,SEA,WAS,0.0,2026_03_SEA_WAS,2026-09-27 13:00:00,0.7841392891160099,0.0,4.033961437401513,1.0878751543726848,-0.3037358652566748,C,30,-4.409697966230712,24.0,2,,False,,"https://static.www.nfl.com/image/upload/f_auto,q_auto/league/vfz3osmr3fgeoyu5us80",0.7091952373738851,0.0,0.0,0.0,0.0,6.5060303270781565,0.0288839810496762,0.0,0.0,0.0,0.0,0.0,0.0,16.5,"[0.0, 0.0, 0.0, 0.0, 0.0, 0.0, 0.0, 0.0, 0.0, 0.0, 0.0, 0.23, 0.57, 1.07, 1.71, 2.57, 4.03, 5.81, 9.24]",Active,True,Active,4243176.0,1,4.0,4.0,2026-09-26 11:43:51,,
520,106,00-0031484,Chris Manhertz,TE,NYG,TEN,1.0,2026_03_TEN_NYG,2026-09-27 13:00:00,0.7789392891369209,0.0,4.173213052514875,1.4409145259870355,-0.6619752368501146,D,30,-4.892890155555996,20.0,2,,False,,"https://static.www.nfl.com/image/upload/f_auto,q_auto/league/bw0kytk1nwrdln9t3wzg",0.5018709170128464,0.0,0.0,0.0,0.0,1.529534969900724,0.0161386848976933,0.0,0.0,0.0,0.0,0.0,0.0,17.5,"[0.0, 0.0, 0.0, 0.0, 0.0, 0.0, 0.0, 0.0, 0.0, 0.0, 0.1, 0.45, 0.82, 1.31, 2.01, 2.86, 4.17, 5.9, 8.45]",Active,True,Active,2531358.0,0,0.0,,2026-09-26 11:43:51,,
521,164,00-0036862,Ben Skowronek,WR,PIT,CIN,1.0,2026_03_CIN_PIT,2026-09-27 13:00:00,0.7723672560988684,0.0,4.483875173037921,1.0455366331726248,-0.2731693770737564,C,20,-1.172532099829588,19.5,3,,False,5.0,"https://static.www.nfl.com/image/upload/f_auto,q_auto/league/etozk8ja4u8lpjcvvo6l",0.5200122224923417,0.0,0.0,0.0,0.0,3.0650378858558125,0.0160971228242195,0.0,0.0,0.0,0.0,0.0,0.0,23.0,"[0.0, 0.0, 0.0, 0.0, 0.0, 0.0, 0.0, 0.0, 0.0, 0.0, 0.04, 0.29, 0.61, 1.19, 1.91, 3.0, 4.48, 6.42, 9.64]",Active,True,Active,4035656.0,1,1.2,1.2,2026-09-26 11:43:51,,
522,104,00-0038896,Jacob Saylors,RB,DET,NYJ,1.0,2026_03_NYJ_DET,2026-09-27 13:00:00,0.7570254126872547,0.0,4.006847560972758,0.1750945592202324,0.5819308534670222,B,14,0.2698532562620907,27.5,2,,False,3.0,"https://static.www.nfl.com/image/upload/f_auto,q_auto/league/wunm6abfmikwaewmwkp7",0.0,0.0617429634050976,0.0,0.0,0.3395862987280371,0.0,0.0,0.0,0.0,0.0,0.0,0.0,0.0,21.0,"[0.0, 0.0, 0.0, 0.0, 0.0, 0.0, 0.0, 0.0, 0.0, 0.0, 0.0, 0.2, 0.55, 1.04, 1.68, 2.54, 4.01, 5.79, 9.21]",Active,True,Active,4383429.0,2,0.0,0.0,2026-09-26 11:43:51,,
523,107,00-0041133,Dallen Bentley,TE,DEN,LA,1.0,2026_03_LA_DEN,2026-09-27 20:20:00,0.7000108505690483,0.0,4.094284613947003,1.1972439021241104,-0.497233051555062,D,29,-4.747712017669031,21.0,2,,True,4.0,"https://static.www.nfl.com/image/upload/f_auto,q_auto/league/vaiszquqlgric9cfbwjf",0.0,0.0,0.0,0.0,0.0,0.0,0.0,0.0,0.0,0.0,0.0,0.0,0.0,23.5,"[0.0, 0.0, 0.0, 0.0, 0.0, 0.0, 0.0, 0.0, 0.0, 0.0, 0.02, 0.37, 0.74, 1.23, 1.93, 2.78, 4.09, 5.82, 8.37]",Active,True,Active,5159802.0,0,0.0,,2026-09-26 11:43:51,,
524,108,00-0039050,Payne Durham,TE,TB,MIN,1.0,2026_03_MIN_TB,2026-09-27 16:05:00,0.6606759898231465,0.0,4.0549497532011,1.2784629293617726,-0.6177869395386262,D,31,-4.947316703181739,20.5,2,,False,2.0,"https://static.www.nfl.com/image/upload/f_auto,q_auto/league/emibbexzjbzvopbvo1at",0.5322705640624549,0.0,0.0,0.0,0.0,1.5354020560943706,0.0186319556841342,0.0,0.0,0.0,0.0,0.0,0.0,22.0,"[0.0, 0.0, 0.0, 0.0, 0.0, 0.0, 0.0, 0.0, 0.0, 0.0, 0.0, 0.33, 0.7, 1.19, 1.89, 2.74, 4.05, 5.78, 8.33]",Active,True,Active,4372505.0,0,0.0,,2026-09-26 11:43:51,,
525,105,00-0040208,Tahj Brooks,RB,CIN,PIT,0.0,2026_03_CIN_PIT,2026-09-27 13:00:00,0.5958045212566185,0.0,3.8456266695421215,0.7053268184423791,-0.1095222971857605,C,16,-0.2004559673072032,23.0,2,,False,3.0,"https://static.www.nfl.com/image/upload/f_auto,q_auto/league/s89clgkij0ytcmrkdydt",0.1511863124306728,1.0122532190600333,0.0,0.0,2.7532063669518974,0.7682641598382853,0.0045227370718704,0.0,0.0,0.0,0.0,0.0,0.0,19.5,"[0.0, 0.0, 0.0, 0.0, 0.0, 0.0, 0.0, 0.0, 0.0, 0.0, 0.0, 0.04, 0.39, 0.88, 1.52, 2.38, 3.85, 5.63, 9.05]",Active,True,Active,4429299.0,1,0.0,0.0,2026-09-26 11:43:51,,
526,109,00-0036556,Brevin Jordan,TE,HOU,IND,0.0,2026_03_HOU_IND,2026-09-27 13:00:00,0.5646368123238222,0.0,3.958910575701776,0.4634083850931677,0.1012284272306545,C,6,5.135374100177506,22.0,2,,True,5.0,"https://static.www.nfl.com/image/upload/f_auto,q_auto/league/rn42gehfbeflx2px8njx",0.0,0.0,0.0,0.0,0.0,0.0,0.0,0.0,0.0,0.0,0.0,0.0,0.0,20.5,"[0.0, 0.0, 0.0, 0.0, 0.0, 0.0, 0.0, 0.0, 0.0, 0.0, 0.0, 0.24, 0.6, 1.09, 1.79, 2.64, 3.96, 5.68, 8.24]",Active,True,Active,4362504.0,0,0.0,,2026-09-26 11:43:51,,
527,110,00-0037311,Ko Kieft,TE,TB,MIN,1.0,2026_03_MIN_TB,2026-09-27 16:05:00,0.5506163527735717,0.0,3.9448901161515257,1.445898297307878,-0.8952819445343063,F,31,-4.947316703181739,20.5,2,,True,3.0,"https://static.www.nfl.com/image/upload/f_auto,q_auto/league/whd4f9mav6qqckqltqwu",0.0,0.0,0.0,0.0,0.0,0.0,0.0,0.0,0.0,0.0,0.0,0.0,0.0,22.0,"[0.0, 0.0, 0.0, 0.0, 0.0, 0.0, 0.0, 0.0, 0.0, 0.0, 0.0, 0.22, 0.59, 1.08, 1.78, 2.63, 3.94, 5.67, 8.22]",Active,True,Active,4034779.0,0,0.0,,2026-09-26 11:43:51,,
528,111,00-0038564,Cameron Latu,TE,NE,JAX,0.0,2026_03_NE_JAX,2026-09-27 13:00:00,0.4683449658051852,0.0,3.86261872918314,0.4856312417312338,-0.0172862759260485,C,13,0.6599941665186049,21.75,2,,False,3.0,"https://static.www.nfl.com/image/upload/f_auto,q_auto/league/hquihmithkmhoncvkqwt",0.0,0.0,0.0,0.0,0.0,0.0,0.0,0.0,0.0,0.0,0.0,0.0,0.0,24.75,"[0.0, 0.0, 0.0, 0.0, 0.0, 0.0, 0.0, 0.0, 0.0, 0.0, 0.0, 0.14, 0.51, 1.0, 1.69, 2.55, 3.86, 5.59, 8.14]",Active,True,Active,4372026.0,1,0.0,0.0,2026-09-26 11:43:51,,
529,112,00-0041510,Max Klare,TE,LA,DEN,0.0,2026_03_LA_DEN,2026-09-27 20:20:00,0.4585950235499962,0.0,3.8528687869279503,0.4634083850931677,-0.0048133615431714,C,20,-1.449221027771366,23.5,2,,True,5.0,,0.0,0.0,0.0,0.0,0.0,0.0,0.0,0.0,0.0,0.0,0.0,0.0,0.0,21.0,"[0.0, 0.0, 0.0, 0.0, 0.0, 0.0, 0.0, 0.0, 0.0, 0.0, 0.0, 0.13, 0.5, 0.99, 1.69, 2.54, 3.85, 5.58, 8.13]",Active,True,Active,4833029.0,0,0.0,,2026-09-26 11:43:51,,
530,113,00-0041131,Carsen Ryan,TE,CLE,CAR,1.0,2026_03_CAR_CLE,2026-09-27 13:00:00,0.4265633242385566,0.0,3.820837087616511,1.532808393221988,-1.1062450689834311,F,27,-3.933740288793752,20.0,2,,True,3.0,"https://static.www.nfl.com/image/upload/f_auto,q_auto/league/qiqiqjw4vyhv2xpxt2np",0.0,0.0,0.0,0.0,0.0,0.0,0.0,0.0,0.0,0.0,0.0,0.0,0.0,22.5,"[0.0, 0.0, 0.0, 0.0, 0.0, 0.0, 0.0, 0.0, 0.0, 0.0, 0.0, 0.1, 0.46, 0.95, 1.65, 2.5, 3.82, 5.55, 8.1]",Active,True,Active,4685540.0,1,0.0,0.0,2026-09-26 11:43:51,,
531,106,00-0039021,Roschon Johnson,RB,CHI,PHI,1.0,2026_03_PHI_CHI,2026-09-28 20:15:00,0.3774433409171598,0.0,3.627265489202663,0.5678009468267131,-0.1903576059095533,C,12,0.9861114576105776,18.5,2,,False,3.0,"https://static.www.nfl.com/image/upload/f_auto,q_auto/league/xbham6uvckkshpntb8oj",0.0,0.1995265125523891,0.0,0.0,1.7175714168001646,0.0,0.0,0.0,0.0,0.0,0.0,0.0,0.0,23.0,"[0.0, 0.0, 0.0, 0.0, 0.0, 0.0, 0.0, 0.0, 0.0, 0.0, 0.0, 0.0, 0.17, 0.66, 1.3, 2.16, 3.63, 5.41, 8.83]",Active,True,Active,4426386.0,1,0.0,0.0,2026-09-26 11:43:51,,
532,114,00-0040225,Thomas Fidone II,TE,NYG,TEN,1.0,2026_03_TEN_NYG,2026-09-27 13:00:00,0.3359922115994025,0.0,3.730265974977357,1.5447016835725944,-1.208709471973192,F,30,-4.892890155555996,20.0,2,,True,3.0,"https://static.www.nfl.com/image/upload/f_auto,q_auto/league/vbaqpkcxcfwh9dhzescy",0.0,0.0,0.0,0.0,0.0,0.0,0.0,0.0,0.0,0.0,0.0,0.0,0.0,17.5,"[0.0, 0.0, 0.0, 0.0, 0.0, 0.0, 0.0, 0.0, 0.0, 0.0, 0.0, 0.01, 0.37, 0.86, 1.56, 2.41, 3.73, 5.46, 8.01]",Active,True,Active,4590292.0,0,0.0,,2026-09-26 11:43:51,,
533,165,00-0040534,Ke'Shawn Williams,WR,CIN,PIT,0.0,2026_03_CIN_PIT,2026-09-27 13:00:00,0.3292143152645534,0.0,4.040722232203606,0.5040279262668941,-0.1748136110023406,C,27,-4.754448771337329,23.0,3,,False,5.0,"https://static.www.nfl.com/image/upload/f_auto,q_auto/league/r7enwgccqv93feuoeurz",0.123863557928786,0.248657551143185,0.0,0.0,1.3292508928773632,0.6193177896439301,0.0037534411493571,0.0,0.0,0.0,0.0,0.0,0.0,19.5,"[0.0, 0.0, 0.0, 0.0, 0.0, 0.0, 0.0, 0.0, 0.0, 0.0, 0.0, 0.0, 0.16, 0.75, 1.47, 2.56, 4.04, 5.98, 9.2]",Active,True,Active,4570738.0,0,0.0,,2026-09-26 11:43:51,,
534,115,00-0041094,Bauer Sharp,TE,TB,MIN,1.0,2026_03_MIN_TB,2026-09-27 16:05:00,0.3040768150329049,0.0,3.6983505784108592,1.0843438831628216,-0.7802670681299166,F,31,-4.947316703181739,20.5,2,,True,4.0,"https://static.www.nfl.com/image/upload/f_auto,q_auto/league/xqj8rk6okp7eobbv5hps",0.0,0.0,0.0,0.0,0.0,0.0,0.0,0.0,0.0,0.0,0.0,0.0,0.0,22.0,"[0.0, 0.0, 0.0, 0.0, 0.0, 0.0, 0.0, 0.0, 0.0, 0.0, 0.0, 0.0, 0.34, 0.83, 1.53, 2.38, 3.7, 5.42, 7.98]",Active,True,Active,4890373.0,1,0.0,0.0,2026-09-26 11:43:51,,
535,166,00-0038519,Nikko Remigio,WR,KC,MIA,0.0,2026_03_KC_MIA,2026-09-27 13:00:00,0.2616800496218348,0.0,3.973187966560888,0.0,0.2616800496218348,C,23,-1.96507570032539,27.75,3,,False,6.0,"https://static.www.nfl.com/image/upload/f_auto,q_auto/league/n6b1tsy32fswbd0xgsim",0.0188809799839582,0.0205898546728044,0.0,0.0,0.2264884014008485,0.3965005796631231,0.0006510682753089,0.0,0.0,0.0,0.0,0.0,0.0,17.75,"[0.0, 0.0, 0.0, 0.0, 0.0, 0.0, 0.0, 0.0, 0.0, 0.0, 0.0, 0.0, 0.1, 0.68, 1.4, 2.49, 3.97, 5.91, 9.13]",Active,True,Active,4372716.0,2,0.0,0.0,2026-09-26 11:43:51,,
536,167,00-0039589,Kameron Johnson,WR,TB,MIN,1.0,2026_03_MIN_TB,2026-09-27 16:05:00,0.1951621817089535,0.0,3.906670098648007,0.2113902033506942,-0.0162280216417407,C,8,4.1156195303677725,20.5,3,,False,6.0,"https://static.www.nfl.com/image/upload/f_auto,q_auto/league/ms7auybbkq1nwbd2ev0d",0.1621753339979039,0.0436705152107622,0.0,0.0,0.3175753902333205,1.262470834071533,0.0057478432236681,0.0,0.0,0.0,0.0,0.0,0.0,22.0,"[0.0, 0.0, 0.0, 0.0, 0.0, 0.0, 0.0, 0.0, 0.0, 0.0, 0.0, 0.0, 0.03, 0.61, 1.33, 2.43, 3.91, 5.84, 9.07]",Active,True,Active,5097554.0,2,0.0,0.0,2026-09-26 11:43:51,,
537,107,00-0039407,Dylan Laube,RB,LV,NO,0.0,2026_03_LV_NO,2026-09-27 16:25:00,0.1170487516801408,0.0,3.366870899965644,0.3810788478396949,-0.2640300961595541,C,10,1.219871876313602,20.25,2,,False,3.0,"https://static.www.nfl.com/image/upload/f_auto,q_auto/league/lpizdza73bgksstymv5t",0.0646193074374571,0.1675600942269566,0.0,0.0,0.2527650856265198,0.2586353578093291,0.0024775134185722,0.0,0.0,0.0,0.0,0.0,0.0,23.25,"[0.0, 0.0, 0.0, 0.0, 0.0, 0.0, 0.0, 0.0, 0.0, 0.0, 0.0, 0.0, 0.0, 0.4, 1.04, 1.9, 3.37, 5.15, 8.57]",Active,True,Active,4366963.0,2,0.0,0.0,2026-09-26 11:43:51,,
538,116,00-0036825,Feleipe Franks,TE,CAR,CLE,0.0,2026_03_CAR_CLE,2026-09-27 13:00:00,0.052598330109852,0.0,3.4468720934878063,0.0822129208079669,-0.0296145906981148,C,17,-0.3987482731510873,22.5,2,,False,4.0,"https://static.www.nfl.com/image/upload/f_auto,q_auto/league/nbn1wxlh6los4y2am3ro",0.0,0.0803956467485032,0.0,0.0,0.1607912934970065,0.0,0.0,0.0,0.0,0.0,0.0,0.0,0.0,20.0,"[0.0, 0.0, 0.0, 0.0, 0.0, 0.0, 0.0, 0.0, 0.0, 0.0, 0.0, 0.0, 0.09, 0.58, 1.28, 2.13, 3.45, 5.17, 7.72]",Active,True,Active,4034948.0,2,0.0,0.0,2026-09-26 11:43:51,,
539,108,00-0037594,Julius Chestnut,RB,TEN,NYG,0.0,2026_03_TEN_NYG,2026-09-27 13:00:00,0.0,0.0,3.249822148285503,0.2413804198980917,-0.2413804198980917,C,7,3.650229425774356,17.5,2,,False,4.0,"https://static.www.nfl.com/image/upload/f_auto,q_auto/league/bkhv6hpjogvs5b31wwrs",0.0522868156752172,0.3675803584578883,0.0,0.0,1.0995620878295569,0.0,0.0018246278571822,0.0,0.0,0.0,0.0,0.0,0.0,20.0,"[0.0, 0.0, 0.0, 0.0, 0.0, 0.0, 0.0, 0.0, 0.0, 0.0, 0.0, 0.0, 0.0, 0.29, 0.92, 1.78, 3.25, 5.03, 8.46]",Active,True,Active,4367567.0,1,0.0,0.0,2026-09-26 11:43:51,,
540,117,00-0039686,Colson Yankoff,TE,WAS,SEA,1.0,2026_03_SEA_WAS,2026-09-27 13:00:00,0.0,0.0,3.3942737633779543,0.8134492845590442,-0.8134492845590442,F,25,-2.993571858988445,16.5,2,,False,3.0,"https://static.www.nfl.com/image/upload/f_auto,q_auto/league/cgsxdjqy6l2zuqaftbd6",0.4570593168269973,0.0,0.0,0.0,0.0,5.206997869265265,0.0144140662739615,0.0,0.0,0.0,0.0,0.0,0.0,24.0,"[0.0, 0.0, 0.0, 0.0, 0.0, 0.0, 0.0, 0.0, 0.0, 0.0, 0.0, 0.0, 0.04, 0.53, 1.23, 2.08, 3.39, 5.12, 7.67]",Active,True,Active,4361088.0,2,2.4,1.2,2026-09-26 11:43:51,,
541,168,00-0036331,Devin Duvernay,WR,ARI,SF,0.0,2026_03_ARI_SF,2026-09-27 16:05:00,0.0,0.0,3.711507916939053,0.0,0.0,C,22,-1.8081610719087355,19.5,3,,False,6.0,"https://static.www.nfl.com/image/upload/f_auto,q_auto/league/tj3t166iwsxbnyzxcyyl",0.1214108707477298,0.0,0.0,0.0,0.0,0.7494500628664537,0.0035683336557618,0.0,0.0,0.0,0.0,0.0,0.0,28.0,"[0.0, 0.0, 0.0, 0.0, 0.0, 0.0, 0.0, 0.0, 0.0, 0.0, 0.0, 0.0, 0.0, 0.42, 1.14, 2.23, 3.71, 5.65, 8.87]",Active,True,Active,4039050.0,2,0.0,0.0,2026-09-26 11:43:51,,
542,169,00-0040506,Myles Price,WR,MIN,TB,0.0,2026_03_MIN_TB,2026-09-27 16:05:00,0.0,0.0,3.711507916939053,0.0,0.0,C,30,-9.374701289506303,22.0,3,,False,5.0,"https://static.www.nfl.com/image/upload/f_auto,q_auto/league/yi2pgwujy0lv9l3m3sig",0.2773437870990919,0.0,0.0,0.0,0.0,0.0,0.0145970414262679,0.0,0.0,0.0,0.0,0.0,0.0,20.5,"[0.0, 0.0, 0.0, 0.0, 0.0, 0.0, 0.0, 0.0, 0.0, 0.0, 0.0, 0.0, 0.0, 0.42, 1.14, 2.23, 3.71, 5.65, 8.87]",Active,True,Active,4430656.0,2,0.0,0.0,2026-09-26 11:43:51,,
543,170,00-0040154,Tai Felton,WR,MIN,TB,0.0,2026_03_MIN_TB,2026-09-27 16:05:00,0.0,0.0,3.711507916939053,0.1436707440845817,-0.1436707440845817,C,30,-9.374701289506303,22.0,3,,False,4.0,"https://static.www.nfl.com/image/upload/f_auto,q_auto/league/pyritorbaz2enqayclln",0.27967372578765,0.0,0.0,0.0,0.0,2.271827685854592,0.0120619364751006,0.0,0.0,0.0,0.0,0.0,0.0,20.5,"[0.0, 0.0, 0.0, 0.0, 0.0, 0.0, 0.0, 0.0, 0.0, 0.0, 0.0, 0.0, 0.0, 0.42, 1.14, 2.23, 3.71, 5.65, 8.87]",Active,True,Active,4565185.0,0,0.0,,2026-09-26 11:43:51,,
544,171,00-0036646,Simi Fehoko,WR,ARI,SF,0.0,2026_03_ARI_SF,2026-09-27 16:05:00,0.0,0.0,3.711507916939053,0.2281825313456531,-0.2281825313456531,C,22,-1.8081610719087355,19.5,3,,False,5.0,"https://static.www.nfl.com/image/upload/f_auto,q_auto/league/eep30drknwucjdj6tivh",0.0,0.0,0.0,0.0,0.0,0.0,0.0,0.0,0.0,0.0,0.0,0.0,0.0,28.0,"[0.0, 0.0, 0.0, 0.0, 0.0, 0.0, 0.0, 0.0, 0.0, 0.0, 0.0, 0.0, 0.0, 0.42, 1.14, 2.23, 3.71, 5.65, 8.87]",Active,True,Active,4360739.0,1,0.0,0.0,2026-09-26 11:43:51,,
545,32,00-0038905,Blake Grupe,K,NYJ,DET,0.0,2026_03_NYJ_DET,2026-09-27 13:00:00,0.0,0.0,0.0,0.0,0.0,C,13,0.3037812964632609,21.0,2,,False,2.0,"https://static.www.nfl.com/image/upload/f_auto,q_auto/league/de3vz6xjjo9paba6encd",0.0,0.0,0.0,0.0,0.0,0.0,0.0,2.230928391186729,1.6785814404201218,0.5026967217920313,0.0,0.0,0.0,27.5,"[0.0, 0.0, 0.0, 0.0, 0.0, 0.0, 0.0, 0.0, 0.0, 0.0, 0.0, 0.0, 0.0, 0.0, 0.0, 0.0, 0.0, 0.0, 0.0]",Backup,False,Active,4259619.0,0,0.0,,2026-09-26 11:43:51,,
546,33,00-0039229,Charlie Smyth,K,NO,LV,1.0,2026_03_LV_NO,2026-09-27 16:25:00,0.0,0.0,0.0,0.0,0.0,C,27,-1.5902587838905766,23.25,2,,False,,"https://static.www.nfl.com/image/upload/f_auto,q_auto/league/yv9x4ywdfecxioletyol",0.0,0.0,0.0,0.0,0.0,0.0,0.0,2.743606471896459,2.254737854822231,0.6803771552009303,0.0,0.0,0.0,20.25,"[0.0, 0.0, 0.0, 0.0, 0.0, 0.0, 0.0, 0.0, 0.0, 0.0, 0.0, 0.0, 0.0, 0.0, 0.0, 0.0, 0.0, 0.0, 0.0]",Practice squad,False,Practice squad,5208518.0,0,0.0,,2026-09-26 11:43:51,,
547,34,00-0034794,Jason Sanders,K,NYJ,DET,0.0,2026_03_NYJ_DET,2026-09-27 13:00:00,0.0,0.0,0.0,0.0,0.0,C,13,0.3037812964632609,21.0,2,,True,1.0,"https://static.www.nfl.com/image/upload/f_auto,q_auto/league/k3ldptfygihmqgl2eir6",0.0,0.0,0.0,0.0,0.0,0.0,0.0,2.435058073750916,2.0,0.9567053825006108,0.0,0.0,0.0,27.5,"[0.0, 0.0, 0.0, 0.0, 0.0, 0.0, 0.0, 0.0, 0.0, 0.0, 0.0, 0.0, 0.0, 0.0, 0.0, 0.0, 0.0, 0.0, 0.0]",Practice squad,False,Practice squad,3124679.0,2,19.0,9.5,2026-09-26 11:43:51,,
548,35,00-0041582,Kansei Matsuzawa,K,LV,NO,0.0,2026_03_LV_NO,2026-09-27 16:25:00,0.0,0.0,0.0,0.0,0.0,C,22,-0.8717586210052686,20.25,2,,True,,"https://static.www.nfl.com/image/upload/f_auto,q_auto/league/juovdeicuriiauham1my",0.0,0.0,0.0,0.0,0.0,0.0,0.0,0.0,0.0,0.0,0.0,0.0,0.0,23.25,"[0.0, 0.0, 0.0, 0.0, 0.0, 0.0, 0.0, 0.0, 0.0, 0.0, 0.0, 0.0, 0.0, 0.0, 0.0, 0.0, 0.0, 0.0, 0.0]",Practice squad,False,Practice squad,5158921.0,0,0.0,,2026-09-26 11:43:51,,
549,86,00-0040691,Jaxson Dart,QB,NYG,TEN,1.0,2026_03_TEN_NYG,2026-09-27 13:00:00,0.0,0.0,0.0,0.0,0.0,C,19,-0.4701913878773203,20.0,2,,False,2.0,"https://static.www.nfl.com/image/upload/f_auto,q_auto/league/n6uymxssgiicjmxkzxoc",0.0,5.689561585279991,20.73359343141977,144.4889240763414,30.499050341356742,0.0,0.0,0.0,0.0,0.0,0.0,0.0,0.0,17.5,"[0.0, 0.0, 0.0, 0.0, 0.0, 0.0, 0.0, 0.0, 0.0, 0.0, 0.0, 0.0, 0.0, 0.0, 0.0, 0.0, 0.0, 0.0, 0.0]",Reserve/IR,False,Reserve/IR,4689114.0,2,27.4,13.7,2026-09-26 11:43:51,,
550,87,00-0040704,Dillon Gabriel,QB,CLE,CAR,1.0,2026_03_CAR_CLE,2026-09-27 13:00:00,0.0,0.0,0.0,0.0,0.0,C,9,2.3407301602730524,20.0,2,,False,4.0,"https://static.www.nfl.com/image/upload/f_auto,q_auto/league/szpyvusef9jvoctbnkbk",0.0,1.421848382411572,17.358124047651746,88.10075859943977,9.025083168786251,0.0,0.0,0.0,0.0,0.0,0.0,0.0,0.0,22.5,"[0.0, 0.0, 0.0, 0.0, 0.0, 0.0, 0.0, 0.0, 0.0, 0.0, 0.0, 0.0, 0.0, 0.0, 0.0, 0.0, 0.0, 0.0, 0.0]",Reserve/IR,False,Reserve/IR,4427238.0,0,0.0,,2026-09-26 11:43:51,,
551,88,00-0039910,Jayden Daniels,QB,WAS,SEA,1.0,2026_03_SEA_WAS,2026-09-27 13:00:00,0.0,0.0,0.0,0.0,0.0,C,29,-6.105729918252214,16.5,2,Out,False,,"https://static.www.nfl.com/image/upload/f_auto,q_auto/league/gfz8k5onuqjrche9ogqc",0.0,6.757030145852737,25.41649721445484,143.74801703786684,46.556798563123,0.0,0.0,0.0,0.0,0.0,0.0,0.0,0.0,24.0,"[0.0, 0.0, 0.0, 0.0, 0.0, 0.0, 0.0, 0.0, 0.0, 0.0, 0.0, 0.0, 0.0, 0.0, 0.0, 0.0, 0.0, 0.0, 0.0]",Out,False,Active,4426348.0,2,32.4,16.2,2026-09-26 11:43:51,,
552,89,00-0040494,Max Brosmer,QB,MIN,TB,0.0,2026_03_MIN_TB,2026-09-27 16:05:00,0.0,0.0,0.0,0.0,0.0,C,12,1.2925422694668751,22.0,2,,False,,"https://static.www.nfl.com/image/upload/f_auto,q_auto/league/fpveluufmy7buwrhpiny",0.0,1.0542214202603368,10.691491560264078,49.47659517025961,1.9583106315663543,0.0,0.0,0.0,0.0,0.0,0.0,0.0,0.0,20.5,"[0.0, 0.0, 0.0, 0.0, 0.0, 0.0, 0.0, 0.0, 0.0, 0.0, 0.0, 0.0, 0.0, 0.0, 0.0, 0.0, 0.0, 0.0, 0.0]",Practice squad,False,Practice squad,4573398.0,0,0.0,,2026-09-26 11:43:51,,
553,90,00-0033319,Nick Mullens,QB,JAX,NE,1.0,2026_03_NE_JAX,2026-09-27 13:00:00,0.0,0.0,0.0,0.0,0.0,C,30,-6.273487101375819,24.75,2,,False,,"https://static.www.nfl.com/image/upload/f_auto,q_auto/league/haxwyajgngz6quuyqg19",0.0,3.0,0.3810811248433991,2.4846549191301635,-2.517253232693232,0.0,0.0,0.0,0.0,0.0,0.0,0.0,0.0,21.75,"[0.0, 0.0, 0.0, 0.0, 0.0, 0.0, 0.0, 0.0, 0.0, 0.0, 0.0, 0.0, 0.0, 0.0, 0.0, 0.0, 0.0, 0.0, 0.0]",Practice squad,False,Practice squad,3059989.0,1,-0.3,-0.3,2026-09-26 11:43:51,,
554,91,00-0039398,Joe Milton III,QB,DAL,BAL,1.0,2026_03_BAL_DAL,2026-09-27 16:25:00,0.0,0.0,0.0,0.0,0.0,C,18,0.2052363207906818,25.0,2,,False,,"https://static.www.nfl.com/image/upload/f_auto,q_auto/league/tsj9lobse1gxzanf39dt",0.0,1.3933113808011737,6.249102896414386,46.32306220192989,14.00366848529936,0.0,0.0,0.0,0.0,0.0,0.0,0.0,0.0,28.5,"[0.0, 0.0, 0.0, 0.0, 0.0, 0.0, 0.0, 0.0, 0.0, 0.0, 0.0, 0.0, 0.0, 0.0, 0.0, 0.0, 0.0, 0.0, 0.0]",Practice squad,False,Practice squad,4360698.0,0,0.0,,2026-09-26 11:43:51,,
555,92,00-0037324,Chris Oladokun,QB,KC,MIA,0.0,2026_03_KC_MIA,2026-09-27 13:00:00,0.0,0.0,0.0,0.0,0.0,C,14,1.0828580641976226,27.75,2,,True,,"https://static.www.nfl.com/image/upload/f_auto,q_auto/league/zlcmvcyi6laaklmjv1j2",0.0,1.6374053324031206,18.357599324981635,76.81994768697973,5.791840431745014,0.0,0.0,0.0,0.0,0.0,0.0,0.0,0.0,17.75,"[0.0, 0.0, 0.0, 0.0, 0.0, 0.0, 0.0, 0.0, 0.0, 0.0, 0.0, 0.0, 0.0, 0.0, 0.0, 0.0, 0.0, 0.0, 0.0]",Reserve/IR,False,Reserve/IR,4044111.0,0,0.0,,2026-09-26 11:43:51,,
556,93,00-0026300,Josh Johnson,QB,CIN,PIT,0.0,2026_03_CIN_PIT,2026-09-27 13:00:00,0.0,0.0,0.0,0.0,0.0,C,23,-1.527217636173466,23.0,2,,True,,"https://static.www.nfl.com/image/upload/f_auto,q_auto/league/sijqkai2yy1cbw3rwndh",0.0,4.233258117005829,18.368741545990527,126.4459510642982,19.641767804167504,0.0,0.0,0.0,0.0,0.0,0.0,0.0,0.0,19.5,"[0.0, 0.0, 0.0, 0.0, 0.0, 0.0, 0.0, 0.0, 0.0, 0.0, 0.0, 0.0, 0.0, 0.0, 0.0, 0.0, 0.0, 0.0, 0.0]",Practice squad,False,Practice squad,11394.0,0,0.0,,2026-09-26 11:43:51,,
557,94,00-0036679,Shane Buechele,QB,BUF,LAC,1.0,2026_03_LAC_BUF,2026-09-27 13:00:00,0.0,0.0,0.0,0.0,0.0,C,13,1.2765192897566426,28.75,2,,True,,"https://static.www.nfl.com/image/upload/f_auto,q_auto/league/kmbuzxucmmytpuoy8yfc",0.0,1.0,13.999999999999998,88.0,4.0,0.0,0.0,0.0,0.0,0.0,0.0,0.0,0.0,21.75,"[0.0, 0.0, 0.0, 0.0, 0.0, 0.0, 0.0, 0.0, 0.0, 0.0, 0.0, 0.0, 0.0, 0.0, 0.0, 0.0, 0.0, 0.0, 0.0]",Practice squad,False,Practice squad,4039034.0,0,0.0,,2026-09-26 11:43:51,,
558,95,00-0039534,Carter Bradley,QB,JAX,NE,1.0,2026_03_NE_JAX,2026-09-27 13:00:00,0.0,0.0,0.0,0.0,0.0,C,30,-6.273487101375819,24.75,2,,True,,"https://static.www.nfl.com/image/upload/f_auto,q_auto/league/ystkos8c5gnjtsgxg7vg",0.0,0.0,0.0,0.0,0.0,0.0,0.0,0.0,0.0,0.0,0.0,0.0,0.0,21.75,"[0.0, 0.0, 0.0, 0.0, 0.0, 0.0, 0.0, 0.0, 0.0, 0.0, 0.0, 0.0, 0.0, 0.0, 0.0, 0.0, 0.0, 0.0, 0.0]",Reserve/IR,False,Reserve/IR,4362260.0,0,0.0,,2026-09-26 11:43:51,,
559,96,00-0037327,Skylar Thompson,QB,BAL,DAL,0.0,2026_03_BAL_DAL,2026-09-27 16:25:00,0.0,0.0,0.0,0.0,0.0,C,6,3.025038584083433,28.5,2,,True,4.0,"https://static.www.nfl.com/image/upload/f_auto,q_auto/league/estx7utxpnqif0lto9cq",0.0,0.0,0.0,0.0,0.0,0.0,0.0,0.0,0.0,0.0,0.0,0.0,0.0,25.0,"[0.0, 0.0, 0.0, 0.0, 0.0, 0.0, 0.0, 0.0, 0.0, 0.0, 0.0, 0.0, 0.0, 0.0, 0.0, 0.0, 0.0, 0.0, 0.0]",Reserve/IR,False,Reserve/IR,4036419.0,0,0.0,,2026-09-26 11:43:51,,
560,97,00-0038391,Sean Clifford,QB,CIN,PIT,0.0,2026_03_CIN_PIT,2026-09-27 13:00:00,0.0,0.0,0.0,0.0,0.0,C,23,-1.527217636173466,23.0,2,,True,,"https://static.www.nfl.com/image/upload/f_auto,q_auto/league/v0tmzl4x5qf2fo2yimqf",0.0,0.0,0.0,0.0,0.0,0.0,0.0,0.0,0.0,0.0,0.0,0.0,0.0,19.5,"[0.0, 0.0, 0.0, 0.0, 0.0, 0.0, 0.0, 0.0, 0.0, 0.0, 0.0, 0.0, 0.0, 0.0, 0.0, 0.0, 0.0, 0.0, 0.0]",Practice squad,False,Practice squad,4259592.0,0,0.0,,2026-09-26 11:43:51,,
561,98,00-0038550,Hendon Hooker,QB,TEN,NYG,0.0,2026_03_TEN_NYG,2026-09-27 13:00:00,0.0,0.0,0.0,0.0,0.0,C,10,2.224984284204807,17.5,2,,True,,"https://static.www.nfl.com/image/upload/f_auto,q_auto/league/jq92ol8hm5n7byqhpcps",0.0,0.0,0.0,0.0,0.0,0.0,0.0,0.0,0.0,0.0,0.0,0.0,0.0,20.0,"[0.0, 0.0, 0.0, 0.0, 0.0, 0.0, 0.0, 0.0, 0.0, 0.0, 0.0, 0.0, 0.0, 0.0, 0.0, 0.0, 0.0, 0.0, 0.0]",Practice squad,False,Practice squad,4240858.0,0,0.0,,2026-09-26 11:43:51,,
562,99,00-0038998,Jake Haener,QB,NYG,TEN,1.0,2026_03_TEN_NYG,2026-09-27 13:00:00,0.0,0.0,0.0,0.0,0.0,C,19,-0.4701913878773203,20.0,2,,True,,"https://static.www.nfl.com/image/upload/f_auto,q_auto/league/jfxyp1qkekty7jwh5kcr",0.0,0.0,0.0,0.0,0.0,0.0,0.0,0.0,0.0,0.0,0.0,0.0,0.0,17.5,"[0.0, 0.0, 0.0, 0.0, 0.0, 0.0, 0.0, 0.0, 0.0, 0.0, 0.0, 0.0, 0.0, 0.0, 0.0, 0.0, 0.0, 0.0, 0.0]",Practice squad,False,Practice squad,4243322.0,0,0.0,,2026-09-26 11:43:51,,
563,100,00-0039152,Will Levis,QB,NYJ,DET,0.0,2026_03_NYJ_DET,2026-09-27 13:00:00,0.0,0.0,0.0,0.0,0.0,C,1,7.622490683636146,21.0,2,,True,,"https://static.www.nfl.com/image/upload/f_auto,q_auto/league/npovrxpll0gqlkptsn6r",0.0,0.0,0.0,0.0,0.0,0.0,0.0,0.0,0.0,0.0,0.0,0.0,0.0,27.5,"[0.0, 0.0, 0.0, 0.0, 0.0, 0.0, 0.0, 0.0, 0.0, 0.0, 0.0, 0.0, 0.0, 0.0, 0.0, 0.0, 0.0, 0.0, 0.0]",Practice squad,False,Practice squad,4361418.0,0,0.0,,2026-09-26 11:43:51,,
564,101,00-0035282,Easton Stick,QB,TB,MIN,1.0,2026_03_MIN_TB,2026-09-27 16:05:00,0.0,0.0,0.0,0.0,0.0,C,31,-6.978781095413612,20.5,2,,True,,"https://static.www.nfl.com/image/upload/f_auto,q_auto/league/rspxeh6kxzfr7ftkcywh",0.0,0.0,0.0,0.0,0.0,0.0,0.0,0.0,0.0,0.0,0.0,0.0,0.0,22.0,"[0.0, 0.0, 0.0, 0.0, 0.0, 0.0, 0.0, 0.0, 0.0, 0.0, 0.0, 0.0, 0.0, 0.0, 0.0, 0.0, 0.0, 0.0, 0.0]",Practice squad,False,Practice squad,3120590.0,0,0.0,,2026-09-26 11:43:51,,
565,102,00-0039677,Sam Hartman,QB,WAS,SEA,1.0,2026_03_SEA_WAS,2026-09-27 13:00:00,0.0,0.0,0.0,0.0,0.0,C,29,-6.105729918252214,16.5,2,,True,,"https://static.www.nfl.com/image/upload/f_auto,q_auto/league/mvpbrqp3o04zla5lzf7u",0.0,0.0,0.0,0.0,0.0,0.0,0.0,0.0,0.0,0.0,0.0,0.0,0.0,24.0,"[0.0, 0.0, 0.0, 0.0, 0.0, 0.0, 0.0, 0.0, 0.0, 0.0, 0.0, 0.0, 0.0, 0.0, 0.0, 0.0, 0.0, 0.0, 0.0]",Practice squad,False,Practice squad,4361994.0,0,0.0,,2026-09-26 11:43:51,,
566,103,00-0040211,Graham Mertz,QB,HOU,IND,0.0,2026_03_HOU_IND,2026-09-27 13:00:00,0.0,0.0,0.0,0.0,0.0,C,3,5.913700202776315,22.0,2,,True,3.0,"https://static.www.nfl.com/image/upload/f_auto,q_auto/league/v5l7nuj0z669orqxga16",0.0,0.0,0.0,0.0,0.0,0.0,0.0,0.0,0.0,0.0,0.0,0.0,0.0,20.5,"[0.0, 0.0, 0.0, 0.0, 0.0, 0.0, 0.0, 0.0, 0.0, 0.0, 0.0, 0.0, 0.0, 0.0, 0.0, 0.0, 0.0, 0.0, 0.0]",Reserve/IR,False,Reserve/IR,4426335.0,0,0.0,,2026-09-26 11:43:51,,
567,104,00-0040464,DJ Uiagalelei,QB,LAC,BUF,0.0,2026_03_LAC_BUF,2026-09-27 13:00:00,0.0,0.0,0.0,0.0,0.0,C,4,4.445643598427184,21.75,2,,True,,"https://static.www.nfl.com/image/upload/f_auto,q_auto/league/uxkbvrw5eu41udzsesnu",0.0,0.0,0.0,0.0,0.0,0.0,0.0,0.0,0.0,0.0,0.0,0.0,0.0,28.75,"[0.0, 0.0, 0.0, 0.0, 0.0, 0.0, 0.0, 0.0, 0.0, 0.0, 0.0, 0.0, 0.0, 0.0, 0.0, 0.0, 0.0, 0.0, 0.0]",Practice squad,False,Practice squad,4429020.0,0,0.0,,2026-09-26 11:43:51,,
568,105,00-0041172,Miller Moss,QB,CHI,PHI,1.0,2026_03_PHI_CHI,2026-09-28 20:15:00,0.0,0.0,0.0,0.0,0.0,C,7,2.9485719615073536,18.5,2,,True,,"https://static.www.nfl.com/image/upload/f_auto,q_auto/league/p86kdskm2q45zetkrx03",0.0,0.0,0.0,0.0,0.0,0.0,0.0,0.0,0.0,0.0,0.0,0.0,0.0,23.0,"[0.0, 0.0, 0.0, 0.0, 0.0, 0.0, 0.0, 0.0, 0.0, 0.0, 0.0, 0.0, 0.0, 0.0, 0.0, 0.0, 0.0, 0.0, 0.0]",Practice squad,False,Practice squad,,0,0.0,,2026-09-26 11:43:51,,
569,106,00-0041203,Joey Aguilar,QB,JAX,NE,1.0,2026_03_NE_JAX,2026-09-27 13:00:00,0.0,0.0,0.0,0.0,0.0,C,30,-6.273487101375819,24.75,2,,True,,"https://static.www.nfl.com/image/upload/f_auto,q_auto/league/ftafwh4qrzhpxp8kq0ca",0.0,0.0,0.0,0.0,0.0,0.0,0.0,0.0,0.0,0.0,0.0,0.0,0.0,21.75,"[0.0, 0.0, 0.0, 0.0, 0.0, 0.0, 0.0, 0.0, 0.0, 0.0, 0.0, 0.0, 0.0, 0.0, 0.0, 0.0, 0.0, 0.0, 0.0]",Practice squad,False,Practice squad,,0,0.0,,2026-09-26 11:43:51,,
570,107,00-0041414,Matthew Caldwell,QB,LA,DEN,0.0,2026_03_LA_DEN,2026-09-27 20:20:00,0.0,0.0,0.0,0.0,0.0,C,26,-4.014286024392746,23.5,2,,True,4.0,,0.0,0.0,0.0,0.0,0.0,0.0,0.0,0.0,0.0,0.0,0.0,0.0,0.0,21.0,"[0.0, 0.0, 0.0, 0.0, 0.0, 0.0, 0.0, 0.0, 0.0, 0.0, 0.0, 0.0, 0.0, 0.0, 0.0, 0.0, 0.0, 0.0, 0.0]",Reserve/IR,False,Reserve/IR,,0,0.0,,2026-09-26 11:43:51,,
571,108,00-0041453,Luke Altmyer,QB,DET,NYJ,1.0,2026_03_NYJ_DET,2026-09-27 13:00:00,0.0,0.0,0.0,0.0,0.0,C,17,0.3520420524352899,27.5,2,,True,,"https://static.www.nfl.com/image/upload/f_auto,q_auto/league/eriopmdwcfjude1cptvi",0.0,0.0,0.0,0.0,0.0,0.0,0.0,0.0,0.0,0.0,0.0,0.0,0.0,21.0,"[0.0, 0.0, 0.0, 0.0, 0.0, 0.0, 0.0, 0.0, 0.0, 0.0, 0.0, 0.0, 0.0, 0.0, 0.0, 0.0, 0.0, 0.0, 0.0]",Practice squad,False,Practice squad,4597679.0,0,0.0,,2026-09-26 11:43:51,,
572,109,00-0036139,Rico Dowdle,RB,PIT,CIN,1.0,2026_03_CIN_PIT,2026-09-27 13:00:00,0.0,0.0,0.0,0.0,0.0,C,26,-3.3106772544374192,19.5,2,Out,False,,"https://static.www.nfl.com/image/upload/f_auto,q_auto/league/mx2bxccuzmdvzbksypws",3.25278904162908,10.018656274308864,0.0,0.0,35.11193547750687,15.40867206699329,0.102777778631652,0.0,0.0,0.0,0.0,0.0,0.0,23.0,"[0.0, 0.0, 0.0, 0.0, 0.0, 0.0, 0.0, 0.0, 0.0, 0.0, 0.0, 0.0, 0.0, 0.0, 0.0, 0.0, 0.0, 0.0, 0.0]",Out,False,Active,4038815.0,2,10.5,5.2,2026-09-26 11:43:51,,
573,110,00-0040644,Trevor Etienne,RB,CAR,CLE,0.0,2026_03_CAR_CLE,2026-09-27 13:00:00,0.0,0.0,0.0,0.0,0.0,C,21,-1.9476096639343976,22.5,2,,False,3.0,"https://static.www.nfl.com/image/upload/f_auto,q_auto/league/pcuzq84x7ia5yvmikltb",0.128483686859794,0.8296601642433612,0.0,0.0,3.7504500677547634,0.5636024462483653,0.0051646271259408,0.0,0.0,0.0,0.0,0.0,0.0,20.0,"[0.0, 0.0, 0.0, 0.0, 0.0, 0.0, 0.0, 0.0, 0.0, 0.0, 0.0, 0.0, 0.0, 0.0, 0.0, 0.0, 0.0, 0.0, 0.0]",Reserve/IR,False,Reserve/IR,4685350.0,0,0.0,,2026-09-26 11:43:51,,
574,111,00-0037525,Jordan Mason,RB,MIN,TB,0.0,2026_03_MIN_TB,2026-09-27 16:05:00,0.0,0.0,0.0,0.0,0.0,C,19,-1.329172997090597,22.0,2,,False,4.0,"https://static.www.nfl.com/image/upload/f_auto,q_auto/league/qeeucinnxl8mpzaw23hc",0.5319434107068238,10.997446086542883,0.0,0.0,49.69421087208375,1.7348988504434002,0.0186145998738853,0.0,0.0,0.0,0.0,0.0,0.0,20.5,"[0.0, 0.0, 0.0, 0.0, 0.0, 0.0, 0.0, 0.0, 0.0, 0.0, 0.0, 0.0, 0.0, 0.0, 0.0, 0.0, 0.0, 0.0, 0.0]",Reserve/IR,False,Reserve/IR,4360569.0,1,11.9,11.9,2026-09-26 11:43:51,,
575,112,00-0039165,Zach Charbonnet,RB,SEA,WAS,0.0,2026_03_SEA_WAS,2026-09-27 13:00:00,0.0,0.0,0.0,0.0,0.0,C,30,-4.409697966230712,24.0,2,,False,4.0,"https://static.www.nfl.com/image/upload/f_auto,q_auto/league/cuuyog0lpxfaj0y0huvp",1.60174353274309,11.003369107403616,0.0,0.0,47.26926102736634,9.393174875422584,0.0557820313848383,0.0,0.0,0.0,0.0,0.0,0.0,16.5,"[0.0, 0.0, 0.0, 0.0, 0.0, 0.0, 0.0, 0.0, 0.0, 0.0, 0.0, 0.0, 0.0, 0.0, 0.0, 0.0, 0.0, 0.0, 0.0]",Reserve/IR,False,Reserve/IR,4426385.0,0,0.0,,2026-09-26 11:43:51,,
576,113,00-0036727,Adam Prentice,RB,DEN,LA,1.0,2026_03_LA_DEN,2026-09-27 20:20:00,0.0,0.0,0.0,0.0,0.0,C,32,-9.067275620202803,21.0,2,,False,,"https://static.www.nfl.com/image/upload/f_auto,q_auto/league/xuvyqidnso9ga1dfefoy",0.7125835641892326,0.5250347713905723,0.0,0.0,2.116204697187669,2.90372702246638,0.021472724568362,0.0,0.0,0.0,0.0,0.0,0.0,23.5,"[0.0, 0.0, 0.0, 0.0, 0.0, 0.0, 0.0, 0.0, 0.0, 0.0, 0.0, 0.0, 0.0, 0.0, 0.0, 0.0, 0.0, 0.0, 0.0]",Practice squad,False,Practice squad,3929914.0,1,1.2,1.2,2026-09-26 11:43:51,,
577,114,00-0040162,Dylan Sampson,RB,CLE,CAR,1.0,2026_03_CAR_CLE,2026-09-27 13:00:00,0.0,0.0,0.0,0.0,0.0,C,2,6.951790631624031,20.0,2,,False,4.0,"https://static.www.nfl.com/image/upload/f_auto,q_auto/league/den1hzzomdxfcsgk88o5",1.846111127517652,3.32361138581918,0.0,0.0,9.644479708337135,12.679457585650956,0.0646562113991759,0.0,0.0,0.0,0.0,0.0,0.0,22.5,"[0.0, 0.0, 0.0, 0.0, 0.0, 0.0, 0.0, 0.0, 0.0, 0.0, 0.0, 0.0, 0.0, 0.0, 0.0, 0.0, 0.0, 0.0, 0.0]",Reserve/IR,False,Reserve/IR,5081397.0,1,0.0,0.0,2026-09-26 11:43:51,,
578,115,00-0033955,Jeremy McNichols,RB,WAS,SEA,1.0,2026_03_SEA_WAS,2026-09-27 13:00:00,0.0,0.0,0.0,0.0,0.0,C,29,-3.8883405090824734,16.5,2,,False,4.0,"https://static.www.nfl.com/image/upload/f_auto,q_auto/league/xcrgrtlk6ukrshtlnr5e",1.957964061855729,2.7162079325779582,0.0,0.0,10.539368184362402,11.823310624577536,0.0821477492116639,0.0,0.0,0.0,0.0,0.0,0.0,24.0,"[0.0, 0.0, 0.0, 0.0, 0.0, 0.0, 0.0, 0.0, 0.0, 0.0, 0.0, 0.0, 0.0, 0.0, 0.0, 0.0, 0.0, 0.0, 0.0]",Reserve/IR,False,Reserve/IR,3127586.0,0,0.0,,2026-09-26 11:43:51,,
579,116,00-0033854,Dare Ogunbowale,RB,LV,NO,0.0,2026_03_LV_NO,2026-09-27 16:25:00,0.0,0.0,0.0,0.0,0.0,C,10,1.219871876313602,20.25,2,,False,,"https://static.www.nfl.com/image/upload/f_auto,q_auto/league/bsm0k0jkytuiej2riudv",1.066226011085073,0.9497269340567353,0.0,0.0,1.5595527509077332,5.987747798273163,0.0358765951990846,0.0,0.0,0.0,0.0,0.0,0.0,23.25,"[0.0, 0.0, 0.0, 0.0, 0.0, 0.0, 0.0, 0.0, 0.0, 0.0, 0.0, 0.0, 0.0, 0.0, 0.0, 0.0, 0.0, 0.0, 0.0]",Practice squad,False,Practice squad,2983509.0,0,0.0,,2026-09-26 11:43:51,,
580,117,00-0036924,Michael Carter,RB,TEN,NYG,0.0,2026_03_TEN_NYG,2026-09-27 13:00:00,0.0,0.0,0.0,0.0,0.0,C,7,3.650229425774356,17.5,2,,False,,"https://static.www.nfl.com/image/upload/f_auto,q_auto/league/cwqrxzouk4gkhfziyqre",3.5248342033119195,7.206478032319148,0.0,0.0,27.50091708362352,20.722956990157414,0.0948861154279747,0.0,0.0,0.0,0.0,0.0,0.0,20.0,"[0.0, 0.0, 0.0, 0.0, 0.0, 0.0, 0.0, 0.0, 0.0, 0.0, 0.0, 0.0, 0.0, 0.0, 0.0, 0.0, 0.0, 0.0, 0.0]",Practice squad,False,Practice squad,4240657.0,0,0.0,,2026-09-26 11:43:51,,
581,118,00-0037197,Isiah Pacheco,RB,DET,NYJ,1.0,2026_03_NYJ_DET,2026-09-27 13:00:00,0.0,0.0,0.0,0.0,0.0,C,14,0.2698532562620907,27.5,2,,False,4.0,"https://static.www.nfl.com/image/upload/f_auto,q_auto/league/hkqb4imkum3vxxkwuetl",1.938720881583883,9.140691588164936,0.0,0.0,34.98718422352207,8.45146149945983,0.0703326546724498,0.0,0.0,0.0,0.0,0.0,0.0,21.0,"[0.0, 0.0, 0.0, 0.0, 0.0, 0.0, 0.0, 0.0, 0.0, 0.0, 0.0, 0.0, 0.0, 0.0, 0.0, 0.0, 0.0, 0.0, 0.0]",Reserve/IR,False,Reserve/IR,4361529.0,0,0.0,,2026-09-26 11:43:51,,
582,119,00-0037267,Jerome Ford,RB,MIN,TB,0.0,2026_03_MIN_TB,2026-09-27 16:05:00,0.0,0.0,0.0,0.0,0.0,C,19,-1.329172997090597,22.0,2,,False,,"https://static.www.nfl.com/image/upload/f_auto,q_auto/league/rntmoum7ncnyo5j2bdei",2.269754674827608,1.3997462496004691,0.0,0.0,3.969077888311228,7.592377728665976,0.0692900906269181,0.0,0.0,0.0,0.0,0.0,0.0,20.5,"[0.0, 0.0, 0.0, 0.0, 0.0, 0.0, 0.0, 0.0, 0.0, 0.0, 0.0, 0.0, 0.0, 0.0, 0.0, 0.0, 0.0, 0.0, 0.0]",Practice squad,False,Practice squad,4372019.0,0,0.0,,2026-09-26 11:43:51,,
583,120,00-0037617,Hassan Haskins,RB,NE,JAX,0.0,2026_03_NE_JAX,2026-09-27 13:00:00,0.0,0.0,0.0,0.0,0.0,C,28,-3.510081880870486,21.75,2,,False,,"https://static.www.nfl.com/image/upload/f_auto,q_auto/league/n9jwsfxyo1xppmhscpik",0.3128425367336219,1.4050438803506178,0.0,0.0,3.967765142444808,0.9935660323465664,0.0072798784379447,0.0,0.0,0.0,0.0,0.0,0.0,24.75,"[0.0, 0.0, 0.0, 0.0, 0.0, 0.0, 0.0, 0.0, 0.0, 0.0, 0.0, 0.0, 0.0, 0.0, 0.0, 0.0, 0.0, 0.0, 0.0]",Practice squad,False,Practice squad,4372071.0,0,0.0,,2026-09-26 11:43:51,,
584,121,00-0038440,Zavier Scott,RB,CHI,PHI,1.0,2026_03_PHI_CHI,2026-09-28 20:15:00,0.0,0.0,0.0,0.0,0.0,C,12,0.9861114576105776,18.5,2,,False,,"https://static.www.nfl.com/image/upload/f_auto,q_auto/league/z8sqpgdoyuv5rask15vn",1.23485262986117,2.602506636383932,0.0,0.0,9.41704716902942,7.480814357501467,0.0386213973874041,0.0,0.0,0.0,0.0,0.0,0.0,23.0,"[0.0, 0.0, 0.0, 0.0, 0.0, 0.0, 0.0, 0.0, 0.0, 0.0, 0.0, 0.0, 0.0, 0.0, 0.0, 0.0, 0.0, 0.0, 0.0]",Practice squad,False,Practice squad,4257364.0,0,0.0,,2026-09-26 11:43:51,,
585,122,00-0039874,Jaylen Wright,RB,MIA,KC,1.0,2026_03_KC_MIA,2026-09-27 13:00:00,0.0,0.0,0.0,0.0,0.0,C,15,-0.1890412772039905,17.75,2,Doubtful,False,,"https://static.www.nfl.com/image/upload/f_auto,q_auto/league/feeuommtlmpvuxvtb1zt",0.4215082896573183,4.067842653813305,0.0,0.0,16.145232019089526,2.3282986256278075,0.0173101362439504,0.0,0.0,0.0,0.0,0.0,0.0,27.75,"[0.0, 0.0, 0.0, 0.0, 0.0, 0.0, 0.0, 0.0, 0.0, 0.0, 0.0, 0.0, 0.0, 0.0, 0.0, 0.0, 0.0, 0.0, 0.0]",Doubtful,False,Active,4682745.0,2,1.0,0.5,2026-09-26 11:43:51,,
586,123,00-0036842,Kene Nwangwu,RB,NYJ,DET,0.0,2026_03_NYJ_DET,2026-09-27 13:00:00,0.0,0.0,0.0,0.0,0.0,C,9,2.5445295029914763,21.0,2,Doubtful,False,,"https://static.www.nfl.com/image/upload/f_auto,q_auto/league/rlnqgz517fsohrndgjrb",0.1432071436712804,1.7903791842731016,0.0,0.0,6.648696008716098,0.0,0.0065094156214218,0.0,0.0,0.0,0.0,0.0,0.0,27.5,"[0.0, 0.0, 0.0, 0.0, 0.0, 0.0, 0.0, 0.0, 0.0, 0.0, 0.0, 0.0, 0.0, 0.0, 0.0, 0.0, 0.0, 0.0, 0.0]",Doubtful,False,Active,4035537.0,0,0.0,,2026-09-26 11:43:51,,
587,124,00-0037557,Ronnie Rivers,RB,LA,DEN,0.0,2026_03_LA_DEN,2026-09-27 20:20:00,0.0,0.0,0.0,0.0,0.0,C,5,4.479371833415084,23.5,2,,False,3.0,"https://static.www.nfl.com/image/upload/f_auto,q_auto/league/t9l7jhs1jw1joy8jpxee",0.4713612656881277,2.363422239600694,0.0,0.0,9.615270639330133,1.878347396024648,0.0167281487233267,0.0,0.0,0.0,0.0,0.0,0.0,21.0,"[0.0, 0.0, 0.0, 0.0, 0.0, 0.0, 0.0, 0.0, 0.0, 0.0, 0.0, 0.0, 0.0, 0.0, 0.0, 0.0, 0.0, 0.0, 0.0]",Reserve/IR,False,Reserve/IR,4243003.0,1,3.4,3.4,2026-09-26 11:43:51,,
588,125,00-0037563,Malik Davis,RB,DAL,BAL,1.0,2026_03_BAL_DAL,2026-09-27 16:25:00,0.0,0.0,0.0,0.0,0.0,C,17,-0.290770448646386,25.0,2,,False,4.0,"https://static.www.nfl.com/image/upload/f_auto,q_auto/league/zvranxxyt8qeihn8c2q9",0.6476814085982713,6.353638073044008,0.0,0.0,30.10220981082152,1.9267579800304548,0.0182778701763453,0.0,0.0,0.0,0.0,0.0,0.0,28.5,"[0.0, 0.0, 0.0, 0.0, 0.0, 0.0, 0.0, 0.0, 0.0, 0.0, 0.0, 0.0, 0.0, 0.0, 0.0, 0.0, 0.0, 0.0, 0.0]",Reserve/IR,False,Reserve/IR,4240603.0,0,0.0,,2026-09-26 11:43:51,,
589,126,00-0040202,Devin Neal,RB,NO,LV,1.0,2026_03_LV_NO,2026-09-27 16:25:00,0.0,0.0,0.0,0.0,0.0,C,24,-2.838840779134308,23.25,2,,False,,"https://static.www.nfl.com/image/upload/f_auto,q_auto/league/set0xwgpkp0k3bofcpzn",2.2057207331876847,7.343568658862364,0.0,0.0,26.56593742321151,12.575632705810325,0.0646982714010264,0.0,0.0,0.0,0.0,0.0,0.0,20.25,"[0.0, 0.0, 0.0, 0.0, 0.0, 0.0, 0.0, 0.0, 0.0, 0.0, 0.0, 0.0, 0.0, 0.0, 0.0, 0.0, 0.0, 0.0, 0.0]",Reserve/IR,False,Reserve/IR,4682652.0,0,0.0,,2026-09-26 11:43:51,,
590,127,00-0035594,Travis Homer,RB,PIT,CIN,1.0,2026_03_CIN_PIT,2026-09-27 13:00:00,0.0,0.0,0.0,0.0,0.0,C,26,-3.3106772544374192,19.5,2,,False,,"https://static.www.nfl.com/image/upload/f_auto,q_auto/league/dyyclvfaagspov2ydf3i",0.0,0.8601583123180262,0.0,0.0,6.170621964788144,0.0,0.0,0.0,0.0,0.0,0.0,0.0,0.0,23.0,"[0.0, 0.0, 0.0, 0.0, 0.0, 0.0, 0.0, 0.0, 0.0, 0.0, 0.0, 0.0, 0.0, 0.0, 0.0, 0.0, 0.0, 0.0, 0.0]",Practice squad,False,Practice squad,4037457.0,1,1.6,1.6,2026-09-26 11:43:51,,
591,128,00-0036755,Jaret Patterson,RB,MIN,TB,0.0,2026_03_MIN_TB,2026-09-27 16:05:00,0.0,0.0,0.0,0.0,0.0,C,19,-1.329172997090597,22.0,2,,False,,"https://static.www.nfl.com/image/upload/f_auto,q_auto/league/thg0iebj03kg0nuykglu",0.669451567072598,5.428339847720535,0.0,0.0,21.19848639176093,1.338903134145196,0.0176171465019104,0.0,0.0,0.0,0.0,0.0,0.0,20.5,"[0.0, 0.0, 0.0, 0.0, 0.0, 0.0, 0.0, 0.0, 0.0, 0.0, 0.0, 0.0, 0.0, 0.0, 0.0, 0.0, 0.0, 0.0, 0.0]",Practice squad,False,Practice squad,4362452.0,0,0.0,,2026-09-26 11:43:51,,
592,129,00-0039363,Isaac Guerendo,RB,SF,ARI,1.0,2026_03_ARI_SF,2026-09-27 16:05:00,0.0,0.0,0.0,0.0,0.0,C,18,-0.3554071126463017,28.0,2,,False,4.0,"https://static.www.nfl.com/image/upload/f_auto,q_auto/league/uy1bdu0dokosyzl4ohmi",0.0,0.0,0.0,0.0,0.0,0.0,0.0,0.0,0.0,0.0,0.0,0.0,0.0,19.5,"[0.0, 0.0, 0.0, 0.0, 0.0, 0.0, 0.0, 0.0, 0.0, 0.0, 0.0, 0.0, 0.0, 0.0, 0.0, 0.0, 0.0, 0.0, 0.0]",Reserve/IR,False,Reserve/IR,4372561.0,0,0.0,,2026-09-26 11:43:51,,
593,130,00-0037745,Velus Jones Jr.,RB,SEA,WAS,0.0,2026_03_SEA_WAS,2026-09-27 13:00:00,0.0,0.0,0.0,0.0,0.0,C,30,-4.409697966230712,24.0,2,,False,,"https://static.www.nfl.com/image/upload/f_auto,q_auto/league/d4y5fxivhcxk34q7stpb",0.0,1.979312515991041,0.0,0.0,8.054840447680695,0.0,0.0,0.0,0.0,0.0,0.0,0.0,0.0,16.5,"[0.0, 0.0, 0.0, 0.0, 0.0, 0.0, 0.0, 0.0, 0.0, 0.0, 0.0, 0.0, 0.0, 0.0, 0.0, 0.0, 0.0, 0.0, 0.0]",Practice squad,False,Practice squad,4035693.0,0,0.0,,2026-09-26 11:43:51,,
594,131,00-0038397,Evan Hull,RB,ARI,SF,0.0,2026_03_ARI_SF,2026-09-27 16:05:00,0.0,0.0,0.0,0.0,0.0,C,20,-1.532472532337454,19.5,2,,False,,"https://static.www.nfl.com/image/upload/f_auto,q_auto/league/xyyujk9mvvzegaiefp51",0.1447644767164912,3.0856827543496403,0.0,0.0,7.796383924303273,0.8685868602989477,0.0072382238358245,0.0,0.0,0.0,0.0,0.0,0.0,28.0,"[0.0, 0.0, 0.0, 0.0, 0.0, 0.0, 0.0, 0.0, 0.0, 0.0, 0.0, 0.0, 0.0, 0.0, 0.0, 0.0, 0.0, 0.0, 0.0]",Practice squad,False,Practice squad,4569609.0,0,0.0,,2026-09-26 11:43:51,,
595,132,00-0037258,Dameon Pierce,RB,PHI,CHI,0.0,2026_03_PHI_CHI,2026-09-28 20:15:00,0.0,0.0,0.0,0.0,0.0,C,4,5.137805474107638,23.0,2,,False,,"https://static.www.nfl.com/image/upload/f_auto,q_auto/league/oai3defivyfyofxxh4ux",0.1669235072854968,2.719252101593704,0.0,0.0,7.017931299875056,0.0,0.006182352121685,0.0,0.0,0.0,0.0,0.0,0.0,18.5,"[0.0, 0.0, 0.0, 0.0, 0.0, 0.0, 0.0, 0.0, 0.0, 0.0, 0.0, 0.0, 0.0, 0.0, 0.0, 0.0, 0.0, 0.0, 0.0]",Practice squad,False,Practice squad,4360238.0,0,0.0,,2026-09-26 11:43:51,,
596,133,00-0038040,Zamir White,RB,NO,LV,1.0,2026_03_LV_NO,2026-09-27 16:25:00,0.0,0.0,0.0,0.0,0.0,C,24,-2.838840779134308,23.25,2,,False,,"https://static.www.nfl.com/image/upload/f_auto,q_auto/league/jzthyqk2ld52f31ka1ir",1.1791728593075956,2.3099048801299187,0.0,0.0,6.3562245884523865,4.70482456138725,0.0364834995068139,0.0,0.0,0.0,0.0,0.0,0.0,20.25,"[0.0, 0.0, 0.0, 0.0, 0.0, 0.0, 0.0, 0.0, 0.0, 0.0, 0.0, 0.0, 0.0, 0.0, 0.0, 0.0, 0.0, 0.0, 0.0]",Practice squad,False,Practice squad,4361777.0,0,0.0,,2026-09-26 11:43:51,,
597,134,00-0035567,Craig Reynolds,RB,WAS,SEA,1.0,2026_03_SEA_WAS,2026-09-27 13:00:00,0.0,0.0,0.0,0.0,0.0,C,29,-3.8883405090824734,16.5,2,,False,,"https://static.www.nfl.com/image/upload/f_auto,q_auto/league/f5zuttg3hinfqgronrsg",0.0,0.5460941263753193,0.0,0.0,0.728125501833759,0.0,0.0,0.0,0.0,0.0,0.0,0.0,0.0,24.0,"[0.0, 0.0, 0.0, 0.0, 0.0, 0.0, 0.0, 0.0, 0.0, 0.0, 0.0, 0.0, 0.0, 0.0, 0.0, 0.0, 0.0, 0.0, 0.0]",Practice squad,False,Practice squad,4421446.0,0,0.0,,2026-09-26 11:43:51,,
598,135,00-0040586,Jaydon Blue,RB,PHI,CHI,0.0,2026_03_PHI_CHI,2026-09-28 20:15:00,0.0,0.0,0.0,0.0,0.0,C,4,5.137805474107638,23.0,2,,False,,"https://static.www.nfl.com/image/upload/f_auto,q_auto/league/lscygdlqczomp0l9oykv",0.1985066225251213,8.112166374096962,0.0,0.0,28.3110650272955,0.992533112625607,0.006616887417504,0.0,0.0,0.0,0.0,0.0,0.0,18.5,"[0.0, 0.0, 0.0, 0.0, 0.0, 0.0, 0.0, 0.0, 0.0, 0.0, 0.0, 0.0, 0.0, 0.0, 0.0, 0.0, 0.0, 0.0, 0.0]",Practice squad,False,Practice squad,4685279.0,0,0.0,,2026-09-26 11:43:51,,
599,136,00-0040649,Robbie Ouzts,RB,SEA,WAS,0.0,2026_03_SEA_WAS,2026-09-27 13:00:00,0.0,0.0,0.0,0.0,0.0,C,30,-4.409697966230712,24.0,2,,False,,"https://static.www.nfl.com/image/upload/f_auto,q_auto/league/kdykjwqk5xcnrfbtp47o",0.2360654878820337,0.0,0.0,0.0,0.0,0.0,0.0147540929926271,0.0,0.0,0.0,0.0,0.0,0.0,16.5,"[0.0, 0.0, 0.0, 0.0, 0.0, 0.0, 0.0, 0.0, 0.0, 0.0, 0.0, 0.0, 0.0, 0.0, 0.0, 0.0, 0.0, 0.0, 0.0]",Reserve/IR,False,Reserve/IR,4691688.0,0,0.0,,2026-09-26 11:43:51,,
600,137,00-0039405,Jawhar Jordan,RB,HOU,IND,0.0,2026_03_HOU_IND,2026-09-27 13:00:00,0.0,0.0,0.0,0.0,0.0,C,6,4.263968979198941,22.0,2,,False,,"https://static.www.nfl.com/image/upload/f_auto,q_auto/league/mdov6nge0ui6pc3kx0l2",1.6284169285849652,10.347406918021155,0.0,0.0,44.90253290361439,7.765368513329937,0.0518494570977497,0.0,0.0,0.0,0.0,0.0,0.0,20.5,"[0.0, 0.0, 0.0, 0.0, 0.0, 0.0, 0.0, 0.0, 0.0, 0.0, 0.0, 0.0, 0.0, 0.0, 0.0, 0.0, 0.0, 0.0, 0.0]",Practice squad,False,Practice squad,4429939.0,0,0.0,,2026-09-26 11:43:51,,
601,138,00-0039921,Trey Benson,RB,ARI,SF,0.0,2026_03_ARI_SF,2026-09-27 16:05:00,0.0,0.0,0.0,0.0,0.0,C,20,-1.532472532337454,19.5,2,,False,5.0,"https://static.www.nfl.com/image/upload/f_auto,q_auto/league/liruc5jotnsi4ue9p9yx",4.104413709086336,7.328288453915645,0.0,0.0,39.24419458647895,16.182053362203103,0.1307132452966559,0.0,0.0,0.0,0.0,0.0,0.0,28.0,"[0.0, 0.0, 0.0, 0.0, 0.0, 0.0, 0.0, 0.0, 0.0, 0.0, 0.0, 0.0, 0.0, 0.0, 0.0, 0.0, 0.0, 0.0, 0.0]",Reserve/IR,False,Reserve/IR,4429275.0,0,0.0,,2026-09-26 11:43:51,,
602,139,00-0040205,Kalel Mullings,RB,TEN,NYG,0.0,2026_03_TEN_NYG,2026-09-27 13:00:00,0.0,0.0,0.0,0.0,0.0,C,7,3.650229425774356,17.5,2,,False,,"https://static.www.nfl.com/image/upload/f_auto,q_auto/league/jv2phcl7aihai00wkqgb",0.0,0.7814950042998965,0.0,0.0,1.8483078475618269,0.0,0.0,0.0,0.0,0.0,0.0,0.0,0.0,20.0,"[0.0, 0.0, 0.0, 0.0, 0.0, 0.0, 0.0, 0.0, 0.0, 0.0, 0.0, 0.0, 0.0, 0.0, 0.0, 0.0, 0.0, 0.0, 0.0]",Practice squad,False,Practice squad,4429121.0,0,0.0,,2026-09-26 11:43:51,,
603,140,00-0037276,Ty Chandler,RB,NO,LV,1.0,2026_03_LV_NO,2026-09-27 16:25:00,0.0,0.0,0.0,0.0,0.0,C,24,-2.838840779134308,23.25,2,,True,5.0,"https://static.www.nfl.com/image/upload/f_auto,q_auto/league/dmprsfd75phecgmbkf4l",1.4503786703875183,5.953452109584342,0.0,0.0,16.319695984267245,3.988541343565675,0.0483459556795839,0.0,0.0,0.0,0.0,0.0,0.0,20.25,"[0.0, 0.0, 0.0, 0.0, 0.0, 0.0, 0.0, 0.0, 0.0, 0.0, 0.0, 0.0, 0.0, 0.0, 0.0, 0.0, 0.0, 0.0, 0.0]",Reserve/IR,False,Reserve/IR,4242431.0,0,0.0,,2026-09-26 11:43:51,,
604,141,00-0039471,Frank Gore Jr.,RB,BUF,LAC,1.0,2026_03_LAC_BUF,2026-09-27 13:00:00,0.0,0.0,0.0,0.0,0.0,C,27,-3.415604060411791,28.75,2,,True,,"https://static.www.nfl.com/image/upload/f_auto,q_auto/league/qzf7faowlqoh5nengpq5",0.1569451358369698,0.6719049799286152,0.0,0.0,2.0157149397858456,0.9416708150218194,0.0044841467381991,0.0,0.0,0.0,0.0,0.0,0.0,21.75,"[0.0, 0.0, 0.0, 0.0, 0.0, 0.0, 0.0, 0.0, 0.0, 0.0, 0.0, 0.0, 0.0, 0.0, 0.0, 0.0, 0.0, 0.0, 0.0]",Practice squad,False,Practice squad,4429805.0,1,0.3,0.3,2026-09-26 11:43:51,,
605,142,00-0040429,Josh Williams,RB,TB,MIN,1.0,2026_03_MIN_TB,2026-09-27 16:05:00,0.0,0.0,0.0,0.0,0.0,C,25,-2.9805856891475835,20.5,2,,True,,"https://static.www.nfl.com/image/upload/f_auto,q_auto/league/c2zxbiz8153usfggosvv",0.0,0.6845995369376596,0.0,0.0,1.882648726578564,0.0,0.0,0.0,0.0,0.0,0.0,0.0,0.0,22.0,"[0.0, 0.0, 0.0, 0.0, 0.0, 0.0, 0.0, 0.0, 0.0, 0.0, 0.0, 0.0, 0.0, 0.0, 0.0, 0.0, 0.0, 0.0, 0.0]",Practice squad,False,Practice squad,4568024.0,1,0.0,0.0,2026-09-26 11:43:51,,
606,143,00-0033553,James Conner,RB,ARI,SF,0.0,2026_03_ARI_SF,2026-09-27 16:05:00,0.0,0.0,0.0,0.0,0.0,C,20,-1.532472532337454,19.5,2,,True,4.0,"https://static.www.nfl.com/image/upload/f_auto,q_auto/league/ka8wlhtteg8hsowsdofk",3.002497671307624,10.579715220978573,0.0,0.0,31.173386769699093,12.948456766969096,0.0980140280884555,0.0,0.0,0.0,0.0,0.0,0.0,28.0,"[0.0, 0.0, 0.0, 0.0, 0.0, 0.0, 0.0, 0.0, 0.0, 0.0, 0.0, 0.0, 0.0, 0.0, 0.0, 0.0, 0.0, 0.0, 0.0]",Reserve/IR,False,Reserve/IR,3045147.0,0,0.0,,2026-09-26 11:43:51,,
607,144,00-0037329,Brittain Brown,RB,CHI,PHI,1.0,2026_03_PHI_CHI,2026-09-28 20:15:00,0.0,0.0,0.0,0.0,0.0,C,12,0.9861114576105776,18.5,2,,True,4.0,"https://static.www.nfl.com/image/upload/f_auto,q_auto/league/xo28viloq6rjkgca3gpz",0.4783526912503054,2.3917634562515278,0.0,0.0,17.6990495762613,0.0,0.0140691968014795,0.0,0.0,0.0,0.0,0.0,0.0,23.0,"[0.0, 0.0, 0.0, 0.0, 0.0, 0.0, 0.0, 0.0, 0.0, 0.0, 0.0, 0.0, 0.0, 0.0, 0.0, 0.0, 0.0, 0.0, 0.0]",Reserve/IR,False,Reserve/IR,4036032.0,0,0.0,,2026-09-26 11:43:51,,
608,145,00-0039344,Jonathon Brooks,RB,CAR,CLE,0.0,2026_03_CAR_CLE,2026-09-27 13:00:00,0.0,0.0,0.0,0.0,0.0,C,21,-1.9476096639343976,22.5,2,,True,4.0,"https://static.www.nfl.com/image/upload/f_auto,q_auto/league/txl39rwjrs2fkm1shtxh",1.478352691250305,4.521647308749695,0.0,0.0,15.043294617499388,20.352692636266184,0.044439872001387,0.0,0.0,0.0,0.0,0.0,0.0,20.0,"[0.0, 0.0, 0.0, 0.0, 0.0, 0.0, 0.0, 0.0, 0.0, 0.0, 0.0, 0.0, 0.0, 0.0, 0.0, 0.0, 0.0, 0.0, 0.0]",Reserve/IR,False,Reserve/IR,4678008.0,2,9.3,4.6,2026-09-26 11:43:51,,
609,146,00-0040547,Nate Carter,RB,KC,MIA,0.0,2026_03_KC_MIA,2026-09-27 13:00:00,0.0,0.0,0.0,0.0,0.0,C,1,9.017662992455104,27.75,2,,True,,"https://static.www.nfl.com/image/upload/f_auto,q_auto/league/c7wg2qvjvd8diaaujwpt",0.0,4.391763456251526,0.0,0.0,29.30728612000977,0.0,0.0,0.0,0.0,0.0,0.0,0.0,0.0,17.75,"[0.0, 0.0, 0.0, 0.0, 0.0, 0.0, 0.0, 0.0, 0.0, 0.0, 0.0, 0.0, 0.0, 0.0, 0.0, 0.0, 0.0, 0.0, 0.0]",Practice squad,False,Practice squad,4605841.0,0,0.0,,2026-09-26 11:43:51,,
610,147,00-0041496,Jonah Coleman,RB,DEN,LA,1.0,2026_03_LA_DEN,2026-09-27 20:20:00,0.0,0.0,0.0,0.0,0.0,C,32,-9.067275620202803,21.0,2,Out,True,,"https://static.www.nfl.com/image/upload/f_auto,q_auto/league/qbauucaxakkhtxihuvmr",1.5649419262490838,5.216473087496945,0.0,0.0,20.34424504123809,9.911298866244197,0.0539635146982442,0.0,0.0,0.0,0.0,0.0,0.0,23.5,"[0.0, 0.0, 0.0, 0.0, 0.0, 0.0, 0.0, 0.0, 0.0, 0.0, 0.0, 0.0, 0.0, 0.0, 0.0, 0.0, 0.0, 0.0, 0.0]",Out,False,Active,4702555.0,2,14.8,7.4,2026-09-26 11:43:51,,
611,148,00-0038409,Lew Nichols III,RB,PIT,CIN,1.0,2026_03_CIN_PIT,2026-09-27 13:00:00,0.0,0.0,0.0,0.0,0.0,C,26,-3.3106772544374192,19.5,2,,True,,"https://static.www.nfl.com/image/upload/f_auto,q_auto/league/plqg1yngo8vvs8ths7aw",0.0,0.0,0.0,0.0,0.0,0.0,0.0,0.0,0.0,0.0,0.0,0.0,0.0,23.0,"[0.0, 0.0, 0.0, 0.0, 0.0, 0.0, 0.0, 0.0, 0.0, 0.0, 0.0, 0.0, 0.0, 0.0, 0.0, 0.0, 0.0, 0.0, 0.0]",Practice squad,False,Practice squad,4428119.0,0,0.0,,2026-09-26 11:43:51,,
612,149,00-0038396,Eric Gray,RB,CLE,CAR,1.0,2026_03_CAR_CLE,2026-09-27 13:00:00,0.0,0.0,0.0,0.0,0.0,C,2,6.951790631624031,20.0,2,,True,,"https://static.www.nfl.com/image/upload/f_auto,q_auto/league/ijjxwxv1ccyowzhpuw2k",0.0,0.0,0.0,0.0,0.0,0.0,0.0,0.0,0.0,0.0,0.0,0.0,0.0,22.5,"[0.0, 0.0, 0.0, 0.0, 0.0, 0.0, 0.0, 0.0, 0.0, 0.0, 0.0, 0.0, 0.0, 0.0, 0.0, 0.0, 0.0, 0.0, 0.0]",Practice squad,False,Practice squad,4570561.0,0,0.0,,2026-09-26 11:43:51,,
613,150,00-0039266,Kendall Milton,RB,CIN,PIT,0.0,2026_03_CIN_PIT,2026-09-27 13:00:00,0.0,0.0,0.0,0.0,0.0,C,16,-0.2004559673072032,23.0,2,,True,,"https://static.www.nfl.com/image/upload/f_auto,q_auto/league/zz9yrqh5ep6o5hvtwzkq",0.0,2.0,0.0,0.0,2.0,0.0,0.0,0.0,0.0,0.0,0.0,0.0,0.0,19.5,"[0.0, 0.0, 0.0, 0.0, 0.0, 0.0, 0.0, 0.0, 0.0, 0.0, 0.0, 0.0, 0.0, 0.0, 0.0, 0.0, 0.0, 0.0, 0.0]",Practice squad,False,Practice squad,4429012.0,0,0.0,,2026-09-26 11:43:51,,
614,151,00-0040067,Jacardia Wright,RB,SEA,WAS,0.0,2026_03_SEA_WAS,2026-09-27 13:00:00,0.0,0.0,0.0,0.0,0.0,C,30,-4.409697966230712,24.0,2,,True,,"https://static.www.nfl.com/image/upload/f_auto,q_auto/league/tp3d97gujpw7fkvn7gno",0.0,5.0,0.0,0.0,20.0,0.0,0.0,0.0,0.0,0.0,0.0,0.0,0.0,16.5,"[0.0, 0.0, 0.0, 0.0, 0.0, 0.0, 0.0, 0.0, 0.0, 0.0, 0.0, 0.0, 0.0, 0.0, 0.0, 0.0, 0.0, 0.0, 0.0]",Practice squad,False,Practice squad,4428943.0,0,0.0,,2026-09-26 11:43:51,,
615,152,00-0040039,Amar Johnson,RB,LAC,BUF,0.0,2026_03_LAC_BUF,2026-09-27 13:00:00,0.0,0.0,0.0,0.0,0.0,C,3,5.874351122856741,21.75,2,,True,,"https://static.www.nfl.com/image/upload/f_auto,q_auto/league/qw1s7luuaia2f08p19aq",1.0,2.0,0.0,0.0,8.0,0.0,0.0416666666666666,0.0,0.0,0.0,0.0,0.0,0.0,28.75,"[0.0, 0.0, 0.0, 0.0, 0.0, 0.0, 0.0, 0.0, 0.0, 0.0, 0.0, 0.0, 0.0, 0.0, 0.0, 0.0, 0.0, 0.0, 0.0]",Practice squad,False,Practice squad,4878878.0,0,0.0,,2026-09-26 11:43:51,,
616,153,00-0040021,Phil Mafah,RB,NYG,TEN,1.0,2026_03_TEN_NYG,2026-09-27 13:00:00,0.0,0.0,0.0,0.0,0.0,C,8,2.9172632585472447,20.0,2,,True,,"https://static.www.nfl.com/image/upload/f_auto,q_auto/league/r91conel40ilon72blzb",2.0,5.0,0.0,0.0,18.0,11.0,0.0869565217391304,0.0,0.0,0.0,0.0,0.0,0.0,17.5,"[0.0, 0.0, 0.0, 0.0, 0.0, 0.0, 0.0, 0.0, 0.0, 0.0, 0.0, 0.0, 0.0, 0.0, 0.0, 0.0, 0.0, 0.0, 0.0]",Practice squad,False,Practice squad,4431562.0,0,0.0,,2026-09-26 11:43:51,,
617,154,00-0040568,Lan Larison,RB,NE,JAX,0.0,2026_03_NE_JAX,2026-09-27 13:00:00,0.0,0.0,0.0,0.0,0.0,C,28,-3.510081880870486,21.75,2,,True,,"https://static.www.nfl.com/image/upload/f_auto,q_auto/league/dfvjypx4regh68bhrrlt",2.0,0.0,0.0,0.0,0.0,9.0,0.064516129032258,0.0,0.0,0.0,0.0,0.0,0.0,24.75,"[0.0, 0.0, 0.0, 0.0, 0.0, 0.0, 0.0, 0.0, 0.0, 0.0, 0.0, 0.0, 0.0, 0.0, 0.0, 0.0, 0.0, 0.0, 0.0]",Practice squad,False,Practice squad,4698253.0,1,2.9,2.9,2026-09-26 11:43:51,,
618,155,00-0040692,Jarquez Hunter,RB,MIA,KC,1.0,2026_03_KC_MIA,2026-09-27 13:00:00,0.0,0.0,0.0,0.0,0.0,C,15,-0.1890412772039905,17.75,2,,True,,"https://static.www.nfl.com/image/upload/f_auto,q_auto/league/pqqxp2q7mkpnqbahu25c",0.0,0.0,0.0,0.0,0.0,0.0,0.0,0.0,0.0,0.0,0.0,0.0,0.0,27.75,"[0.0, 0.0, 0.0, 0.0, 0.0, 0.0, 0.0, 0.0, 0.0, 0.0, 0.0, 0.0, 0.0, 0.0, 0.0, 0.0, 0.0, 0.0, 0.0]",Practice squad,False,Practice squad,4710341.0,0,0.0,,2026-09-26 11:43:51,,
619,156,00-0040964,EJ Smith,RB,KC,MIA,0.0,2026_03_KC_MIA,2026-09-27 13:00:00,0.0,0.0,0.0,0.0,0.0,C,1,9.017662992455104,27.75,2,,True,,"https://static.www.nfl.com/image/upload/f_auto,q_auto/league/cbrhecognbp6bxwgtqyh",0.0,0.0,0.0,0.0,0.0,0.0,0.0,0.0,0.0,0.0,0.0,0.0,0.0,17.75,"[0.0, 0.0, 0.0, 0.0, 0.0, 0.0, 0.0, 0.0, 0.0, 0.0, 0.0, 0.0, 0.0, 0.0, 0.0, 0.0, 0.0, 0.0, 0.0]",Reserve/IR,False,Reserve/IR,4430825.0,0,0.0,,2026-09-26 11:43:51,,
620,157,00-0040937,Dominic Richardson,RB,NYJ,DET,0.0,2026_03_NYJ_DET,2026-09-27 13:00:00,0.0,0.0,0.0,0.0,0.0,C,9,2.5445295029914763,21.0,2,,True,,"https://static.www.nfl.com/image/upload/f_auto,q_auto/league/o3embvhnbegqqvltpyug",0.0,0.0,0.0,0.0,0.0,0.0,0.0,0.0,0.0,0.0,0.0,0.0,0.0,27.5,"[0.0, 0.0, 0.0, 0.0, 0.0, 0.0, 0.0, 0.0, 0.0, 0.0, 0.0, 0.0, 0.0, 0.0, 0.0, 0.0, 0.0, 0.0, 0.0]",Reserve/IR,False,Reserve/IR,4430689.0,0,0.0,,2026-09-26 11:43:51,,
621,158,00-0041585,Grant Finley,RB,NYG,TEN,1.0,2026_03_TEN_NYG,2026-09-27 13:00:00,0.0,0.0,0.0,0.0,0.0,C,8,2.9172632585472447,20.0,2,,True,,,0.0,0.0,0.0,0.0,0.0,0.0,0.0,0.0,0.0,0.0,0.0,0.0,0.0,17.5,"[0.0, 0.0, 0.0, 0.0, 0.0, 0.0, 0.0, 0.0, 0.0, 0.0, 0.0, 0.0, 0.0, 0.0, 0.0, 0.0, 0.0, 0.0, 0.0]",Practice squad,False,Practice squad,,0,0.0,,2026-09-26 11:43:51,,
622,159,00-0036020,Salvon Ahmed,RB,CHI,PHI,1.0,2026_03_PHI_CHI,2026-09-28 20:15:00,0.0,0.0,0.0,0.0,0.0,C,12,0.9861114576105776,18.5,2,,True,,"https://static.www.nfl.com/image/upload/f_auto,q_auto/league/nbqkon8x1bkphihywnkw",0.0,0.0,0.0,0.0,0.0,0.0,0.0,0.0,0.0,0.0,0.0,0.0,0.0,23.0,"[0.0, 0.0, 0.0, 0.0, 0.0, 0.0, 0.0, 0.0, 0.0, 0.0, 0.0, 0.0, 0.0, 0.0, 0.0, 0.0, 0.0, 0.0, 0.0]",Practice squad,False,Practice squad,4243315.0,0,0.0,,2026-09-26 11:43:51,,
623,160,00-0035924,Jonathan Ward,RB,BAL,DAL,0.0,2026_03_BAL_DAL,2026-09-27 16:25:00,0.0,0.0,0.0,0.0,0.0,C,13,0.7139164805581611,28.5,2,,True,,"https://static.www.nfl.com/image/upload/f_auto,q_auto/league/yct3a4xznwcxjvn4iosk",0.0,0.0,0.0,0.0,0.0,0.0,0.0,0.0,0.0,0.0,0.0,0.0,0.0,25.0,"[0.0, 0.0, 0.0, 0.0, 0.0, 0.0, 0.0, 0.0, 0.0, 0.0, 0.0, 0.0, 0.0, 0.0, 0.0, 0.0, 0.0, 0.0, 0.0]",Practice squad,False,Practice squad,4039274.0,0,0.0,,2026-09-26 11:43:51,,
624,161,00-0037509,Sincere McCormick,RB,SF,ARI,1.0,2026_03_ARI_SF,2026-09-27 16:05:00,0.0,0.0,0.0,0.0,0.0,C,18,-0.3554071126463017,28.0,2,,True,,"https://static.www.nfl.com/image/upload/f_auto,q_auto/league/t2e5ffjyc1iimyxufxjs",0.0,0.0,0.0,0.0,0.0,0.0,0.0,0.0,0.0,0.0,0.0,0.0,0.0,19.5,"[0.0, 0.0, 0.0, 0.0, 0.0, 0.0, 0.0, 0.0, 0.0, 0.0, 0.0, 0.0, 0.0, 0.0, 0.0, 0.0, 0.0, 0.0, 0.0]",Practice squad,False,Practice squad,4430104.0,0,0.0,,2026-09-26 11:43:51,,
625,162,00-0038389,Israel Abanikanda,RB,DAL,BAL,1.0,2026_03_BAL_DAL,2026-09-27 16:25:00,0.0,0.0,0.0,0.0,0.0,C,17,-0.290770448646386,25.0,2,,True,,"https://static.www.nfl.com/image/upload/f_auto,q_auto/league/mt7lgg9gbjcmb2wttxeg",0.0,0.0,0.0,0.0,0.0,0.0,0.0,0.0,0.0,0.0,0.0,0.0,0.0,28.5,"[0.0, 0.0, 0.0, 0.0, 0.0, 0.0, 0.0, 0.0, 0.0, 0.0, 0.0, 0.0, 0.0, 0.0, 0.0, 0.0, 0.0, 0.0, 0.0]",Practice squad,False,Practice squad,4429202.0,0,0.0,,2026-09-26 11:43:51,,
626,163,00-0038614,Scott Matlock,RB,LAC,BUF,0.0,2026_03_LAC_BUF,2026-09-27 13:00:00,0.0,0.0,0.0,0.0,0.0,C,3,5.874351122856741,21.75,2,,True,,"https://static.www.nfl.com/image/upload/f_auto,q_auto/league/biif35k2hwpqmhlxn0sa",0.0,0.0,0.0,0.0,0.0,0.0,0.0,0.0,0.0,0.0,0.0,0.0,0.0,28.75,"[0.0, 0.0, 0.0, 0.0, 0.0, 0.0, 0.0, 0.0, 0.0, 0.0, 0.0, 0.0, 0.0, 0.0, 0.0, 0.0, 0.0, 0.0, 0.0]",Reserve/IR,False,Reserve/IR,4373684.0,0,0.0,,2026-09-26 11:43:51,,
627,164,00-0038930,Carlos Washington,RB,MIA,KC,1.0,2026_03_KC_MIA,2026-09-27 13:00:00,0.0,0.0,0.0,0.0,0.0,C,15,-0.1890412772039905,17.75,2,,True,,"https://static.www.nfl.com/image/upload/f_auto,q_auto/league/oc9zhtjhrxq5vxr1qkak",0.0,0.0,0.0,0.0,0.0,0.0,0.0,0.0,0.0,0.0,0.0,0.0,0.0,27.75,"[0.0, 0.0, 0.0, 0.0, 0.0, 0.0, 0.0, 0.0, 0.0, 0.0, 0.0, 0.0, 0.0, 0.0, 0.0, 0.0, 0.0, 0.0, 0.0]",Practice squad,False,Practice squad,4248425.0,0,0.0,,2026-09-26 11:43:51,,
628,165,00-0039325,Carson Steele,RB,PHI,CHI,0.0,2026_03_PHI_CHI,2026-09-28 20:15:00,0.0,0.0,0.0,0.0,0.0,C,4,5.137805474107638,23.0,2,,True,,"https://static.www.nfl.com/image/upload/f_auto,q_auto/league/q6dciqten6frfdm1takb",0.0,0.0,0.0,0.0,0.0,0.0,0.0,0.0,0.0,0.0,0.0,0.0,0.0,18.5,"[0.0, 0.0, 0.0, 0.0, 0.0, 0.0, 0.0, 0.0, 0.0, 0.0, 0.0, 0.0, 0.0, 0.0, 0.0, 0.0, 0.0, 0.0, 0.0]",Practice squad,False,Practice squad,4714365.0,0,0.0,,2026-09-26 11:43:51,,
629,166,00-0039244,Chris Collier,RB,LV,NO,0.0,2026_03_LV_NO,2026-09-27 16:25:00,0.0,0.0,0.0,0.0,0.0,C,10,1.219871876313602,20.25,2,,True,4.0,"https://static.www.nfl.com/image/upload/f_auto,q_auto/league/ljfhyvlszo4qs63fo4ow",0.0,0.0,0.0,0.0,0.0,0.0,0.0,0.0,0.0,0.0,0.0,0.0,0.0,23.25,"[0.0, 0.0, 0.0, 0.0, 0.0, 0.0, 0.0, 0.0, 0.0, 0.0, 0.0, 0.0, 0.0, 0.0, 0.0, 0.0, 0.0, 0.0, 0.0]",Reserve/IR,False,Reserve/IR,4698191.0,0,0.0,,2026-09-26 11:43:51,,
630,167,00-0039703,Cody Schrader,RB,DEN,LA,1.0,2026_03_LA_DEN,2026-09-27 20:20:00,0.0,0.0,0.0,0.0,0.0,C,32,-9.067275620202803,21.0,2,,True,,"https://static.www.nfl.com/image/upload/f_auto,q_auto/league/snrwsjepuvkatdjjokp8",0.0,0.0,0.0,0.0,0.0,0.0,0.0,0.0,0.0,0.0,0.0,0.0,0.0,23.5,"[0.0, 0.0, 0.0, 0.0, 0.0, 0.0, 0.0, 0.0, 0.0, 0.0, 0.0, 0.0, 0.0, 0.0, 0.0, 0.0, 0.0, 0.0, 0.0]",Practice squad,False,Practice squad,4391845.0,0,0.0,,2026-09-26 11:43:51,,
631,168,00-0039652,Jabari Small,RB,DET,NYJ,1.0,2026_03_NYJ_DET,2026-09-27 13:00:00,0.0,0.0,0.0,0.0,0.0,C,14,0.2698532562620907,27.5,2,,True,,"https://static.www.nfl.com/image/upload/f_auto,q_auto/league/jevnypgyk9xm7tcfldvi",0.0,0.0,0.0,0.0,0.0,0.0,0.0,0.0,0.0,0.0,0.0,0.0,0.0,21.0,"[0.0, 0.0, 0.0, 0.0, 0.0, 0.0, 0.0, 0.0, 0.0, 0.0, 0.0, 0.0, 0.0, 0.0, 0.0, 0.0, 0.0, 0.0, 0.0]",Practice squad,False,Practice squad,4432545.0,0,0.0,,2026-09-26 11:43:51,,
632,169,00-0040260,Ahmani Marshall,RB,CAR,CLE,0.0,2026_03_CAR_CLE,2026-09-27 13:00:00,0.0,0.0,0.0,0.0,0.0,C,21,-1.9476096639343976,22.5,2,,True,,"https://static.www.nfl.com/image/upload/f_auto,q_auto/league/rmzxp0obmznym5hv5ndh",0.0,0.0,0.0,0.0,0.0,0.0,0.0,0.0,0.0,0.0,0.0,0.0,0.0,20.0,"[0.0, 0.0, 0.0, 0.0, 0.0, 0.0, 0.0, 0.0, 0.0, 0.0, 0.0, 0.0, 0.0, 0.0, 0.0, 0.0, 0.0, 0.0, 0.0]",Practice squad,False,Practice squad,4432374.0,0,0.0,,2026-09-26 11:43:51,,
633,170,00-0040394,Anthony Tyus III,RB,CAR,CLE,0.0,2026_03_CAR_CLE,2026-09-27 13:00:00,0.0,0.0,0.0,0.0,0.0,C,21,-1.9476096639343976,22.5,2,,True,,"https://static.www.nfl.com/image/upload/f_auto,q_auto/league/ycph0v6jfxwkcycuztk0",0.0,0.0,0.0,0.0,0.0,0.0,0.0,0.0,0.0,0.0,0.0,0.0,0.0,20.0,"[0.0, 0.0, 0.0, 0.0, 0.0, 0.0, 0.0, 0.0, 0.0, 0.0, 0.0, 0.0, 0.0, 0.0, 0.0, 0.0, 0.0, 0.0, 0.0]",Practice squad,False,Practice squad,,0,0.0,,2026-09-26 11:43:51,,
634,171,00-0040601,Jordan Waters,RB,LA,DEN,0.0,2026_03_LA_DEN,2026-09-27 20:20:00,0.0,0.0,0.0,0.0,0.0,C,5,4.479371833415084,23.5,2,,True,,"https://static.www.nfl.com/image/upload/f_auto,q_auto/league/wszz5ts7eqzjgiuwep45",0.0,0.0,0.0,0.0,0.0,0.0,0.0,0.0,0.0,0.0,0.0,0.0,0.0,21.0,"[0.0, 0.0, 0.0, 0.0, 0.0, 0.0, 0.0, 0.0, 0.0, 0.0, 0.0, 0.0, 0.0, 0.0, 0.0, 0.0, 0.0, 0.0, 0.0]",Practice squad,False,Practice squad,,0,0.0,,2026-09-26 11:43:51,,
635,172,00-0040567,Brock Lampe,RB,BUF,LAC,1.0,2026_03_LAC_BUF,2026-09-27 13:00:00,0.0,0.0,0.0,0.0,0.0,C,27,-3.415604060411791,28.75,2,,True,,"https://static.www.nfl.com/image/upload/f_auto,q_auto/league/qjprz2xsfvwi0zqrpyh1",0.0,0.0,0.0,0.0,0.0,0.0,0.0,0.0,0.0,0.0,0.0,0.0,0.0,21.75,"[0.0, 0.0, 0.0, 0.0, 0.0, 0.0, 0.0, 0.0, 0.0, 0.0, 0.0, 0.0, 0.0, 0.0, 0.0, 0.0, 0.0, 0.0, 0.0]",Practice squad,False,Practice squad,,0,0.0,,2026-09-26 11:43:51,,
636,173,00-0040888,Adam Randall,RB,BAL,DAL,0.0,2026_03_BAL_DAL,2026-09-27 16:25:00,0.0,0.0,0.0,0.0,0.0,C,13,0.7139164805581611,28.5,2,,True,4.0,"https://static.www.nfl.com/image/upload/f_auto,q_auto/league/cdr4vibcb4jxp8nswxl9",0.0,0.0,0.0,0.0,0.0,0.0,0.0,0.0,0.0,0.0,0.0,0.0,0.0,25.0,"[0.0, 0.0, 0.0, 0.0, 0.0, 0.0, 0.0, 0.0, 0.0, 0.0, 0.0, 0.0, 0.0, 0.0, 0.0, 0.0, 0.0, 0.0, 0.0]",Reserve/IR,False,Reserve/IR,4685526.0,0,0.0,,2026-09-26 11:43:51,,
637,174,00-0040959,Jaydn Ott,RB,KC,MIA,0.0,2026_03_KC_MIA,2026-09-27 13:00:00,0.0,0.0,0.0,0.0,0.0,C,1,9.017662992455104,27.75,2,,True,,"https://static.www.nfl.com/image/upload/f_auto,q_auto/league/ywfb4a8vkz1eubb43o8i",0.0,0.0,0.0,0.0,0.0,0.0,0.0,0.0,0.0,0.0,0.0,0.0,0.0,17.75,"[0.0, 0.0, 0.0, 0.0, 0.0, 0.0, 0.0, 0.0, 0.0, 0.0, 0.0, 0.0, 0.0, 0.0, 0.0, 0.0, 0.0, 0.0, 0.0]",Practice squad,False,Practice squad,4685489.0,0,0.0,,2026-09-26 11:43:51,,
638,175,00-0040998,Roman Hemby,RB,LV,NO,0.0,2026_03_LV_NO,2026-09-27 16:25:00,0.0,0.0,0.0,0.0,0.0,C,10,1.219871876313602,20.25,2,,True,,"https://static.www.nfl.com/image/upload/f_auto,q_auto/league/n8js64cgcfhkllrvxw5x",0.0,0.0,0.0,0.0,0.0,0.0,0.0,0.0,0.0,0.0,0.0,0.0,0.0,23.25,"[0.0, 0.0, 0.0, 0.0, 0.0, 0.0, 0.0, 0.0, 0.0, 0.0, 0.0, 0.0, 0.0, 0.0, 0.0, 0.0, 0.0, 0.0, 0.0]",Practice squad,False,Practice squad,4688835.0,0,0.0,,2026-09-26 11:43:51,,
639,176,00-0041178,Robert Henry Jr.,RB,WAS,SEA,1.0,2026_03_SEA_WAS,2026-09-27 13:00:00,0.0,0.0,0.0,0.0,0.0,C,29,-3.8883405090824734,16.5,2,,True,,"https://static.www.nfl.com/image/upload/f_auto,q_auto/league/aehybugrdkpwoegwc10v",0.0,0.0,0.0,0.0,0.0,0.0,0.0,0.0,0.0,0.0,0.0,0.0,0.0,24.0,"[0.0, 0.0, 0.0, 0.0, 0.0, 0.0, 0.0, 0.0, 0.0, 0.0, 0.0, 0.0, 0.0, 0.0, 0.0, 0.0, 0.0, 0.0, 0.0]",Practice squad,False,Practice squad,5151317.0,0,0.0,,2026-09-26 11:43:51,,
640,177,00-0041239,Chip Trayanum,RB,NYJ,DET,0.0,2026_03_NYJ_DET,2026-09-27 13:00:00,0.0,0.0,0.0,0.0,0.0,C,9,2.5445295029914763,21.0,2,,True,4.0,"https://static.www.nfl.com/image/upload/f_auto,q_auto/league/hdagffadajptx8nxfs8w",0.0,0.0,0.0,0.0,0.0,0.0,0.0,0.0,0.0,0.0,0.0,0.0,0.0,27.5,"[0.0, 0.0, 0.0, 0.0, 0.0, 0.0, 0.0, 0.0, 0.0, 0.0, 0.0, 0.0, 0.0, 0.0, 0.0, 0.0, 0.0, 0.0, 0.0]",Reserve/IR,False,Reserve/IR,4430893.0,0,0.0,,2026-09-26 11:43:51,,
641,178,00-0041241,Kentrel Bullock,RB,CIN,PIT,0.0,2026_03_CIN_PIT,2026-09-27 13:00:00,0.0,0.0,0.0,0.0,0.0,C,16,-0.2004559673072032,23.0,2,,True,,"https://static.www.nfl.com/image/upload/f_auto,q_auto/league/knfwlw5u1poz75qfyuy5",0.0,0.0,0.0,0.0,0.0,0.0,0.0,0.0,0.0,0.0,0.0,0.0,0.0,19.5,"[0.0, 0.0, 0.0, 0.0, 0.0, 0.0, 0.0, 0.0, 0.0, 0.0, 0.0, 0.0, 0.0, 0.0, 0.0, 0.0, 0.0, 0.0, 0.0]",Practice squad,False,Practice squad,,0,0.0,,2026-09-26 11:43:51,,
642,179,00-0041217,J'Mari Taylor,RB,JAX,NE,1.0,2026_03_NE_JAX,2026-09-27 13:00:00,0.0,0.0,0.0,0.0,0.0,C,22,-2.012031851893699,24.75,2,,True,,"https://static.www.nfl.com/image/upload/f_auto,q_auto/league/bllauluwnbc34h7uzuom",0.0,0.0,0.0,0.0,0.0,0.0,0.0,0.0,0.0,0.0,0.0,0.0,0.0,21.75,"[0.0, 0.0, 0.0, 0.0, 0.0, 0.0, 0.0, 0.0, 0.0, 0.0, 0.0, 0.0, 0.0, 0.0, 0.0, 0.0, 0.0, 0.0, 0.0]",Practice squad,False,Practice squad,4713118.0,0,0.0,,2026-09-26 11:43:51,,
643,180,00-0041277,Davon Booth,RB,IND,HOU,1.0,2026_03_HOU_IND,2026-09-27 13:00:00,0.0,0.0,0.0,0.0,0.0,C,31,-7.176486037261855,20.5,2,,True,,"https://static.www.nfl.com/image/upload/f_auto,q_auto/league/ddzlehyaaedbtx8lh9vv",0.0,0.0,0.0,0.0,0.0,0.0,0.0,0.0,0.0,0.0,0.0,0.0,0.0,22.0,"[0.0, 0.0, 0.0, 0.0, 0.0, 0.0, 0.0, 0.0, 0.0, 0.0, 0.0, 0.0, 0.0, 0.0, 0.0, 0.0, 0.0, 0.0, 0.0]",Practice squad,False,Practice squad,5153650.0,0,0.0,,2026-09-26 11:43:51,,
644,181,00-0041323,Myles Montgomery,RB,NE,JAX,0.0,2026_03_NE_JAX,2026-09-27 13:00:00,0.0,0.0,0.0,0.0,0.0,C,28,-3.510081880870486,21.75,2,,True,4.0,"https://static.www.nfl.com/image/upload/f_auto,q_auto/league/x2iwklhxz7it7m1hsdwy",0.0,0.0,0.0,0.0,0.0,0.0,0.0,0.0,0.0,0.0,0.0,0.0,0.0,24.75,"[0.0, 0.0, 0.0, 0.0, 0.0, 0.0, 0.0, 0.0, 0.0, 0.0, 0.0, 0.0, 0.0, 0.0, 0.0, 0.0, 0.0, 0.0, 0.0]",Reserve/IR,False,Reserve/IR,4676889.0,0,0.0,,2026-09-26 11:43:51,,
645,182,00-0041312,Noah Whittington,RB,HOU,IND,0.0,2026_03_HOU_IND,2026-09-27 13:00:00,0.0,0.0,0.0,0.0,0.0,C,6,4.263968979198941,22.0,2,,True,,"https://static.www.nfl.com/image/upload/f_auto,q_auto/league/ofifs3fbgpnv6qtcjain",0.0,0.0,0.0,0.0,0.0,0.0,0.0,0.0,0.0,0.0,0.0,0.0,0.0,20.5,"[0.0, 0.0, 0.0, 0.0, 0.0, 0.0, 0.0, 0.0, 0.0, 0.0, 0.0, 0.0, 0.0, 0.0, 0.0, 0.0, 0.0, 0.0, 0.0]",Practice squad,False,Practice squad,4432631.0,0,0.0,,2026-09-26 11:43:51,,
646,183,00-0041376,Gregory Desrosiers,RB,LAC,BUF,0.0,2026_03_LAC_BUF,2026-09-27 13:00:00,0.0,0.0,0.0,0.0,0.0,C,3,5.874351122856741,21.75,2,,True,,"https://static.www.nfl.com/image/upload/f_auto,q_auto/league/serg5wdxgoemdropu4vs",0.0,0.0,0.0,0.0,0.0,0.0,0.0,0.0,0.0,0.0,0.0,0.0,0.0,28.75,"[0.0, 0.0, 0.0, 0.0, 0.0, 0.0, 0.0, 0.0, 0.0, 0.0, 0.0, 0.0, 0.0, 0.0, 0.0, 0.0, 0.0, 0.0, 0.0]",Practice squad,False,Practice squad,,0,0.0,,2026-09-26 11:43:51,,
647,184,00-0041415,Dean Connors,RB,LA,DEN,0.0,2026_03_LA_DEN,2026-09-27 20:20:00,0.0,0.0,0.0,0.0,0.0,C,5,4.479371833415084,23.5,2,,True,,"https://static.www.nfl.com/image/upload/f_auto,q_auto/league/fgsgqkdsnliwujjtvvw3",0.0,0.0,0.0,0.0,0.0,0.0,0.0,0.0,0.0,0.0,0.0,0.0,0.0,21.0,"[0.0, 0.0, 0.0, 0.0, 0.0, 0.0, 0.0, 0.0, 0.0, 0.0, 0.0, 0.0, 0.0, 0.0, 0.0, 0.0, 0.0, 0.0, 0.0]",Practice squad,False,Practice squad,5082269.0,0,0.0,,2026-09-26 11:43:51,,
648,185,NOID_NYJ_AlJayHenderson,Al-Jay Henderson,RB,NYJ,DET,0.0,2026_03_NYJ_DET,2026-09-27 13:00:00,0.0,0.0,0.0,0.0,0.0,C,9,2.5445295029914763,21.0,2,,True,,,0.0,0.0,0.0,0.0,0.0,0.0,0.0,0.0,0.0,0.0,0.0,0.0,0.0,27.5,"[0.0, 0.0, 0.0, 0.0, 0.0, 0.0, 0.0, 0.0, 0.0, 0.0, 0.0, 0.0, 0.0, 0.0, 0.0, 0.0, 0.0, 0.0, 0.0]",Practice squad,False,Practice squad,,0,0.0,,2026-09-26 11:43:51,,
649,118,00-0037809,Chig Okonkwo,TE,WAS,SEA,1.0,2026_03_SEA_WAS,2026-09-27 13:00:00,0.0,0.0,0.0,0.0,0.0,C,25,-2.993571858988445,16.5,2,Out,False,,"https://static.www.nfl.com/image/upload/f_auto,q_auto/league/pzcez6pi9tpdqkmjjnzk",4.301068789397512,0.0,0.0,0.0,0.0,27.563198424141035,0.1406228943256502,0.0,0.0,0.0,0.0,0.0,0.0,24.0,"[0.0, 0.0, 0.0, 0.0, 0.0, 0.0, 0.0, 0.0, 0.0, 0.0, 0.0, 0.0, 0.0, 0.0, 0.0, 0.0, 0.0, 0.0, 0.0]",Out,False,Active,4360635.0,1,3.6,3.6,2026-09-26 11:43:51,,
650,119,00-0038046,Charlie Kolar,TE,LAC,BUF,0.0,2026_03_LAC_BUF,2026-09-27 13:00:00,0.0,0.0,0.0,0.0,0.0,C,16,-0.2269580921117432,21.75,2,Out,False,,"https://static.www.nfl.com/image/upload/f_auto,q_auto/league/g75ws8vkqz9cqwifhcy7",1.3292522160085292,0.0,0.0,0.0,0.0,10.6415841285181,0.0520406050098032,0.0,0.0,0.0,0.0,0.0,0.0,28.75,"[0.0, 0.0, 0.0, 0.0, 0.0, 0.0, 0.0, 0.0, 0.0, 0.0, 0.0, 0.0, 0.0, 0.0, 0.0, 0.0, 0.0, 0.0, 0.0]",Out,False,Active,4241263.0,2,5.1,2.6,2026-09-26 11:43:51,,
651,120,00-0040736,Mason Taylor,TE,NYJ,DET,0.0,2026_03_NYJ_DET,2026-09-27 13:00:00,0.0,0.0,0.0,0.0,0.0,C,2,7.966903091397335,21.0,2,Out,False,,"https://static.www.nfl.com/image/upload/f_auto,q_auto/league/xittx9gih104lw1atfiv",4.45060403591124,0.0,0.0,0.0,0.0,18.848168682777864,0.1629948312533091,0.0,0.0,0.0,0.0,0.0,0.0,27.5,"[0.0, 0.0, 0.0, 0.0, 0.0, 0.0, 0.0, 0.0, 0.0, 0.0, 0.0, 0.0, 0.0, 0.0, 0.0, 0.0, 0.0, 0.0, 0.0]",Out,False,Active,4808766.0,1,1.8,1.8,2026-09-26 11:43:51,,
652,121,00-0030061,Zach Ertz,TE,PHI,CHI,0.0,2026_03_PHI_CHI,2026-09-28 20:15:00,0.0,0.0,0.0,0.0,0.0,C,21,-2.0019014071179684,23.0,2,,False,,"https://static.www.nfl.com/image/upload/f_auto,q_auto/league/xktmmeumuoglbuam75iz",5.784992017143633,0.0,0.0,0.0,0.0,40.89446523997776,0.198144820824134,0.0,0.0,0.0,0.0,0.0,0.0,18.5,"[0.0, 0.0, 0.0, 0.0, 0.0, 0.0, 0.0, 0.0, 0.0, 0.0, 0.0, 0.0, 0.0, 0.0, 0.0, 0.0, 0.0, 0.0, 0.0]",Practice squad,False,Practice squad,15835.0,0,0.0,,2026-09-26 11:43:51,,
653,122,00-0033885,David Njoku,TE,LAC,BUF,0.0,2026_03_LAC_BUF,2026-09-27 13:00:00,0.0,0.0,0.0,0.0,0.0,C,16,-0.2269580921117432,21.75,2,,False,3.0,"https://static.www.nfl.com/image/upload/f_auto,q_auto/league/y4g1iayqrbrhdvkqywpx",3.928034980502532,0.0,0.0,0.0,0.0,28.5122233586377,0.1341041379700027,0.0,0.0,0.0,0.0,0.0,0.0,28.75,"[0.0, 0.0, 0.0, 0.0, 0.0, 0.0, 0.0, 0.0, 0.0, 0.0, 0.0, 0.0, 0.0, 0.0, 0.0, 0.0, 0.0, 0.0, 0.0]",Reserve/IR,False,Reserve/IR,3123076.0,2,12.7,6.4,2026-09-26 11:43:51,,
654,123,00-0037112,Jake Tonges,TE,SF,ARI,1.0,2026_03_ARI_SF,2026-09-27 16:05:00,0.0,0.0,0.0,0.0,0.0,C,12,1.0519178295763438,28.0,2,,False,4.0,"https://static.www.nfl.com/image/upload/f_auto,q_auto/league/z6goxhdhfc2m0rmwvtbl",4.596819354600672,0.0,0.0,0.0,0.0,31.233522901292996,0.1337111229657284,0.0,0.0,0.0,0.0,0.0,0.0,19.5,"[0.0, 0.0, 0.0, 0.0, 0.0, 0.0, 0.0, 0.0, 0.0, 0.0, 0.0, 0.0, 0.0, 0.0, 0.0, 0.0, 0.0, 0.0, 0.0]",Reserve/IR,False,Reserve/IR,4259147.0,0,0.0,,2026-09-26 11:43:51,,
655,124,00-0038720,Julian Hill,TE,NE,JAX,0.0,2026_03_NE_JAX,2026-09-27 13:00:00,0.0,0.0,0.0,0.0,0.0,C,13,0.6599941665186049,21.75,2,,False,5.0,"https://static.www.nfl.com/image/upload/f_auto,q_auto/league/idjirwpxilfybc74zhwr",1.7910071053125003,0.0,0.0,0.0,0.0,12.967754032896424,0.0675900806931839,0.0,0.0,0.0,0.0,0.0,0.0,24.75,"[0.0, 0.0, 0.0, 0.0, 0.0, 0.0, 0.0, 0.0, 0.0, 0.0, 0.0, 0.0, 0.0, 0.0, 0.0, 0.0, 0.0, 0.0, 0.0]",Reserve/IR,False,Reserve/IR,4365395.0,0,0.0,,2026-09-26 11:43:51,,
656,125,00-0034613,Tanner Hudson,TE,CIN,PIT,0.0,2026_03_CIN_PIT,2026-09-27 13:00:00,0.0,0.0,0.0,0.0,0.0,C,26,-3.165744158393005,23.0,2,,False,,"https://static.www.nfl.com/image/upload/f_auto,q_auto/league/pyl2bpjw0vy4idcseama",1.837784978497659,0.0,0.0,0.0,0.0,12.202171016597832,0.0506625479048101,0.0,0.0,0.0,0.0,0.0,0.0,19.5,"[0.0, 0.0, 0.0, 0.0, 0.0, 0.0, 0.0, 0.0, 0.0, 0.0, 0.0, 0.0, 0.0, 0.0, 0.0, 0.0, 0.0, 0.0, 0.0]",Practice squad,False,Practice squad,3050481.0,1,1.4,1.4,2026-09-26 11:43:51,,
657,126,00-0036741,Jack Stoll,TE,SF,ARI,1.0,2026_03_ARI_SF,2026-09-27 16:05:00,0.0,0.0,0.0,0.0,0.0,C,12,1.0519178295763438,28.0,2,,False,,"https://static.www.nfl.com/image/upload/f_auto,q_auto/league/vx5eqo8t1qvj0ijwmiwm",1.243778769873781,0.0,0.0,0.0,0.0,4.817204825667268,0.0353827938457137,0.0,0.0,0.0,0.0,0.0,0.0,19.5,"[0.0, 0.0, 0.0, 0.0, 0.0, 0.0, 0.0, 0.0, 0.0, 0.0, 0.0, 0.0, 0.0, 0.0, 0.0, 0.0, 0.0, 0.0, 0.0]",Practice squad,False,Practice squad,4034862.0,0,0.0,,2026-09-26 11:43:51,,
658,127,00-0037086,Grant Calcaterra,TE,PHI,CHI,0.0,2026_03_PHI_CHI,2026-09-28 20:15:00,0.0,0.0,0.0,0.0,0.0,C,21,-2.0019014071179684,23.0,2,,False,4.0,"https://static.www.nfl.com/image/upload/f_auto,q_auto/league/inpyxw55sxo96shrt4si",1.490125443189861,0.0,0.0,0.0,0.0,8.808280206192542,0.0553333263898423,0.0,0.0,0.0,0.0,0.0,0.0,18.5,"[0.0, 0.0, 0.0, 0.0, 0.0, 0.0, 0.0, 0.0, 0.0, 0.0, 0.0, 0.0, 0.0, 0.0, 0.0, 0.0, 0.0, 0.0, 0.0]",Reserve/IR,False,Reserve/IR,4241374.0,0,0.0,,2026-09-26 11:43:51,,
659,128,00-0037348,Tanner Conner,TE,NE,JAX,0.0,2026_03_NE_JAX,2026-09-27 13:00:00,0.0,0.0,0.0,0.0,0.0,C,13,0.6599941665186049,21.75,2,,False,,"https://static.www.nfl.com/image/upload/f_auto,q_auto/league/hya7vfgtuyx5k4tnhmic",1.8113434145079228,0.0,0.0,0.0,0.0,10.816796529721458,0.0585507992814483,0.0,0.0,0.0,0.0,0.0,0.0,24.75,"[0.0, 0.0, 0.0, 0.0, 0.0, 0.0, 0.0, 0.0, 0.0, 0.0, 0.0, 0.0, 0.0, 0.0, 0.0, 0.0, 0.0, 0.0, 0.0]",Practice squad,False,Practice squad,4047422.0,0,0.0,,2026-09-26 11:43:51,,
660,129,00-0036332,Josiah Deguara,TE,PHI,CHI,0.0,2026_03_PHI_CHI,2026-09-28 20:15:00,0.0,0.0,0.0,0.0,0.0,C,21,-2.0019014071179684,23.0,2,,False,,"https://static.www.nfl.com/image/upload/f_auto,q_auto/league/wivlyvbmlm0aogcvl2yz",0.7882827911651314,0.0,0.0,0.0,0.0,3.5119845048850378,0.0243326702269024,0.0,0.0,0.0,0.0,0.0,0.0,18.5,"[0.0, 0.0, 0.0, 0.0, 0.0, 0.0, 0.0, 0.0, 0.0, 0.0, 0.0, 0.0, 0.0, 0.0, 0.0, 0.0, 0.0, 0.0, 0.0]",Practice squad,False,Practice squad,3914151.0,0,0.0,,2026-09-26 11:43:51,,
661,130,00-0037475,Stone Smartt,TE,NO,LV,1.0,2026_03_LV_NO,2026-09-27 16:25:00,0.0,0.0,0.0,0.0,0.0,C,18,-0.6221738285480897,23.25,2,,False,,"https://static.www.nfl.com/image/upload/f_auto,q_auto/league/g8mtiyojkmj8vwzmg0ez",1.710731937812997,0.0,0.0,0.0,0.0,10.068136137287745,0.051734855597885,0.0,0.0,0.0,0.0,0.0,0.0,20.25,"[0.0, 0.0, 0.0, 0.0, 0.0, 0.0, 0.0, 0.0, 0.0, 0.0, 0.0, 0.0, 0.0, 0.0, 0.0, 0.0, 0.0, 0.0, 0.0]",Practice squad,False,Practice squad,4250764.0,0,0.0,,2026-09-26 11:43:51,,
662,131,00-0040509,Ben Yurosek,TE,MIN,TB,0.0,2026_03_MIN_TB,2026-09-27 16:05:00,0.0,0.0,0.0,0.0,0.0,C,3,7.145075216515093,22.0,2,,False,4.0,"https://static.www.nfl.com/image/upload/f_auto,q_auto/league/q6ea6dqd4nn27aeihiv7",0.5204614488714528,0.0,0.0,0.0,0.0,2.6318848832736226,0.0173487149623817,0.0,0.0,0.0,0.0,0.0,0.0,20.5,"[0.0, 0.0, 0.0, 0.0, 0.0, 0.0, 0.0, 0.0, 0.0, 0.0, 0.0, 0.0, 0.0, 0.0, 0.0, 0.0, 0.0, 0.0, 0.0]",Reserve/IR,False,Reserve/IR,4433959.0,0,0.0,,2026-09-26 11:43:51,,
663,132,00-0039305,Jack Westover,TE,WAS,SEA,1.0,2026_03_SEA_WAS,2026-09-27 13:00:00,0.0,0.0,0.0,0.0,0.0,C,25,-2.993571858988445,16.5,2,,False,,"https://static.www.nfl.com/image/upload/f_auto,q_auto/league/zpo5vbntn8b9hih2fi66",0.6345698701893817,0.0,0.0,0.0,0.0,1.88852390305627,0.025843760541624,0.0,0.0,0.0,0.0,0.0,0.0,24.0,"[0.0, 0.0, 0.0, 0.0, 0.0, 0.0, 0.0, 0.0, 0.0, 0.0, 0.0, 0.0, 0.0, 0.0, 0.0, 0.0, 0.0, 0.0, 0.0]",Practice squad,False,Practice squad,4361100.0,0,0.0,,2026-09-26 11:43:51,,
664,133,00-0039458,Brenden Bates,TE,JAX,NE,1.0,2026_03_NE_JAX,2026-09-27 13:00:00,0.0,0.0,0.0,0.0,0.0,C,24,-2.6968073698109047,24.75,2,,False,,"https://static.www.nfl.com/image/upload/f_auto,q_auto/league/beeomv1jxgkwgqubgef9",0.984892131827057,0.0,0.0,0.0,0.0,9.368620724987888,0.0387744392367725,0.0,0.0,0.0,0.0,0.0,0.0,21.75,"[0.0, 0.0, 0.0, 0.0, 0.0, 0.0, 0.0, 0.0, 0.0, 0.0, 0.0, 0.0, 0.0, 0.0, 0.0, 0.0, 0.0, 0.0, 0.0]",Practice squad,False,Practice squad,4362603.0,0,0.0,,2026-09-26 11:43:51,,
665,134,00-0033439,Pharaoh Brown,TE,IND,HOU,1.0,2026_03_HOU_IND,2026-09-27 13:00:00,0.0,0.0,0.0,0.0,0.0,C,19,-0.6616652477521382,20.5,2,,False,,"https://static.www.nfl.com/image/upload/f_auto,q_auto/league/hfgg6gr7aiyzmdzh4iww",0.4329460136978165,0.0,0.0,0.0,0.0,0.2164730068489082,0.0113933161499425,0.0,0.0,0.0,0.0,0.0,0.0,22.0,"[0.0, 0.0, 0.0, 0.0, 0.0, 0.0, 0.0, 0.0, 0.0, 0.0, 0.0, 0.0, 0.0, 0.0, 0.0, 0.0, 0.0, 0.0, 0.0]",Practice squad,False,Practice squad,2971281.0,0,0.0,,2026-09-26 11:43:51,,
666,135,00-0037282,James Mitchell,TE,DAL,BAL,1.0,2026_03_BAL_DAL,2026-09-27 16:25:00,0.0,0.0,0.0,0.0,0.0,C,23,-2.613073203385342,25.0,2,,True,,"https://static.www.nfl.com/image/upload/f_auto,q_auto/league/q8b9goebgmuwusl6vqdc",1.3049045561723285,0.0,0.0,0.0,0.0,8.840885993468296,0.0411712342058706,0.0,0.0,0.0,0.0,0.0,0.0,28.5,"[0.0, 0.0, 0.0, 0.0, 0.0, 0.0, 0.0, 0.0, 0.0, 0.0, 0.0, 0.0, 0.0, 0.0, 0.0, 0.0, 0.0, 0.0, 0.0]",Practice squad,False,Practice squad,4361988.0,0,0.0,,2026-09-26 11:43:51,,
667,136,00-0037340,Zaire Mitchell-Paden,TE,HOU,IND,0.0,2026_03_HOU_IND,2026-09-27 13:00:00,0.0,0.0,0.0,0.0,0.0,C,6,5.135374100177506,22.0,2,,True,,"https://static.www.nfl.com/image/upload/f_auto,q_auto/league/kx728asxtg6ykmh1yblc",1.0,0.0,0.0,0.0,0.0,6.07382767504869,0.0414604359999917,0.0,0.0,0.0,0.0,0.0,0.0,20.5,"[0.0, 0.0, 0.0, 0.0, 0.0, 0.0, 0.0, 0.0, 0.0, 0.0, 0.0, 0.0, 0.0, 0.0, 0.0, 0.0, 0.0, 0.0, 0.0]",Practice squad,False,Practice squad,4876006.0,0,0.0,,2026-09-26 11:43:51,,
668,137,00-0039737,Tip Reiman,TE,ARI,SF,0.0,2026_03_ARI_SF,2026-09-27 16:05:00,0.0,0.0,0.0,0.0,0.0,C,32,-5.318712067121405,19.5,2,,True,4.0,"https://static.www.nfl.com/image/upload/f_auto,q_auto/league/yfi3fqch6kzqrcvuptal",1.6650015524615849,0.0,0.0,0.0,0.0,5.70905177156962,0.0519387429178048,0.0,0.0,0.0,0.0,0.0,0.0,28.0,"[0.0, 0.0, 0.0, 0.0, 0.0, 0.0, 0.0, 0.0, 0.0, 0.0, 0.0, 0.0, 0.0, 0.0, 0.0, 0.0, 0.0, 0.0, 0.0]",Reserve/IR,False,Reserve/IR,4696700.0,0,0.0,,2026-09-26 11:43:51,,
669,138,00-0040488,Carter Runyon,TE,LV,NO,0.0,2026_03_LV_NO,2026-09-27 16:25:00,0.0,0.0,0.0,0.0,0.0,C,15,-0.011561373012771,20.25,2,,True,4.0,"https://static.www.nfl.com/image/upload/f_auto,q_auto/league/q8knlo3npxhjxiyyx4h6",0.3049045561723282,0.0,0.0,0.0,0.0,0.9147136685169848,0.017935562127784,0.0,0.0,0.0,0.0,0.0,0.0,23.25,"[0.0, 0.0, 0.0, 0.0, 0.0, 0.0, 0.0, 0.0, 0.0, 0.0, 0.0, 0.0, 0.0, 0.0, 0.0, 0.0, 0.0, 0.0, 0.0]",Reserve/IR,False,Reserve/IR,5155825.0,0,0.0,,2026-09-26 11:43:51,,
670,139,00-0037031,Nikola Kalinic,TE,CHI,PHI,1.0,2026_03_PHI_CHI,2026-09-28 20:15:00,0.0,0.0,0.0,0.0,0.0,C,28,-3.93695006131112,18.5,2,,True,4.0,"https://static.www.nfl.com/image/upload/f_auto,q_auto/league/monk9ruop1ec5bfysiwl",0.0,0.0,0.0,0.0,0.0,0.0,0.0,0.0,0.0,0.0,0.0,0.0,0.0,23.0,"[0.0, 0.0, 0.0, 0.0, 0.0, 0.0, 0.0, 0.0, 0.0, 0.0, 0.0, 0.0, 0.0, 0.0, 0.0, 0.0, 0.0, 0.0, 0.0]",Reserve/IR,False,Reserve/IR,4916349.0,0,0.0,,2026-09-26 11:43:51,,
671,140,00-0037277,Teagan Quitoriano,TE,ARI,SF,0.0,2026_03_ARI_SF,2026-09-27 16:05:00,0.0,0.0,0.0,0.0,0.0,C,32,-5.318712067121405,19.5,2,,True,,"https://static.www.nfl.com/image/upload/f_auto,q_auto/league/adwepaexueevxdcqjhyf",0.0,0.0,0.0,0.0,0.0,0.0,0.0,0.0,0.0,0.0,0.0,0.0,0.0,28.0,"[0.0, 0.0, 0.0, 0.0, 0.0, 0.0, 0.0, 0.0, 0.0, 0.0, 0.0, 0.0, 0.0, 0.0, 0.0, 0.0, 0.0, 0.0, 0.0]",Practice squad,False,Practice squad,4374045.0,0,0.0,,2026-09-26 11:43:51,,
672,141,00-0037539,Lucas Krull,TE,DEN,LA,1.0,2026_03_LA_DEN,2026-09-27 20:20:00,0.0,0.0,0.0,0.0,0.0,C,29,-4.747712017669031,21.0,2,,True,,"https://static.www.nfl.com/image/upload/f_auto,q_auto/league/eolvpkk5jjmipuqmf5v6",2.0,0.0,0.0,0.0,0.0,7.564941926249085,0.0712175377731979,0.0,0.0,0.0,0.0,0.0,0.0,23.5,"[0.0, 0.0, 0.0, 0.0, 0.0, 0.0, 0.0, 0.0, 0.0, 0.0, 0.0, 0.0, 0.0, 0.0, 0.0, 0.0, 0.0, 0.0, 0.0]",Practice squad,False,Practice squad,4360231.0,0,0.0,,2026-09-26 11:43:51,,
673,142,00-0039631,Cam Grandy,TE,MIN,TB,0.0,2026_03_MIN_TB,2026-09-27 16:05:00,0.0,0.0,0.0,0.0,0.0,C,3,7.145075216515093,22.0,2,,True,,"https://static.www.nfl.com/image/upload/f_auto,q_auto/league/uay5dmniqx1baal3q3uu",1.0,0.0,0.0,0.0,0.0,3.3917634562515278,0.0352255129730167,0.0,0.0,0.0,0.0,0.0,0.0,20.5,"[0.0, 0.0, 0.0, 0.0, 0.0, 0.0, 0.0, 0.0, 0.0, 0.0, 0.0, 0.0, 0.0, 0.0, 0.0, 0.0, 0.0, 0.0, 0.0]",Practice squad,False,Practice squad,4700712.0,0,0.0,,2026-09-26 11:43:51,,
674,143,00-0036423,Albert Okwuegbunam,TE,LV,NO,0.0,2026_03_LV_NO,2026-09-27 16:25:00,0.0,0.0,0.0,0.0,0.0,C,15,-0.011561373012771,20.25,2,,True,,"https://static.www.nfl.com/image/upload/f_auto,q_auto/league/ivyip7mtbv6i0wbnlrph",6.0,0.0,0.0,0.0,0.0,36.0,0.1666666666666666,0.0,0.0,0.0,0.0,0.0,0.0,23.25,"[0.0, 0.0, 0.0, 0.0, 0.0, 0.0, 0.0, 0.0, 0.0, 0.0, 0.0, 0.0, 0.0, 0.0, 0.0, 0.0, 0.0, 0.0, 0.0]",Practice squad,False,Practice squad,4035115.0,0,0.0,,2026-09-26 11:43:51,,
675,144,00-0038394,Will Mallory,TE,IND,HOU,1.0,2026_03_HOU_IND,2026-09-27 13:00:00,0.0,0.0,0.0,0.0,0.0,C,19,-0.6616652477521382,20.5,2,,True,4.0,"https://static.www.nfl.com/image/upload/f_auto,q_auto/league/sl1pkiox1hucg9sxttfi",1.0,0.0,0.0,0.0,0.0,16.0,0.0344827586206896,0.0,0.0,0.0,0.0,0.0,0.0,22.0,"[0.0, 0.0, 0.0, 0.0, 0.0, 0.0, 0.0, 0.0, 0.0, 0.0, 0.0, 0.0, 0.0, 0.0, 0.0, 0.0, 0.0, 0.0, 0.0]",Reserve/IR,False,Reserve/IR,4362523.0,0,0.0,,2026-09-26 11:43:51,,
676,145,00-0038735,Princeton Fant,TE,DAL,BAL,1.0,2026_03_BAL_DAL,2026-09-27 16:25:00,0.0,0.0,0.0,0.0,0.0,C,23,-2.613073203385342,25.0,2,,True,4.0,"https://static.www.nfl.com/image/upload/f_auto,q_auto/league/dh67wj7xhek86nhyucig",0.0,0.0,0.0,0.0,0.0,0.0,0.0,0.0,0.0,0.0,0.0,0.0,0.0,28.5,"[0.0, 0.0, 0.0, 0.0, 0.0, 0.0, 0.0, 0.0, 0.0, 0.0, 0.0, 0.0, 0.0, 0.0, 0.0, 0.0, 0.0, 0.0, 0.0]",Reserve/IR,False,Reserve/IR,4242442.0,0,0.0,,2026-09-26 11:43:51,,
677,146,00-0040244,Moliki Matavao,TE,NO,LV,1.0,2026_03_LV_NO,2026-09-27 16:25:00,0.0,0.0,0.0,0.0,0.0,C,18,-0.6221738285480897,23.25,2,,True,5.0,"https://static.www.nfl.com/image/upload/f_auto,q_auto/league/sloxqlvfyoufh2bb3zku",2.0,0.0,0.0,0.0,0.0,10.0,0.074074074074074,0.0,0.0,0.0,0.0,0.0,0.0,20.25,"[0.0, 0.0, 0.0, 0.0, 0.0, 0.0, 0.0, 0.0, 0.0, 0.0, 0.0, 0.0, 0.0, 0.0, 0.0, 0.0, 0.0, 0.0, 0.0]",Reserve/IR,False,Reserve/IR,4432731.0,0,0.0,,2026-09-26 11:43:51,,
678,147,00-0041577,Connor Hulstein,TE,NYJ,DET,0.0,2026_03_NYJ_DET,2026-09-27 13:00:00,0.0,0.0,0.0,0.0,0.0,C,2,7.966903091397335,21.0,2,,True,,,0.0,0.0,0.0,0.0,0.0,0.0,0.0,0.0,0.0,0.0,0.0,0.0,0.0,27.5,"[0.0, 0.0, 0.0, 0.0, 0.0, 0.0, 0.0, 0.0, 0.0, 0.0, 0.0, 0.0, 0.0, 0.0, 0.0, 0.0, 0.0, 0.0, 0.0]",Reserve/IR,False,Reserve/IR,,0,0.0,,2026-09-26 11:43:51,,
679,148,00-0040504,Bryson Nesbit,TE,MIN,TB,0.0,2026_03_MIN_TB,2026-09-27 16:05:00,0.0,0.0,0.0,0.0,0.0,C,3,7.145075216515093,22.0,2,,True,,"https://static.www.nfl.com/image/upload/f_auto,q_auto/league/xv1e25hi4dhzfzni0gui",0.0,0.0,0.0,0.0,0.0,0.0,0.0,0.0,0.0,0.0,0.0,0.0,0.0,20.5,"[0.0, 0.0, 0.0, 0.0, 0.0, 0.0, 0.0, 0.0, 0.0, 0.0, 0.0, 0.0, 0.0, 0.0, 0.0, 0.0, 0.0, 0.0, 0.0]",Reserve/IR,False,Reserve/IR,,0,0.0,,2026-09-26 11:43:51,,
680,149,00-0040702,Mitch Van Vooren,TE,DAL,BAL,1.0,2026_03_BAL_DAL,2026-09-27 16:25:00,0.0,0.0,0.0,0.0,0.0,C,23,-2.613073203385342,25.0,2,,True,,,0.0,0.0,0.0,0.0,0.0,0.0,0.0,0.0,0.0,0.0,0.0,0.0,0.0,28.5,"[0.0, 0.0, 0.0, 0.0, 0.0, 0.0, 0.0, 0.0, 0.0, 0.0, 0.0, 0.0, 0.0, 0.0, 0.0, 0.0, 0.0, 0.0, 0.0]",Practice squad,False,Practice squad,,0,0.0,,2026-09-26 11:43:51,,
681,150,00-0040552,Joshua Simon,TE,WAS,SEA,1.0,2026_03_SEA_WAS,2026-09-27 13:00:00,0.0,0.0,0.0,0.0,0.0,C,25,-2.993571858988445,16.5,2,,True,,"https://static.www.nfl.com/image/upload/f_auto,q_auto/league/odhcpm4qqmp9nn7b8j7v",0.0,0.0,0.0,0.0,0.0,0.0,0.0,0.0,0.0,0.0,0.0,0.0,0.0,24.0,"[0.0, 0.0, 0.0, 0.0, 0.0, 0.0, 0.0, 0.0, 0.0, 0.0, 0.0, 0.0, 0.0, 0.0, 0.0, 0.0, 0.0, 0.0, 0.0]",Practice squad,False,Practice squad,4430482.0,0,0.0,,2026-09-26 11:43:51,,
682,151,00-0037078,Cole Turner,TE,MIA,KC,1.0,2026_03_KC_MIA,2026-09-27 13:00:00,0.0,0.0,0.0,0.0,0.0,C,9,3.1432850013624525,17.75,2,,True,5.0,"https://static.www.nfl.com/image/upload/f_auto,q_auto/league/tuoxojttzngaook6qbde",0.0,0.0,0.0,0.0,0.0,0.0,0.0,0.0,0.0,0.0,0.0,0.0,0.0,27.75,"[0.0, 0.0, 0.0, 0.0, 0.0, 0.0, 0.0, 0.0, 0.0, 0.0, 0.0, 0.0, 0.0, 0.0, 0.0, 0.0, 0.0, 0.0, 0.0]",Reserve/IR,False,Reserve/IR,4361438.0,0,0.0,,2026-09-26 11:43:51,,
683,152,00-0038145,Thomas Odukoya,TE,KC,MIA,0.0,2026_03_KC_MIA,2026-09-27 13:00:00,0.0,0.0,0.0,0.0,0.0,C,8,3.584951383061251,27.75,2,,True,,"https://static.www.nfl.com/image/upload/f_auto,q_auto/league/q1orevkdiqpclldhtauj",0.0,0.0,0.0,0.0,0.0,0.0,0.0,0.0,0.0,0.0,0.0,0.0,0.0,17.75,"[0.0, 0.0, 0.0, 0.0, 0.0, 0.0, 0.0, 0.0, 0.0, 0.0, 0.0, 0.0, 0.0, 0.0, 0.0, 0.0, 0.0, 0.0, 0.0]",Exempt,False,Exempt,,0,0.0,,2026-09-26 11:43:51,,
684,153,00-0039023,Joel Wilson,TE,TEN,NYG,0.0,2026_03_TEN_NYG,2026-09-27 13:00:00,0.0,0.0,0.0,0.0,0.0,C,11,1.515485241013074,17.5,2,,True,,"https://static.www.nfl.com/image/upload/f_auto,q_auto/league/cshaunf0zeexbjo7ofiv",0.0,0.0,0.0,0.0,0.0,0.0,0.0,0.0,0.0,0.0,0.0,0.0,0.0,20.0,"[0.0, 0.0, 0.0, 0.0, 0.0, 0.0, 0.0, 0.0, 0.0, 0.0, 0.0, 0.0, 0.0, 0.0, 0.0, 0.0, 0.0, 0.0, 0.0]",Practice squad,False,Practice squad,,0,0.0,,2026-09-26 11:43:51,,
685,154,00-0039275,Messiah Swinson,TE,CLE,CAR,1.0,2026_03_CAR_CLE,2026-09-27 13:00:00,0.0,0.0,0.0,0.0,0.0,C,27,-3.933740288793752,20.0,2,,True,,"https://static.www.nfl.com/image/upload/f_auto,q_auto/league/xmkhcrh5fbfetx1wxk2z",0.0,0.0,0.0,0.0,0.0,0.0,0.0,0.0,0.0,0.0,0.0,0.0,0.0,22.5,"[0.0, 0.0, 0.0, 0.0, 0.0, 0.0, 0.0, 0.0, 0.0, 0.0, 0.0, 0.0, 0.0, 0.0, 0.0, 0.0, 0.0, 0.0, 0.0]",Practice squad,False,Practice squad,,0,0.0,,2026-09-26 11:43:51,,
686,155,00-0035345,Chris Myarick,TE,LV,NO,0.0,2026_03_LV_NO,2026-09-27 16:25:00,0.0,0.0,0.0,0.0,0.0,C,15,-0.011561373012771,20.25,2,,True,,"https://static.www.nfl.com/image/upload/f_auto,q_auto/league/zyedrh1lvylrutfof4ld",0.0,0.0,0.0,0.0,0.0,0.0,0.0,0.0,0.0,0.0,0.0,0.0,0.0,23.25,"[0.0, 0.0, 0.0, 0.0, 0.0, 0.0, 0.0, 0.0, 0.0, 0.0, 0.0, 0.0, 0.0, 0.0, 0.0, 0.0, 0.0, 0.0, 0.0]",Practice squad,False,Practice squad,3138744.0,0,0.0,,2026-09-26 11:43:51,,
687,156,00-0039550,Shawn Bowman,TE,ARI,SF,0.0,2026_03_ARI_SF,2026-09-27 16:05:00,0.0,0.0,0.0,0.0,0.0,C,32,-5.318712067121405,19.5,2,,True,,"https://static.www.nfl.com/image/upload/f_auto,q_auto/league/fsmfihfrlibes4ihhauy",0.0,0.0,0.0,0.0,0.0,0.0,0.0,0.0,0.0,0.0,0.0,0.0,0.0,28.0,"[0.0, 0.0, 0.0, 0.0, 0.0, 0.0, 0.0, 0.0, 0.0, 0.0, 0.0, 0.0, 0.0, 0.0, 0.0, 0.0, 0.0, 0.0, 0.0]",Practice squad,False,Practice squad,,0,0.0,,2026-09-26 11:43:51,,
688,157,00-0035039,Stephen Carlson,TE,CHI,PHI,1.0,2026_03_PHI_CHI,2026-09-28 20:15:00,0.0,0.0,0.0,0.0,0.0,C,28,-3.93695006131112,18.5,2,,True,,"https://static.www.nfl.com/image/upload/f_auto,q_auto/league/i54p7n9yfpyytifzv7rz",0.0,0.0,0.0,0.0,0.0,0.0,0.0,0.0,0.0,0.0,0.0,0.0,0.0,23.0,"[0.0, 0.0, 0.0, 0.0, 0.0, 0.0, 0.0, 0.0, 0.0, 0.0, 0.0, 0.0, 0.0, 0.0, 0.0, 0.0, 0.0, 0.0, 0.0]",Practice squad,False,Practice squad,3948283.0,0,0.0,,2026-09-26 11:43:51,,
689,158,00-0039843,Qadir Ismail,TE,CHI,PHI,1.0,2026_03_PHI_CHI,2026-09-28 20:15:00,0.0,0.0,0.0,0.0,0.0,C,28,-3.93695006131112,18.5,2,,True,,"https://static.www.nfl.com/image/upload/f_auto,q_auto/league/j8bnryrjhs5ojoxmeson",0.0,0.0,0.0,0.0,0.0,0.0,0.0,0.0,0.0,0.0,0.0,0.0,0.0,23.0,"[0.0, 0.0, 0.0, 0.0, 0.0, 0.0, 0.0, 0.0, 0.0, 0.0, 0.0, 0.0, 0.0, 0.0, 0.0, 0.0, 0.0, 0.0, 0.0]",Practice squad,False,Practice squad,,0,0.0,,2026-09-26 11:43:51,,
690,159,00-0040094,Tre Watson,TE,MIA,KC,1.0,2026_03_KC_MIA,2026-09-27 13:00:00,0.0,0.0,0.0,0.0,0.0,C,9,3.1432850013624525,17.75,2,,True,,"https://static.www.nfl.com/image/upload/f_auto,q_auto/league/ugdci6mdpfinji42u1om",0.0,0.0,0.0,0.0,0.0,0.0,0.0,0.0,0.0,0.0,0.0,0.0,0.0,27.75,"[0.0, 0.0, 0.0, 0.0, 0.0, 0.0, 0.0, 0.0, 0.0, 0.0, 0.0, 0.0, 0.0, 0.0, 0.0, 0.0, 0.0, 0.0, 0.0]",Practice squad,False,Practice squad,,0,0.0,,2026-09-26 11:43:51,,
691,160,00-0040240,Caleb Lohner,TE,DEN,LA,1.0,2026_03_LA_DEN,2026-09-27 20:20:00,0.0,0.0,0.0,0.0,0.0,C,29,-4.747712017669031,21.0,2,,True,5.0,"https://static.www.nfl.com/image/upload/f_auto,q_auto/league/larx1n07ooq73y5gy3av",0.0,0.0,0.0,0.0,0.0,0.0,0.0,0.0,0.0,0.0,0.0,0.0,0.0,23.5,"[0.0, 0.0, 0.0, 0.0, 0.0, 0.0, 0.0, 0.0, 0.0, 0.0, 0.0, 0.0, 0.0, 0.0, 0.0, 0.0, 0.0, 0.0, 0.0]",Reserve/IR,False,Reserve/IR,4432208.0,0,0.0,,2026-09-26 11:43:51,,
692,161,00-0040331,Patrick Herbert,TE,LAC,BUF,0.0,2026_03_LAC_BUF,2026-09-27 13:00:00,0.0,0.0,0.0,0.0,0.0,C,16,-0.2269580921117432,21.75,2,,True,,"https://static.www.nfl.com/image/upload/f_auto,q_auto/league/ozp6mlkzvpqbvuldsm32",0.0,0.0,0.0,0.0,0.0,0.0,0.0,0.0,0.0,0.0,0.0,0.0,0.0,28.75,"[0.0, 0.0, 0.0, 0.0, 0.0, 0.0, 0.0, 0.0, 0.0, 0.0, 0.0, 0.0, 0.0, 0.0, 0.0, 0.0, 0.0, 0.0, 0.0]",Practice squad,False,Practice squad,,0,0.0,,2026-09-26 11:43:51,,
693,162,00-0040566,CJ Dippre,TE,TB,MIN,1.0,2026_03_MIN_TB,2026-09-27 16:05:00,0.0,0.0,0.0,0.0,0.0,C,31,-4.947316703181739,20.5,2,,True,,"https://static.www.nfl.com/image/upload/f_auto,q_auto/league/azvsbbacjbgiyr3hmgdi",0.0,0.0,0.0,0.0,0.0,0.0,0.0,0.0,0.0,0.0,0.0,0.0,0.0,22.0,"[0.0, 0.0, 0.0, 0.0, 0.0, 0.0, 0.0, 0.0, 0.0, 0.0, 0.0, 0.0, 0.0, 0.0, 0.0, 0.0, 0.0, 0.0, 0.0]",Practice squad,False,Practice squad,4596545.0,0,0.0,,2026-09-26 11:43:51,,
694,163,00-0040697,Thomas Gordon,TE,DET,NYJ,1.0,2026_03_NYJ_DET,2026-09-27 13:00:00,0.0,0.0,0.0,0.0,0.0,C,22,-2.228271145684766,27.5,2,,True,,"https://static.www.nfl.com/image/upload/f_auto,q_auto/league/xjwwmrgezlioppxjmkod",0.0,0.0,0.0,0.0,0.0,0.0,0.0,0.0,0.0,0.0,0.0,0.0,0.0,21.0,"[0.0, 0.0, 0.0, 0.0, 0.0, 0.0, 0.0, 0.0, 0.0, 0.0, 0.0, 0.0, 0.0, 0.0, 0.0, 0.0, 0.0, 0.0, 0.0]",Practice squad,False,Practice squad,,0,0.0,,2026-09-26 11:43:51,,
695,164,00-0040853,Carson Towt,TE,IND,HOU,1.0,2026_03_HOU_IND,2026-09-27 13:00:00,0.0,0.0,0.0,0.0,0.0,C,19,-0.6616652477521382,20.5,2,,True,5.0,"https://static.www.nfl.com/image/upload/f_auto,q_auto/league/nwppu7wrirz6adoxgzij",0.0,0.0,0.0,0.0,0.0,0.0,0.0,0.0,0.0,0.0,0.0,0.0,0.0,22.0,"[0.0, 0.0, 0.0, 0.0, 0.0, 0.0, 0.0, 0.0, 0.0, 0.0, 0.0, 0.0, 0.0, 0.0, 0.0, 0.0, 0.0, 0.0, 0.0]",Reserve/IR,False,Reserve/IR,,0,0.0,,2026-09-26 11:43:51,,
696,165,00-0040901,Jaren Kanak,TE,TEN,NYG,0.0,2026_03_TEN_NYG,2026-09-27 13:00:00,0.0,0.0,0.0,0.0,0.0,C,11,1.515485241013074,17.5,2,,True,5.0,"https://static.www.nfl.com/image/upload/f_auto,q_auto/league/nbrbfq68ghrvt2dsieej",0.0,0.0,0.0,0.0,0.0,0.0,0.0,0.0,0.0,0.0,0.0,0.0,0.0,20.0,"[0.0, 0.0, 0.0, 0.0, 0.0, 0.0, 0.0, 0.0, 0.0, 0.0, 0.0, 0.0, 0.0, 0.0, 0.0, 0.0, 0.0, 0.0, 0.0]",Reserve/IR,False,Reserve/IR,4877034.0,0,0.0,,2026-09-26 11:43:51,,
697,166,00-0040955,John Michael Gyllenborg,TE,KC,MIA,0.0,2026_03_KC_MIA,2026-09-27 13:00:00,0.0,0.0,0.0,0.0,0.0,C,8,3.584951383061251,27.75,2,,True,5.0,,0.0,0.0,0.0,0.0,0.0,0.0,0.0,0.0,0.0,0.0,0.0,0.0,0.0,17.75,"[0.0, 0.0, 0.0, 0.0, 0.0, 0.0, 0.0, 0.0, 0.0, 0.0, 0.0, 0.0, 0.0, 0.0, 0.0, 0.0, 0.0, 0.0, 0.0]",Reserve/IR,False,Reserve/IR,4708490.0,0,0.0,,2026-09-26 11:43:51,,
698,167,00-0040938,DJ Rogers,TE,DAL,BAL,1.0,2026_03_BAL_DAL,2026-09-27 16:25:00,0.0,0.0,0.0,0.0,0.0,C,23,-2.613073203385342,25.0,2,,True,5.0,"https://static.www.nfl.com/image/upload/f_auto,q_auto/league/wzblmzyldhnpb4kvraci",0.0,0.0,0.0,0.0,0.0,0.0,0.0,0.0,0.0,0.0,0.0,0.0,0.0,28.5,"[0.0, 0.0, 0.0, 0.0, 0.0, 0.0, 0.0, 0.0, 0.0, 0.0, 0.0, 0.0, 0.0, 0.0, 0.0, 0.0, 0.0, 0.0, 0.0]",Reserve/IR,False,Reserve/IR,,0,0.0,,2026-09-26 11:43:51,,
699,168,00-0040939,Michael Trigg,TE,DAL,BAL,1.0,2026_03_BAL_DAL,2026-09-27 16:25:00,0.0,0.0,0.0,0.0,0.0,C,23,-2.613073203385342,25.0,2,,True,,"https://static.www.nfl.com/image/upload/f_auto,q_auto/league/raym87favdz33uhkgvv2",0.0,0.0,0.0,0.0,0.0,0.0,0.0,0.0,0.0,0.0,0.0,0.0,0.0,28.5,"[0.0, 0.0, 0.0, 0.0, 0.0, 0.0, 0.0, 0.0, 0.0, 0.0, 0.0, 0.0, 0.0, 0.0, 0.0, 0.0, 0.0, 0.0, 0.0]",Practice squad,False,Practice squad,4594749.0,0,0.0,,2026-09-26 11:43:51,,
700,169,00-0041016,Patrick Gurd,TE,LV,NO,0.0,2026_03_LV_NO,2026-09-27 16:25:00,0.0,0.0,0.0,0.0,0.0,C,15,-0.011561373012771,20.25,2,,True,,"https://static.www.nfl.com/image/upload/f_auto,q_auto/league/agjazc5duhqepvcd82yf",0.0,0.0,0.0,0.0,0.0,0.0,0.0,0.0,0.0,0.0,0.0,0.0,0.0,23.25,"[0.0, 0.0, 0.0, 0.0, 0.0, 0.0, 0.0, 0.0, 0.0, 0.0, 0.0, 0.0, 0.0, 0.0, 0.0, 0.0, 0.0, 0.0, 0.0]",Practice squad,False,Practice squad,,0,0.0,,2026-09-26 11:43:51,,
701,170,00-0041087,Joe Royer,TE,CLE,CAR,1.0,2026_03_CAR_CLE,2026-09-27 13:00:00,0.0,0.0,0.0,0.0,0.0,C,27,-3.933740288793752,20.0,2,,True,4.0,,0.0,0.0,0.0,0.0,0.0,0.0,0.0,0.0,0.0,0.0,0.0,0.0,0.0,22.5,"[0.0, 0.0, 0.0, 0.0, 0.0, 0.0, 0.0, 0.0, 0.0, 0.0, 0.0, 0.0, 0.0, 0.0, 0.0, 0.0, 0.0, 0.0, 0.0]",Reserve/IR,False,Reserve/IR,4565859.0,0,0.0,,2026-09-26 11:43:51,,
702,171,00-0041170,Hayden Large,TE,CHI,PHI,1.0,2026_03_PHI_CHI,2026-09-28 20:15:00,0.0,0.0,0.0,0.0,0.0,C,28,-3.93695006131112,18.5,2,,True,5.0,"https://static.www.nfl.com/image/upload/f_auto,q_auto/league/gbhffvvzh3nnzpno5hhw",0.0,0.0,0.0,0.0,0.0,0.0,0.0,0.0,0.0,0.0,0.0,0.0,0.0,23.0,"[0.0, 0.0, 0.0, 0.0, 0.0, 0.0, 0.0, 0.0, 0.0, 0.0, 0.0, 0.0, 0.0, 0.0, 0.0, 0.0, 0.0, 0.0, 0.0]",Reserve/IR,False,Reserve/IR,,0,0.0,,2026-09-26 11:43:51,,
703,172,00-0041252,Kenny Fletcher Jr.,TE,IND,HOU,1.0,2026_03_HOU_IND,2026-09-27 13:00:00,0.0,0.0,0.0,0.0,0.0,C,19,-0.6616652477521382,20.5,2,,True,,"https://static.www.nfl.com/image/upload/f_auto,q_auto/league/bkvuyl1uu3e21tet01iz",0.0,0.0,0.0,0.0,0.0,0.0,0.0,0.0,0.0,0.0,0.0,0.0,0.0,22.0,"[0.0, 0.0, 0.0, 0.0, 0.0, 0.0, 0.0, 0.0, 0.0, 0.0, 0.0, 0.0, 0.0, 0.0, 0.0, 0.0, 0.0, 0.0, 0.0]",Practice squad,False,Practice squad,,0,0.0,,2026-09-26 11:43:51,,
704,173,00-0041263,Lake McRee,TE,PIT,CIN,1.0,2026_03_CIN_PIT,2026-09-27 13:00:00,0.0,0.0,0.0,0.0,0.0,C,4,7.048203931284905,19.5,2,,True,,"https://static.www.nfl.com/image/upload/f_auto,q_auto/league/z44mxfva1mljsixo7c2l",0.0,0.0,0.0,0.0,0.0,0.0,0.0,0.0,0.0,0.0,0.0,0.0,0.0,23.0,"[0.0, 0.0, 0.0, 0.0, 0.0, 0.0, 0.0, 0.0, 0.0, 0.0, 0.0, 0.0, 0.0, 0.0, 0.0, 0.0, 0.0, 0.0, 0.0]",Practice squad,False,Practice squad,,0,0.0,,2026-09-26 11:43:51,,
705,174,00-0041327,Cody Hardy,TE,NYJ,DET,0.0,2026_03_NYJ_DET,2026-09-27 13:00:00,0.0,0.0,0.0,0.0,0.0,C,2,7.966903091397335,21.0,2,,True,,"https://static.www.nfl.com/image/upload/f_auto,q_auto/league/e7ryku3lwro60d4ugp9f",0.0,0.0,0.0,0.0,0.0,0.0,0.0,0.0,0.0,0.0,0.0,0.0,0.0,27.5,"[0.0, 0.0, 0.0, 0.0, 0.0, 0.0, 0.0, 0.0, 0.0, 0.0, 0.0, 0.0, 0.0, 0.0, 0.0, 0.0, 0.0, 0.0, 0.0]",Practice squad,False,Practice squad,,0,0.0,,2026-09-26 11:43:51,,
706,175,00-0041366,Jameson Geers,TE,ARI,SF,0.0,2026_03_ARI_SF,2026-09-27 16:05:00,0.0,0.0,0.0,0.0,0.0,C,32,-5.318712067121405,19.5,2,,True,5.0,"https://static.www.nfl.com/image/upload/f_auto,q_auto/league/c8jeabzy38oouigdr214",0.0,0.0,0.0,0.0,0.0,0.0,0.0,0.0,0.0,0.0,0.0,0.0,0.0,28.0,"[0.0, 0.0, 0.0, 0.0, 0.0, 0.0, 0.0, 0.0, 0.0, 0.0, 0.0, 0.0, 0.0, 0.0, 0.0, 0.0, 0.0, 0.0, 0.0]",Reserve/IR,False,Reserve/IR,,0,0.0,,2026-09-26 11:43:51,,
707,176,00-0041357,Khalil Dinkins,TE,SF,ARI,1.0,2026_03_ARI_SF,2026-09-27 16:05:00,0.0,0.0,0.0,0.0,0.0,C,12,1.0519178295763438,28.0,2,,True,,"https://static.www.nfl.com/image/upload/f_auto,q_auto/league/txukjdrzl6um3k3t0t31",0.0,0.0,0.0,0.0,0.0,0.0,0.0,0.0,0.0,0.0,0.0,0.0,0.0,19.5,"[0.0, 0.0, 0.0, 0.0, 0.0, 0.0, 0.0, 0.0, 0.0, 0.0, 0.0, 0.0, 0.0, 0.0, 0.0, 0.0, 0.0, 0.0, 0.0]",Practice squad,False,Practice squad,4699678.0,0,0.0,,2026-09-26 11:43:51,,
708,177,00-0032394,Nick Vannett,TE,BAL,DAL,0.0,2026_03_BAL_DAL,2026-09-27 16:25:00,0.0,0.0,0.0,0.0,0.0,C,5,5.177468914293607,28.5,2,,True,,"https://static.www.nfl.com/image/upload/f_auto,q_auto/league/srrlkx2mydsb8gfco6fp",0.0,0.0,0.0,0.0,0.0,0.0,0.0,0.0,0.0,0.0,0.0,0.0,0.0,25.0,"[0.0, 0.0, 0.0, 0.0, 0.0, 0.0, 0.0, 0.0, 0.0, 0.0, 0.0, 0.0, 0.0, 0.0, 0.0, 0.0, 0.0, 0.0, 0.0]",Practice squad,False,Practice squad,2576399.0,0,0.0,,2026-09-26 11:43:51,,
709,178,00-0041384,Evan Svoboda,TE,LAC,BUF,0.0,2026_03_LAC_BUF,2026-09-27 13:00:00,0.0,0.0,0.0,0.0,0.0,C,16,-0.2269580921117432,21.75,2,,True,,"https://static.www.nfl.com/image/upload/f_auto,q_auto/league/oiypi2ljtijzyh5mpi3f",0.0,0.0,0.0,0.0,0.0,0.0,0.0,0.0,0.0,0.0,0.0,0.0,0.0,28.75,"[0.0, 0.0, 0.0, 0.0, 0.0, 0.0, 0.0, 0.0, 0.0, 0.0, 0.0, 0.0, 0.0, 0.0, 0.0, 0.0, 0.0, 0.0, 0.0]",Practice squad,False,Practice squad,,0,0.0,,2026-09-26 11:43:51,,
710,179,00-0041422,Dan Villari,TE,LA,DEN,0.0,2026_03_LA_DEN,2026-09-27 20:20:00,0.0,0.0,0.0,0.0,0.0,C,20,-1.449221027771366,23.5,2,,True,,"https://static.www.nfl.com/image/upload/f_auto,q_auto/league/q6dostpr0u6fu0yygyua",0.0,0.0,0.0,0.0,0.0,0.0,0.0,0.0,0.0,0.0,0.0,0.0,0.0,21.0,"[0.0, 0.0, 0.0, 0.0, 0.0, 0.0, 0.0, 0.0, 0.0, 0.0, 0.0, 0.0, 0.0, 0.0, 0.0, 0.0, 0.0, 0.0, 0.0]",Practice squad,False,Practice squad,4608858.0,0,0.0,,2026-09-26 11:43:51,,
711,180,00-0041483,Eli Stowers,TE,PHI,CHI,0.0,2026_03_PHI_CHI,2026-09-28 20:15:00,0.0,0.0,0.0,0.0,0.0,C,21,-2.0019014071179684,23.0,2,,True,5.0,"https://static.www.nfl.com/image/upload/f_auto,q_auto/league/c9rjqit3q5tm9hzkm5ay",0.0,0.0,0.0,0.0,0.0,0.0,0.0,0.0,0.0,0.0,0.0,0.0,0.0,18.5,"[0.0, 0.0, 0.0, 0.0, 0.0, 0.0, 0.0, 0.0, 0.0, 0.0, 0.0, 0.0, 0.0, 0.0, 0.0, 0.0, 0.0, 0.0, 0.0]",Reserve/IR,False,Reserve/IR,4431574.0,0,0.0,,2026-09-26 11:43:51,,
712,172,00-0039075,Puka Nacua,WR,LA,DEN,0.0,2026_03_LA_DEN,2026-09-27 20:20:00,0.0,0.0,0.0,0.0,0.0,C,29,-8.008497685707223,23.5,3,Doubtful,False,,"https://static.www.nfl.com/image/upload/f_auto,q_auto/league/ipy6qw7hdygdfc8k86ba",10.761092918722996,0.7304513770153139,0.0,0.0,4.775396722721956,99.89632744995592,0.3218732692857483,0.0,0.0,0.0,0.0,0.0,0.0,21.0,"[0.0, 0.0, 0.0, 0.0, 0.0, 0.0, 0.0, 0.0, 0.0, 0.0, 0.0, 0.0, 0.0, 0.0, 0.0, 0.0, 0.0, 0.0, 0.0]",Doubtful,False,Active,4426515.0,1,12.4,12.4,2026-09-26 11:43:51,,
713,173,00-0040130,Jayden Higgins,WR,HOU,IND,0.0,2026_03_HOU_IND,2026-09-27 13:00:00,0.0,0.0,0.0,0.0,0.0,C,1,11.060728367424472,22.0,3,,False,6.0,"https://static.www.nfl.com/image/upload/f_auto,q_auto/league/s3zuo0ysm9ncxr9o4420",4.815615585169176,0.0,0.0,0.0,0.0,36.82127573088946,0.1429099164100093,0.0,0.0,0.0,0.0,0.0,0.0,20.5,"[0.0, 0.0, 0.0, 0.0, 0.0, 0.0, 0.0, 0.0, 0.0, 0.0, 0.0, 0.0, 0.0, 0.0, 0.0, 0.0, 0.0, 0.0, 0.0]",Reserve/IR,False,Reserve/IR,4877706.0,0,0.0,,2026-09-26 11:43:51,,
714,174,00-0032775,Demarcus Robinson,WR,SF,ARI,1.0,2026_03_ARI_SF,2026-09-27 16:05:00,0.0,0.0,0.0,0.0,0.0,C,6,5.714090884231345,28.0,3,Out,False,,"https://static.www.nfl.com/image/upload/f_auto,q_auto/league/cokassoz2z7hb4wk2krh",2.866788543771193,0.0308159763443435,0.0,0.0,0.1848958580660613,34.86408463571725,0.1033201401444162,0.0,0.0,0.0,0.0,0.0,0.0,19.5,"[0.0, 0.0, 0.0, 0.0, 0.0, 0.0, 0.0, 0.0, 0.0, 0.0, 0.0, 0.0, 0.0, 0.0, 0.0, 0.0, 0.0, 0.0, 0.0]",Out,False,Active,3043116.0,2,19.4,9.7,2026-09-26 11:43:51,,
715,175,00-0036554,Nico Collins,WR,HOU,IND,0.0,2026_03_HOU_IND,2026-09-27 13:00:00,0.0,0.0,0.0,0.0,0.0,C,1,11.060728367424472,22.0,3,Out,False,,"https://static.www.nfl.com/image/upload/f_auto,q_auto/league/fguybjrn1kwflxm5szwq",8.359434013484348,0.382629412246884,0.0,0.0,2.7081497858583865,71.94240844504665,0.244496157041296,0.0,0.0,0.0,0.0,0.0,0.0,20.5,"[0.0, 0.0, 0.0, 0.0, 0.0, 0.0, 0.0, 0.0, 0.0, 0.0, 0.0, 0.0, 0.0, 0.0, 0.0, 0.0, 0.0, 0.0, 0.0]",Out,False,Active,4258173.0,1,21.2,21.2,2026-09-26 11:43:51,,
716,176,00-0037664,Alec Pierce,WR,IND,HOU,1.0,2026_03_HOU_IND,2026-09-27 13:00:00,0.0,0.0,0.0,0.0,0.0,C,12,3.326896691849145,20.5,3,Out,False,,"https://static.www.nfl.com/image/upload/f_auto,q_auto/league/qcg9t51wgp3hicavmkmy",4.375815474303911,0.0,0.0,0.0,0.0,49.86446594752714,0.1424434213238873,0.0,0.0,0.0,0.0,0.0,0.0,22.0,"[0.0, 0.0, 0.0, 0.0, 0.0, 0.0, 0.0, 0.0, 0.0, 0.0, 0.0, 0.0, 0.0, 0.0, 0.0, 0.0, 0.0, 0.0, 0.0]",Out,False,Active,4360078.0,2,12.2,6.1,2026-09-26 11:43:51,,
717,177,00-0035676,A.J. Brown,WR,NE,JAX,0.0,2026_03_NE_JAX,2026-09-27 13:00:00,0.0,0.0,0.0,0.0,0.0,C,24,-2.392291641214892,21.75,3,,False,6.0,"https://static.www.nfl.com/image/upload/f_auto,q_auto/league/qfhvjyssf0lwsh0kienp",6.93290299520897,0.0,0.0,0.0,0.0,54.74054122425088,0.2376419774270636,0.0,0.0,0.0,0.0,0.0,0.0,24.75,"[0.0, 0.0, 0.0, 0.0, 0.0, 0.0, 0.0, 0.0, 0.0, 0.0, 0.0, 0.0, 0.0, 0.0, 0.0, 0.0, 0.0, 0.0, 0.0]",Reserve/IR,False,Reserve/IR,4047646.0,1,5.6,5.6,2026-09-26 11:43:51,,
718,178,00-0038619,Andrei Iosivas,WR,CIN,PIT,0.0,2026_03_CIN_PIT,2026-09-27 13:00:00,0.0,0.0,0.0,0.0,0.0,C,27,-4.754448771337329,23.0,3,Out,False,,"https://static.www.nfl.com/image/upload/f_auto,q_auto/league/xhrvbt81iohroyftuyj2",2.7511281105310794,0.074585381467309,0.0,0.0,0.3466424857767702,17.60139748595101,0.0774418500123551,0.0,0.0,0.0,0.0,0.0,0.0,19.5,"[0.0, 0.0, 0.0, 0.0, 0.0, 0.0, 0.0, 0.0, 0.0, 0.0, 0.0, 0.0, 0.0, 0.0, 0.0, 0.0, 0.0, 0.0, 0.0]",Out,False,Active,4368003.0,2,4.9,2.4,2026-09-26 11:43:51,,
719,179,00-0035645,Gunner Olszewski,WR,NYG,TEN,1.0,2026_03_TEN_NYG,2026-09-27 13:00:00,0.0,0.0,0.0,0.0,0.0,C,2,7.90337129655551,20.0,3,,False,6.0,"https://static.www.nfl.com/image/upload/f_auto,q_auto/league/q6fs5e2eotgeh47xeo74",1.289365983705344,0.0,0.1889106142084952,2.5822281698858784,0.0,14.663633754899738,0.0406207371112702,0.0,0.0,0.0,0.0,0.0,0.0,17.5,"[0.0, 0.0, 0.0, 0.0, 0.0, 0.0, 0.0, 0.0, 0.0, 0.0, 0.0, 0.0, 0.0, 0.0, 0.0, 0.0, 0.0, 0.0, 0.0]",Reserve/IR,False,Reserve/IR,4424106.0,0,0.0,,2026-09-26 11:43:51,,
720,180,00-0037837,Calvin Austin III,WR,NYG,TEN,1.0,2026_03_TEN_NYG,2026-09-27 13:00:00,0.0,0.0,0.0,0.0,0.0,C,2,7.90337129655551,20.0,3,,False,5.0,"https://static.www.nfl.com/image/private/f_auto,q_auto/league/qlt6ztqcbu0uzad6aavt",3.954101500035865,0.0,0.0,0.0,0.0,22.893778172657097,0.1264056164740159,0.0,0.0,0.0,0.0,0.0,0.0,17.5,"[0.0, 0.0, 0.0, 0.0, 0.0, 0.0, 0.0, 0.0, 0.0, 0.0, 0.0, 0.0, 0.0, 0.0, 0.0, 0.0, 0.0, 0.0, 0.0]",Reserve/IR,False,Reserve/IR,4243389.0,0,0.0,,2026-09-26 11:43:51,,
721,181,00-0040582,Arian Smith,WR,NYJ,DET,0.0,2026_03_NYJ_DET,2026-09-27 13:00:00,0.0,0.0,0.0,0.0,0.0,C,7,4.365147025870685,21.0,3,,False,7.0,"https://static.www.nfl.com/image/upload/f_auto,q_auto/league/asywvwrn6zhlidxothqn",0.8156150288793699,0.1489622838366082,0.0,0.0,0.6646745260104853,1.5545348093536655,0.0315661597752352,0.0,0.0,0.0,0.0,0.0,0.0,27.5,"[0.0, 0.0, 0.0, 0.0, 0.0, 0.0, 0.0, 0.0, 0.0, 0.0, 0.0, 0.0, 0.0, 0.0, 0.0, 0.0, 0.0, 0.0, 0.0]",Reserve/IR,False,Reserve/IR,4429105.0,2,0.0,0.0,2026-09-26 11:43:51,,
722,182,00-0031236,Brandin Cooks,WR,SF,ARI,1.0,2026_03_ARI_SF,2026-09-27 16:05:00,0.0,0.0,0.0,0.0,0.0,C,6,5.714090884231345,28.0,3,,False,,"https://static.www.nfl.com/image/upload/f_auto,q_auto/league/krz3gv9jjs92arlctvqf",3.3846152385054027,0.0,0.0,0.0,0.0,26.747390092394035,0.1036644457780894,0.0,0.0,0.0,0.0,0.0,0.0,19.5,"[0.0, 0.0, 0.0, 0.0, 0.0, 0.0, 0.0, 0.0, 0.0, 0.0, 0.0, 0.0, 0.0, 0.0, 0.0, 0.0, 0.0, 0.0, 0.0]",Practice squad,False,Practice squad,16731.0,0,0.0,,2026-09-26 11:43:51,,
723,183,00-0036415,Van Jefferson,WR,WAS,SEA,1.0,2026_03_SEA_WAS,2026-09-27 13:00:00,0.0,0.0,0.0,0.0,0.0,C,32,-14.266071470507672,16.5,3,,False,,"https://static.www.nfl.com/image/upload/f_auto,q_auto/league/inwxk1xlvzculj8m3pah",3.742589994687066,0.0,0.0,0.0,0.0,26.550959013059032,0.1225733285270977,0.0,0.0,0.0,0.0,0.0,0.0,24.0,"[0.0, 0.0, 0.0, 0.0, 0.0, 0.0, 0.0, 0.0, 0.0, 0.0, 0.0, 0.0, 0.0, 0.0, 0.0, 0.0, 0.0, 0.0, 0.0]",Practice squad,False,Practice squad,3930066.0,0,0.0,,2026-09-26 11:43:51,,
724,184,00-0038576,Charlie Jones,WR,NYG,TEN,1.0,2026_03_TEN_NYG,2026-09-27 13:00:00,0.0,0.0,0.0,0.0,0.0,C,2,7.90337129655551,20.0,3,,False,,"https://static.www.nfl.com/image/upload/f_auto,q_auto/league/poy4ph18jx211xbe6ajt",0.0910755564510187,0.0,0.0,0.0,0.0,0.0,0.0026786928367946,0.0,0.0,0.0,0.0,0.0,0.0,17.5,"[0.0, 0.0, 0.0, 0.0, 0.0, 0.0, 0.0, 0.0, 0.0, 0.0, 0.0, 0.0, 0.0, 0.0, 0.0, 0.0, 0.0, 0.0, 0.0]",Practice squad,False,Practice squad,4257188.0,0,0.0,,2026-09-26 11:43:51,,
725,185,00-0033375,Tim Patrick,WR,NYJ,DET,0.0,2026_03_NYJ_DET,2026-09-27 13:00:00,0.0,0.0,0.0,0.0,0.0,C,7,4.365147025870685,21.0,3,,False,5.0,"https://static.www.nfl.com/image/upload/f_auto,q_auto/league/hw06t7n00cfpt7euljza",1.8214702618472776,0.0,0.0,0.0,0.0,13.409609733838185,0.0611011738109475,0.0,0.0,0.0,0.0,0.0,0.0,27.5,"[0.0, 0.0, 0.0, 0.0, 0.0, 0.0, 0.0, 0.0, 0.0, 0.0, 0.0, 0.0, 0.0, 0.0, 0.0, 0.0, 0.0, 0.0, 0.0]",Reserve/IR,False,Reserve/IR,3134353.0,0,0.0,,2026-09-26 11:43:51,,
726,186,00-0036182,Nick Westbrook-Ikhine,WR,IND,HOU,1.0,2026_03_HOU_IND,2026-09-27 13:00:00,0.0,0.0,0.0,0.0,0.0,C,12,3.326896691849145,20.5,3,,False,,"https://static.www.nfl.com/image/upload/f_auto,q_auto/league/cyczwxlgfksrmurbb1ez",1.3515450701820069,0.0,0.0,0.0,0.0,5.958311773304733,0.0456583135238331,0.0,0.0,0.0,0.0,0.0,0.0,22.0,"[0.0, 0.0, 0.0, 0.0, 0.0, 0.0, 0.0, 0.0, 0.0, 0.0, 0.0, 0.0, 0.0, 0.0, 0.0, 0.0, 0.0, 0.0, 0.0]",Practice squad,False,Practice squad,3929785.0,0,0.0,,2026-09-26 11:43:51,,
727,187,00-0035021,Ashton Dulin,WR,IND,HOU,1.0,2026_03_HOU_IND,2026-09-27 13:00:00,0.0,0.0,0.0,0.0,0.0,C,12,3.326896691849145,20.5,3,Out,False,,"https://static.www.nfl.com/image/upload/f_auto,q_auto/league/ux55cx0r9iwqwmfmaip6",0.9083796106582032,0.141416784219533,0.0,0.0,2.2405664216164687,6.032122712419164,0.0298626111077141,0.0,0.0,0.0,0.0,0.0,0.0,22.0,"[0.0, 0.0, 0.0, 0.0, 0.0, 0.0, 0.0, 0.0, 0.0, 0.0, 0.0, 0.0, 0.0, 0.0, 0.0, 0.0, 0.0, 0.0, 0.0]",Out,False,Active,4061956.0,1,0.0,0.0,2026-09-26 11:43:51,,
728,188,00-0040259,Gage Larvadain,WR,BAL,DAL,0.0,2026_03_BAL_DAL,2026-09-27 16:25:00,0.0,0.0,0.0,0.0,0.0,C,14,2.9936804404916164,28.5,3,,False,,"https://static.www.nfl.com/image/upload/f_auto,q_auto/league/sivfugvzbbxrgkvxr5cb",0.9968384464811618,0.0563101077347488,0.0,0.0,0.1689303232042465,5.194087728421093,0.0326139416908425,0.0,0.0,0.0,0.0,0.0,0.0,25.0,"[0.0, 0.0, 0.0, 0.0, 0.0, 0.0, 0.0, 0.0, 0.0, 0.0, 0.0, 0.0, 0.0, 0.0, 0.0, 0.0, 0.0, 0.0, 0.0]",Practice squad,False,Practice squad,4877203.0,0,0.0,,2026-09-26 11:43:51,,
729,189,00-0034775,Christian Kirk,WR,SF,ARI,1.0,2026_03_ARI_SF,2026-09-27 16:05:00,0.0,0.0,0.0,0.0,0.0,C,6,5.714090884231345,28.0,3,,False,6.0,"https://static.www.nfl.com/image/upload/f_auto,q_auto/league/ffp75mtwnqgrv0qz0txz",5.187658886833779,0.0,0.0,0.0,0.0,33.48013655665445,0.1564158924811998,0.0,0.0,0.0,0.0,0.0,0.0,19.5,"[0.0, 0.0, 0.0, 0.0, 0.0, 0.0, 0.0, 0.0, 0.0, 0.0, 0.0, 0.0, 0.0, 0.0, 0.0, 0.0, 0.0, 0.0, 0.0]",Reserve/IR,False,Reserve/IR,3895856.0,0,0.0,,2026-09-26 11:43:51,,
730,190,00-0032385,Sterling Shepard,WR,NYJ,DET,0.0,2026_03_NYJ_DET,2026-09-27 13:00:00,0.0,0.0,0.0,0.0,0.0,C,7,4.365147025870685,21.0,3,,False,,"https://static.www.nfl.com/image/upload/f_auto,q_auto/league/l47czwi8aaznnit0se5h",3.7970224203333713,0.2992607088485248,0.0,0.0,1.6490037901751051,24.84146092538008,0.1191346556006769,0.0,0.0,0.0,0.0,0.0,0.0,27.5,"[0.0, 0.0, 0.0, 0.0, 0.0, 0.0, 0.0, 0.0, 0.0, 0.0, 0.0, 0.0, 0.0, 0.0, 0.0, 0.0, 0.0, 0.0, 0.0]",Practice squad,False,Practice squad,2976592.0,0,0.0,,2026-09-26 11:43:51,,
731,191,00-0038679,Tyrell Shavers,WR,BUF,LAC,1.0,2026_03_LAC_BUF,2026-09-27 13:00:00,0.0,0.0,0.0,0.0,0.0,C,3,7.388318795914675,28.75,3,,False,7.0,"https://static.www.nfl.com/image/upload/f_auto,q_auto/league/r9nabownt8mbqlj730su",2.159580216172417,0.0,0.0,0.0,0.0,23.775545912956645,0.0775812943421809,0.0,0.0,0.0,0.0,0.0,0.0,21.75,"[0.0, 0.0, 0.0, 0.0, 0.0, 0.0, 0.0, 0.0, 0.0, 0.0, 0.0, 0.0, 0.0, 0.0, 0.0, 0.0, 0.0, 0.0, 0.0]",Reserve/IR,False,Reserve/IR,4241476.0,0,0.0,,2026-09-26 11:43:51,,
732,192,00-0035359,David Sills,WR,TB,MIN,1.0,2026_03_MIN_TB,2026-09-27 16:05:00,0.0,0.0,0.0,0.0,0.0,C,8,4.1156195303677725,20.5,3,,False,7.0,"https://static.www.nfl.com/image/upload/f_auto,q_auto/league/g0jd9yaq2yhw05ktamlh",3.146447649895196,0.0,0.0,0.0,0.0,17.931864123054034,0.1072495279466111,0.0,0.0,0.0,0.0,0.0,0.0,22.0,"[0.0, 0.0, 0.0, 0.0, 0.0, 0.0, 0.0, 0.0, 0.0, 0.0, 0.0, 0.0, 0.0, 0.0, 0.0, 0.0, 0.0, 0.0, 0.0]",Reserve/IR,False,Reserve/IR,3871102.0,0,0.0,,2026-09-26 11:43:51,,
733,193,00-0038979,Cedric Tillman,WR,NO,LV,1.0,2026_03_LV_NO,2026-09-27 16:25:00,0.0,0.0,0.0,0.0,0.0,C,25,-3.7312447396593975,23.25,3,,False,,"https://static.www.nfl.com/image/upload/f_auto,q_auto/league/xust9v3gob1qqwhziugh",2.784231117477615,0.0,0.0,0.0,0.0,21.871619048802145,0.0957199139112605,0.0,0.0,0.0,0.0,0.0,0.0,20.25,"[0.0, 0.0, 0.0, 0.0, 0.0, 0.0, 0.0, 0.0, 0.0, 0.0, 0.0, 0.0, 0.0, 0.0, 0.0, 0.0, 0.0, 0.0, 0.0]",Practice squad,False,Practice squad,4369863.0,0,0.0,,2026-09-26 11:43:51,,
734,194,00-0039816,Anthony Gould,WR,IND,HOU,1.0,2026_03_HOU_IND,2026-09-27 13:00:00,0.0,0.0,0.0,0.0,0.0,C,12,3.326896691849145,20.5,3,,False,,"https://static.www.nfl.com/image/upload/f_auto,q_auto/league/irctulz9pij3tzpokih0",0.1506824502197371,0.0,0.0,0.0,0.0,0.4520473506592114,0.0044023413758698,0.0,0.0,0.0,0.0,0.0,0.0,22.0,"[0.0, 0.0, 0.0, 0.0, 0.0, 0.0, 0.0, 0.0, 0.0, 0.0, 0.0, 0.0, 0.0, 0.0, 0.0, 0.0, 0.0, 0.0, 0.0]",Practice squad,False,Practice squad,4429684.0,1,0.0,0.0,2026-09-26 11:43:51,,
735,195,00-0040218,Jimmy Horn Jr.,WR,CLE,CAR,1.0,2026_03_CAR_CLE,2026-09-27 13:00:00,0.0,0.0,0.0,0.0,0.0,C,17,0.2595730689160777,20.0,3,,False,,"https://static.www.nfl.com/image/upload/f_auto,q_auto/league/gggcgfbghcft0xwxtrhk",1.3057411648644264,0.3756335125096932,0.0,0.0,3.627375780814673,5.590488422889436,0.0484131378812925,0.0,0.0,0.0,0.0,0.0,0.0,22.5,"[0.0, 0.0, 0.0, 0.0, 0.0, 0.0, 0.0, 0.0, 0.0, 0.0, 0.0, 0.0, 0.0, 0.0, 0.0, 0.0, 0.0, 0.0, 0.0]",Practice squad,False,Practice squad,4708486.0,1,0.0,0.0,2026-09-26 11:43:51,,
736,196,00-0035602,Alex Bachman,WR,LA,DEN,0.0,2026_03_LA_DEN,2026-09-27 20:20:00,0.0,0.0,0.0,0.0,0.0,C,29,-8.008497685707223,23.5,3,,False,,"https://static.www.nfl.com/image/upload/f_auto,q_auto/league/xebxem8tzjm0yyygaklg",0.2323068541040122,0.0,0.0,0.0,0.0,0.8981361609587756,0.0086041686132379,0.0,0.0,0.0,0.0,0.0,0.0,21.0,"[0.0, 0.0, 0.0, 0.0, 0.0, 0.0, 0.0, 0.0, 0.0, 0.0, 0.0, 0.0, 0.0, 0.0, 0.0, 0.0, 0.0, 0.0, 0.0]",Practice squad,False,Practice squad,3919510.0,0,0.0,,2026-09-26 11:43:51,,
737,197,00-0040581,Dont'e Thornton Jr.,WR,LV,NO,0.0,2026_03_LV_NO,2026-09-27 16:25:00,0.0,0.0,0.0,0.0,0.0,C,10,3.862106245476425,20.25,3,,False,6.0,"https://static.www.nfl.com/image/upload/f_auto,q_auto/league/hlxztd3lpjaxtzojuxwh",2.572758818966108,0.0,0.0,0.0,0.0,10.328854396734371,0.0957500082154768,0.0,0.0,0.0,0.0,0.0,0.0,23.25,"[0.0, 0.0, 0.0, 0.0, 0.0, 0.0, 0.0, 0.0, 0.0, 0.0, 0.0, 0.0, 0.0, 0.0, 0.0, 0.0, 0.0, 0.0, 0.0]",Reserve/IR,False,Reserve/IR,4432775.0,0,0.0,,2026-09-26 11:43:51,,
738,198,00-0035891,Cody White,WR,LV,NO,0.0,2026_03_LV_NO,2026-09-27 16:25:00,0.0,0.0,0.0,0.0,0.0,C,10,3.862106245476425,20.25,3,,False,,"https://static.www.nfl.com/image/upload/f_auto,q_auto/league/qaxlehtrp722qleo48sc",1.1396631357781484,0.0,0.0,0.0,0.0,11.669913294421628,0.0402232091925907,0.0,0.0,0.0,0.0,0.0,0.0,23.25,"[0.0, 0.0, 0.0, 0.0, 0.0, 0.0, 0.0, 0.0, 0.0, 0.0, 0.0, 0.0, 0.0, 0.0, 0.0, 0.0, 0.0, 0.0, 0.0]",Practice squad,False,Practice squad,4241983.0,2,16.4,8.2,2026-09-26 11:43:51,,
739,199,00-0039916,Ricky Pearsall,WR,SF,ARI,1.0,2026_03_ARI_SF,2026-09-27 16:05:00,0.0,0.0,0.0,0.0,0.0,C,6,5.714090884231345,28.0,3,,False,8.0,"https://static.www.nfl.com/image/upload/f_auto,q_auto/league/rrv2qhkjqagb8ibzwakv",5.275925117732161,0.1728663142399588,0.0,0.0,-0.0838888025339237,49.03043129753912,0.1659737007055861,0.0,0.0,0.0,0.0,0.0,0.0,19.5,"[0.0, 0.0, 0.0, 0.0, 0.0, 0.0, 0.0, 0.0, 0.0, 0.0, 0.0, 0.0, 0.0, 0.0, 0.0, 0.0, 0.0, 0.0, 0.0]",Reserve/IR,False,Reserve/IR,4428209.0,0,0.0,,2026-09-26 11:43:51,,
740,200,00-0040184,KeAndre Lambert-Smith,WR,LAC,BUF,0.0,2026_03_LAC_BUF,2026-09-27 13:00:00,0.0,0.0,0.0,0.0,0.0,C,13,3.0810969999554563,21.75,3,,False,6.0,"https://static.www.nfl.com/image/upload/f_auto,q_auto/league/xhhzgylwh0ptvpaghnuu",1.430847621200465,0.0,0.0,0.0,0.0,6.500898387805312,0.0420622526339492,0.0,0.0,0.0,0.0,0.0,0.0,28.75,"[0.0, 0.0, 0.0, 0.0, 0.0, 0.0, 0.0, 0.0, 0.0, 0.0, 0.0, 0.0, 0.0, 0.0, 0.0, 0.0, 0.0, 0.0, 0.0]",Reserve/IR,False,Reserve/IR,4430870.0,0,0.0,,2026-09-26 11:43:51,,
741,201,00-0036427,Tyler Johnson,WR,NYJ,DET,0.0,2026_03_NYJ_DET,2026-09-27 13:00:00,0.0,0.0,0.0,0.0,0.0,C,7,4.365147025870685,21.0,3,,False,,"https://static.www.nfl.com/image/upload/f_auto,q_auto/league/wvdkhxotikdvohhaypee",1.9484170117247472,0.0,0.0,0.0,0.0,20.802480917620183,0.0761280176372348,0.0,0.0,0.0,0.0,0.0,0.0,27.5,"[0.0, 0.0, 0.0, 0.0, 0.0, 0.0, 0.0, 0.0, 0.0, 0.0, 0.0, 0.0, 0.0, 0.0, 0.0, 0.0, 0.0, 0.0, 0.0]",Practice squad,False,Practice squad,2310331.0,0,0.0,,2026-09-26 11:43:51,,
742,202,00-0038752,Jake Bobo,WR,SEA,WAS,0.0,2026_03_SEA_WAS,2026-09-27 13:00:00,0.0,0.0,0.0,0.0,0.0,C,5,5.866187398450362,24.0,3,,False,7.0,"https://static.www.nfl.com/image/upload/f_auto,q_auto/league/esyfp5hwdtepk2ypsru4",0.6421526892168612,0.0,0.0,0.0,0.0,6.6825002061785845,0.0251603328650504,0.0,0.0,0.0,0.0,0.0,0.0,16.5,"[0.0, 0.0, 0.0, 0.0, 0.0, 0.0, 0.0, 0.0, 0.0, 0.0, 0.0, 0.0, 0.0, 0.0, 0.0, 0.0, 0.0, 0.0, 0.0]",Reserve/IR,False,Reserve/IR,4360405.0,0,0.0,,2026-09-26 11:43:51,,
743,203,00-0038839,Mitchell Tinsley,WR,HOU,IND,0.0,2026_03_HOU_IND,2026-09-27 13:00:00,0.0,0.0,0.0,0.0,0.0,C,1,11.060728367424472,22.0,3,,False,,"https://static.www.nfl.com/image/upload/f_auto,q_auto/league/t4h8qtzndtvf6is6naew",3.133864059242422,0.0,0.0,0.0,0.0,14.532559524609134,0.0858519488314299,0.0,0.0,0.0,0.0,0.0,0.0,20.5,"[0.0, 0.0, 0.0, 0.0, 0.0, 0.0, 0.0, 0.0, 0.0, 0.0, 0.0, 0.0, 0.0, 0.0, 0.0, 0.0, 0.0, 0.0, 0.0]",Practice squad,False,Practice squad,4690070.0,0,0.0,,2026-09-26 11:43:51,,
744,204,00-0039623,Mason Tipton,WR,NO,LV,1.0,2026_03_LV_NO,2026-09-27 16:25:00,0.0,0.0,0.0,0.0,0.0,C,25,-3.7312447396593975,23.25,3,,False,5.0,"https://static.www.nfl.com/image/upload/f_auto,q_auto/league/jcloxjivlxbcveled5lr",2.322206984770591,0.563578440249502,0.0,0.0,2.5461587613883303,10.717015204221427,0.0587925670180796,0.0,0.0,0.0,0.0,0.0,0.0,20.25,"[0.0, 0.0, 0.0, 0.0, 0.0, 0.0, 0.0, 0.0, 0.0, 0.0, 0.0, 0.0, 0.0, 0.0, 0.0, 0.0, 0.0, 0.0, 0.0]",Reserve/IR,False,Reserve/IR,4573697.0,0,0.0,,2026-09-26 11:43:51,,
745,205,00-0037487,Deven Thompkins,WR,LV,NO,0.0,2026_03_LV_NO,2026-09-27 16:25:00,0.0,0.0,0.0,0.0,0.0,C,10,3.862106245476425,20.25,3,,False,,"https://static.www.nfl.com/image/upload/f_auto,q_auto/league/hohgyaldfuylxqwnb8i2",0.3657413031047064,0.1183434356882487,0.0,0.0,0.5917171784412436,3.238116747742556,0.0122441472144198,0.0,0.0,0.0,0.0,0.0,0.0,23.25,"[0.0, 0.0, 0.0, 0.0, 0.0, 0.0, 0.0, 0.0, 0.0, 0.0, 0.0, 0.0, 0.0, 0.0, 0.0, 0.0, 0.0, 0.0, 0.0]",Practice squad,False,Practice squad,4374187.0,0,0.0,,2026-09-26 11:43:51,,
746,206,00-0034419,Braxton Berrios,WR,NYG,TEN,1.0,2026_03_TEN_NYG,2026-09-27 13:00:00,0.0,0.0,0.0,0.0,0.0,C,2,7.90337129655551,20.0,3,,False,,"https://static.www.nfl.com/image/upload/f_auto,q_auto/league/striwxmn9t0ixherw7l8",0.4123434098170452,0.0,0.0,0.0,0.0,1.9727654586728336,0.0101813476656447,0.0,0.0,0.0,0.0,0.0,0.0,17.5,"[0.0, 0.0, 0.0, 0.0, 0.0, 0.0, 0.0, 0.0, 0.0, 0.0, 0.0, 0.0, 0.0, 0.0, 0.0, 0.0, 0.0, 0.0, 0.0]",Practice squad,False,Practice squad,3123075.0,2,0.0,0.0,2026-09-26 11:43:51,,
747,207,00-0034407,Ray-Ray McCloud,WR,CHI,PHI,1.0,2026_03_PHI_CHI,2026-09-28 20:15:00,0.0,0.0,0.0,0.0,0.0,C,28,-7.912554945179455,18.5,3,,False,,"https://static.www.nfl.com/image/upload/f_auto,q_auto/league/nvwn3sdihyyd2itjt7vy",2.2746571030491003,0.0,0.0,0.0,0.0,9.661162636619672,0.067952112063879,0.0,0.0,0.0,0.0,0.0,0.0,23.0,"[0.0, 0.0, 0.0, 0.0, 0.0, 0.0, 0.0, 0.0, 0.0, 0.0, 0.0, 0.0, 0.0, 0.0, 0.0, 0.0, 0.0, 0.0, 0.0]",Reserve/IR,False,Reserve/IR,3728262.0,0,0.0,,2026-09-26 11:43:51,,
748,208,00-0036165,Isaiah Hodgins,WR,PIT,CIN,1.0,2026_03_CIN_PIT,2026-09-27 13:00:00,0.0,0.0,0.0,0.0,0.0,C,20,-1.172532099829588,19.5,3,,False,,"https://static.www.nfl.com/image/upload/f_auto,q_auto/league/ywbemecs6xa8bsm3h7bb",2.952189567437116,0.0,0.0,0.0,0.0,16.46881312245049,0.0948968791087694,0.0,0.0,0.0,0.0,0.0,0.0,23.0,"[0.0, 0.0, 0.0, 0.0, 0.0, 0.0, 0.0, 0.0, 0.0, 0.0, 0.0, 0.0, 0.0, 0.0, 0.0, 0.0, 0.0, 0.0, 0.0]",Practice squad,False,Practice squad,4242540.0,0,0.0,,2026-09-26 11:43:51,,
749,209,00-0036841,Austin Trammell,WR,JAX,NE,1.0,2026_03_NE_JAX,2026-09-27 13:00:00,0.0,0.0,0.0,0.0,0.0,C,19,-0.3598596917299616,24.75,3,,False,,"https://static.www.nfl.com/image/upload/f_auto,q_auto/league/vpkcobp7jdqvk8qwhhtg",1.6480099656535796,0.0,0.0,0.0,0.0,6.829495888213667,0.0658571074163646,0.0,0.0,0.0,0.0,0.0,0.0,21.75,"[0.0, 0.0, 0.0, 0.0, 0.0, 0.0, 0.0, 0.0, 0.0, 0.0, 0.0, 0.0, 0.0, 0.0, 0.0, 0.0, 0.0, 0.0, 0.0]",Practice squad,False,Practice squad,4244856.0,0,0.0,,2026-09-26 11:43:51,,
750,210,00-0037231,Kevin Austin Jr.,WR,NO,LV,1.0,2026_03_LV_NO,2026-09-27 16:25:00,0.0,0.0,0.0,0.0,0.0,C,25,-3.7312447396593975,23.25,3,,False,,"https://static.www.nfl.com/image/upload/f_auto,q_auto/league/fh2yaqaxkornxeb7d9ie",3.0135200292614592,0.0,0.0,0.0,0.0,18.714620547871263,0.0921957411536835,0.0,0.0,0.0,0.0,0.0,0.0,20.25,"[0.0, 0.0, 0.0, 0.0, 0.0, 0.0, 0.0, 0.0, 0.0, 0.0, 0.0, 0.0, 0.0, 0.0, 0.0, 0.0, 0.0, 0.0, 0.0]",Practice squad,False,Practice squad,4372758.0,1,1.7,1.7,2026-09-26 11:43:51,,
751,211,00-0038496,Xavier Gipson,WR,PHI,CHI,0.0,2026_03_PHI_CHI,2026-09-28 20:15:00,0.0,0.0,0.0,0.0,0.0,C,16,1.6639397615764917,23.0,3,,False,,"https://static.www.nfl.com/image/upload/f_auto,q_auto/league/o81mvslx374ouca313mw",0.3625946675968795,0.0,0.0,0.0,0.0,1.0877840027906387,0.0135802247949038,0.0,0.0,0.0,0.0,0.0,0.0,18.5,"[0.0, 0.0, 0.0, 0.0, 0.0, 0.0, 0.0, 0.0, 0.0, 0.0, 0.0, 0.0, 0.0, 0.0, 0.0, 0.0, 0.0, 0.0, 0.0]",Practice squad,False,Practice squad,4427278.0,0,0.0,,2026-09-26 11:43:51,,
752,212,00-0038938,Jalin Hyatt,WR,NYG,TEN,1.0,2026_03_TEN_NYG,2026-09-27 13:00:00,0.0,0.0,0.0,0.0,0.0,C,2,7.90337129655551,20.0,3,,False,,"https://static.www.nfl.com/image/upload/f_auto,q_auto/league/fqgvjckxe03pr4eup6m7",2.2356110806208336,0.0,0.0,0.0,0.0,5.840249495437771,0.0744162205324652,0.0,0.0,0.0,0.0,0.0,0.0,17.5,"[0.0, 0.0, 0.0, 0.0, 0.0, 0.0, 0.0, 0.0, 0.0, 0.0, 0.0, 0.0, 0.0, 0.0, 0.0, 0.0, 0.0, 0.0, 0.0]",Practice squad,False,Practice squad,4692590.0,0,0.0,,2026-09-26 11:43:51,,
753,213,00-0039394,Casey Washington,WR,CAR,CLE,0.0,2026_03_CAR_CLE,2026-09-27 13:00:00,0.0,0.0,0.0,0.0,0.0,C,15,2.5338518004318757,22.5,3,,False,,"https://static.www.nfl.com/image/upload/f_auto,q_auto/league/wkoysykj4htld4yajljn",2.6136599167183934,0.0,0.0,0.0,0.0,18.548750187614036,0.077551842198633,0.0,0.0,0.0,0.0,0.0,0.0,20.0,"[0.0, 0.0, 0.0, 0.0, 0.0, 0.0, 0.0, 0.0, 0.0, 0.0, 0.0, 0.0, 0.0, 0.0, 0.0, 0.0, 0.0, 0.0, 0.0]",Practice squad,False,Practice squad,4428796.0,0,0.0,,2026-09-26 11:43:51,,
754,214,00-0036959,Michael Bandy,WR,DEN,LA,1.0,2026_03_LA_DEN,2026-09-27 20:20:00,0.0,0.0,0.0,0.0,0.0,C,9,4.016316478447309,21.0,3,,False,,"https://static.www.nfl.com/image/upload/f_auto,q_auto/league/bcashgwve9ean9pq8egb",1.045084533875791,0.0,0.0,0.0,0.0,12.660156740584094,0.0298639348342509,0.0,0.0,0.0,0.0,0.0,0.0,23.5,"[0.0, 0.0, 0.0, 0.0, 0.0, 0.0, 0.0, 0.0, 0.0, 0.0, 0.0, 0.0, 0.0, 0.0, 0.0, 0.0, 0.0, 0.0, 0.0]",Practice squad,False,Practice squad,4034704.0,0,0.0,,2026-09-26 11:43:51,,
755,215,00-0034487,Trent Sherfield,WR,BUF,LAC,1.0,2026_03_LAC_BUF,2026-09-27 13:00:00,0.0,0.0,0.0,0.0,0.0,C,3,7.388318795914675,28.75,3,,False,,"https://static.www.nfl.com/image/upload/f_auto,q_auto/league/iiig88xbj5zeau59ifvv",1.259847695550202,0.0,0.0,0.0,0.0,5.268074582664195,0.0347243710003041,0.0,0.0,0.0,0.0,0.0,0.0,21.75,"[0.0, 0.0, 0.0, 0.0, 0.0, 0.0, 0.0, 0.0, 0.0, 0.0, 0.0, 0.0, 0.0, 0.0, 0.0, 0.0, 0.0, 0.0, 0.0]",Practice squad,False,Practice squad,3122168.0,0,0.0,,2026-09-26 11:43:51,,
756,216,00-0038590,Justin Shorter,WR,LV,NO,0.0,2026_03_LV_NO,2026-09-27 16:25:00,0.0,0.0,0.0,0.0,0.0,C,10,3.862106245476425,20.25,3,,True,7.0,"https://static.www.nfl.com/image/upload/f_auto,q_auto/league/htymyxoyw1hh52zoo3lb",0.0,0.0,0.0,0.0,0.0,0.0,0.0,0.0,0.0,0.0,0.0,0.0,0.0,23.25,"[0.0, 0.0, 0.0, 0.0, 0.0, 0.0, 0.0, 0.0, 0.0, 0.0, 0.0, 0.0, 0.0, 0.0, 0.0, 0.0, 0.0, 0.0, 0.0]",Reserve/IR,False,Reserve/IR,4361426.0,0,0.0,,2026-09-26 11:43:51,,
757,217,00-0038891,Shedrick Jackson,WR,BAL,DAL,0.0,2026_03_BAL_DAL,2026-09-27 16:25:00,0.0,0.0,0.0,0.0,0.0,C,14,2.9936804404916164,28.5,3,,True,,"https://static.www.nfl.com/image/upload/f_auto,q_auto/league/pimh65yyziduaq7vbmi5",1.6650015524615849,0.3625946675968796,0.0,0.0,1.0877840027906387,18.261170772489727,0.060460480356037,0.0,0.0,0.0,0.0,0.0,0.0,25.0,"[0.0, 0.0, 0.0, 0.0, 0.0, 0.0, 0.0, 0.0, 0.0, 0.0, 0.0, 0.0, 0.0, 0.0, 0.0, 0.0, 0.0, 0.0, 0.0]",Practice squad,False,Practice squad,4361332.0,0,0.0,,2026-09-26 11:43:51,,
758,218,00-0040311,Theo Wease Jr.,WR,LAC,BUF,0.0,2026_03_LAC_BUF,2026-09-27 13:00:00,0.0,0.0,0.0,0.0,0.0,C,13,3.0810969999554563,21.75,3,,True,,"https://static.www.nfl.com/image/upload/f_auto,q_auto/league/iykujtgwn2x1ymy7jdxw",3.365092338904503,0.0,0.0,0.0,0.0,46.65866007431712,0.1327100282475597,0.0,0.0,0.0,0.0,0.0,0.0,28.75,"[0.0, 0.0, 0.0, 0.0, 0.0, 0.0, 0.0, 0.0, 0.0, 0.0, 0.0, 0.0, 0.0, 0.0, 0.0, 0.0, 0.0, 0.0, 0.0]",Practice squad,False,Practice squad,4426535.0,0,0.0,,2026-09-26 11:43:51,,
759,219,00-0040431,Dalen Cambre,WR,NYG,TEN,1.0,2026_03_TEN_NYG,2026-09-27 13:00:00,0.0,0.0,0.0,0.0,0.0,C,2,7.90337129655551,20.0,3,,True,,"https://static.www.nfl.com/image/upload/f_auto,q_auto/league/cfllxq8wvrrciu7ugnyp",0.0,0.0,0.0,0.0,0.0,0.0,0.0,0.0,0.0,0.0,0.0,0.0,0.0,17.5,"[0.0, 0.0, 0.0, 0.0, 0.0, 0.0, 0.0, 0.0, 0.0, 0.0, 0.0, 0.0, 0.0, 0.0, 0.0, 0.0, 0.0, 0.0, 0.0]",Practice squad,False,Practice squad,4570296.0,0,0.0,,2026-09-26 11:43:51,,
760,220,00-0033589,David Moore,WR,CAR,CLE,0.0,2026_03_CAR_CLE,2026-09-27 13:00:00,0.0,0.0,0.0,0.0,0.0,C,15,2.5338518004318757,22.5,3,,True,,"https://static.www.nfl.com/image/upload/f_auto,q_auto/league/iyawzolvibsds35fwapv",0.3325007762307923,0.3625946675968796,0.0,0.0,4.351136011162555,1.6625038811539616,0.0138541990096163,0.0,0.0,0.0,0.0,0.0,0.0,20.0,"[0.0, 0.0, 0.0, 0.0, 0.0, 0.0, 0.0, 0.0, 0.0, 0.0, 0.0, 0.0, 0.0, 0.0, 0.0, 0.0, 0.0, 0.0, 0.0]",Practice squad,False,Practice squad,4212909.0,0,0.0,,2026-09-26 11:43:51,,
761,221,00-0040352,Coleman Owen,WR,IND,HOU,1.0,2026_03_HOU_IND,2026-09-27 13:00:00,0.0,0.0,0.0,0.0,0.0,C,12,3.326896691849145,20.5,3,,True,,"https://static.www.nfl.com/image/upload/f_auto,q_auto/league/cjnhiftygnypqumwfphq",0.5216473087496946,0.0,0.0,0.0,0.0,0.0,0.0144902030208248,0.0,0.0,0.0,0.0,0.0,0.0,22.0,"[0.0, 0.0, 0.0, 0.0, 0.0, 0.0, 0.0, 0.0, 0.0, 0.0, 0.0, 0.0, 0.0, 0.0, 0.0, 0.0, 0.0, 0.0, 0.0]",Reserve/IR,False,Reserve/IR,4578436.0,0,0.0,,2026-09-26 11:43:51,,
762,222,00-0036497,Tim Jones,WR,JAX,NE,1.0,2026_03_NE_JAX,2026-09-27 13:00:00,0.0,0.0,0.0,0.0,0.0,C,19,-0.3598596917299616,24.75,3,,True,,"https://static.www.nfl.com/image/upload/f_auto,q_auto/league/rgthh35tnl9dbi7jshxv",0.4783526912503054,0.0,0.0,0.0,0.0,7.175290368754581,0.0144955360984941,0.0,0.0,0.0,0.0,0.0,0.0,21.75,"[0.0, 0.0, 0.0, 0.0, 0.0, 0.0, 0.0, 0.0, 0.0, 0.0, 0.0, 0.0, 0.0, 0.0, 0.0, 0.0, 0.0, 0.0, 0.0]",Practice squad,False,Practice squad,4245131.0,0,0.0,,2026-09-26 11:43:51,,
763,223,00-0037380,Kaden Davis,WR,CHI,PHI,1.0,2026_03_PHI_CHI,2026-09-28 20:15:00,0.0,0.0,0.0,0.0,0.0,C,28,-7.912554945179455,18.5,3,,True,,"https://static.www.nfl.com/image/upload/f_auto,q_auto/league/j4pxqpw02oztmctolcdr",0.0,0.0,0.0,0.0,0.0,0.0,0.0,0.0,0.0,0.0,0.0,0.0,0.0,23.0,"[0.0, 0.0, 0.0, 0.0, 0.0, 0.0, 0.0, 0.0, 0.0, 0.0, 0.0, 0.0, 0.0, 0.0, 0.0, 0.0, 0.0, 0.0, 0.0]",Practice squad,False,Practice squad,5065495.0,1,0.0,0.0,2026-09-26 11:43:51,,
764,224,00-0038647,Ronnie Bell,WR,LV,NO,0.0,2026_03_LV_NO,2026-09-27 16:25:00,0.0,0.0,0.0,0.0,0.0,C,10,3.862106245476425,20.25,3,,True,,"https://static.www.nfl.com/image/upload/f_auto,q_auto/league/oc0bqykntgi6uiczr7zc",2.0865892349987782,0.0,0.0,0.0,0.0,11.997888101242976,0.0613702716176111,0.0,0.0,0.0,0.0,0.0,0.0,23.25,"[0.0, 0.0, 0.0, 0.0, 0.0, 0.0, 0.0, 0.0, 0.0, 0.0, 0.0, 0.0, 0.0, 0.0, 0.0, 0.0, 0.0, 0.0, 0.0]",Practice squad,False,Practice squad,4372063.0,0,0.0,,2026-09-26 11:43:51,,
765,225,00-0038740,Jalen Moreno-Cropper,WR,NO,LV,1.0,2026_03_LV_NO,2026-09-27 16:25:00,0.0,0.0,0.0,0.0,0.0,C,25,-3.7312447396593975,23.25,3,,True,,"https://static.www.nfl.com/image/upload/f_auto,q_auto/league/key7qkukzlgva9oz7k2r",0.0,0.0,0.0,0.0,0.0,0.0,0.0,0.0,0.0,0.0,0.0,0.0,0.0,20.25,"[0.0, 0.0, 0.0, 0.0, 0.0, 0.0, 0.0, 0.0, 0.0, 0.0, 0.0, 0.0, 0.0, 0.0, 0.0, 0.0, 0.0, 0.0, 0.0]",Practice squad,False,Practice squad,4426990.0,0,0.0,,2026-09-26 11:43:51,,
766,226,00-0039650,Bryce Oliver,WR,HOU,IND,0.0,2026_03_HOU_IND,2026-09-27 13:00:00,0.0,0.0,0.0,0.0,0.0,C,1,11.060728367424472,22.0,3,,True,,"https://static.www.nfl.com/image/upload/f_auto,q_auto/league/bdsenkkodb8gbdvtivvr",0.4783526912503054,0.0,0.0,0.0,0.0,3.826821530002443,0.0191341076500122,0.0,0.0,0.0,0.0,0.0,0.0,20.5,"[0.0, 0.0, 0.0, 0.0, 0.0, 0.0, 0.0, 0.0, 0.0, 0.0, 0.0, 0.0, 0.0, 0.0, 0.0, 0.0, 0.0, 0.0, 0.0]",Practice squad,False,Practice squad,4362617.0,0,0.0,,2026-09-26 11:43:51,,
767,227,00-0040241,Dominic Lovett,WR,DET,NYJ,1.0,2026_03_NYJ_DET,2026-09-27 13:00:00,0.0,0.0,0.0,0.0,0.0,C,26,-4.330216340541972,27.5,3,,True,,"https://static.www.nfl.com/image/upload/f_auto,q_auto/league/ccplcgivzomevih1erpl",0.0,0.0,0.0,0.0,0.0,0.0,0.0,0.0,0.0,0.0,0.0,0.0,0.0,21.0,"[0.0, 0.0, 0.0, 0.0, 0.0, 0.0, 0.0, 0.0, 0.0, 0.0, 0.0, 0.0, 0.0, 0.0, 0.0, 0.0, 0.0, 0.0, 0.0]",Practice squad,False,Practice squad,4596439.0,0,0.0,,2026-09-26 11:43:51,,
768,228,00-0040522,Xavier Restrepo,WR,TEN,NYG,0.0,2026_03_TEN_NYG,2026-09-27 13:00:00,0.0,0.0,0.0,0.0,0.0,C,11,3.387232470981544,17.5,3,,True,,"https://static.www.nfl.com/image/upload/f_auto,q_auto/league/w4onu90fxjmlkmkchcg1",3.3917634562515278,0.0,0.0,0.0,0.0,20.26187960375336,0.0904335811240996,0.0,0.0,0.0,0.0,0.0,0.0,20.0,"[0.0, 0.0, 0.0, 0.0, 0.0, 0.0, 0.0, 0.0, 0.0, 0.0, 0.0, 0.0, 0.0, 0.0, 0.0, 0.0, 0.0, 0.0, 0.0]",Practice squad,False,Practice squad,4431353.0,0,0.0,,2026-09-26 11:43:51,,
769,229,00-0041099,Barion Brown,WR,NO,LV,1.0,2026_03_LV_NO,2026-09-27 16:25:00,0.0,0.0,0.0,0.0,0.0,C,25,-3.7312447396593975,23.25,3,Out,True,,"https://static.www.nfl.com/image/upload/f_auto,q_auto/league/zakfmezzed4qotdrmbpc",0.0,0.4783526912503054,0.0,0.0,1.435058073750916,0.0,0.0,0.0,0.0,0.0,0.0,0.0,0.0,20.25,"[0.0, 0.0, 0.0, 0.0, 0.0, 0.0, 0.0, 0.0, 0.0, 0.0, 0.0, 0.0, 0.0, 0.0, 0.0, 0.0, 0.0, 0.0, 0.0]",Out,False,Active,4698597.0,2,0.3,0.2,2026-09-26 11:43:51,,
770,230,00-0041523,Caleb Douglas,WR,MIA,KC,1.0,2026_03_KC_MIA,2026-09-27 13:00:00,0.0,0.0,0.0,0.0,0.0,C,31,-11.174942804246568,17.75,3,Out,True,,"https://static.www.nfl.com/image/upload/f_auto,q_auto/league/stwypvmutplwvi1zzbmu",4.913410765001221,0.0,0.0,0.0,0.0,54.8764518437729,0.1920583177134048,0.0,0.0,0.0,0.0,0.0,0.0,27.75,"[0.0, 0.0, 0.0, 0.0, 0.0, 0.0, 0.0, 0.0, 0.0, 0.0, 0.0, 0.0, 0.0, 0.0, 0.0, 0.0, 0.0, 0.0, 0.0]",Out,False,Active,4869645.0,2,18.3,9.2,2026-09-26 11:43:51,,
771,231,00-0039710,Jeshaun Jones,WR,MIN,TB,0.0,2026_03_MIN_TB,2026-09-27 16:05:00,0.0,0.0,0.0,0.0,0.0,C,30,-9.374701289506303,22.0,3,,True,6.0,"https://static.www.nfl.com/image/upload/f_auto,q_auto/league/pwlziiyhd7ectylkejgc",0.0,0.0,0.0,0.0,0.0,0.0,0.0,0.0,0.0,0.0,0.0,0.0,0.0,20.5,"[0.0, 0.0, 0.0, 0.0, 0.0, 0.0, 0.0, 0.0, 0.0, 0.0, 0.0, 0.0, 0.0, 0.0, 0.0, 0.0, 0.0, 0.0, 0.0]",Reserve/IR,False,Reserve/IR,4360637.0,0,0.0,,2026-09-26 11:43:51,,
772,232,00-0040870,Ja'Kobi Lane,WR,BAL,DAL,0.0,2026_03_BAL_DAL,2026-09-27 16:25:00,0.0,0.0,0.0,0.0,0.0,C,14,2.9936804404916164,28.5,3,,True,7.0,"https://static.www.nfl.com/image/upload/f_auto,q_auto/league/gjezd2a8imfrxyv16wuj",3.0,0.0,0.0,0.0,0.0,11.0,0.125,0.0,0.0,0.0,0.0,0.0,0.0,25.0,"[0.0, 0.0, 0.0, 0.0, 0.0, 0.0, 0.0, 0.0, 0.0, 0.0, 0.0, 0.0, 0.0, 0.0, 0.0, 0.0, 0.0, 0.0, 0.0]",Reserve/IR,False,Reserve/IR,4870847.0,1,2.1,2.1,2026-09-26 11:43:51,,
773,233,00-0041511,Omar Cooper Jr.,WR,NYJ,DET,0.0,2026_03_NYJ_DET,2026-09-27 13:00:00,0.0,0.0,0.0,0.0,0.0,C,7,4.365147025870685,21.0,3,,True,6.0,"https://static.www.nfl.com/image/upload/f_auto,q_auto/league/lmua2lbg0m77ibvydvaq",1.0,0.0,0.0,0.0,0.0,30.0,0.0434782608695652,0.0,0.0,0.0,0.0,0.0,0.0,27.5,"[0.0, 0.0, 0.0, 0.0, 0.0, 0.0, 0.0, 0.0, 0.0, 0.0, 0.0, 0.0, 0.0, 0.0, 0.0, 0.0, 0.0, 0.0, 0.0]",Reserve/IR,False,Reserve/IR,4723820.0,1,4.0,4.0,2026-09-26 11:43:51,,
774,234,00-0041550,Brenen Thompson,WR,LAC,BUF,0.0,2026_03_LAC_BUF,2026-09-27 13:00:00,0.0,0.0,0.0,0.0,0.0,C,13,3.0810969999554563,21.75,3,Out,True,,"https://static.www.nfl.com/image/upload/f_auto,q_auto/league/khlvgjk60vz6ghkwpmak",3.0,0.0,0.0,0.0,0.0,13.0,0.1153846153846153,0.0,0.0,0.0,0.0,0.0,0.0,28.75,"[0.0, 0.0, 0.0, 0.0, 0.0, 0.0, 0.0, 0.0, 0.0, 0.0, 0.0, 0.0, 0.0, 0.0, 0.0, 0.0, 0.0, 0.0, 0.0]",Out,False,Active,4685553.0,1,2.3,2.3,2026-09-26 11:43:51,,
775,235,00-0040498,Dontae Fleming,WR,MIN,TB,0.0,2026_03_MIN_TB,2026-09-27 16:05:00,0.0,0.0,0.0,0.0,0.0,C,30,-9.374701289506303,22.0,3,,True,,"https://static.www.nfl.com/image/upload/f_auto,q_auto/league/z31bqmrgzn9t5wsqtqoy",0.0,0.0,0.0,0.0,0.0,0.0,0.0,0.0,0.0,0.0,0.0,0.0,0.0,20.5,"[0.0, 0.0, 0.0, 0.0, 0.0, 0.0, 0.0, 0.0, 0.0, 0.0, 0.0, 0.0, 0.0, 0.0, 0.0, 0.0, 0.0, 0.0, 0.0]",Reserve/IR,False,Reserve/IR,,0,0.0,,2026-09-26 11:43:51,,
776,236,00-0041004,Chase Roberts,WR,LV,NO,0.0,2026_03_LV_NO,2026-09-27 16:25:00,0.0,0.0,0.0,0.0,0.0,C,10,3.862106245476425,20.25,3,,True,,"https://static.www.nfl.com/image/upload/f_auto,q_auto/league/bqncmkjxb7rcvfuhe1ss",0.0,0.0,0.0,0.0,0.0,0.0,0.0,0.0,0.0,0.0,0.0,0.0,0.0,23.25,"[0.0, 0.0, 0.0, 0.0, 0.0, 0.0, 0.0, 0.0, 0.0, 0.0, 0.0, 0.0, 0.0, 0.0, 0.0, 0.0, 0.0, 0.0, 0.0]",Reserve/IR,False,Reserve/IR,4714388.0,0,0.0,,2026-09-26 11:43:51,,
777,237,00-0041374,Sincere Brown,WR,LAC,BUF,0.0,2026_03_LAC_BUF,2026-09-27 13:00:00,0.0,0.0,0.0,0.0,0.0,C,13,3.0810969999554563,21.75,3,,True,,"https://static.www.nfl.com/image/upload/f_auto,q_auto/league/tczbze6iof5vyvxp9omu",0.0,0.0,0.0,0.0,0.0,0.0,0.0,0.0,0.0,0.0,0.0,0.0,0.0,28.75,"[0.0, 0.0, 0.0, 0.0, 0.0, 0.0, 0.0, 0.0, 0.0, 0.0, 0.0, 0.0, 0.0, 0.0, 0.0, 0.0, 0.0, 0.0, 0.0]",Reserve/IR,False,Reserve/IR,,0,0.0,,2026-09-26 11:43:51,,
778,238,00-0036345,K.J. Osborn,WR,TEN,NYG,0.0,2026_03_TEN_NYG,2026-09-27 13:00:00,0.0,0.0,0.0,0.0,0.0,C,11,3.387232470981544,17.5,3,,True,,"https://static.www.nfl.com/image/upload/f_auto,q_auto/league/ytgf9lftpnc3hqg81vhj",0.0,0.0,0.0,0.0,0.0,0.0,0.0,0.0,0.0,0.0,0.0,0.0,0.0,20.0,"[0.0, 0.0, 0.0, 0.0, 0.0, 0.0, 0.0, 0.0, 0.0, 0.0, 0.0, 0.0, 0.0, 0.0, 0.0, 0.0, 0.0, 0.0, 0.0]",Practice squad,False,Practice squad,3916566.0,0,0.0,,2026-09-26 11:43:51,,
779,239,00-0036387,Jalen Reagor,WR,MIA,KC,1.0,2026_03_KC_MIA,2026-09-27 13:00:00,0.0,0.0,0.0,0.0,0.0,C,31,-11.174942804246568,17.75,3,,True,,"https://static.www.nfl.com/image/upload/f_auto,q_auto/league/r55ywr41a014zd9zmvc1",0.0,0.0,0.0,0.0,0.0,0.0,0.0,0.0,0.0,0.0,0.0,0.0,0.0,27.75,"[0.0, 0.0, 0.0, 0.0, 0.0, 0.0, 0.0, 0.0, 0.0, 0.0, 0.0, 0.0, 0.0, 0.0, 0.0, 0.0, 0.0, 0.0, 0.0]",Practice squad,False,Practice squad,4241802.0,0,0.0,,2026-09-26 11:43:51,,
780,240,00-0036635,Ihmir Smith-Marsette,WR,CAR,CLE,0.0,2026_03_CAR_CLE,2026-09-27 13:00:00,0.0,0.0,0.0,0.0,0.0,C,15,2.5338518004318757,22.5,3,,True,,"https://static.www.nfl.com/image/upload/f_auto,q_auto/league/mnfsun286mv5azpa8zaw",0.0,0.0,0.0,0.0,0.0,0.0,0.0,0.0,0.0,0.0,0.0,0.0,0.0,20.0,"[0.0, 0.0, 0.0, 0.0, 0.0, 0.0, 0.0, 0.0, 0.0, 0.0, 0.0, 0.0, 0.0, 0.0, 0.0, 0.0, 0.0, 0.0, 0.0]",Practice squad,False,Practice squad,4240573.0,0,0.0,,2026-09-26 11:43:51,,
781,241,00-0036775,Brandon Smith,WR,PIT,CIN,1.0,2026_03_CIN_PIT,2026-09-27 13:00:00,0.0,0.0,0.0,0.0,0.0,C,20,-1.172532099829588,19.5,3,,True,,"https://static.www.nfl.com/image/upload/f_auto,q_auto/league/h4ezdffu0biwqoxn7bql",0.0,0.0,0.0,0.0,0.0,0.0,0.0,0.0,0.0,0.0,0.0,0.0,0.0,23.0,"[0.0, 0.0, 0.0, 0.0, 0.0, 0.0, 0.0, 0.0, 0.0, 0.0, 0.0, 0.0, 0.0, 0.0, 0.0, 0.0, 0.0, 0.0, 0.0]",Practice squad,False,Practice squad,4240577.0,0,0.0,,2026-09-26 11:43:51,,
782,242,00-0037156,Irvin Charles,WR,SEA,WAS,0.0,2026_03_SEA_WAS,2026-09-27 13:00:00,0.0,0.0,0.0,0.0,0.0,C,5,5.866187398450362,24.0,3,,True,6.0,"https://static.www.nfl.com/image/upload/f_auto,q_auto/league/heeyyjyf5prqas5tmwvk",0.0,0.0,0.0,0.0,0.0,0.0,0.0,0.0,0.0,0.0,0.0,0.0,0.0,16.5,"[0.0, 0.0, 0.0, 0.0, 0.0, 0.0, 0.0, 0.0, 0.0, 0.0, 0.0, 0.0, 0.0, 0.0, 0.0, 0.0, 0.0, 0.0, 0.0]",Reserve/IR,False,Reserve/IR,3929636.0,0,0.0,,2026-09-26 11:43:51,,
783,243,00-0037382,Brandon Johnson,WR,PIT,CIN,1.0,2026_03_CIN_PIT,2026-09-27 13:00:00,0.0,0.0,0.0,0.0,0.0,C,20,-1.172532099829588,19.5,3,,True,,"https://static.www.nfl.com/image/upload/f_auto,q_auto/league/pjdx1jdr9snczoeyevli",0.0,0.0,0.0,0.0,0.0,0.0,0.0,0.0,0.0,0.0,0.0,0.0,0.0,23.0,"[0.0, 0.0, 0.0, 0.0, 0.0, 0.0, 0.0, 0.0, 0.0, 0.0, 0.0, 0.0, 0.0, 0.0, 0.0, 0.0, 0.0, 0.0, 0.0]",Practice squad,False,Practice squad,4035198.0,0,0.0,,2026-09-26 11:43:51,,
784,244,00-0038181,Lucky Jackson,WR,DET,NYJ,1.0,2026_03_NYJ_DET,2026-09-27 13:00:00,0.0,0.0,0.0,0.0,0.0,C,26,-4.330216340541972,27.5,3,,True,,"https://static.www.nfl.com/image/upload/f_auto,q_auto/league/xa9o8zlctwgga8wh5apl",0.0,0.0,0.0,0.0,0.0,0.0,0.0,0.0,0.0,0.0,0.0,0.0,0.0,21.0,"[0.0, 0.0, 0.0, 0.0, 0.0, 0.0, 0.0, 0.0, 0.0, 0.0, 0.0, 0.0, 0.0, 0.0, 0.0, 0.0, 0.0, 0.0, 0.0]",Practice squad,False,Practice squad,3915802.0,0,0.0,,2026-09-26 11:43:51,,
785,245,00-0035589,Gary Jennings,WR,LAC,BUF,0.0,2026_03_LAC_BUF,2026-09-27 13:00:00,0.0,0.0,0.0,0.0,0.0,C,13,3.0810969999554563,21.75,3,,True,,"https://static.www.nfl.com/image/private/f_auto,q_auto/league/kfmi1ueidfxfixmaggov",0.0,0.0,0.0,0.0,0.0,0.0,0.0,0.0,0.0,0.0,0.0,0.0,0.0,28.75,"[0.0, 0.0, 0.0, 0.0, 0.0, 0.0, 0.0, 0.0, 0.0, 0.0, 0.0, 0.0, 0.0, 0.0, 0.0, 0.0, 0.0, 0.0, 0.0]",Practice squad,False,Practice squad,3916071.0,0,0.0,,2026-09-26 11:43:51,,
786,246,00-0038977,Tank Dell,WR,HOU,IND,0.0,2026_03_HOU_IND,2026-09-27 13:00:00,0.0,0.0,0.0,0.0,0.0,C,1,11.060728367424472,22.0,3,,True,5.0,"https://static.www.nfl.com/image/upload/f_auto,q_auto/league/dzjep37g7fqdweqtncso",0.0,0.0,0.0,0.0,0.0,0.0,0.0,0.0,0.0,0.0,0.0,0.0,0.0,20.5,"[0.0, 0.0, 0.0, 0.0, 0.0, 0.0, 0.0, 0.0, 0.0, 0.0, 0.0, 0.0, 0.0, 0.0, 0.0, 0.0, 0.0, 0.0, 0.0]",Reserve/IR,False,Reserve/IR,4366031.0,0,0.0,,2026-09-26 11:43:51,,
787,247,00-0039052,Trey Palmer,WR,NO,LV,1.0,2026_03_LV_NO,2026-09-27 16:25:00,0.0,0.0,0.0,0.0,0.0,C,25,-3.7312447396593975,23.25,3,,True,,"https://static.www.nfl.com/image/upload/f_auto,q_auto/league/cdtzofb5u510xjh08qr4",0.0,0.0,0.0,0.0,0.0,0.0,0.0,0.0,0.0,0.0,0.0,0.0,0.0,20.25,"[0.0, 0.0, 0.0, 0.0, 0.0, 0.0, 0.0, 0.0, 0.0, 0.0, 0.0, 0.0, 0.0, 0.0, 0.0, 0.0, 0.0, 0.0, 0.0]",Practice squad,False,Practice squad,4426407.0,0,0.0,,2026-09-26 11:43:51,,
788,248,00-0039236,Johnny Wilson,WR,PHI,CHI,0.0,2026_03_PHI_CHI,2026-09-28 20:15:00,0.0,0.0,0.0,0.0,0.0,C,16,1.6639397615764917,23.0,3,,True,8.0,"https://static.www.nfl.com/image/upload/f_auto,q_auto/league/azz7slr16byvcvbnaifa",0.0,0.0,0.0,0.0,0.0,0.0,0.0,0.0,0.0,0.0,0.0,0.0,0.0,18.5,"[0.0, 0.0, 0.0, 0.0, 0.0, 0.0, 0.0, 0.0, 0.0, 0.0, 0.0, 0.0, 0.0, 0.0, 0.0, 0.0, 0.0, 0.0, 0.0]",Reserve/IR,False,Reserve/IR,4686104.0,0,0.0,,2026-09-26 11:43:51,,
789,249,00-0039329,Julian Hicks,WR,SEA,WAS,0.0,2026_03_SEA_WAS,2026-09-27 13:00:00,0.0,0.0,0.0,0.0,0.0,C,5,5.866187398450362,24.0,3,,True,,"https://static.www.nfl.com/image/upload/f_auto,q_auto/league/knvt0zhyvozokeadswgf",0.0,0.0,0.0,0.0,0.0,0.0,0.0,0.0,0.0,0.0,0.0,0.0,0.0,16.5,"[0.0, 0.0, 0.0, 0.0, 0.0, 0.0, 0.0, 0.0, 0.0, 0.0, 0.0, 0.0, 0.0, 0.0, 0.0, 0.0, 0.0, 0.0, 0.0]",Practice squad,False,Practice squad,,0,0.0,,2026-09-26 11:43:51,,
790,250,00-0039386,Bub Means,WR,CLE,CAR,1.0,2026_03_CAR_CLE,2026-09-27 13:00:00,0.0,0.0,0.0,0.0,0.0,C,17,0.2595730689160777,20.0,3,,True,,"https://static.www.nfl.com/image/upload/f_auto,q_auto/league/nnqvulr4up0nwhmipksq",0.0,0.0,0.0,0.0,0.0,0.0,0.0,0.0,0.0,0.0,0.0,0.0,0.0,22.5,"[0.0, 0.0, 0.0, 0.0, 0.0, 0.0, 0.0, 0.0, 0.0, 0.0, 0.0, 0.0, 0.0, 0.0, 0.0, 0.0, 0.0, 0.0, 0.0]",Practice squad,False,Practice squad,4427985.0,0,0.0,,2026-09-26 11:43:51,,
791,251,00-0039626,Cole Burgess,WR,PIT,CIN,1.0,2026_03_CIN_PIT,2026-09-27 13:00:00,0.0,0.0,0.0,0.0,0.0,C,20,-1.172532099829588,19.5,3,,True,7.0,"https://static.www.nfl.com/image/upload/f_auto,q_auto/league/vlp9c4lmddujjj46gz6p",0.0,0.0,0.0,0.0,0.0,0.0,0.0,0.0,0.0,0.0,0.0,0.0,0.0,23.0,"[0.0, 0.0, 0.0, 0.0, 0.0, 0.0, 0.0, 0.0, 0.0, 0.0, 0.0, 0.0, 0.0, 0.0, 0.0, 0.0, 0.0, 0.0, 0.0]",Reserve/IR,False,Reserve/IR,5192448.0,0,0.0,,2026-09-26 11:43:51,,
792,252,00-0035045,D.J. Montgomery,WR,IND,HOU,1.0,2026_03_HOU_IND,2026-09-27 13:00:00,0.0,0.0,0.0,0.0,0.0,C,12,3.326896691849145,20.5,3,,True,6.0,"https://static.www.nfl.com/image/upload/f_auto,q_auto/league/tpo0g9pqvia4lh2noq33",0.0,0.0,0.0,0.0,0.0,0.0,0.0,0.0,0.0,0.0,0.0,0.0,0.0,22.0,"[0.0, 0.0, 0.0, 0.0, 0.0, 0.0, 0.0, 0.0, 0.0, 0.0, 0.0, 0.0, 0.0, 0.0, 0.0, 0.0, 0.0, 0.0, 0.0]",Reserve/IR,False,Reserve/IR,4249030.0,0,0.0,,2026-09-26 11:43:51,,
793,253,00-0040049,Josh Kelly,WR,HOU,IND,0.0,2026_03_HOU_IND,2026-09-27 13:00:00,0.0,0.0,0.0,0.0,0.0,C,1,11.060728367424472,22.0,3,,True,,"https://static.www.nfl.com/image/upload/f_auto,q_auto/league/wkhsgcxyw5v9dtaqycui",0.0,0.0,0.0,0.0,0.0,0.0,0.0,0.0,0.0,0.0,0.0,0.0,0.0,20.5,"[0.0, 0.0, 0.0, 0.0, 0.0, 0.0, 0.0, 0.0, 0.0, 0.0, 0.0, 0.0, 0.0, 0.0, 0.0, 0.0, 0.0, 0.0, 0.0]",Practice squad,False,Practice squad,,0,0.0,,2026-09-26 11:43:51,,
794,254,00-0040120,Jimmy Holiday,WR,KC,MIA,0.0,2026_03_KC_MIA,2026-09-27 13:00:00,0.0,0.0,0.0,0.0,0.0,C,23,-1.96507570032539,27.75,3,,True,8.0,"https://static.www.nfl.com/image/upload/f_auto,q_auto/league/yk1s0zu3wukxx2plsfpd",0.0,0.0,0.0,0.0,0.0,0.0,0.0,0.0,0.0,0.0,0.0,0.0,0.0,17.75,"[0.0, 0.0, 0.0, 0.0, 0.0, 0.0, 0.0, 0.0, 0.0, 0.0, 0.0, 0.0, 0.0, 0.0, 0.0, 0.0, 0.0, 0.0, 0.0]",Reserve/IR,False,Reserve/IR,,0,0.0,,2026-09-26 11:43:51,,
795,255,00-0040099,Xavier Guillory,WR,BAL,DAL,0.0,2026_03_BAL_DAL,2026-09-27 16:25:00,0.0,0.0,0.0,0.0,0.0,C,14,2.9936804404916164,28.5,3,,True,,"https://static.www.nfl.com/image/upload/f_auto,q_auto/league/p9cbbzkdpk6nrhamjntb",0.0,0.0,0.0,0.0,0.0,0.0,0.0,0.0,0.0,0.0,0.0,0.0,0.0,25.0,"[0.0, 0.0, 0.0, 0.0, 0.0, 0.0, 0.0, 0.0, 0.0, 0.0, 0.0, 0.0, 0.0, 0.0, 0.0, 0.0, 0.0, 0.0, 0.0]",Practice squad,False,Practice squad,,0,0.0,,2026-09-26 11:43:51,,
796,256,00-0040323,Chandler Brayboy,WR,NE,JAX,0.0,2026_03_NE_JAX,2026-09-27 13:00:00,0.0,0.0,0.0,0.0,0.0,C,24,-2.392291641214892,21.75,3,,True,,"https://static.www.nfl.com/image/upload/f_auto,q_auto/league/m1dlnwcwdqve38sso7al",0.0,0.0,0.0,0.0,0.0,0.0,0.0,0.0,0.0,0.0,0.0,0.0,0.0,24.75,"[0.0, 0.0, 0.0, 0.0, 0.0, 0.0, 0.0, 0.0, 0.0, 0.0, 0.0, 0.0, 0.0, 0.0, 0.0, 0.0, 0.0, 0.0, 0.0]",Practice squad,False,Practice squad,,0,0.0,,2026-09-26 11:43:51,,
797,257,00-0040298,Andrew Armstrong,WR,KC,MIA,0.0,2026_03_KC_MIA,2026-09-27 13:00:00,0.0,0.0,0.0,0.0,0.0,C,23,-1.96507570032539,27.75,3,,True,,"https://static.www.nfl.com/image/upload/f_auto,q_auto/league/hkw32xqnimm6dvx2qfvl",0.0,0.0,0.0,0.0,0.0,0.0,0.0,0.0,0.0,0.0,0.0,0.0,0.0,17.75,"[0.0, 0.0, 0.0, 0.0, 0.0, 0.0, 0.0, 0.0, 0.0, 0.0, 0.0, 0.0, 0.0, 0.0, 0.0, 0.0, 0.0, 0.0, 0.0]",Practice squad,False,Practice squad,5093923.0,0,0.0,,2026-09-26 11:43:51,,
798,258,00-0040302,A.J. Henning,WR,MIA,KC,1.0,2026_03_KC_MIA,2026-09-27 13:00:00,0.0,0.0,0.0,0.0,0.0,C,31,-11.174942804246568,17.75,3,,True,,"https://static.www.nfl.com/image/upload/f_auto,q_auto/league/ijwatff81qf3jmikcryt",0.0,0.0,0.0,0.0,0.0,0.0,0.0,0.0,0.0,0.0,0.0,0.0,0.0,27.75,"[0.0, 0.0, 0.0, 0.0, 0.0, 0.0, 0.0, 0.0, 0.0, 0.0, 0.0, 0.0, 0.0, 0.0, 0.0, 0.0, 0.0, 0.0, 0.0]",Practice squad,False,Practice squad,,0,0.0,,2026-09-26 11:43:51,,
799,259,00-0040265,Ja'Seem Reed,WR,CAR,CLE,0.0,2026_03_CAR_CLE,2026-09-27 13:00:00,0.0,0.0,0.0,0.0,0.0,C,15,2.5338518004318757,22.5,3,,True,,"https://static.www.nfl.com/image/upload/f_auto,q_auto/league/uh29rkmiggnca0qq7vil",0.0,0.0,0.0,0.0,0.0,0.0,0.0,0.0,0.0,0.0,0.0,0.0,0.0,20.0,"[0.0, 0.0, 0.0, 0.0, 0.0, 0.0, 0.0, 0.0, 0.0, 0.0, 0.0, 0.0, 0.0, 0.0, 0.0, 0.0, 0.0, 0.0, 0.0]",Practice squad,False,Practice squad,4876995.0,0,0.0,,2026-09-26 11:43:51,,
800,260,00-0040275,JP Richardson,WR,CHI,PHI,1.0,2026_03_PHI_CHI,2026-09-28 20:15:00,0.0,0.0,0.0,0.0,0.0,C,28,-7.912554945179455,18.5,3,,True,,"https://static.www.nfl.com/image/upload/f_auto,q_auto/league/wsnuaqx6jbadrinmo1z2",0.0,0.0,0.0,0.0,0.0,0.0,0.0,0.0,0.0,0.0,0.0,0.0,0.0,23.0,"[0.0, 0.0, 0.0, 0.0, 0.0, 0.0, 0.0, 0.0, 0.0, 0.0, 0.0, 0.0, 0.0, 0.0, 0.0, 0.0, 0.0, 0.0, 0.0]",Practice squad,False,Practice squad,4685183.0,0,0.0,,2026-09-26 11:43:51,,
801,261,00-0040375,Jordan Moore,WR,CIN,PIT,0.0,2026_03_CIN_PIT,2026-09-27 13:00:00,0.0,0.0,0.0,0.0,0.0,C,27,-4.754448771337329,23.0,3,,True,,"https://static.www.nfl.com/image/upload/f_auto,q_auto/league/mgod5tukhxuqm5kyy7zh",0.0,0.0,0.0,0.0,0.0,0.0,0.0,0.0,0.0,0.0,0.0,0.0,0.0,19.5,"[0.0, 0.0, 0.0, 0.0, 0.0, 0.0, 0.0, 0.0, 0.0, 0.0, 0.0, 0.0, 0.0, 0.0, 0.0, 0.0, 0.0, 0.0, 0.0]",Practice squad,False,Practice squad,4594444.0,0,0.0,,2026-09-26 11:43:51,,
802,262,00-0040361,Stephen Gosnell,WR,BUF,LAC,1.0,2026_03_LAC_BUF,2026-09-27 13:00:00,0.0,0.0,0.0,0.0,0.0,C,3,7.388318795914675,28.75,3,,True,,"https://static.www.nfl.com/image/upload/f_auto,q_auto/league/csh3lsy1zg3c5z2o5evs",0.0,0.0,0.0,0.0,0.0,0.0,0.0,0.0,0.0,0.0,0.0,0.0,0.0,21.75,"[0.0, 0.0, 0.0, 0.0, 0.0, 0.0, 0.0, 0.0, 0.0, 0.0, 0.0, 0.0, 0.0, 0.0, 0.0, 0.0, 0.0, 0.0, 0.0]",Practice squad,False,Practice squad,,0,0.0,,2026-09-26 11:43:51,,
803,263,00-0040337,Eli Pancol,WR,IND,HOU,1.0,2026_03_HOU_IND,2026-09-27 13:00:00,0.0,0.0,0.0,0.0,0.0,C,12,3.326896691849145,20.5,3,,True,,"https://static.www.nfl.com/image/upload/f_auto,q_auto/league/mbdztlbypqqt66igvkg8",0.0,0.0,0.0,0.0,0.0,0.0,0.0,0.0,0.0,0.0,0.0,0.0,0.0,22.0,"[0.0, 0.0, 0.0, 0.0, 0.0, 0.0, 0.0, 0.0, 0.0, 0.0, 0.0, 0.0, 0.0, 0.0, 0.0, 0.0, 0.0, 0.0, 0.0]",Practice squad,False,Practice squad,4430288.0,0,0.0,,2026-09-26 11:43:51,,
804,264,00-0040419,Garrett Greene,WR,TB,MIN,1.0,2026_03_MIN_TB,2026-09-27 16:05:00,0.0,0.0,0.0,0.0,0.0,C,8,4.1156195303677725,20.5,3,,True,,"https://static.www.nfl.com/image/upload/f_auto,q_auto/league/ryxqb4ioarar7jduttfu",0.0,0.0,0.0,0.0,0.0,0.0,0.0,0.0,0.0,0.0,0.0,0.0,0.0,22.0,"[0.0, 0.0, 0.0, 0.0, 0.0, 0.0, 0.0, 0.0, 0.0, 0.0, 0.0, 0.0, 0.0, 0.0, 0.0, 0.0, 0.0, 0.0, 0.0]",Practice squad,False,Practice squad,,0,0.0,,2026-09-26 11:43:51,,
805,265,00-0040405,Jamaal Pritchett,WR,NYJ,DET,0.0,2026_03_NYJ_DET,2026-09-27 13:00:00,0.0,0.0,0.0,0.0,0.0,C,7,4.365147025870685,21.0,3,,True,,"https://static.www.nfl.com/image/upload/f_auto,q_auto/league/cskrvfgcpvpezccsdfky",0.0,0.0,0.0,0.0,0.0,0.0,0.0,0.0,0.0,0.0,0.0,0.0,0.0,27.5,"[0.0, 0.0, 0.0, 0.0, 0.0, 0.0, 0.0, 0.0, 0.0, 0.0, 0.0, 0.0, 0.0, 0.0, 0.0, 0.0, 0.0, 0.0, 0.0]",Practice squad,False,Practice squad,4892576.0,0,0.0,,2026-09-26 11:43:51,,
806,266,00-0040597,Brennan Presley,WR,LA,DEN,0.0,2026_03_LA_DEN,2026-09-27 20:20:00,0.0,0.0,0.0,0.0,0.0,C,29,-8.008497685707223,23.5,3,,True,,"https://static.www.nfl.com/image/upload/f_auto,q_auto/league/v5cydesy5zo4njavqwxb",0.0,0.0,0.0,0.0,0.0,0.0,0.0,0.0,0.0,0.0,0.0,0.0,0.0,21.0,"[0.0, 0.0, 0.0, 0.0, 0.0, 0.0, 0.0, 0.0, 0.0, 0.0, 0.0, 0.0, 0.0, 0.0, 0.0, 0.0, 0.0, 0.0, 0.0]",Practice squad,False,Practice squad,4431342.0,0,0.0,,2026-09-26 11:43:51,,
807,267,00-0040570,Jeremiah Webb,WR,NE,JAX,0.0,2026_03_NE_JAX,2026-09-27 13:00:00,0.0,0.0,0.0,0.0,0.0,C,24,-2.392291641214892,21.75,3,,True,7.0,"https://static.www.nfl.com/image/upload/f_auto,q_auto/league/dfay1nwxlijuhxbqcids",0.0,0.0,0.0,0.0,0.0,0.0,0.0,0.0,0.0,0.0,0.0,0.0,0.0,24.75,"[0.0, 0.0, 0.0, 0.0, 0.0, 0.0, 0.0, 0.0, 0.0, 0.0, 0.0, 0.0, 0.0, 0.0, 0.0, 0.0, 0.0, 0.0, 0.0]",Reserve/IR,False,Reserve/IR,,0,0.0,,2026-09-26 11:43:51,,
808,268,00-0040633,Kyrese Rowan,WR,NO,LV,1.0,2026_03_LV_NO,2026-09-27 16:25:00,0.0,0.0,0.0,0.0,0.0,C,25,-3.7312447396593975,23.25,3,,True,,,0.0,0.0,0.0,0.0,0.0,0.0,0.0,0.0,0.0,0.0,0.0,0.0,0.0,20.25,"[0.0, 0.0, 0.0, 0.0, 0.0, 0.0, 0.0, 0.0, 0.0, 0.0, 0.0, 0.0, 0.0, 0.0, 0.0, 0.0, 0.0, 0.0, 0.0]",Practice squad,False,Practice squad,,0,0.0,,2026-09-26 11:43:51,,
809,269,00-0040618,Max Hurleman,WR,PIT,CIN,1.0,2026_03_CIN_PIT,2026-09-27 13:00:00,0.0,0.0,0.0,0.0,0.0,C,20,-1.172532099829588,19.5,3,,True,,"https://static.www.nfl.com/image/upload/f_auto,q_auto/league/axybwbw7inp1vu7xxf0t",0.0,0.0,0.0,0.0,0.0,0.0,0.0,0.0,0.0,0.0,0.0,0.0,0.0,23.0,"[0.0, 0.0, 0.0, 0.0, 0.0, 0.0, 0.0, 0.0, 0.0, 0.0, 0.0, 0.0, 0.0, 0.0, 0.0, 0.0, 0.0, 0.0, 0.0]",Practice squad,False,Practice squad,,0,0.0,,2026-09-26 11:43:51,,
810,270,00-0040653,Ricky White III,WR,SEA,WAS,0.0,2026_03_SEA_WAS,2026-09-27 13:00:00,0.0,0.0,0.0,0.0,0.0,C,5,5.866187398450362,24.0,3,,True,,"https://static.www.nfl.com/image/upload/f_auto,q_auto/league/sgtcxvsg5m0s6rdizjfb",0.0,0.0,0.0,0.0,0.0,0.0,0.0,0.0,0.0,0.0,0.0,0.0,0.0,16.5,"[0.0, 0.0, 0.0, 0.0, 0.0, 0.0, 0.0, 0.0, 0.0, 0.0, 0.0, 0.0, 0.0, 0.0, 0.0, 0.0, 0.0, 0.0, 0.0]",Practice squad,False,Practice squad,4431479.0,0,0.0,,2026-09-26 11:43:51,,
811,271,00-0040753,Will Sheppard,WR,MIA,KC,1.0,2026_03_KC_MIA,2026-09-27 13:00:00,0.0,0.0,0.0,0.0,0.0,C,31,-11.174942804246568,17.75,3,,True,,"https://static.www.nfl.com/image/upload/f_auto,q_auto/league/vwyhqfyyxngoljurvrjx",0.0,0.0,0.0,0.0,0.0,0.0,0.0,0.0,0.0,0.0,0.0,0.0,0.0,27.75,"[0.0, 0.0, 0.0, 0.0, 0.0, 0.0, 0.0, 0.0, 0.0, 0.0, 0.0, 0.0, 0.0, 0.0, 0.0, 0.0, 0.0, 0.0, 0.0]",Practice squad,False,Practice squad,,0,0.0,,2026-09-26 11:43:51,,
812,272,00-0040895,Emmanuel Henderson Jr.,WR,SEA,WAS,0.0,2026_03_SEA_WAS,2026-09-27 13:00:00,0.0,0.0,0.0,0.0,0.0,C,5,5.866187398450362,24.0,3,,True,,"https://static.www.nfl.com/image/upload/f_auto,q_auto/league/eje0zmvfl2fetzvpsl6c",0.0,0.0,0.0,0.0,0.0,0.0,0.0,0.0,0.0,0.0,0.0,0.0,0.0,16.5,"[0.0, 0.0, 0.0, 0.0, 0.0, 0.0, 0.0, 0.0, 0.0, 0.0, 0.0, 0.0, 0.0, 0.0, 0.0, 0.0, 0.0, 0.0, 0.0]",Practice squad,False,Practice squad,4685381.0,0,0.0,,2026-09-26 11:43:51,,
813,273,00-0040919,Tyren Montgomery,WR,TEN,NYG,0.0,2026_03_TEN_NYG,2026-09-27 13:00:00,0.0,0.0,0.0,0.0,0.0,C,11,3.387232470981544,17.5,3,,True,,"https://static.www.nfl.com/image/upload/f_auto,q_auto/league/f9zykws54i2prkwxw3ee",0.0,0.0,0.0,0.0,0.0,0.0,0.0,0.0,0.0,0.0,0.0,0.0,0.0,20.0,"[0.0, 0.0, 0.0, 0.0, 0.0, 0.0, 0.0, 0.0, 0.0, 0.0, 0.0, 0.0, 0.0, 0.0, 0.0, 0.0, 0.0, 0.0, 0.0]",Practice squad,False,Practice squad,5103197.0,0,0.0,,2026-09-26 11:43:51,,
814,274,00-0040900,Anthony Smith,WR,DAL,BAL,1.0,2026_03_BAL_DAL,2026-09-27 16:25:00,0.0,0.0,0.0,0.0,0.0,C,21,-1.200301287884041,25.0,3,,True,,"https://static.www.nfl.com/image/upload/f_auto,q_auto/league/xawxtpjdptmacbcqtlua",0.0,0.0,0.0,0.0,0.0,0.0,0.0,0.0,0.0,0.0,0.0,0.0,0.0,28.5,"[0.0, 0.0, 0.0, 0.0, 0.0, 0.0, 0.0, 0.0, 0.0, 0.0, 0.0, 0.0, 0.0, 0.0, 0.0, 0.0, 0.0, 0.0, 0.0]",Practice squad,False,Practice squad,4685110.0,0,0.0,,2026-09-26 11:43:51,,
815,275,00-0040953,Jeff Caldwell,WR,KC,MIA,0.0,2026_03_KC_MIA,2026-09-27 13:00:00,0.0,0.0,0.0,0.0,0.0,C,23,-1.96507570032539,27.75,3,,True,7.0,"https://static.www.nfl.com/image/upload/f_auto,q_auto/league/nc8rm1ko22poili6r2a8",0.0,0.0,0.0,0.0,0.0,0.0,0.0,0.0,0.0,0.0,0.0,0.0,0.0,17.75,"[0.0, 0.0, 0.0, 0.0, 0.0, 0.0, 0.0, 0.0, 0.0, 0.0, 0.0, 0.0, 0.0, 0.0, 0.0, 0.0, 0.0, 0.0, 0.0]",Reserve/IR,False,Reserve/IR,4885466.0,0,0.0,,2026-09-26 11:43:51,,
816,276,00-0040954,Omari Evans,WR,KC,MIA,0.0,2026_03_KC_MIA,2026-09-27 13:00:00,0.0,0.0,0.0,0.0,0.0,C,23,-1.96507570032539,27.75,3,,True,,"https://static.www.nfl.com/image/upload/f_auto,q_auto/league/q5szmdmukkkusqpfj9m5",0.0,0.0,0.0,0.0,0.0,0.0,0.0,0.0,0.0,0.0,0.0,0.0,0.0,17.75,"[0.0, 0.0, 0.0, 0.0, 0.0, 0.0, 0.0, 0.0, 0.0, 0.0, 0.0, 0.0, 0.0, 0.0, 0.0, 0.0, 0.0, 0.0, 0.0]",Practice squad,False,Practice squad,,0,0.0,,2026-09-26 11:43:51,,
817,277,00-0040934,Jordan Hudson,WR,DAL,BAL,1.0,2026_03_BAL_DAL,2026-09-27 16:25:00,0.0,0.0,0.0,0.0,0.0,C,21,-1.200301287884041,25.0,3,,True,,"https://static.www.nfl.com/image/upload/f_auto,q_auto/league/uwgiczb8bnnacu2g7zln",0.0,0.0,0.0,0.0,0.0,0.0,0.0,0.0,0.0,0.0,0.0,0.0,0.0,28.5,"[0.0, 0.0, 0.0, 0.0, 0.0, 0.0, 0.0, 0.0, 0.0, 0.0, 0.0, 0.0, 0.0, 0.0, 0.0, 0.0, 0.0, 0.0, 0.0]",Practice squad,False,Practice squad,4685409.0,0,0.0,,2026-09-26 11:43:51,,
818,278,00-0040986,Ty Pezza,WR,BAL,DAL,0.0,2026_03_BAL_DAL,2026-09-27 16:25:00,0.0,0.0,0.0,0.0,0.0,C,14,2.9936804404916164,28.5,3,,True,,,0.0,0.0,0.0,0.0,0.0,0.0,0.0,0.0,0.0,0.0,0.0,0.0,0.0,25.0,"[0.0, 0.0, 0.0, 0.0, 0.0, 0.0, 0.0, 0.0, 0.0, 0.0, 0.0, 0.0, 0.0, 0.0, 0.0, 0.0, 0.0, 0.0, 0.0]",Practice squad,False,Practice squad,,0,0.0,,2026-09-26 11:43:51,,
819,279,00-0040970,Michael Briscoe,WR,MIN,TB,0.0,2026_03_MIN_TB,2026-09-27 16:05:00,0.0,0.0,0.0,0.0,0.0,C,30,-9.374701289506303,22.0,3,,True,,"https://static.www.nfl.com/image/upload/f_auto,q_auto/league/rrnmno7nkn0o4kilp7je",0.0,0.0,0.0,0.0,0.0,0.0,0.0,0.0,0.0,0.0,0.0,0.0,0.0,20.5,"[0.0, 0.0, 0.0, 0.0, 0.0, 0.0, 0.0, 0.0, 0.0, 0.0, 0.0, 0.0, 0.0, 0.0, 0.0, 0.0, 0.0, 0.0, 0.0]",Practice squad,False,Practice squad,,0,0.0,,2026-09-26 11:43:51,,
820,280,00-0041035,De'Zhaun Stribling,WR,SF,ARI,1.0,2026_03_ARI_SF,2026-09-27 16:05:00,0.0,0.0,0.0,0.0,0.0,C,6,5.714090884231345,28.0,3,,True,7.0,"https://static.www.nfl.com/image/upload/f_auto,q_auto/league/eu1nxtlztiwr5ko48iwz",0.0,0.0,0.0,0.0,0.0,0.0,0.0,0.0,0.0,0.0,0.0,0.0,0.0,19.5,"[0.0, 0.0, 0.0, 0.0, 0.0, 0.0, 0.0, 0.0, 0.0, 0.0, 0.0, 0.0, 0.0, 0.0, 0.0, 0.0, 0.0, 0.0, 0.0]",Reserve/IR,False,Reserve/IR,4710714.0,0,0.0,,2026-09-26 11:43:51,,
821,281,00-0041029,Jordyn Tyson,WR,NO,LV,1.0,2026_03_LV_NO,2026-09-27 16:25:00,0.0,0.0,0.0,0.0,0.0,C,25,-3.7312447396593975,23.25,3,,True,4.0,"https://static.www.nfl.com/image/upload/f_auto,q_auto/league/al6fifxstyc6omsenzhd",0.0,0.0,0.0,0.0,0.0,0.0,0.0,0.0,0.0,0.0,0.0,0.0,0.0,20.25,"[0.0, 0.0, 0.0, 0.0, 0.0, 0.0, 0.0, 0.0, 0.0, 0.0, 0.0, 0.0, 0.0, 0.0, 0.0, 0.0, 0.0, 0.0, 0.0]",Reserve/IR,False,Reserve/IR,4880281.0,0,0.0,,2026-09-26 11:43:51,,
822,282,00-0041005,Corey Rucker,WR,LV,NO,0.0,2026_03_LV_NO,2026-09-27 16:25:00,0.0,0.0,0.0,0.0,0.0,C,10,3.862106245476425,20.25,3,,True,8.0,"https://static.www.nfl.com/image/upload/f_auto,q_auto/league/nabhgywifegiuohtg6fq",0.0,0.0,0.0,0.0,0.0,0.0,0.0,0.0,0.0,0.0,0.0,0.0,0.0,23.25,"[0.0, 0.0, 0.0, 0.0, 0.0, 0.0, 0.0, 0.0, 0.0, 0.0, 0.0, 0.0, 0.0, 0.0, 0.0, 0.0, 0.0, 0.0, 0.0]",Reserve/IR,False,Reserve/IR,,0,0.0,,2026-09-26 11:43:51,,
823,283,00-0041047,Chris Brazzell II,WR,CAR,CLE,0.0,2026_03_CAR_CLE,2026-09-27 13:00:00,0.0,0.0,0.0,0.0,0.0,C,15,2.5338518004318757,22.5,3,,True,6.0,"https://static.www.nfl.com/image/upload/f_auto,q_auto/league/jdmycletwhknhs9oth1f",0.0,0.0,0.0,0.0,0.0,0.0,0.0,0.0,0.0,0.0,0.0,0.0,0.0,20.0,"[0.0, 0.0, 0.0, 0.0, 0.0, 0.0, 0.0, 0.0, 0.0, 0.0, 0.0, 0.0, 0.0, 0.0, 0.0, 0.0, 0.0, 0.0, 0.0]",Reserve/IR,False,Reserve/IR,5091739.0,0,0.0,,2026-09-26 11:43:51,,
824,284,00-0041176,Jaden Bradley,WR,WAS,SEA,1.0,2026_03_SEA_WAS,2026-09-27 13:00:00,0.0,0.0,0.0,0.0,0.0,C,32,-14.266071470507672,16.5,3,,True,,"https://static.www.nfl.com/image/upload/f_auto,q_auto/league/kr2pi6xguzj2ejtpvsnm",0.0,0.0,0.0,0.0,0.0,0.0,0.0,0.0,0.0,0.0,0.0,0.0,0.0,24.0,"[0.0, 0.0, 0.0, 0.0, 0.0, 0.0, 0.0, 0.0, 0.0, 0.0, 0.0, 0.0, 0.0, 0.0, 0.0, 0.0, 0.0, 0.0, 0.0]",Practice squad,False,Practice squad,,0,0.0,,2026-09-26 11:43:51,,
825,285,00-0041248,Noah Thomas,WR,CIN,PIT,0.0,2026_03_CIN_PIT,2026-09-27 13:00:00,0.0,0.0,0.0,0.0,0.0,C,27,-4.754448771337329,23.0,3,,True,,"https://static.www.nfl.com/image/upload/f_auto,q_auto/league/kafm8ce25xilrai8zsrz",0.0,0.0,0.0,0.0,0.0,0.0,0.0,0.0,0.0,0.0,0.0,0.0,0.0,19.5,"[0.0, 0.0, 0.0, 0.0, 0.0, 0.0, 0.0, 0.0, 0.0, 0.0, 0.0, 0.0, 0.0, 0.0, 0.0, 0.0, 0.0, 0.0, 0.0]",Practice squad,False,Practice squad,4718457.0,0,0.0,,2026-09-26 11:43:51,,
826,286,00-0041216,Trebor Pena,WR,JAX,NE,1.0,2026_03_NE_JAX,2026-09-27 13:00:00,0.0,0.0,0.0,0.0,0.0,C,19,-0.3598596917299616,24.75,3,,True,,"https://static.www.nfl.com/image/upload/f_auto,q_auto/league/odtp8h91i2q8mjwbtypa",0.0,0.0,0.0,0.0,0.0,0.0,0.0,0.0,0.0,0.0,0.0,0.0,0.0,21.75,"[0.0, 0.0, 0.0, 0.0, 0.0, 0.0, 0.0, 0.0, 0.0, 0.0, 0.0, 0.0, 0.0, 0.0, 0.0, 0.0, 0.0, 0.0, 0.0]",Practice squad,False,Practice squad,4575862.0,0,0.0,,2026-09-26 11:43:51,,
827,287,00-0041220,Michael Wortham,WR,JAX,NE,1.0,2026_03_NE_JAX,2026-09-27 13:00:00,0.0,0.0,0.0,0.0,0.0,C,19,-0.3598596917299616,24.75,3,,True,,"https://static.www.nfl.com/image/upload/f_auto,q_auto/league/vu5tb8rwe3rwu9vlpzvj",0.0,0.0,0.0,0.0,0.0,0.0,0.0,0.0,0.0,0.0,0.0,0.0,0.0,21.75,"[0.0, 0.0, 0.0, 0.0, 0.0, 0.0, 0.0, 0.0, 0.0, 0.0, 0.0, 0.0, 0.0, 0.0, 0.0, 0.0, 0.0, 0.0, 0.0]",Practice squad,False,Practice squad,,0,0.0,,2026-09-26 11:43:51,,
828,288,00-0041292,Kolbe Katsis,WR,DEN,LA,1.0,2026_03_LA_DEN,2026-09-27 20:20:00,0.0,0.0,0.0,0.0,0.0,C,9,4.016316478447309,21.0,3,,True,,"https://static.www.nfl.com/image/upload/f_auto,q_auto/league/u3bhwno76vnuflla9jjg",0.0,0.0,0.0,0.0,0.0,0.0,0.0,0.0,0.0,0.0,0.0,0.0,0.0,23.5,"[0.0, 0.0, 0.0, 0.0, 0.0, 0.0, 0.0, 0.0, 0.0, 0.0, 0.0, 0.0, 0.0, 0.0, 0.0, 0.0, 0.0, 0.0, 0.0]",Practice squad,False,Practice squad,,0,0.0,,2026-09-26 11:43:51,,
829,289,00-0041293,Dane Key,WR,DEN,LA,1.0,2026_03_LA_DEN,2026-09-27 20:20:00,0.0,0.0,0.0,0.0,0.0,C,9,4.016316478447309,21.0,3,,True,,"https://static.www.nfl.com/image/upload/f_auto,q_auto/league/got8amcmxwu5li8zwcnv",0.0,0.0,0.0,0.0,0.0,0.0,0.0,0.0,0.0,0.0,0.0,0.0,0.0,23.5,"[0.0, 0.0, 0.0, 0.0, 0.0, 0.0, 0.0, 0.0, 0.0, 0.0, 0.0, 0.0, 0.0, 0.0, 0.0, 0.0, 0.0, 0.0, 0.0]",Practice squad,False,Practice squad,4685424.0,0,0.0,,2026-09-26 11:43:51,,
830,290,00-0041272,Ja'Mori Maclin,WR,BUF,LAC,1.0,2026_03_LAC_BUF,2026-09-27 13:00:00,0.0,0.0,0.0,0.0,0.0,C,3,7.388318795914675,28.75,3,,True,,"https://static.www.nfl.com/image/upload/f_auto,q_auto/league/pzy27lpwlernu820cyfd",0.0,0.0,0.0,0.0,0.0,0.0,0.0,0.0,0.0,0.0,0.0,0.0,0.0,21.75,"[0.0, 0.0, 0.0, 0.0, 0.0, 0.0, 0.0, 0.0, 0.0, 0.0, 0.0, 0.0, 0.0, 0.0, 0.0, 0.0, 0.0, 0.0, 0.0]",Practice squad,False,Practice squad,4430270.0,0,0.0,,2026-09-26 11:43:51,,
831,291,00-0041257,Eric Rivers Jr.,WR,TB,MIN,1.0,2026_03_MIN_TB,2026-09-27 16:05:00,0.0,0.0,0.0,0.0,0.0,C,8,4.1156195303677725,20.5,3,,True,,"https://static.www.nfl.com/image/upload/f_auto,q_auto/league/goritmogduir5z46j8v1",0.0,0.0,0.0,0.0,0.0,0.0,0.0,0.0,0.0,0.0,0.0,0.0,0.0,22.0,"[0.0, 0.0, 0.0, 0.0, 0.0, 0.0, 0.0, 0.0, 0.0, 0.0, 0.0, 0.0, 0.0, 0.0, 0.0, 0.0, 0.0, 0.0, 0.0]",Practice squad,False,Practice squad,4713277.0,0,0.0,,2026-09-26 11:43:51,,
832,292,00-0041318,Kyle Dixon,WR,NE,JAX,0.0,2026_03_NE_JAX,2026-09-27 13:00:00,0.0,0.0,0.0,0.0,0.0,C,24,-2.392291641214892,21.75,3,,True,,"https://static.www.nfl.com/image/upload/f_auto,q_auto/league/obg1mz6j2ax8fqhig1uj",0.0,0.0,0.0,0.0,0.0,0.0,0.0,0.0,0.0,0.0,0.0,0.0,0.0,24.75,"[0.0, 0.0, 0.0, 0.0, 0.0, 0.0, 0.0, 0.0, 0.0, 0.0, 0.0, 0.0, 0.0, 0.0, 0.0, 0.0, 0.0, 0.0, 0.0]",Practice squad,False,Practice squad,5011554.0,0,0.0,,2026-09-26 11:43:51,,
833,293,00-0041319,Cameron Dorner,WR,NE,JAX,0.0,2026_03_NE_JAX,2026-09-27 13:00:00,0.0,0.0,0.0,0.0,0.0,C,24,-2.392291641214892,21.75,3,,True,,"https://static.www.nfl.com/image/upload/f_auto,q_auto/league/lzae2vexciqchpaejeis",0.0,0.0,0.0,0.0,0.0,0.0,0.0,0.0,0.0,0.0,0.0,0.0,0.0,24.75,"[0.0, 0.0, 0.0, 0.0, 0.0, 0.0, 0.0, 0.0, 0.0, 0.0, 0.0, 0.0, 0.0, 0.0, 0.0, 0.0, 0.0, 0.0, 0.0]",Practice squad,False,Practice squad,,0,0.0,,2026-09-26 11:43:51,,
834,294,00-0041309,Daniel Sobkowicz,WR,HOU,IND,0.0,2026_03_HOU_IND,2026-09-27 13:00:00,0.0,0.0,0.0,0.0,0.0,C,1,11.060728367424472,22.0,3,,True,,"https://static.www.nfl.com/image/upload/f_auto,q_auto/league/u5goe2agufae3d8jphi9",0.0,0.0,0.0,0.0,0.0,0.0,0.0,0.0,0.0,0.0,0.0,0.0,0.0,20.5,"[0.0, 0.0, 0.0, 0.0, 0.0, 0.0, 0.0, 0.0, 0.0, 0.0, 0.0, 0.0, 0.0, 0.0, 0.0, 0.0, 0.0, 0.0, 0.0]",Practice squad,False,Practice squad,,0,0.0,,2026-09-26 11:43:51,,
835,295,00-0041368,Harrison Wallace III,WR,ARI,SF,0.0,2026_03_ARI_SF,2026-09-27 16:05:00,0.0,0.0,0.0,0.0,0.0,C,22,-1.8081610719087355,19.5,3,,True,,"https://static.www.nfl.com/image/upload/f_auto,q_auto/league/mxwpoysyvficq6vgvcdq",0.0,0.0,0.0,0.0,0.0,0.0,0.0,0.0,0.0,0.0,0.0,0.0,0.0,28.0,"[0.0, 0.0, 0.0, 0.0, 0.0, 0.0, 0.0, 0.0, 0.0, 0.0, 0.0, 0.0, 0.0, 0.0, 0.0, 0.0, 0.0, 0.0, 0.0]",Practice squad,False,Practice squad,4699354.0,0,0.0,,2026-09-26 11:43:51,,
836,296,00-0041359,Wesley Grimes,WR,SF,ARI,1.0,2026_03_ARI_SF,2026-09-27 16:05:00,0.0,0.0,0.0,0.0,0.0,C,6,5.714090884231345,28.0,3,,True,,"https://static.www.nfl.com/image/upload/f_auto,q_auto/league/n5hfuzuaxausgstr3cp8",0.0,0.0,0.0,0.0,0.0,0.0,0.0,0.0,0.0,0.0,0.0,0.0,0.0,19.5,"[0.0, 0.0, 0.0, 0.0, 0.0, 0.0, 0.0, 0.0, 0.0, 0.0, 0.0, 0.0, 0.0, 0.0, 0.0, 0.0, 0.0, 0.0, 0.0]",Practice squad,False,Practice squad,,0,0.0,,2026-09-26 11:43:51,,
837,297,00-0041361,Will Pauling,WR,SF,ARI,1.0,2026_03_ARI_SF,2026-09-27 16:05:00,0.0,0.0,0.0,0.0,0.0,C,6,5.714090884231345,28.0,3,,True,,"https://static.www.nfl.com/image/upload/f_auto,q_auto/league/hk2txxjkjk1ycmluu2kn",0.0,0.0,0.0,0.0,0.0,0.0,0.0,0.0,0.0,0.0,0.0,0.0,0.0,19.5,"[0.0, 0.0, 0.0, 0.0, 0.0, 0.0, 0.0, 0.0, 0.0, 0.0, 0.0, 0.0, 0.0, 0.0, 0.0, 0.0, 0.0, 0.0, 0.0]",Practice squad,False,Practice squad,,0,0.0,,2026-09-26 11:43:51,,
838,298,00-0041342,Dillon Bell,WR,MIN,TB,0.0,2026_03_MIN_TB,2026-09-27 16:05:00,0.0,0.0,0.0,0.0,0.0,C,30,-9.374701289506303,22.0,3,,True,,"https://static.www.nfl.com/image/upload/f_auto,q_auto/league/b9v5ex8bfoum15d8v2gf",0.0,0.0,0.0,0.0,0.0,0.0,0.0,0.0,0.0,0.0,0.0,0.0,0.0,20.5,"[0.0, 0.0, 0.0, 0.0, 0.0, 0.0, 0.0, 0.0, 0.0, 0.0, 0.0, 0.0, 0.0, 0.0, 0.0, 0.0, 0.0, 0.0, 0.0]",Practice squad,False,Practice squad,4712579.0,0,0.0,,2026-09-26 11:43:51,,
839,299,00-0041435,Dean Patterson IV,WR,TB,MIN,1.0,2026_03_MIN_TB,2026-09-27 16:05:00,0.0,0.0,0.0,0.0,0.0,C,8,4.1156195303677725,20.5,3,,True,,"https://static.www.nfl.com/image/upload/f_auto,q_auto/league/kgjiwlmhmxnygppjzmph",0.0,0.0,0.0,0.0,0.0,0.0,0.0,0.0,0.0,0.0,0.0,0.0,0.0,22.0,"[0.0, 0.0, 0.0, 0.0, 0.0, 0.0, 0.0, 0.0, 0.0, 0.0, 0.0, 0.0, 0.0, 0.0, 0.0, 0.0, 0.0, 0.0, 0.0]",Practice squad,False,Practice squad,,0,0.0,,2026-09-26 11:43:51,,
840,300,00-0041467,Lewis Bond,WR,HOU,IND,0.0,2026_03_HOU_IND,2026-09-27 13:00:00,0.0,0.0,0.0,0.0,0.0,C,1,11.060728367424472,22.0,3,,True,,"https://static.www.nfl.com/image/upload/f_auto,q_auto/league/qm5q5iilnctaitwwscst",0.0,0.0,0.0,0.0,0.0,0.0,0.0,0.0,0.0,0.0,0.0,0.0,0.0,20.5,"[0.0, 0.0, 0.0, 0.0, 0.0, 0.0, 0.0, 0.0, 0.0, 0.0, 0.0, 0.0, 0.0, 0.0, 0.0, 0.0, 0.0, 0.0, 0.0]",Practice squad,False,Practice squad,4683159.0,0,0.0,,2026-09-26 11:43:51,,
841,301,00-0041446,Kendrick Law,WR,DET,NYJ,1.0,2026_03_NYJ_DET,2026-09-27 13:00:00,0.0,0.0,0.0,0.0,0.0,C,26,-4.330216340541972,27.5,3,,True,6.0,"https://static.www.nfl.com/image/upload/f_auto,q_auto/league/progttkuaumows8eeqsq",0.0,0.0,0.0,0.0,0.0,0.0,0.0,0.0,0.0,0.0,0.0,0.0,0.0,21.0,"[0.0, 0.0, 0.0, 0.0, 0.0, 0.0, 0.0, 0.0, 0.0, 0.0, 0.0, 0.0, 0.0, 0.0, 0.0, 0.0, 0.0, 0.0, 0.0]",Reserve/IR,False,Reserve/IR,4685441.0,0,0.0,,2026-09-26 11:43:51,,
842,302,00-0041451,Brock Rechsteiner,WR,NO,LV,1.0,2026_03_LV_NO,2026-09-27 16:25:00,0.0,0.0,0.0,0.0,0.0,C,25,-3.7312447396593975,23.25,3,,True,,,0.0,0.0,0.0,0.0,0.0,0.0,0.0,0.0,0.0,0.0,0.0,0.0,0.0,20.25,"[0.0, 0.0, 0.0, 0.0, 0.0, 0.0, 0.0, 0.0, 0.0, 0.0, 0.0, 0.0, 0.0, 0.0, 0.0, 0.0, 0.0, 0.0, 0.0]",Reserve/IR,False,Reserve/IR,4877738.0,0,0.0,,2026-09-26 11:43:51,,
843,303,00-0041542,Malick Meiga,WR,SEA,WAS,0.0,2026_03_SEA_WAS,2026-09-27 13:00:00,0.0,0.0,0.0,0.0,0.0,C,5,5.866187398450362,24.0,3,,True,,"https://static.www.nfl.com/image/upload/f_auto,q_auto/league/apgmlcxyj2cngrcwkbno",0.0,0.0,0.0,0.0,0.0,0.0,0.0,0.0,0.0,0.0,0.0,0.0,0.0,16.5,"[0.0, 0.0, 0.0, 0.0, 0.0, 0.0, 0.0, 0.0, 0.0, 0.0, 0.0, 0.0, 0.0, 0.0, 0.0, 0.0, 0.0, 0.0, 0.0]",Exempt,False,Exempt,,0,0.0,,2026-09-26 11:43:51,,
844,36,00-0040003,Lenny Krieg,K,GB,ATL,1.0,2026_03_ATL_GB,2026-09-24 20:15:00,0.0,0.0,0.0,0.0,0.0,C,9,1.1971777595477382,24.0,2,,True,,"https://static.www.nfl.com/image/upload/f_auto,q_auto/league/gxhpy5ntqhgmcwwzn9do",0.0,0.0,0.0,0.0,0.0,0.0,0.0,0.0,0.0,0.0,0.0,0.0,0.0,19.5,"[0.0, 0.0, 0.0, 0.0, 0.0, 0.0, 0.0, 0.0, 0.0, 0.0, 0.0, 0.0, 0.0, 0.0, 0.0, 0.0, 0.0, 0.0, 0.0]",Practice squad,False,Practice squad,5277116.0,0,0.0,,2026-09-24 19:34:09,0.0,nflverse
845,109,00-0039577,Kedon Slovis,QB,GB,ATL,1.0,2026_03_ATL_GB,2026-09-24 20:15:00,0.0,0.0,0.0,0.0,0.0,C,15,0.5220112581182556,24.0,2,,True,,"https://static.www.nfl.com/image/upload/f_auto,q_auto/league/hkvrcpwl9tm41jr3b0x3",0.0,0.0,1.0,-1.0432946174993891,0.0,0.0,0.0,0.0,0.0,0.0,0.0,0.0,0.0,19.5,"[0.0, 0.0, 0.0, 0.0, 0.0, 0.0, 0.0, 0.0, 0.0, 0.0, 0.0, 0.0, 0.0, 0.0, 0.0, 0.0, 0.0, 0.0, 0.0]",Practice squad,False,Practice squad,4428512.0,0,0.0,,2026-09-24 19:34:09,0.0,nflverse
846,186,00-0035700,Josh Jacobs,RB,GB,ATL,1.0,2026_03_ATL_GB,2026-09-24 20:15:00,0.0,0.0,0.0,0.0,0.0,C,23,-2.543547721196131,24.0,4,,False,4.0,"https://static.www.nfl.com/image/upload/f_auto,q_auto/league/uceokxeo0uqrqms3e3vl",2.729938478372893,14.899384719273842,0.0,0.0,57.96295604252302,14.481471287146809,0.0912966568999231,0.0,0.0,0.0,0.0,0.0,0.0,19.5,"[0.0, 0.0, 0.0, 0.0, 0.0, 0.0, 0.0, 0.0, 0.0, 0.0, 0.0, 0.0, 0.0, 0.0, 0.0, 0.0, 0.0, 0.0, 0.0]",Exempt,False,Exempt,4047365.0,0,0.0,,2026-09-24 19:34:09,0.0,nflverse
847,187,00-0036906,Khalil Herbert,RB,ATL,GB,0.0,2026_03_ATL_GB,2026-09-24 20:15:00,0.0,0.0,0.0,0.0,0.0,C,11,1.0900673386436337,19.5,4,,False,,"https://static.www.nfl.com/image/upload/f_auto,q_auto/league/gjwksf9ygntjmtceeerh",0.8871106051380971,3.662745113332464,0.0,0.0,11.989648637915566,0.944261951528135,0.0344286123163051,0.0,0.0,0.0,0.0,0.0,0.0,24.0,"[0.0, 0.0, 0.0, 0.0, 0.0, 0.0, 0.0, 0.0, 0.0, 0.0, 0.0, 0.0, 0.0, 0.0, 0.0, 0.0, 0.0, 0.0, 0.0]",Practice squad,False,Practice squad,4035886.0,0,0.0,,2026-09-24 19:34:09,0.0,nflverse
848,188,00-0036984,Trey Sermon,RB,ATL,GB,0.0,2026_03_ATL_GB,2026-09-24 20:15:00,0.0,0.0,0.0,0.0,0.0,C,11,1.0900673386436337,19.5,4,,True,3.0,"https://static.www.nfl.com/image/upload/f_auto,q_auto/league/eqhl3xiczodsyqlmsxvr",0.0,0.0,0.0,0.0,0.0,0.0,0.0,0.0,0.0,0.0,0.0,0.0,0.0,24.0,"[0.0, 0.0, 0.0, 0.0, 0.0, 0.0, 0.0, 0.0, 0.0, 0.0, 0.0, 0.0, 0.0, 0.0, 0.0, 0.0, 0.0, 0.0, 0.0]",Reserve/IR,False,Reserve/IR,4241401.0,0,0.0,,2026-09-24 19:34:09,0.0,nflverse
849,189,00-0038098,Pierre Strong,RB,GB,ATL,1.0,2026_03_ATL_GB,2026-09-24 20:15:00,0.0,0.0,0.0,0.0,0.0,C,23,-2.543547721196131,24.0,4,,True,,"https://static.www.nfl.com/image/upload/f_auto,q_auto/league/aa0nufst85vutgor1fqv",0.0,0.0,0.0,0.0,0.0,0.0,0.0,0.0,0.0,0.0,0.0,0.0,0.0,19.5,"[0.0, 0.0, 0.0, 0.0, 0.0, 0.0, 0.0, 0.0, 0.0, 0.0, 0.0, 0.0, 0.0, 0.0, 0.0, 0.0, 0.0, 0.0, 0.0]",Practice squad,False,Practice squad,4249836.0,0,0.0,,2026-09-24 19:34:09,0.0,nflverse
850,190,00-0041139,Damon Bankston,RB,GB,ATL,1.0,2026_03_ATL_GB,2026-09-24 20:15:00,0.0,0.0,0.0,0.0,0.0,C,23,-2.543547721196131,24.0,4,,True,,"https://static.www.nfl.com/image/upload/f_auto,q_auto/league/pfbet5qlrhpv0qaxqbax",0.0,0.0,0.0,0.0,0.0,0.0,0.0,0.0,0.0,0.0,0.0,0.0,0.0,19.5,"[0.0, 0.0, 0.0, 0.0, 0.0, 0.0, 0.0, 0.0, 0.0, 0.0, 0.0, 0.0, 0.0, 0.0, 0.0, 0.0, 0.0, 0.0, 0.0]",Practice squad,False,Practice squad,4876378.0,0,0.0,,2026-09-24 19:34:09,0.0,nflverse
851,191,00-0041191,Cash Jones,RB,ATL,GB,0.0,2026_03_ATL_GB,2026-09-24 20:15:00,0.0,0.0,0.0,0.0,0.0,C,11,1.0900673386436337,19.5,4,,True,,"https://static.www.nfl.com/image/upload/f_auto,q_auto/league/w8owngxypixljzcnwyiv",0.0,0.0,0.0,0.0,0.0,0.0,0.0,0.0,0.0,0.0,0.0,0.0,0.0,24.0,"[0.0, 0.0, 0.0, 0.0, 0.0, 0.0, 0.0, 0.0, 0.0, 0.0, 0.0, 0.0, 0.0, 0.0, 0.0, 0.0, 0.0, 0.0, 0.0]",Practice squad,False,Practice squad,4881826.0,0,0.0,,2026-09-24 19:34:09,0.0,nflverse
852,181,00-0039144,Luke Musgrave,TE,GB,ATL,1.0,2026_03_ATL_GB,2026-09-24 20:15:00,0.0,0.0,0.0,0.0,0.0,C,7,4.550797589254076,24.0,2,,False,5.0,"https://static.www.nfl.com/image/upload/f_auto,q_auto/league/jchchyfhiycpvm5zzn2y",2.589687706439699,0.0,0.0,0.0,0.0,20.603792871252235,0.0903214876978999,0.0,0.0,0.0,0.0,0.0,0.0,19.5,"[0.0, 0.0, 0.0, 0.0, 0.0, 0.0, 0.0, 0.0, 0.0, 0.0, 0.0, 0.0, 0.0, 0.0, 0.0, 0.0, 0.0, 0.0, 0.0]",Reserve/IR,False,Reserve/IR,4428085.0,0,0.0,,2026-09-24 19:34:09,0.0,nflverse
853,182,00-0040628,Drake Dabney,TE,GB,ATL,1.0,2026_03_ATL_GB,2026-09-24 20:15:00,0.0,0.0,0.0,0.0,0.0,C,7,4.550797589254076,24.0,2,,True,,"https://static.www.nfl.com/image/upload/f_auto,q_auto/league/olsiufbauh2x6pshrygm",2.0,0.0,0.0,0.0,0.0,3.0,0.2,0.0,0.0,0.0,0.0,0.0,0.0,19.5,"[0.0, 0.0, 0.0, 0.0, 0.0, 0.0, 0.0, 0.0, 0.0, 0.0, 0.0, 0.0, 0.0, 0.0, 0.0, 0.0, 0.0, 0.0, 0.0]",Practice squad,False,Practice squad,4429466.0,0,0.0,,2026-09-24 19:34:09,0.0,nflverse
854,183,00-0039263,McCallan Castles,TE,GB,ATL,1.0,2026_03_ATL_GB,2026-09-24 20:15:00,0.0,0.0,0.0,0.0,0.0,C,7,4.550797589254076,24.0,2,,True,,"https://static.www.nfl.com/image/upload/f_auto,q_auto/league/r3amk2t7xokcd4rsohns",0.0,0.0,0.0,0.0,0.0,0.0,0.0,0.0,0.0,0.0,0.0,0.0,0.0,19.5,"[0.0, 0.0, 0.0, 0.0, 0.0, 0.0, 0.0, 0.0, 0.0, 0.0, 0.0, 0.0, 0.0, 0.0, 0.0, 0.0, 0.0, 0.0, 0.0]",Reserve/IR,False,Reserve/IR,4372741.0,0,0.0,,2026-09-24 19:34:09,0.0,nflverse
855,184,00-0039936,Thomas Yassmin,TE,GB,ATL,1.0,2026_03_ATL_GB,2026-09-24 20:15:00,0.0,0.0,0.0,0.0,0.0,C,7,4.550797589254076,24.0,2,,True,6.0,"https://static.www.nfl.com/image/upload/f_auto,q_auto/league/dojmdkrk14lr14g8wr3o",0.0,0.0,0.0,0.0,0.0,0.0,0.0,0.0,0.0,0.0,0.0,0.0,0.0,19.5,"[0.0, 0.0, 0.0, 0.0, 0.0, 0.0, 0.0, 0.0, 0.0, 0.0, 0.0, 0.0, 0.0, 0.0, 0.0, 0.0, 0.0, 0.0, 0.0]",Reserve/IR,False,Reserve/IR,,0,0.0,,2026-09-24 19:34:09,0.0,nflverse
856,185,00-0041195,Jack Velling,TE,ATL,GB,0.0,2026_03_ATL_GB,2026-09-24 20:15:00,0.0,0.0,0.0,0.0,0.0,C,10,1.8463426778507053,19.5,2,,True,,"https://static.www.nfl.com/image/upload/f_auto,q_auto/league/wotouog19khzog4kfwmq",0.0,0.0,0.0,0.0,0.0,0.0,0.0,0.0,0.0,0.0,0.0,0.0,0.0,24.0,"[0.0, 0.0, 0.0, 0.0, 0.0, 0.0, 0.0, 0.0, 0.0, 0.0, 0.0, 0.0, 0.0, 0.0, 0.0, 0.0, 0.0, 0.0, 0.0]",Practice squad,False,Practice squad,,0,0.0,,2026-09-24 19:34:09,0.0,nflverse
857,304,00-0040009,Savion Williams,WR,GB,ATL,1.0,2026_03_ATL_GB,2026-09-24 20:15:00,0.0,0.0,0.0,0.0,0.0,C,18,0.0955672049176264,24.0,3,,False,6.0,"https://static.www.nfl.com/image/upload/f_auto,q_auto/league/snmedlu4ra62snufe1qg",0.8128617838444132,0.9084327025811838,0.0,0.0,2.749612418309964,6.977883288380445,0.025484198355009,0.0,0.0,0.0,0.0,0.0,0.0,19.5,"[0.0, 0.0, 0.0, 0.0, 0.0, 0.0, 0.0, 0.0, 0.0, 0.0, 0.0, 0.0, 0.0, 0.0, 0.0, 0.0, 0.0, 0.0, 0.0]",Reserve/IR,False,Reserve/IR,4431487.0,0,0.0,,2026-09-24 19:34:09,0.0,nflverse
858,305,00-0039146,Jayden Reed,WR,GB,ATL,1.0,2026_03_ATL_GB,2026-09-24 20:15:00,0.0,0.0,0.0,0.0,0.0,C,18,0.0955672049176264,24.0,3,Out,False,,"https://static.www.nfl.com/image/upload/f_auto,q_auto/league/uhb95fij1uo92ymqxpmg",4.199250007529496,0.2149545269406285,0.0,0.0,2.284960586706588,21.33557712751173,0.1240295900326983,0.0,0.0,0.0,0.0,0.0,0.0,19.5,"[0.0, 0.0, 0.0, 0.0, 0.0, 0.0, 0.0, 0.0, 0.0, 0.0, 0.0, 0.0, 0.0, 0.0, 0.0, 0.0, 0.0, 0.0, 0.0]",Out,False,Active,4362249.0,2,6.4,3.2,2026-09-24 19:34:09,0.0,nflverse
859,306,00-0038953,Dylan Drummond,WR,ATL,GB,0.0,2026_03_ATL_GB,2026-09-24 20:15:00,0.0,0.0,0.0,0.0,0.0,C,4,6.271161181040156,19.5,3,,False,,"https://static.www.nfl.com/image/upload/f_auto,q_auto/league/xyexcy7ur9nscytyhinx",1.6218761679066338,0.0,0.0,0.0,0.0,6.138988825221273,0.0621124037140811,0.0,0.0,0.0,0.0,0.0,0.0,24.0,"[0.0, 0.0, 0.0, 0.0, 0.0, 0.0, 0.0, 0.0, 0.0, 0.0, 0.0, 0.0, 0.0, 0.0, 0.0, 0.0, 0.0, 0.0, 0.0]",Practice squad,False,Practice squad,4363551.0,0,0.0,,2026-09-24 19:34:09,0.0,nflverse
860,307,00-0040432,Beaux Collins,WR,ATL,GB,0.0,2026_03_ATL_GB,2026-09-24 20:15:00,0.0,0.0,0.0,0.0,0.0,C,4,6.271161181040156,19.5,3,,False,6.0,"https://static.www.nfl.com/image/upload/f_auto,q_auto/league/fypzpyhv2bsvlcwp2ppo",1.5414237004865428,0.0,0.0,0.0,0.0,6.768556295688034,0.0519640483887389,0.0,0.0,0.0,0.0,0.0,0.0,24.0,"[0.0, 0.0, 0.0, 0.0, 0.0, 0.0, 0.0, 0.0, 0.0, 0.0, 0.0, 0.0, 0.0, 0.0, 0.0, 0.0, 0.0, 0.0, 0.0]",Reserve/IR,False,Reserve/IR,4431210.0,0,0.0,,2026-09-24 19:34:09,0.0,nflverse
861,308,00-0040438,Antwane Wells Jr.,WR,ATL,GB,0.0,2026_03_ATL_GB,2026-09-24 20:15:00,0.0,0.0,0.0,0.0,0.0,C,4,6.271161181040156,19.5,3,,True,,"https://static.www.nfl.com/image/upload/f_auto,q_auto/league/mijumyvz5ifhbq2xzlx6",0.0,0.0,0.0,0.0,0.0,0.0,0.0,0.0,0.0,0.0,0.0,0.0,0.0,24.0,"[0.0, 0.0, 0.0, 0.0, 0.0, 0.0, 0.0, 0.0, 0.0, 0.0, 0.0, 0.0, 0.0, 0.0, 0.0, 0.0, 0.0, 0.0, 0.0]",Practice squad,False,Practice squad,4696062.0,0,0.0,,2026-09-24 19:34:09,0.0,nflverse
862,309,00-0040553,Quincy Skinner Jr.,WR,GB,ATL,1.0,2026_03_ATL_GB,2026-09-24 20:15:00,0.0,0.0,0.0,0.0,0.0,C,18,0.0955672049176264,24.0,3,,True,,"https://static.www.nfl.com/image/upload/f_auto,q_auto/league/ni8qfwwvpyklvxqseorj",0.0,0.0,0.0,0.0,0.0,0.0,0.0,0.0,0.0,0.0,0.0,0.0,0.0,19.5,"[0.0, 0.0, 0.0, 0.0, 0.0, 0.0, 0.0, 0.0, 0.0, 0.0, 0.0, 0.0, 0.0, 0.0, 0.0, 0.0, 0.0, 0.0, 0.0]",Practice squad,False,Practice squad,4572380.0,0,0.0,,2026-09-24 19:34:09,0.0,nflverse
863,310,00-0040558,Isaiah Neyor,WR,GB,ATL,1.0,2026_03_ATL_GB,2026-09-24 20:15:00,0.0,0.0,0.0,0.0,0.0,C,18,0.0955672049176264,24.0,3,,True,,"https://static.www.nfl.com/image/upload/f_auto,q_auto/league/kpmodyntguke9pmvxeyw",0.0,0.0,0.0,0.0,0.0,0.0,0.0,0.0,0.0,0.0,0.0,0.0,0.0,19.5,"[0.0, 0.0, 0.0, 0.0, 0.0, 0.0, 0.0, 0.0, 0.0, 0.0, 0.0, 0.0, 0.0, 0.0, 0.0, 0.0, 0.0, 0.0, 0.0]",Practice squad,False,Practice squad,4428116.0,0,0.0,,2026-09-24 19:34:09,0.0,nflverse
864,311,00-0041185,Vinny Anthony II,WR,ATL,GB,0.0,2026_03_ATL_GB,2026-09-24 20:15:00,0.0,0.0,0.0,0.0,0.0,C,4,6.271161181040156,19.5,3,,True,,"https://static.www.nfl.com/image/upload/f_auto,q_auto/league/za7sl8mdnvpy1lvo7gva",0.0,0.0,0.0,0.0,0.0,0.0,0.0,0.0,0.0,0.0,0.0,0.0,0.0,24.0,"[0.0, 0.0, 0.0, 0.0, 0.0, 0.0, 0.0, 0.0, 0.0, 0.0, 0.0, 0.0, 0.0, 0.0, 0.0, 0.0, 0.0, 0.0, 0.0]",Practice squad,False,Practice squad,4869816.0,0,0.0,,2026-09-24 19:34:09,0.0,nflverse
