overall_rank,pos_rank,player_id,full_name,position,team,opponent_team,home,game_id,kickoff,proj,floor,ceiling,neutral,matchup_pts,matchup_grade,opp_rank,d_idx,implied,tier,injury,limited_history,depth_rank,headshot_url,f_targets,f_carries,f_attempts,f_passing_yards,f_rushing_yards,f_receiving_yards,f_target_share,f_fg_att,f_pat_att,f_fg_made_50plus,f_def_sacks,f_takeaways,f_points_allowed,opp_implied,outcomes,status,available,roster_status,espn_id,season_games,season_points,season_ppg,published_at,actual,actual_source
1,1,00-0034857,Josh Allen,QB,BUF,DET,1.0,2026_02_DET_BUF,2026-09-17 20:15:00,24.28568052882376,16.458324508732893,33.18687472162652,22.13049088077925,2.1551896480445123,A,4,4.2979295877142425,29.0,1,,False,1.0,"https://static.www.nfl.com/image/upload/f_auto,q_auto/league/mjwbioajzldkq1vzoz2d",0.0,7.399141695006996,29.833037361829938,263.7368403133529,34.15805959758146,0.0,0.0,0.0,0.0,0.0,0.0,0.0,0.0,24.5,"[11.81, 14.15, 16.46, 17.59, 18.67, 19.72, 20.53, 21.42, 22.12, 23.5, 24.44, 25.16, 26.38, 27.83, 29.82, 31.24, 33.19, 35.01, 38.02]",Active,True,Active,3918298.0,1,35.7,35.7,2026-09-15 17:18:27,,
2,1,00-0038542,Bijan Robinson,RB,ATL,CAR,1.0,2026_02_CAR_ATL,2026-09-20 13:00:00,23.355908554904445,14.1757719816058,34.677001798486614,22.56057286252862,0.7953356923758257,B,1,12.644916609943568,20.5,1,,False,1.0,"https://static.www.nfl.com/image/upload/f_auto,q_auto/league/esii5yb8yn9edboi4mlq",7.301631463217023,18.46131357776392,0.0,0.0,88.12406259551494,58.54719698993839,0.3003696604231305,0.0,0.0,0.0,0.0,0.0,0.0,23.0,"[7.19, 10.79, 14.18, 14.89, 16.32, 17.68, 19.98, 20.9, 23.07, 24.04, 25.87, 26.85, 27.62, 28.86, 30.41, 32.42, 34.68, 36.11, 38.37]",Active,True,Active,4430807.0,1,31.3,31.3,2026-09-15 17:18:27,,
3,2,00-0039139,Jahmyr Gibbs,RB,DET,BUF,0.0,2026_02_DET_BUF,2026-09-17 20:15:00,21.587274303652684,11.843263583455691,32.38850556947436,20.978296874002638,0.6089774296500501,C,3,8.27505973190486,24.5,2,,False,1.0,"https://static.www.nfl.com/image/upload/f_auto,q_auto/league/cursejnmmp1i9hnxihkj",5.647372595157865,18.752137873796528,0.0,0.0,94.65242465502428,36.21291751269796,0.15505155795932,0.0,0.0,0.0,0.0,0.0,0.0,29.0,"[8.34, 10.27, 11.84, 13.64, 14.82, 16.27, 17.25, 18.21, 19.41, 20.2, 21.71, 23.32, 24.53, 26.29, 27.61, 29.72, 32.39, 35.34, 38.45]",Active,True,Active,4429795.0,1,33.6,33.6,2026-09-15 17:18:27,,
4,2,00-0039918,Caleb Williams,QB,CHI,MIN,1.0,2026_02_MIN_CHI,2026-09-20 13:00:00,21.404587749397407,13.331314257571272,30.267169787866603,20.86897535668393,0.5356123927134782,C,25,-2.0044000613378,27.0,2,,False,1.0,"https://static.www.nfl.com/image/upload/f_auto,q_auto/league/h4qs11kutwiw7whekmyt",0.0564834276266302,5.882311816597328,34.05130980672297,254.09457875285628,34.932090207494745,0.6213177038929328,0.0016612772831361,0.0,0.0,0.0,0.0,0.0,0.0,21.5,"[8.27, 10.95, 13.33, 14.94, 15.99, 17.23, 18.38, 19.39, 20.45, 21.44, 22.57, 23.54, 24.68, 25.84, 27.18, 28.72, 30.27, 31.95, 36.0]",Active,True,Active,4431611.0,1,37.3,37.3,2026-09-15 17:18:27,,
5,3,00-0033873,Patrick Mahomes,QB,KC,IND,1.0,2026_02_IND_KC,2026-09-20 20:20:00,20.710781297375917,12.637507805549776,29.57336333584511,18.88162328478691,1.8291580125890012,A,6,4.026471143335463,27.0,2,,False,1.0,"https://static.www.nfl.com/image/upload/f_auto,q_auto/league/wdckwtob1lybvkmxnf7p",0.0739967911328164,5.100074557590175,32.923516365864174,231.10141972271103,26.986028433301502,-0.7399679113281648,0.0025516134873384,0.0,0.0,0.0,0.0,0.0,0.0,20.5,"[7.58, 10.26, 12.64, 14.24, 15.3, 16.54, 17.68, 18.7, 19.75, 20.74, 21.88, 22.85, 23.99, 25.15, 26.49, 28.03, 29.57, 31.26, 35.31]",Active,True,Active,3139477.0,1,21.7,21.7,2026-09-15 17:18:27,,
6,3,00-0033280,Christian McCaffrey,RB,SF,MIA,1.0,2026_02_MIA_SF,2026-09-20 16:25:00,20.163874648724573,10.41986392852758,30.96510591454625,18.814774550086906,1.3491000986376704,B,2,8.811680565102481,29.5,3,,False,1.0,"https://static.www.nfl.com/image/upload/f_auto,q_auto/league/st82s2ytyzanatcmkqck",7.232023292792093,15.122810556155816,0.0435546767709675,0.0,67.78343770833457,40.05946363281939,0.2281965963189568,0.0,0.0,0.0,0.0,0.0,0.0,16.0,"[6.91, 8.85, 10.42, 12.22, 13.4, 14.84, 15.83, 16.79, 17.98, 18.77, 20.29, 21.89, 23.1, 24.87, 26.19, 28.29, 30.97, 33.92, 37.02]",Active,True,Active,3117251.0,1,13.8,13.8,2026-09-15 17:18:27,,
7,4,00-0038134,Kenneth Walker III,RB,KC,IND,1.0,2026_02_IND_KC,2026-09-20 20:20:00,19.7400954952138,9.996084775016808,30.54132676103548,18.823552842576348,0.9165426526374532,B,6,5.822443313944017,27.0,3,,False,1.0,"https://static.www.nfl.com/image/upload/f_auto,q_auto/league/vk6nruaqdewdglofcwwg",3.661748447999915,17.582376217124175,0.0,0.0,101.80357473250965,21.93301610293056,0.141940402571936,0.0,0.0,0.0,0.0,0.0,0.0,20.5,"[6.49, 8.42, 10.0, 11.8, 12.98, 14.42, 15.41, 16.37, 17.56, 18.35, 19.87, 21.47, 22.68, 24.44, 25.76, 27.87, 30.54, 33.49, 36.6]",Active,True,Active,4567048.0,1,34.1,34.1,2026-09-15 17:18:27,,
8,4,00-0040691,Jaxson Dart,QB,NYG,LA,0.0,2026_02_NYG_LA,2026-09-21 20:15:00,19.07404449081537,11.000770998989235,27.936626529284567,19.15283627278313,-0.0787917819677588,C,8,2.704118974639344,20.75,3,,False,1.0,"https://static.www.nfl.com/image/upload/f_auto,q_auto/league/n6uymxssgiicjmxkzxoc",0.0,7.725903571682958,26.87313203892972,191.4745468115637,41.80819747999592,0.0,0.0,0.0,0.0,0.0,0.0,0.0,0.0,27.75,"[5.94, 8.62, 11.0, 12.61, 13.66, 14.9, 16.05, 17.06, 18.12, 19.1, 20.24, 21.21, 22.35, 23.51, 24.85, 26.39, 27.94, 29.62, 33.67]",Active,True,Active,4689114.0,1,26.6,26.6,2026-09-15 17:18:27,,
9,5,00-0033077,Dak Prescott,QB,DAL,WAS,1.0,2026_02_WAS_DAL,2026-09-20 16:25:00,19.047711385298584,10.974437893472448,27.91029342376778,17.1699754190904,1.877735966208185,A,7,3.9408070996962703,27.5,3,,False,1.0,"https://static.www.nfl.com/image/upload/f_auto,q_auto/league/yvscmqq1qki8zfsemmcd",0.0,2.7765183455426268,33.91383688433026,236.93554195376467,11.410576076548782,0.0,0.0,0.0,0.0,0.0,0.0,0.0,0.0,23.0,"[5.91, 8.6, 10.97, 12.58, 13.64, 14.87, 16.02, 17.03, 18.09, 19.08, 20.21, 21.19, 22.33, 23.49, 24.82, 26.37, 27.91, 29.6, 33.64]",Active,True,Active,2577417.0,1,14.4,14.4,2026-09-15 17:18:27,,
10,6,00-0037834,Brock Purdy,QB,SF,MIA,1.0,2026_02_MIA_SF,2026-09-20 16:25:00,18.98456054421461,10.91128705238847,27.8471425826838,17.433442511273206,1.5511180329413996,A,12,1.1694308498270898,29.5,3,,False,1.0,"https://static.www.nfl.com/image/upload/f_auto,q_auto/league/xs2fyj1sqdgwvt9ihbri",0.0,4.6891112087936815,31.809976782142744,219.66640225695485,23.755155647167232,0.0,0.0,0.0,0.0,0.0,0.0,0.0,0.0,16.0,"[5.85, 8.53, 10.91, 12.52, 13.57, 14.81, 15.96, 16.97, 18.03, 19.02, 20.15, 21.12, 22.26, 23.42, 24.76, 26.3, 27.85, 29.53, 33.58]",Active,True,Active,4361741.0,1,21.1,21.1,2026-09-15 17:18:27,,
11,5,00-0032764,Derrick Henry,RB,BAL,NO,1.0,2026_02_NO_BAL,2026-09-20 13:00:00,18.97382512535733,9.229814405160331,29.775056391179,18.10954475303038,0.8642803723269452,B,7,4.401906436986384,27.5,3,,False,1.0,"https://static.www.nfl.com/image/upload/f_auto,q_auto/league/tm79x0iknqg6hms3ypyt",1.0816886298956938,20.66777215301398,0.022501702554222,0.0,115.90214351793246,11.536746768287603,0.0439388641092625,0.0,0.0,0.0,0.0,0.0,0.0,19.0,"[5.72, 7.66, 9.23, 11.03, 12.21, 13.65, 14.64, 15.6, 16.79, 17.58, 19.1, 20.7, 21.91, 23.68, 25.0, 27.1, 29.78, 32.73, 35.83]",Active,True,Active,3043078.0,1,35.3,35.3,2026-09-15 17:18:27,,
12,7,00-0036971,Trevor Lawrence,QB,JAX,DEN,0.0,2026_02_JAX_DEN,2026-09-20 16:05:00,18.90905869073828,10.835785198912143,27.77164072920748,19.299575593085954,-0.3905169023476738,C,13,1.0946953212857289,21.0,3,,False,1.0,"https://static.www.nfl.com/image/upload/f_auto,q_auto/league/k9uzdernqkx7oquy7dkg",0.0,4.119470693326446,29.475448573447757,241.4515071258957,17.39501305590268,0.0,0.0,0.0,0.0,0.0,0.0,0.0,0.0,23.5,"[5.78, 8.46, 10.84, 12.44, 13.5, 14.73, 15.88, 16.9, 17.95, 18.94, 20.08, 21.05, 22.19, 23.35, 24.68, 26.23, 27.77, 29.46, 33.5]",Active,True,Active,4360310.0,1,26.1,26.1,2026-09-15 17:18:27,,
13,8,00-0039851,Drake Maye,QB,NE,PIT,1.0,2026_02_PIT_NE,2026-09-20 13:00:00,18.5262737984727,10.453000306646564,27.388855836941897,17.751976251847886,0.7742975466248154,B,10,1.6056011560215295,23.0,3,,False,1.0,"https://static.www.nfl.com/image/upload/f_auto,q_auto/league/s1nmoon2xnrc3bnyulv4",0.0676023329420459,6.524339240141195,30.198052886044948,222.926689226878,36.81355775533577,0.0252151969342377,0.0023170108724147,0.0,0.0,0.0,0.0,0.0,0.0,18.5,"[5.39, 8.07, 10.45, 12.06, 13.12, 14.35, 15.5, 16.51, 17.57, 18.56, 19.69, 20.66, 21.8, 22.96, 24.3, 25.84, 27.39, 29.07, 33.12]",Active,True,Active,4431452.0,1,9.8,9.8,2026-09-15 17:18:27,,
14,9,00-0034796,Lamar Jackson,QB,BAL,NO,1.0,2026_02_NO_BAL,2026-09-20 13:00:00,18.39823206078171,10.324958568955571,27.260814099250904,17.47513679034756,0.9230952704341496,B,19,-0.5099946304405306,27.5,3,,False,1.0,"https://static.www.nfl.com/image/upload/f_auto,q_auto/league/eno6s5qzl9grbfbfwhoa",0.0,5.597170487425537,23.245609958728068,234.7148176342012,29.230142030055656,0.0,0.0,0.0,0.0,0.0,0.0,0.0,0.0,19.0,"[5.26, 7.95, 10.32, 11.93, 12.99, 14.22, 15.37, 16.38, 17.44, 18.43, 19.56, 20.54, 21.68, 22.84, 24.17, 25.72, 27.26, 28.95, 32.99]",Active,True,Active,3916387.0,1,25.0,25.0,2026-09-15 17:18:27,,
15,1,00-0037239,Chris Olave,WR,NO,BAL,0.0,2026_02_NO_BAL,2026-09-20 13:00:00,18.39322148199588,8.272550786310067,28.684000574162383,18.806814498124016,-0.4135930161281358,C,15,-0.5013475420510421,19.0,1,,False,1.0,"https://static.www.nfl.com/image/upload/f_auto,q_auto/league/onmxufsprtvglhejg94o",10.744988351063274,0.0385730661984313,0.0272752766800684,0.0,-0.115719198595294,110.47944717323732,0.2811887352131887,0.0,0.0,0.0,0.0,0.0,0.0,27.5,"[4.75, 6.82, 8.27, 9.71, 10.92, 13.18, 14.3, 15.39, 16.1, 17.65, 18.86, 20.46, 21.89, 23.06, 24.53, 26.11, 28.68, 31.24, 35.15]",Active,True,Active,4361370.0,1,28.2,28.2,2026-09-15 17:18:27,,
16,2,00-0036963,Amon-Ra St. Brown,WR,DET,BUF,0.0,2026_02_DET_BUF,2026-09-17 20:15:00,18.35691781884132,8.236247123155508,28.647696911007827,18.19213481052351,0.1647830083178121,C,11,1.7504780414516543,24.5,1,,False,1.0,"https://static.www.nfl.com/image/upload/f_auto,q_auto/league/fd8nwhm6pvxfyzphzl6i",11.728756968083491,0.0704494023617278,0.0,0.0,0.2028012613870871,80.47995173344923,0.3340033438491835,0.0,0.0,0.0,0.0,0.0,0.0,29.0,"[4.71, 6.78, 8.24, 9.68, 10.88, 13.14, 14.27, 15.35, 16.06, 17.61, 18.82, 20.42, 21.85, 23.02, 24.49, 26.08, 28.65, 31.2, 35.11]",Active,True,Active,4374302.0,1,28.7,28.7,2026-09-15 17:18:27,,
17,10,00-0036389,Jalen Hurts,QB,PHI,TEN,0.0,2026_02_PHI_TEN,2026-09-20 13:00:00,18.32853516103251,10.255261669206371,27.191117199501704,18.49417606696252,-0.1656409059300081,C,14,0.7384638850487145,23.25,3,,False,1.0,"https://static.www.nfl.com/image/upload/f_auto,q_auto/league/xow5yvxjeqa6witmofmp",0.0,6.245771761973074,28.04382396197526,197.86180483260424,30.44126993928256,0.0,0.0,0.0,0.0,0.0,0.0,0.0,0.0,16.25,"[5.19, 7.88, 10.26, 11.86, 12.92, 14.15, 15.3, 16.31, 17.37, 18.36, 19.49, 20.47, 21.61, 22.77, 24.1, 25.65, 27.19, 28.88, 32.92]",Active,True,Active,4040715.0,1,24.7,24.7,2026-09-15 17:18:27,,
18,3,00-0039075,Puka Nacua,WR,LA,NYG,1.0,2026_02_NYG_LA,2026-09-21 20:15:00,18.31953802936201,8.198867333676201,28.61031712152852,17.985817831293318,0.333720198068697,C,27,-6.225112076595758,27.75,1,,False,1.0,"https://static.www.nfl.com/image/upload/f_auto,q_auto/league/ipy6qw7hdygdfc8k86ba",10.761092918722996,0.7304513770153139,0.0,0.0,4.775396722721956,99.89632744995592,0.3218732692857483,0.0,0.0,0.0,0.0,0.0,0.0,20.75,"[4.67, 6.74, 8.2, 9.64, 10.85, 13.1, 14.23, 15.32, 16.02, 17.58, 18.78, 20.39, 21.82, 22.98, 24.46, 26.04, 28.61, 31.17, 35.08]",Active,True,Active,4426515.0,1,12.4,12.4,2026-09-15 17:18:27,,
19,4,00-0038543,Jaxon Smith-Njigba,WR,SEA,ARI,0.0,2026_02_SEA_ARI,2026-09-20 16:25:00,18.24936361741285,8.128692921727037,28.54014270957936,18.31617392770301,-0.0668103102901582,C,19,-1.2448508455267375,23.0,1,,False,1.0,"https://static.www.nfl.com/image/upload/f_auto,q_auto/league/yx1xjrupbqdknnjaq4a6",9.87068600063608,0.1825799073576267,0.0,0.0,0.9066866283531444,99.86090186227456,0.3756575513388382,0.0,0.0,0.0,0.0,0.0,0.0,18.5,"[4.6, 6.67, 8.13, 9.57, 10.78, 13.03, 14.16, 15.25, 15.95, 17.51, 18.71, 20.32, 21.75, 22.91, 24.39, 25.97, 28.54, 31.1, 35.01]",Active,True,Active,4430878.0,1,26.2,26.2,2026-09-15 17:18:27,,
20,11,00-0039910,Jayden Daniels,QB,WAS,DAL,0.0,2026_02_WAS_DAL,2026-09-20 16:25:00,17.911579841953877,10.040720292773155,25.81411666895364,16.86596665135837,1.0456131905955068,B,2,6.541743028808408,23.0,3,,False,1.0,"https://static.www.nfl.com/image/upload/f_auto,q_auto/league/gfz8k5onuqjrche9ogqc",0.0,6.8021353494080445,29.30975771030127,168.80327742161384,35.41003176185938,0.0,0.0,0.0,0.0,0.0,0.0,0.0,0.0,27.5,"[5.31, 8.21, 10.04, 11.45, 12.61, 13.89, 14.94, 15.9, 16.94, 17.77, 18.77, 19.58, 20.48, 21.59, 22.84, 24.15, 25.81, 28.0, 30.67]",Active,True,Active,4426348.0,1,17.7,17.7,2026-09-15 17:18:27,,
21,6,00-0036223,Jonathan Taylor,RB,IND,KC,0.0,2026_02_IND_KC,2026-09-20 20:20:00,17.83394743477125,9.351873858087508,26.427677885497545,18.47766130817114,-0.6437138733998893,D,31,-4.661314209049643,20.5,3,,False,1.0,"https://static.www.nfl.com/image/upload/f_auto,q_auto/league/yw46ky6akdm7h7siofu8",3.45995863624811,19.014332896707437,0.0,0.0,89.02900690161113,21.296224864792904,0.1181698854943082,0.0,0.0,0.0,0.0,0.0,0.0,27.0,"[6.53, 8.09, 9.35, 10.53, 11.66, 12.6, 13.59, 14.64, 15.51, 16.56, 17.55, 18.63, 19.82, 21.07, 22.46, 24.47, 26.43, 28.7, 33.38]",Active,True,Active,4242335.0,1,25.1,25.1,2026-09-15 17:18:27,,
22,12,00-0036355,Justin Herbert,QB,LAC,LV,1.0,2026_02_LV_LAC,2026-09-20 16:05:00,17.79990936283655,9.929049813655832,25.70244618983631,16.920562506535056,0.8793468563014954,B,15,0.6907042166017388,25.25,3,,False,1.0,"https://static.www.nfl.com/image/upload/f_auto,q_auto/league/jnkspnntgebegzp4ghve",0.0,5.606953127764625,29.5371426958274,215.02922483982823,32.75407257884026,0.0,0.0,0.0,0.0,0.0,0.0,0.0,0.0,18.25,"[5.19, 8.1, 9.93, 11.34, 12.5, 13.78, 14.82, 15.79, 16.82, 17.66, 18.66, 19.47, 20.37, 21.47, 22.73, 24.04, 25.7, 27.89, 30.56]",Active,True,Active,4038941.0,1,13.3,13.3,2026-09-15 17:18:27,,
23,13,00-0036264,Jordan Love,QB,GB,NYJ,0.0,2026_02_GB_NYJ,2026-09-20 13:00:00,17.619140866503077,9.748281317322355,25.52167769350284,17.276874864882657,0.3422660016204197,C,9,2.326097739324878,24.5,3,,False,1.0,"https://static.www.nfl.com/image/upload/f_auto,q_auto/league/thz8stjkbjwddxqnozi5",0.0,2.226155791865964,33.994681688916494,275.6950341971133,8.69646030576097,0.0,0.0,0.0,0.0,0.0,0.0,0.0,0.0,20.0,"[5.01, 7.92, 9.75, 11.16, 12.32, 13.6, 14.64, 15.61, 16.64, 17.48, 18.48, 19.29, 20.19, 21.29, 22.55, 23.86, 25.52, 27.71, 30.38]",Active,True,Active,4036378.0,1,19.5,19.5,2026-09-15 17:18:27,,
24,14,00-0036945,Justin Fields,QB,KC,IND,1.0,2026_02_IND_KC,2026-09-20 20:20:00,17.48619117633921,9.615331627158492,25.38872800333897,15.657033163750214,1.829158012588998,A,6,4.026471143335463,27.0,3,,False,2.0,"https://static.www.nfl.com/image/upload/f_auto,q_auto/league/npjrombgxkc5vjkctcgy",0.1532710372085236,7.990094374382617,22.55371178594281,134.81607827115874,41.89936213732519,0.0,0.0058950398926355,0.0,0.0,0.0,0.0,0.0,0.0,20.5,"[4.88, 7.78, 9.62, 11.02, 12.18, 13.47, 14.51, 15.47, 16.51, 17.34, 18.35, 19.15, 20.05, 21.16, 22.42, 23.73, 25.39, 27.57, 30.24]",Active,True,Active,4362887.0,0,0.0,,2026-09-15 17:18:27,,
25,7,00-0036997,Javonte Williams,RB,DAL,WAS,1.0,2026_02_WAS_DAL,2026-09-20 16:25:00,17.368575962295537,8.886502385611795,25.962306413021835,16.79650891395818,0.572067048337356,B,18,0.1518324106292128,27.5,3,,False,1.0,"https://static.www.nfl.com/image/upload/f_auto,q_auto/league/xvwroirev2kie6oiphtz",3.488579898425139,14.421290419242776,0.0,0.0,62.42585590575598,14.308305646815628,0.1044425742293276,0.0,0.0,0.0,0.0,0.0,0.0,23.0,"[6.06, 7.63, 8.89, 10.07, 11.19, 12.13, 13.12, 14.18, 15.05, 16.1, 17.08, 18.17, 19.35, 20.61, 22.0, 24.01, 25.96, 28.24, 32.92]",Active,True,Active,4361579.0,1,24.2,24.2,2026-09-15 17:18:27,,
26,8,00-0040122,Ashton Jeanty,RB,LV,LAC,0.0,2026_02_LV_LAC,2026-09-20 16:05:00,17.248881266624846,8.766807689941103,25.84261171735114,17.8104485121486,-0.5615672455237544,D,23,-0.494684076020096,18.25,3,,False,1.0,"https://static.www.nfl.com/image/upload/f_auto,q_auto/league/syspis1mntov9kgspb7r",4.942399047518653,18.14027703511252,0.0,0.0,71.69956568358292,28.733819194343585,0.1731145927756048,0.0,0.0,0.0,0.0,0.0,0.0,25.25,"[5.94, 7.51, 8.77, 9.95, 11.07, 12.01, 13.0, 14.06, 14.93, 15.98, 16.96, 18.05, 19.23, 20.49, 21.88, 23.89, 25.84, 28.12, 32.8]",Active,True,Active,4890973.0,1,32.7,32.7,2026-09-15 17:18:27,,
27,15,00-0039150,Bryce Young,QB,CAR,ATL,0.0,2026_02_CAR_ATL,2026-09-20 13:00:00,17.194097257988314,9.323237708807596,25.096634084988075,17.43142565189659,-0.2373283939082746,C,16,0.5603108006924045,23.0,3,,False,1.0,"https://static.www.nfl.com/image/upload/f_auto,q_auto/league/vcvhmxvxw2a3armle0af",0.0,3.189648619193259,32.31500878345134,245.0328659052135,14.071002229796049,0.0,0.0,0.0,0.0,0.0,0.0,0.0,0.0,20.5,"[4.59, 7.49, 9.32, 10.73, 11.89, 13.17, 14.22, 15.18, 16.22, 17.05, 18.05, 18.86, 19.76, 20.87, 22.12, 23.44, 25.1, 27.28, 29.95]",Active,True,Active,4685720.0,1,31.4,31.4,2026-09-15 17:18:27,,
28,16,00-0040743,Tyler Shough,QB,NO,BAL,0.0,2026_02_NO_BAL,2026-09-20 13:00:00,17.079487868422024,9.208628319241305,24.982024695421785,18.316769102197185,-1.2372812337751604,D,23,-1.6045644879737606,19.0,3,,False,1.0,"https://static.www.nfl.com/image/upload/f_auto,q_auto/league/toiafc7qighw86geo7jf",0.0,4.173384713928379,39.82221998890832,295.204622995113,15.077997128487242,0.0,0.0,0.0,0.0,0.0,0.0,0.0,0.0,27.5,"[4.47, 7.38, 9.21, 10.62, 11.78, 13.06, 14.1, 15.07, 16.1, 16.94, 17.94, 18.75, 19.65, 20.75, 22.01, 23.32, 24.98, 27.17, 29.84]",Active,True,Active,4360689.0,1,23.2,23.2,2026-09-15 17:18:27,,
29,17,00-0039732,Bo Nix,QB,DEN,JAX,1.0,2026_02_JAX_DEN,2026-09-20 16:05:00,16.41622854552967,8.54536899634895,24.318765372529427,16.13436437777043,0.2818641677592381,C,21,-1.0024089234677362,23.5,3,,False,1.0,"https://static.www.nfl.com/image/upload/f_auto,q_auto/league/zvo9xatffmqn9lnukpgk",0.0405644629560662,4.984422409243283,34.40659003399467,207.26455768639187,16.788999797155633,0.0,0.0011267906376685,0.0,0.0,0.0,0.0,0.0,0.0,21.0,"[3.81, 6.71, 8.55, 9.95, 11.11, 12.4, 13.44, 14.41, 15.44, 16.27, 17.28, 18.08, 18.98, 20.09, 21.35, 22.66, 24.32, 26.5, 29.17]",Active,True,Active,4426338.0,1,5.4,5.4,2026-09-15 17:18:27,,
30,1,00-0037744,Trey McBride,TE,ARI,SEA,1.0,2026_02_SEA_ARI,2026-09-20 16:25:00,16.415737391909236,8.267657147730864,24.997860970326272,16.913057235583267,-0.4973198436740311,C,18,-1.0937770456780598,18.5,1,,False,1.0,"https://static.www.nfl.com/image/upload/f_auto,q_auto/league/psasp10nn5pcvkli9kil",10.95661612991513,0.0,0.0,0.0,0.0,80.6652695327606,0.3023831164247874,0.0,0.0,0.0,0.0,0.0,0.0,23.0,"[4.85, 6.37, 8.27, 9.41, 10.49, 10.99, 12.43, 13.6, 15.23, 16.15, 16.83, 17.75, 18.55, 20.25, 21.54, 22.98, 25.0, 27.74, 31.38]",Active,True,Active,4361307.0,1,24.5,24.5,2026-09-15 17:18:27,,
31,18,00-0026498,Matthew Stafford,QB,LA,NYG,1.0,2026_02_NYG_LA,2026-09-21 20:15:00,16.185784842049202,8.314925292868482,24.08832166904896,15.516110275704053,0.6696745663451509,B,24,-1.847586799916532,27.75,3,,False,1.0,"https://static.www.nfl.com/image/upload/f_auto,q_auto/league/jwpkjfrkzufdyh8u1mg7",0.0,1.6241405397710005,33.55526133379776,253.4602228026572,1.116238913231562,0.0,0.0,0.0,0.0,0.0,0.0,0.0,0.0,20.75,"[3.58, 6.48, 8.31, 9.72, 10.88, 12.17, 13.21, 14.17, 15.21, 16.04, 17.04, 17.85, 18.75, 19.86, 21.12, 22.43, 24.09, 26.27, 28.94]",Active,True,Active,12483.0,1,4.1,4.1,2026-09-15 17:18:27,,
32,9,00-0036973,Travis Etienne,RB,NO,BAL,0.0,2026_02_NO_BAL,2026-09-20 13:00:00,16.122877191203095,7.640803614519353,24.716607641929397,16.367409536884818,-0.2445323456817227,C,10,3.125787143374265,19.0,3,,False,1.0,"https://static.www.nfl.com/image/upload/f_auto,q_auto/league/pwko5dybmjie8qqo4qz2",4.88148363445884,13.097591197807544,0.0,0.0,56.31888856061012,24.80315163905548,0.1232080794353323,0.0,0.0,0.0,0.0,0.0,0.0,27.5,"[4.82, 6.38, 7.64, 8.82, 9.94, 10.89, 11.88, 12.93, 13.8, 14.85, 15.84, 16.92, 18.1, 19.36, 20.75, 22.76, 24.72, 26.99, 31.67]",Active,True,Active,4239996.0,1,14.8,14.8,2026-09-15 17:18:27,,
33,5,00-0036322,Justin Jefferson,WR,MIN,CHI,0.0,2026_02_MIN_CHI,2026-09-20 13:00:00,16.022785271597755,7.340332182795473,25.022274732900883,15.978803207070658,0.0439820645270963,C,4,6.798931620172071,21.5,2,,False,1.0,"https://static.www.nfl.com/image/upload/f_auto,q_auto/league/htjevkugzk6ietrjysny",8.366116482257551,0.0946080050747533,0.0,0.0,0.3027456162392107,67.48498453819687,0.3342522377410428,0.0,0.0,0.0,0.0,0.0,0.0,27.0,"[4.17, 6.01, 7.34, 8.5, 9.72, 10.71, 11.85, 12.81, 13.77, 14.87, 15.93, 17.19, 18.44, 19.57, 20.88, 22.88, 25.02, 27.82, 32.47]",Active,True,Active,4262921.0,1,31.2,31.2,2026-09-15 17:18:27,,
34,6,00-0039064,Zay Flowers,WR,BAL,NO,1.0,2026_02_NO_BAL,2026-09-20 13:00:00,15.948459900795894,7.266006811993613,24.94794936209902,15.517455536498282,0.4310043642976122,C,23,-2.343227167802405,27.5,2,,False,1.0,"https://static.www.nfl.com/image/upload/f_auto,q_auto/league/xzhto2dejy2pflkfx40c",6.503514090248522,0.3765806792806322,0.0,0.0,2.6695617155587783,95.8659465084345,0.2864893424779026,0.0,0.0,0.0,0.0,0.0,0.0,19.0,"[4.1, 5.94, 7.27, 8.43, 9.64, 10.63, 11.78, 12.74, 13.7, 14.79, 15.85, 17.12, 18.36, 19.49, 20.8, 22.81, 24.95, 27.74, 32.39]",Active,True,Active,4429615.0,1,26.0,26.0,2026-09-15 17:18:27,,
35,19,00-0032950,Carson Wentz,QB,MIN,CHI,0.0,2026_02_MIN_CHI,2026-09-20 13:00:00,15.929697788456153,8.058838239275431,23.83223461545591,15.03233722076441,0.8973605676917416,B,1,6.786991987113825,21.5,3,,False,2.0,"https://static.www.nfl.com/image/upload/f_auto,q_auto/league/vuolixdvigc8axelug66",0.0,3.525665131936478,26.747115067135468,189.1492950012125,5.484434847666482,0.0,0.0,0.0,0.0,0.0,0.0,0.0,0.0,27.0,"[3.32, 6.23, 8.06, 9.47, 10.63, 11.91, 12.95, 13.92, 14.95, 15.79, 16.79, 17.6, 18.5, 19.6, 20.86, 22.17, 23.83, 26.02, 28.69]",Active,True,Active,2573079.0,1,19.2,19.2,2026-09-15 17:18:27,,
36,10,00-0038597,Chase Brown,RB,CIN,HOU,0.0,2026_02_CIN_HOU,2026-09-20 13:00:00,15.880174159913292,7.398100583229549,24.473904610639583,16.499651883290642,-0.6194777233773507,D,32,-6.290049988347434,22.0,3,,False,1.0,"https://static.www.nfl.com/image/upload/f_auto,q_auto/league/tch3y6jlj7khvyi9jg0c",5.514433005622948,14.620992103258285,0.0,0.0,62.50307414757852,26.248398739414156,0.1539180901737127,0.0,0.0,0.0,0.0,0.0,0.0,24.5,"[4.58, 6.14, 7.4, 8.58, 9.7, 10.65, 11.64, 12.69, 13.56, 14.61, 15.59, 16.68, 17.86, 19.12, 20.51, 22.52, 24.47, 26.75, 31.43]",Active,True,Active,4362238.0,1,18.8,18.8,2026-09-15 17:18:27,,
37,20,00-0033106,Jared Goff,QB,DET,BUF,0.0,2026_02_DET_BUF,2026-09-17 20:15:00,15.843490458672546,7.972630909491826,23.746027285672305,15.936178558402208,-0.0926880997296617,C,18,0.2982201562836386,24.5,3,,False,1.0,"https://static.www.nfl.com/image/upload/f_auto,q_auto/league/kaicbot8qhzrvddilbtp",0.0,1.3394102870456484,36.6476912827656,257.2862446456999,2.312359396067164,0.0,0.0,0.0,0.0,0.0,0.0,0.0,0.0,29.0,"[3.24, 6.14, 7.97, 9.38, 10.54, 11.82, 12.87, 13.83, 14.87, 15.7, 16.7, 17.51, 18.41, 19.52, 20.77, 22.08, 23.75, 25.93, 28.6]",Active,True,Active,3046779.0,1,16.4,16.4,2026-09-15 17:18:27,,
38,21,00-0036442,Joe Burrow,QB,CIN,HOU,0.0,2026_02_CIN_HOU,2026-09-20 13:00:00,15.81197414120672,7.941114592025999,23.71451096820648,15.401677010259055,0.4102971309476615,C,5,4.204018078605831,22.0,3,,False,1.0,"https://static.www.nfl.com/image/upload/f_auto,q_auto/league/gnnvcgui1cijybukk2w7",0.0,3.079321778612092,33.90546273105602,243.5164470089374,11.36403179520927,0.0,0.0,0.0,0.0,0.0,0.0,0.0,0.0,24.5,"[3.21, 6.11, 7.94, 9.35, 10.51, 11.79, 12.84, 13.8, 14.84, 15.67, 16.67, 17.48, 18.38, 19.49, 20.74, 22.05, 23.71, 25.9, 28.57]",Active,True,Active,3915511.0,1,14.2,14.2,2026-09-15 17:18:27,,
39,11,00-0039040,De'Von Achane,RB,MIA,SF,0.0,2026_02_MIA_SF,2026-09-20 16:25:00,15.810340219753918,7.328266643070176,24.404070670480216,16.411598675993183,-0.6012584562392647,D,13,1.8998850634995037,16.0,3,,False,1.0,"https://static.www.nfl.com/image/upload/f_auto,q_auto/league/xk1xwio0bryfxo1ylweu",4.850068605971802,14.040532672683478,0.0,0.0,72.72242162293736,29.718761099851854,0.1788263491516951,0.0,0.0,0.0,0.0,0.0,0.0,29.5,"[4.51, 6.07, 7.33, 8.51, 9.63, 10.58, 11.57, 12.62, 13.49, 14.54, 15.52, 16.61, 17.79, 19.05, 20.44, 22.45, 24.4, 26.68, 31.36]",Active,True,Active,4429160.0,1,10.6,10.6,2026-09-15 17:18:27,,
40,12,00-0036275,D'Andre Swift,RB,CHI,MIN,1.0,2026_02_MIN_CHI,2026-09-20 13:00:00,15.737952563356648,7.255878986672904,24.33168301408294,15.250913847887034,0.4870387154696125,B,22,-0.4244433873627045,27.0,3,,False,1.0,"https://static.www.nfl.com/image/upload/f_auto,q_auto/league/owpmwzoilitcodc6cmxo",1.9697301344173568,15.216774957859446,0.0,0.0,83.66309392708001,14.87967302433605,0.0625741030753554,0.0,0.0,0.0,0.0,0.0,0.0,21.5,"[4.43, 5.99, 7.26, 8.44, 9.56, 10.5, 11.49, 12.55, 13.41, 14.47, 15.45, 16.54, 17.72, 18.98, 20.37, 22.38, 24.33, 26.61, 31.29]",Active,True,Active,4259545.0,1,32.4,32.4,2026-09-15 17:18:27,,
41,22,00-0034855,Baker Mayfield,QB,TB,CLE,1.0,2026_02_CLE_TB,2026-09-20 13:00:00,15.511777852017564,7.640918302836845,23.414314679017323,15.328701500110023,0.1830763519075393,C,26,-2.08728141085324,24.5,3,,False,1.0,"https://static.www.nfl.com/image/upload/f_auto,q_auto/league/gjb8e69jtt1ffqf1afue",0.0,3.8284164694895946,30.29705447722599,214.3924876973064,25.12287957671781,0.0,0.0,0.0,0.0,0.0,0.0,0.0,0.0,16.0,"[2.91, 5.81, 7.64, 9.05, 10.21, 11.49, 12.54, 13.5, 14.54, 15.37, 16.37, 17.18, 18.08, 19.19, 20.44, 21.75, 23.41, 25.6, 28.27]",Active,True,Active,3052587.0,1,11.6,11.6,2026-09-15 17:18:27,,
42,23,00-0033119,Jacoby Brissett,QB,ARI,SEA,1.0,2026_02_SEA_ARI,2026-09-20 16:25:00,15.506266345498153,7.635406796317431,23.40880317249791,16.671539487658006,-1.1652731421598546,D,30,-4.627887111943783,18.5,3,,False,1.0,"https://static.www.nfl.com/image/upload/f_auto,q_auto/league/qjswiunczrn5xmdiqhlz",0.0,3.683946838166493,36.55674626549383,258.11304029898304,12.56930549068924,0.0,0.0,0.0,0.0,0.0,0.0,0.0,0.0,23.0,"[2.9, 5.8, 7.64, 9.04, 10.2, 11.49, 12.53, 13.5, 14.53, 15.36, 16.37, 17.18, 18.08, 19.18, 20.44, 21.75, 23.41, 25.59, 28.26]",Active,True,Active,2578570.0,1,16.5,16.5,2026-09-15 17:18:27,,
43,24,00-0039163,C.J. Stroud,QB,HOU,CIN,1.0,2026_02_CIN_HOU,2026-09-20 13:00:00,15.297315630306752,7.426456081126032,23.199852457306516,14.81879927448545,0.4785163558213021,C,20,-0.7098575419652445,24.5,3,,False,1.0,"https://static.www.nfl.com/image/upload/f_auto,q_auto/league/tt4zrtxlhifaljhj0rn7",0.0,2.676017201662429,33.800479926188835,235.7720799702585,11.81530641556343,0.0,0.0,0.0,0.0,0.0,0.0,0.0,0.0,22.0,"[2.69, 5.59, 7.43, 8.84, 10.0, 11.28, 12.32, 13.29, 14.32, 15.15, 16.16, 16.97, 17.87, 18.97, 20.23, 21.54, 23.2, 25.38, 28.05]",Active,True,Active,4432577.0,1,16.5,16.5,2026-09-15 17:18:27,,
44,13,00-0037248,James Cook,RB,BUF,DET,1.0,2026_02_DET_BUF,2026-09-17 20:15:00,15.113408542192936,6.631334965509193,23.707138992919237,14.29151361842242,0.8218949237705147,B,14,1.80419798440645,29.0,3,,False,1.0,"https://static.www.nfl.com/image/upload/f_auto,q_auto/league/anjbznqb9i21wzcgrtbs",2.893714654257836,16.57792884371824,0.0,0.0,80.18097404947868,14.681475758020966,0.099635212117753,0.0,0.0,0.0,0.0,0.0,0.0,24.5,"[3.81, 5.37, 6.63, 7.81, 8.94, 9.88, 10.87, 11.92, 12.79, 13.84, 14.83, 15.91, 17.09, 18.35, 19.74, 21.75, 23.71, 25.98, 30.66]",Active,True,Active,4379399.0,1,9.9,9.9,2026-09-15 17:18:27,,
45,7,00-0036554,Nico Collins,WR,HOU,CIN,1.0,2026_02_CIN_HOU,2026-09-20 13:00:00,15.071153151574707,6.388700062772427,24.070642612877837,14.95182285109644,0.1193303004782677,C,25,-3.4488555694062257,24.5,2,,False,1.0,"https://static.www.nfl.com/image/upload/f_auto,q_auto/league/fguybjrn1kwflxm5szwq",8.359434013484348,0.382629412246884,0.0,0.0,2.7081497858583865,71.94240844504665,0.244496157041296,0.0,0.0,0.0,0.0,0.0,0.0,22.0,"[3.22, 5.06, 6.39, 7.55, 8.77, 9.76, 10.9, 11.86, 12.82, 13.92, 14.98, 16.24, 17.49, 18.62, 19.92, 21.93, 24.07, 26.87, 31.51]",Active,True,Active,4258173.0,1,21.2,21.2,2026-09-15 17:18:27,,
46,14,00-0039361,Bucky Irving,RB,TB,CLE,1.0,2026_02_CLE_TB,2026-09-20 13:00:00,15.03207198770378,6.549998411020038,23.62580243843008,14.733561561292454,0.2985104264113261,C,19,0.1355825074321297,24.5,3,,False,1.0,"https://static.www.nfl.com/image/upload/f_auto,q_auto/league/vkc00rvnix3f2b96vkwo",4.647872338209171,14.032218983497907,0.0,0.0,54.03119236378876,33.131668092315216,0.1583686233140706,0.0,0.0,0.0,0.0,0.0,0.0,16.0,"[3.73, 5.29, 6.55, 7.73, 8.85, 9.8, 10.79, 11.84, 12.71, 13.76, 14.75, 15.83, 17.01, 18.27, 19.66, 21.67, 23.63, 25.9, 30.58]",Active,True,Active,4596448.0,1,20.3,20.3,2026-09-15 17:18:27,,
47,25,00-0032268,Marcus Mariota,QB,WAS,DAL,0.0,2026_02_WAS_DAL,2026-09-20 16:25:00,14.775072134650792,6.9042125854700735,22.677608961650552,13.729458944055288,1.045613190595505,B,2,6.541743028808408,23.0,3,,False,2.0,"https://static.www.nfl.com/image/upload/f_auto,q_auto/league/grx6m1fmu1odltjo3y31",0.0,5.045439962894888,22.23141390019218,166.5582661842114,28.52247025074832,0.0,0.0,0.0,0.0,0.0,0.0,0.0,0.0,27.5,"[2.17, 5.07, 6.9, 8.31, 9.47, 10.76, 11.8, 12.76, 13.8, 14.63, 15.63, 16.44, 17.34, 18.45, 19.7, 21.02, 22.68, 24.86, 27.53]",Active,True,Active,2576980.0,0,0.0,,2026-09-15 17:18:27,,
48,26,00-0039917,Michael Penix Jr.,QB,ATL,CAR,1.0,2026_02_CAR_ATL,2026-09-20 13:00:00,14.725341749674644,6.854482200493923,22.6278785766744,13.430378128137953,1.2949636215366898,A,3,5.593832115671563,20.5,3,,False,1.0,"https://static.www.nfl.com/image/upload/f_auto,q_auto/league/mip4kogkqxwkkya6mvmh",0.0,2.1279171943817743,29.954322337627364,216.66353928321303,7.591869864912248,0.0,0.0,0.0,0.0,0.0,0.0,0.0,0.0,23.0,"[2.12, 5.02, 6.85, 8.26, 9.42, 10.71, 11.75, 12.71, 13.75, 14.58, 15.58, 16.39, 17.29, 18.4, 19.65, 20.97, 22.63, 24.81, 27.48]",Active,True,Active,4360423.0,0,0.0,,2026-09-15 17:18:27,,
49,15,00-0037840,Kyren Williams,RB,LA,NYG,1.0,2026_02_NYG_LA,2026-09-21 20:15:00,14.58160399102143,6.099530414337687,23.17533444174773,13.728114469462476,0.853489521558954,B,8,3.9147536476897673,27.75,3,,False,1.0,"https://static.www.nfl.com/image/upload/f_auto,q_auto/league/xti3pek6rmojqchakxpy",2.985994222916284,13.75797228062522,0.0,0.0,61.962676125670576,19.964961861747344,0.0885704712384895,0.0,0.0,0.0,0.0,0.0,0.0,20.75,"[3.28, 4.84, 6.1, 7.28, 8.4, 9.35, 10.34, 11.39, 12.26, 13.31, 14.29, 15.38, 16.56, 17.82, 19.21, 21.22, 23.18, 25.45, 30.13]",Active,True,Active,4430737.0,1,15.5,15.5,2026-09-15 17:18:27,,
50,16,00-0034844,Saquon Barkley,RB,PHI,TEN,0.0,2026_02_PHI_TEN,2026-09-20 13:00:00,14.440720517985412,5.958646941301671,23.03445096871171,14.295607281438944,0.1451132365464698,C,9,3.17945343942622,23.25,3,,False,1.0,"https://static.www.nfl.com/image/upload/f_auto,q_auto/league/qcayrzjpura2zydszonh",2.8317336172314995,17.66309719915168,0.0,0.0,80.46313791678442,10.123462342507333,0.1080670868874584,0.0,0.0,0.0,0.0,0.0,0.0,16.25,"[3.14, 4.7, 5.96, 7.14, 8.26, 9.21, 10.2, 11.25, 12.12, 13.17, 14.15, 15.24, 16.42, 17.68, 19.07, 21.08, 23.03, 25.31, 29.99]",Active,True,Active,3929630.0,1,9.0,9.0,2026-09-15 17:18:27,,
51,27,00-0039923,J.J. McCarthy,QB,MIN,CHI,0.0,2026_02_MIN_CHI,2026-09-20 13:00:00,14.433984836085331,6.563125286904612,22.33652166308509,13.53662426839359,0.8973605676917416,B,1,6.786991987113825,21.5,3,,False,3.0,"https://static.www.nfl.com/image/upload/f_auto,q_auto/league/omybnfokapjw6jwb5dd3",0.0,3.5136941617526,23.803059858046304,164.0768286318631,17.001862203454582,0.0,0.0,0.0,0.0,0.0,0.0,0.0,0.0,27.0,"[1.83, 4.73, 6.56, 7.97, 9.13, 10.41, 11.46, 12.42, 13.46, 14.29, 15.29, 16.1, 17.0, 18.11, 19.36, 20.67, 22.34, 24.52, 27.19]",Active,True,Active,4433970.0,0,0.0,,2026-09-15 17:18:27,,
52,17,00-0038120,Breece Hall,RB,NYJ,GB,1.0,2026_02_GB_NYJ,2026-09-20 13:00:00,14.402135040069776,5.920061463386034,22.99586549079607,14.313117531672098,0.0890175083976778,C,12,3.032338760448507,20.0,3,,False,1.0,"https://static.www.nfl.com/image/upload/f_auto,q_auto/league/i01xtqbfajfq68lb6orh",2.518835266597358,17.297915862237236,0.0385730661984313,0.1542922647937253,76.7869137168568,18.893114253364235,0.0922985297595953,0.0,0.0,0.0,0.0,0.0,0.0,24.5,"[3.1, 4.66, 5.92, 7.1, 8.22, 9.17, 10.16, 11.21, 12.08, 13.13, 14.12, 15.2, 16.38, 17.64, 19.03, 21.04, 23.0, 25.27, 29.95]",Active,True,Active,4427366.0,1,19.8,19.8,2026-09-15 17:18:27,,
53,8,00-0036900,Ja'Marr Chase,WR,CIN,HOU,0.0,2026_02_CIN_HOU,2026-09-20 13:00:00,14.387528178848587,5.705075090046307,23.387017640151715,14.526297178858472,-0.1387690000098835,C,17,-0.5838288884168957,22.0,2,,False,1.0,"https://static.www.nfl.com/image/upload/f_auto,q_auto/league/qya3dtjb5kgofcuj2tuw",9.290461408129888,0.1119980454468907,0.0,0.0,0.5642004185626183,65.89136268034751,0.2582138832788371,0.0,0.0,0.0,0.0,0.0,0.0,24.5,"[2.54, 4.38, 5.71, 6.87, 8.08, 9.07, 10.21, 11.18, 12.14, 13.23, 14.29, 15.56, 16.8, 17.93, 19.24, 21.25, 23.39, 26.18, 30.83]",Active,True,Active,4362628.0,1,3.2,3.2,2026-09-15 17:18:27,,
54,18,00-0036875,Rhamondre Stevenson,RB,NE,PIT,1.0,2026_02_PIT_NE,2026-09-20 13:00:00,14.120568766804766,5.638495190121024,22.714299217531064,13.75725263520964,0.363316131595127,C,11,3.059380643587325,23.0,3,,False,1.0,"https://static.www.nfl.com/image/upload/f_auto,q_auto/league/zmpuirvuw4r04inxth5i",3.942724893148877,13.12967955563691,0.0,0.0,50.83543663730713,32.037067237746214,0.1360338110108318,0.0,0.0,0.0,0.0,0.0,0.0,18.5,"[2.82, 4.38, 5.64, 6.82, 7.94, 8.89, 9.88, 10.93, 11.8, 12.85, 13.83, 14.92, 16.1, 17.36, 18.75, 20.76, 22.71, 24.99, 29.67]",Active,True,Active,4569173.0,1,14.5,14.5,2026-09-15 17:18:27,,
55,9,00-0039491,Jalen Coker,WR,CAR,ATL,0.0,2026_02_CAR_ATL,2026-09-20 13:00:00,14.101859486463187,5.419406397660907,23.101348947766315,14.0987101249651,0.0031493614980888,C,14,1.0107708755247298,23.0,2,,False,2.0,"https://static.www.nfl.com/image/upload/f_auto,q_auto/league/yynz8rxen6tsvhojggiv",6.443053734609219,0.0,0.0,0.0,0.0,79.90906462413967,0.2103872716745318,0.0,0.0,0.0,0.0,0.0,0.0,20.5,"[2.25, 4.09, 5.42, 6.58, 7.8, 8.79, 9.93, 10.89, 11.85, 12.95, 14.01, 15.27, 16.52, 17.65, 18.96, 20.96, 23.1, 25.9, 30.55]",Active,True,Active,4695883.0,1,33.8,33.8,2026-09-15 17:18:27,,
56,10,00-0037740,Garrett Wilson,WR,NYJ,GB,1.0,2026_02_GB_NYJ,2026-09-20 13:00:00,14.01400322488589,5.331550136083608,23.013492686189014,14.133487111751528,-0.1194838868656376,C,9,2.266288651925167,20.0,2,,False,1.0,"https://static.www.nfl.com/image/upload/f_auto,q_auto/league/upxwxmhdd8xluztgqwhe",7.668909141845707,0.0,0.0,0.0,0.0,63.08381920006365,0.3306893929004819,0.0,0.0,0.0,0.0,0.0,0.0,24.5,"[2.16, 4.0, 5.33, 6.49, 7.71, 8.7, 9.84, 10.8, 11.76, 12.86, 13.92, 15.18, 16.43, 17.56, 18.87, 20.88, 23.01, 25.81, 30.46]",Active,True,Active,4569618.0,1,13.9,13.9,2026-09-15 17:18:27,,
57,11,00-0038124,Christian Watson,WR,GB,NYJ,0.0,2026_02_GB_NYJ,2026-09-20 13:00:00,13.96439410151279,6.28353620061764,22.333518664086604,13.904800213348144,0.0595938881646471,C,20,-1.6410024811260728,24.5,2,,False,1.0,"https://static.www.nfl.com/image/upload/f_auto,q_auto/league/tumeg4d32sirkab2xzu5",6.5782829849637245,0.0572345455452012,0.0,0.0,0.1717036366356038,88.90591126382358,0.2049273831802738,0.0,0.0,0.0,0.0,0.0,0.0,20.0,"[3.64, 5.19, 6.28, 7.3, 8.25, 9.17, 10.06, 11.07, 12.01, 13.02, 14.06, 15.08, 16.1, 17.39, 18.77, 20.38, 22.33, 24.88, 28.86]",Active,True,Active,4248528.0,1,32.7,32.7,2026-09-15 17:18:27,,
58,12,00-0036358,CeeDee Lamb,WR,DAL,WAS,1.0,2026_02_WAS_DAL,2026-09-20 16:25:00,13.870349442423349,6.189491541528199,22.239474004997163,13.314734017007822,0.5556154254155263,B,12,1.6744505736197255,27.5,2,,False,1.0,"https://static.www.nfl.com/image/upload/f_auto,q_auto/league/mbblzwtynxr15ovzkevi",8.270438688300825,0.3632938606564909,0.0,0.0,0.0759846886051662,65.5365642001615,0.245619843163695,0.0,0.0,0.0,0.0,0.0,0.0,23.0,"[3.55, 5.1, 6.19, 7.2, 8.15, 9.07, 9.97, 10.98, 11.92, 12.92, 13.96, 14.98, 16.01, 17.3, 18.68, 20.28, 22.24, 24.79, 28.77]",Active,True,Active,4241389.0,1,15.4,15.4,2026-09-15 17:18:27,,
59,28,00-0036212,Tua Tagovailoa,QB,ATL,CAR,1.0,2026_02_CAR_ATL,2026-09-20 13:00:00,13.781960774322528,5.070516301896019,21.278232578973217,12.48699715278584,1.294963621536688,A,3,5.593832115671563,20.5,3,,False,2.0,"https://static.www.nfl.com/image/upload/f_auto,q_auto/league/tmm4ohds7qci0vqoobhm",0.0,1.4520663753816494,26.6578658364577,189.00510485329573,2.423225571874506,0.0,0.0,0.0,0.0,0.0,0.0,0.0,0.0,23.0,"[1.59, 3.3, 5.07, 6.52, 7.93, 9.01, 10.03, 11.2, 12.19, 13.19, 14.32, 15.35, 16.36, 17.53, 18.6, 19.98, 21.28, 23.51, 26.42]",Active,True,Active,4241479.0,0,0.0,,2026-09-15 17:18:27,,
60,13,00-0039337,Malik Nabers,WR,NYG,LA,0.0,2026_02_NYG_LA,2026-09-21 20:15:00,13.406066690829094,5.725208789933944,21.77519125340291,13.321464559400455,0.0846021314286389,C,2,10.344414980932957,20.75,2,,False,1.0,"https://static.www.nfl.com/image/upload/f_auto,q_auto/league/w3edoyyuomqlovvp9ixc",8.710643285745114,0.0,0.0,0.0,0.0,66.79979439649716,0.2877037801224944,0.0,0.0,0.0,0.0,0.0,0.0,27.75,"[3.08, 4.64, 5.73, 6.74, 7.69, 8.61, 9.5, 10.51, 11.46, 12.46, 13.5, 14.52, 15.54, 16.84, 18.21, 19.82, 21.78, 24.32, 28.3]",Active,True,Active,4595348.0,1,12.9,12.9,2026-09-15 17:18:27,,
61,14,00-0038117,Wan'Dale Robinson,WR,TEN,PHI,1.0,2026_02_PHI_TEN,2026-09-20 13:00:00,13.274656194996268,5.593798294101118,21.643780757570084,13.965441557901784,-0.6907853629055154,D,26,-4.974358287905835,16.25,2,,False,2.0,"https://static.www.nfl.com/image/upload/f_auto,q_auto/league/yzcvyhmilvxedfjfjglc",8.275556172578188,0.1550377688158617,0.0,0.0,0.2717177462369758,56.46031152609768,0.2959490619167867,0.0,0.0,0.0,0.0,0.0,0.0,23.25,"[2.95, 4.5, 5.59, 6.61, 7.56, 8.48, 9.37, 10.38, 11.32, 12.33, 13.37, 14.39, 15.41, 16.7, 18.08, 19.69, 21.64, 24.19, 28.17]",Active,True,Active,4569587.0,1,8.8,8.8,2026-09-15 17:18:27,,
62,29,00-0033537,Deshaun Watson,QB,CLE,TB,0.0,2026_02_CLE_TB,2026-09-20 13:00:00,13.25256842052709,4.541123948100582,20.74884022517778,14.202040620310392,-0.9494721997833028,D,11,1.2925422694668751,16.0,3,,True,1.0,"https://static.www.nfl.com/image/private/f_auto,q_auto/league/otfs2docj6eahaebo5xn",0.0,6.0,22.0,205.0,38.0,0.0,0.0,0.0,0.0,0.0,0.0,0.0,0.0,24.5,"[1.06, 2.77, 4.54, 5.99, 7.4, 8.48, 9.51, 10.67, 11.66, 12.67, 13.79, 14.82, 15.83, 17.0, 18.07, 19.45, 20.75, 22.98, 25.89]",Active,True,Active,3122840.0,1,14.0,14.0,2026-09-15 17:18:27,,
63,30,00-0040676,Cam Ward,QB,TEN,PHI,1.0,2026_02_PHI_TEN,2026-09-20 13:00:00,12.980880737994168,4.269436265567659,20.477152542644856,13.337426291888343,-0.3565455538941773,C,17,0.547293111359371,16.25,3,,False,1.0,"https://static.www.nfl.com/image/upload/f_auto,q_auto/league/l7switu6stlwd2irm8yo",0.0,2.819593341058348,30.81814194209509,169.56303585244544,13.220728531779487,0.0,0.0,0.0,0.0,0.0,0.0,0.0,0.0,23.25,"[0.79, 2.5, 4.27, 5.72, 7.13, 8.21, 9.23, 10.4, 11.39, 12.39, 13.51, 14.55, 15.56, 16.73, 17.8, 19.18, 20.48, 22.71, 25.62]",Active,True,Active,4688380.0,1,11.7,11.7,2026-09-15 17:18:27,,
64,15,00-0039067,Rashee Rice,WR,KC,IND,1.0,2026_02_IND_KC,2026-09-20 20:20:00,12.937736939245442,5.256879038350292,21.306861501819256,12.261892500188104,0.6758444390573377,B,3,7.041391218578065,27.0,2,,False,1.0,"https://static.www.nfl.com/image/upload/f_auto,q_auto/league/qhkbqrydjeur8zvrrmfl",6.757498398174215,0.334358823916197,0.0,0.0,1.2771131827436142,50.230019925038455,0.2106831430670766,0.0,0.0,0.0,0.0,0.0,0.0,20.5,"[2.62, 4.17, 5.26, 6.27, 7.22, 8.14, 9.03, 10.04, 10.99, 11.99, 13.03, 14.05, 15.07, 16.37, 17.75, 19.35, 21.31, 23.85, 27.84]",Active,True,Active,4428331.0,1,9.9,9.9,2026-09-15 17:18:27,,
65,16,00-0034827,DJ Moore,WR,BUF,DET,1.0,2026_02_DET_BUF,2026-09-17 20:15:00,12.874276288534238,5.193418387639088,21.243400851108053,11.909215889593249,0.9650603989409898,A,1,10.404026716232757,29.0,2,,False,1.0,"https://static.www.nfl.com/image/upload/f_auto,q_auto/league/lsavpxtqoqu25emwcnvy",6.125709378220793,0.5142154766458742,0.0282417138133151,0.0564834276266302,2.6125369898300925,58.515014058122944,0.196301657581548,0.0,0.0,0.0,0.0,0.0,0.0,24.5,"[2.55, 4.1, 5.19, 6.21, 7.16, 8.08, 8.97, 9.98, 10.92, 11.93, 12.97, 13.99, 15.01, 16.3, 17.68, 19.29, 21.24, 23.79, 27.77]",Active,True,Active,3915416.0,1,21.0,21.0,2026-09-15 17:18:27,,
66,17,00-0035719,Deebo Samuel Sr.,WR,SF,MIA,1.0,2026_02_MIA_SF,2026-09-20 16:25:00,12.763161752796163,5.082303851901013,21.132286315369974,12.042756339297668,0.7204054134984954,B,13,1.025375931952282,29.5,2,,False,2.0,"https://static.www.nfl.com/image/upload/f_auto,q_auto/league/ntgyhqg6hq7fanhhsqiw",6.16594838828983,1.0288320877818555,0.0,0.0,6.681573336731433,45.1881698329795,0.2359606749978383,0.0,0.0,0.0,0.0,0.0,0.0,16.0,"[2.44, 3.99, 5.08, 6.1, 7.05, 7.97, 8.86, 9.87, 10.81, 11.81, 12.85, 13.88, 14.9, 16.19, 17.57, 19.18, 21.13, 23.68, 27.66]",Active,True,Active,3126486.0,1,18.0,18.0,2026-09-15 17:18:27,,
67,18,00-0038606,Parker Washington,WR,JAX,DEN,0.0,2026_02_JAX_DEN,2026-09-20 16:05:00,12.690919979471236,5.010062078576086,21.06004454204505,13.190492987220948,-0.4995730077497118,D,30,-9.235683288448875,21.0,2,,False,2.0,"https://static.www.nfl.com/image/upload/f_auto,q_auto/league/yn0hc5xrz5nqeccg8two",6.733295564941057,0.4107085574562515,0.0,0.0,-0.0245382806335127,72.34774184835521,0.2394796012489403,0.0,0.0,0.0,0.0,0.0,0.0,23.5,"[2.37, 3.92, 5.01, 6.02, 6.97, 7.9, 8.79, 9.8, 10.74, 11.74, 12.78, 13.8, 14.83, 16.12, 17.5, 19.1, 21.06, 23.61, 27.59]",Active,True,Active,4432620.0,1,19.3,19.3,2026-09-15 17:18:27,,
68,19,00-0037247,George Pickens,WR,DAL,WAS,1.0,2026_02_WAS_DAL,2026-09-20 16:25:00,12.681259810581915,5.000401909686767,21.05038437315573,12.125644385166392,0.5556154254155246,B,12,1.6744505736197255,27.5,2,,False,2.0,"https://static.www.nfl.com/image/upload/f_auto,q_auto/league/cbpyykoguf7rsxezqzvk",7.264191701327256,0.0,0.0,0.0,0.0,64.94874825912984,0.2156756101280112,0.0,0.0,0.0,0.0,0.0,0.0,23.0,"[2.36, 3.91, 5.0, 6.01, 6.96, 7.89, 8.78, 9.79, 10.73, 11.73, 12.77, 13.8, 14.82, 16.11, 17.49, 19.09, 21.05, 23.6, 27.58]",Active,True,Active,4426354.0,1,5.8,5.8,2026-09-15 17:18:27,,
69,20,00-0037238,Drake London,WR,ATL,CAR,1.0,2026_02_CAR_ATL,2026-09-20 13:00:00,12.63512731540528,4.954269414510131,21.00425187797909,12.688198365917392,-0.053071050512111,C,7,2.917006468558417,20.5,2,,False,1.0,"https://static.www.nfl.com/image/upload/f_auto,q_auto/league/mcllowcfrmmdeo4zy3g1",7.233835986418165,0.335119202813291,0.0,0.0,2.010715216879746,59.17203357648536,0.2613325250809071,0.0,0.0,0.0,0.0,0.0,0.0,23.0,"[2.31, 3.86, 4.95, 5.97, 6.92, 7.84, 8.73, 9.74, 10.68, 11.69, 12.73, 13.75, 14.77, 16.06, 17.44, 19.05, 21.0, 23.55, 27.53]",Active,True,Active,4426502.0,1,5.5,5.5,2026-09-15 17:18:27,,
70,31,00-0030565,Geno Smith,QB,NYJ,GB,1.0,2026_02_GB_NYJ,2026-09-20 13:00:00,12.62848455566634,3.917040083239831,20.12475636031703,13.259045368364523,-0.6305608126981852,D,28,-3.0713529091181315,20.0,3,,False,1.0,"https://static.www.nfl.com/image/upload/f_auto,q_auto/league/zppfqqcyjfma14jjif3a",0.0,3.524368192751549,27.569949889263576,200.7351541009754,6.043221437448717,0.0,0.0,0.0,0.0,0.0,0.0,0.0,0.0,24.5,"[0.44, 2.15, 3.92, 5.37, 6.77, 7.86, 8.88, 10.05, 11.04, 12.04, 13.16, 14.2, 15.21, 16.38, 17.45, 18.83, 20.12, 22.36, 25.26]",Active,True,Active,15864.0,1,9.3,9.3,2026-09-15 17:18:27,,
71,21,00-0036912,DeVonta Smith,WR,PHI,TEN,0.0,2026_02_PHI_TEN,2026-09-20 13:00:00,12.464839000825068,4.7839810999299175,20.83396356339888,12.41458961040514,0.0502493904199283,C,10,1.784084003456483,23.25,2,,False,1.0,"https://static.www.nfl.com/image/upload/f_auto,q_auto/league/k724kq3hyv7jc0y9s03x",6.690614826346103,0.0,0.0,0.0,0.0,56.039880273370045,0.2534765761579457,0.0,0.0,0.0,0.0,0.0,0.0,16.25,"[2.14, 3.69, 4.78, 5.8, 6.75, 7.67, 8.56, 9.57, 10.51, 11.52, 12.56, 13.58, 14.6, 15.89, 17.27, 18.88, 20.83, 23.38, 27.36]",Active,True,Active,4241478.0,1,8.3,8.3,2026-09-15 17:18:27,,
72,19,00-0040715,Cam Skattebo,RB,NYG,LA,0.0,2026_02_NYG_LA,2026-09-21 20:15:00,12.402860054798252,4.795007416744855,20.080571002705028,12.849680623518466,-0.4468205687202129,D,26,-2.1278209076653165,20.75,4,,False,1.0,"https://static.www.nfl.com/image/upload/f_auto,q_auto/league/hlggiqdfvj1f4kntkafr",2.4177807874816577,14.841242433168096,0.0,0.0,63.59693887798051,15.694924481323977,0.0786938789198767,0.0,0.0,0.0,0.0,0.0,0.0,27.75,"[2.46, 3.8, 4.8, 5.91, 6.8, 7.68, 8.45, 9.24, 10.07, 10.96, 11.92, 12.97, 14.08, 15.31, 16.81, 18.35, 20.08, 23.03, 26.59]",Active,True,Active,4696981.0,1,14.1,14.1,2026-09-15 17:18:27,,
73,22,00-0040124,Tetairoa McMillan,WR,CAR,ATL,0.0,2026_02_CAR_ATL,2026-09-20 13:00:00,12.318603171566032,4.637745270670882,20.687727734139848,12.315453810067943,0.003149361498087,C,14,1.0107708755247298,23.0,2,,False,1.0,"https://static.www.nfl.com/image/upload/f_auto,q_auto/league/gilgvjemumd6kpc9eiku",7.1554548585289455,0.0,0.0,0.0,0.0,64.17348525326649,0.2403975673788622,0.0,0.0,0.0,0.0,0.0,0.0,20.5,"[2.0, 3.55, 4.64, 5.65, 6.6, 7.52, 8.42, 9.43, 10.37, 11.37, 12.41, 13.43, 14.46, 15.75, 17.13, 18.73, 20.69, 23.24, 27.22]",Active,True,Active,4685472.0,1,10.5,10.5,2026-09-15 17:18:27,,
74,2,00-0039338,Brock Bowers,TE,LV,LAC,0.0,2026_02_LV_LAC,2026-09-20 16:05:00,12.285169715394886,4.956052803303577,19.619810604548256,12.624520819596624,-0.3393511042017376,C,12,0.842669575491275,18.25,2,,False,1.0,"https://static.www.nfl.com/image/upload/f_auto,q_auto/league/waorceny0ggpaeckaol8",6.9820659057157375,0.1463439611636026,0.0,0.0,0.1146644320539843,53.32029676900227,0.2345129737140414,0.0,0.0,0.0,0.0,0.0,0.0,25.25,"[2.43, 3.92, 4.96, 5.82, 6.62, 7.47, 8.59, 9.58, 10.42, 11.35, 12.28, 13.07, 13.9, 15.2, 16.34, 17.78, 19.62, 22.62, 26.07]",Active,True,Active,4432665.0,0,0.0,,2026-09-15 17:18:27,,
75,23,00-0038559,Michael Wilson,WR,ARI,SEA,1.0,2026_02_SEA_ARI,2026-09-20 16:25:00,12.264773957547323,4.583916056652173,20.633898520121136,12.88825391096342,-0.623479953416096,D,31,-9.511779482215054,18.5,2,,False,2.0,"https://static.www.nfl.com/image/upload/f_auto,q_auto/league/hm2b9z4zujjmbiyldh8n",7.923219761004001,0.0,0.0,0.0,0.0,66.27251118811576,0.2089576470268925,0.0,0.0,0.0,0.0,0.0,0.0,23.0,"[1.94, 3.49, 4.58, 5.6, 6.55, 7.47, 8.36, 9.37, 10.31, 11.32, 12.36, 13.38, 14.4, 15.69, 17.07, 18.68, 20.63, 23.18, 27.16]",Active,True,Active,4360761.0,1,10.6,10.6,2026-09-15 17:18:27,,
76,24,00-0031408,Mike Evans,WR,SF,MIA,1.0,2026_02_MIA_SF,2026-09-20 16:25:00,12.241523056883889,4.560665155988737,20.6106476194577,11.521117643385391,0.7204054134984954,B,13,1.025375931952282,29.5,2,,False,1.0,"https://static.www.nfl.com/image/upload/f_auto,q_auto/league/zc4ujpmndyxrbiyyjomz",7.264969800993808,0.0,0.0,0.0,0.0,46.74772012294432,0.2232945847338242,0.0,0.0,0.0,0.0,0.0,0.0,16.0,"[1.92, 3.47, 4.56, 5.57, 6.52, 7.45, 8.34, 9.35, 10.29, 11.29, 12.33, 13.36, 14.38, 15.67, 17.05, 18.65, 20.61, 23.16, 27.14]",Active,True,Active,16737.0,1,16.9,16.9,2026-09-15 17:18:27,,
77,25,00-0037240,Jameson Williams,WR,DET,BUF,0.0,2026_02_DET_BUF,2026-09-17 20:15:00,12.16290746930137,4.48204956840622,20.532032031875183,11.99812446098356,0.1647830083178085,C,11,1.7504780414516543,24.5,2,,False,2.0,"https://static.www.nfl.com/image/upload/f_auto,q_auto/league/byiptqggtglvy5qrw5wp",7.249376544730842,0.2140823016893771,0.0,0.0,0.5105696664483119,63.225015246081774,0.2051829957545799,0.0,0.0,0.0,0.0,0.0,0.0,29.0,"[1.84, 3.39, 4.48, 5.5, 6.45, 7.37, 8.26, 9.27, 10.21, 11.21, 12.25, 13.28, 14.3, 15.59, 16.97, 18.58, 20.53, 23.08, 27.06]",Active,True,Active,4426388.0,1,8.5,8.5,2026-09-15 17:18:27,,
78,32,00-0023459,Aaron Rodgers,QB,PIT,NE,0.0,2026_02_PIT_NE,2026-09-20 13:00:00,12.162233132738791,3.4507886603122824,19.65850493738948,13.852937304765518,-1.6907041720267273,F,29,-3.406400910232919,18.5,3,,False,1.0,"https://static.www.nfl.com/image/upload/f_auto,q_auto/league/dypvakakxhccxs67tb0y",0.0490765612670254,1.6541161907027415,34.83183460926241,209.81822093660995,2.197606723607822,-0.441689051403229,0.0014871685232431,0.0,0.0,0.0,0.0,0.0,0.0,23.0,"[0.0, 1.68, 3.45, 4.9, 6.31, 7.39, 8.42, 9.58, 10.57, 11.58, 12.7, 13.73, 14.74, 15.91, 16.98, 18.36, 19.66, 21.89, 24.8]",Active,True,Active,8439.0,1,12.5,12.5,2026-09-15 17:18:27,,
79,33,00-0028118,Tyrod Taylor,QB,GB,NYJ,0.0,2026_02_GB_NYJ,2026-09-20 13:00:00,12.11224460888264,3.40080013645613,19.608516413533327,11.769978607262216,0.3422660016204215,C,9,2.326097739324878,24.5,3,,False,2.0,"https://static.www.nfl.com/image/upload/f_auto,q_auto/league/whpztm9akd7yefplp37r",0.0,4.392630113608838,21.97938397407632,127.58120332179796,23.004312443238238,0.0,0.0,0.0,0.0,0.0,0.0,0.0,0.0,20.0,"[0.0, 1.63, 3.4, 4.85, 6.26, 7.34, 8.37, 9.53, 10.52, 11.53, 12.65, 13.68, 14.69, 15.86, 16.93, 18.31, 19.61, 21.84, 24.75]",Active,True,Active,14163.0,0,0.0,,2026-09-15 17:18:27,,
80,34,00-0035710,Daniel Jones,QB,IND,KC,0.0,2026_02_IND_KC,2026-09-20 20:20:00,12.054548800567169,3.34310432814066,19.550820605217854,13.978760734891887,-1.9242119343247184,F,31,-5.743671520277861,20.5,3,,False,1.0,"https://static.www.nfl.com/image/upload/f_auto,q_auto/league/ohvvctuykzwrpqer7xgl",0.0,2.457747565016655,29.317660754313863,206.31538551654023,9.665120843485916,0.0,0.0,0.0,0.0,0.0,0.0,0.0,0.0,27.0,"[0.0, 1.57, 3.34, 4.79, 6.2, 7.29, 8.31, 9.47, 10.47, 11.47, 12.59, 13.62, 14.63, 15.8, 16.88, 18.25, 19.55, 21.79, 24.69]",Active,True,Active,3917792.0,1,9.0,9.0,2026-09-15 17:18:27,,
81,26,00-0037261,Khalil Shakir,WR,BUF,DET,1.0,2026_02_DET_BUF,2026-09-17 20:15:00,11.903485543975176,4.222627643080026,20.27261010654899,10.938425145034186,0.9650603989409898,A,1,10.404026716232757,29.0,2,,False,2.0,"https://static.www.nfl.com/image/upload/f_auto,q_auto/league/syvp3hficobwcsim3i9v",6.5562917325298775,0.0241197739818091,0.0,0.0,0.1205988699090458,50.23441558855439,0.2237500491129682,0.0,0.0,0.0,0.0,0.0,0.0,24.5,"[1.58, 3.13, 4.22, 5.24, 6.19, 7.11, 8.0, 9.01, 9.95, 10.95, 12.0, 13.02, 14.04, 15.33, 16.71, 18.32, 20.27, 22.82, 26.8]",Active,True,Active,4373678.0,1,9.0,9.0,2026-09-15 17:18:27,,
82,3,00-0034351,Dallas Goedert,TE,PHI,TEN,0.0,2026_02_PHI_TEN,2026-09-20 13:00:00,11.831904274075052,4.502787361983743,19.166545163228424,11.841942425544536,-0.0100381514694838,C,21,-1.173489155247301,23.25,2,,False,1.0,"https://static.www.nfl.com/image/upload/f_auto,q_auto/league/bafepstxu7vvxb9v5vua",5.4381509557741206,0.0771461323968626,0.0,0.0,0.0771461323968626,49.835430488534776,0.2147342264406931,0.0,0.0,0.0,0.0,0.0,0.0,16.25,"[1.98, 3.47, 4.5, 5.36, 6.17, 7.02, 8.14, 9.13, 9.97, 10.89, 11.82, 12.61, 13.44, 14.75, 15.89, 17.33, 19.17, 22.16, 25.62]",Active,True,Active,3121023.0,1,23.7,23.7,2026-09-15 17:18:27,,
83,20,00-0040236,Kyle Monangai,RB,CHI,MIN,1.0,2026_02_MIN_CHI,2026-09-20 13:00:00,11.69015156957056,4.082298931517161,19.36786251747733,11.203112854100947,0.4870387154696107,B,22,-0.4244433873627045,27.0,4,,False,2.0,"https://static.www.nfl.com/image/upload/f_auto,q_auto/league/bkkk3uuouhcobydqawro",2.16910191863911,10.362380412081164,0.0,0.0,60.492861031214346,16.99749384306139,0.0688586295156453,0.0,0.0,0.0,0.0,0.0,0.0,21.5,"[1.74, 3.09, 4.08, 5.2, 6.09, 6.97, 7.74, 8.53, 9.36, 10.24, 11.21, 12.26, 13.36, 14.6, 16.1, 17.64, 19.37, 22.32, 25.88]",Active,True,Active,4608686.0,1,20.4,20.4,2026-09-15 17:18:27,,
84,27,00-0035640,DK Metcalf,WR,PIT,NE,0.0,2026_02_PIT_NE,2026-09-20 13:00:00,11.621423352947115,3.940565452051967,19.99054791552093,12.083655035884789,-0.46223168293767,D,16,-0.5789951616366913,18.5,2,,False,1.0,"https://static.www.nfl.com/image/upload/f_auto,q_auto/league/kxql4sjfelubhxawu2zh",7.646902223597295,0.1000461559805952,0.0,0.0,0.6002769358835713,50.32985460050825,0.2349234748539788,0.0,0.0,0.0,0.0,0.0,0.0,23.0,"[1.3, 2.85, 3.94, 4.95, 5.9, 6.83, 7.72, 8.73, 9.67, 10.67, 11.71, 12.74, 13.76, 15.05, 16.43, 18.03, 19.99, 22.54, 26.52]",Active,True,Active,4047650.0,1,8.0,8.0,2026-09-15 17:18:27,,
85,21,00-0033906,Alvin Kamara,RB,NO,BAL,0.0,2026_02_NO_BAL,2026-09-20 13:00:00,11.572633306942608,3.964780668889209,19.25034425484938,11.817165652624324,-0.2445323456817174,C,10,3.125787143374265,19.0,4,,False,2.0,"https://static.www.nfl.com/image/upload/f_auto,q_auto/league/yxebpuskandivlh2iil4",3.38565166159985,11.251351490839408,0.0,0.0,39.78083337019876,16.7049834533852,0.1122938041745504,0.0,0.0,0.0,0.0,0.0,0.0,27.5,"[1.63, 2.97, 3.96, 5.08, 5.97, 6.85, 7.62, 8.41, 9.24, 10.13, 11.09, 12.14, 13.25, 14.48, 15.98, 17.52, 19.25, 22.2, 25.76]",Active,True,Active,3054850.0,0,0.0,,2026-09-15 17:18:27,,
86,28,00-0039915,Ladd McConkey,WR,LAC,LV,1.0,2026_02_LV_LAC,2026-09-20 16:05:00,11.571900463856606,3.891042562961456,19.94102502643042,11.294729476640672,0.2771709872159338,C,18,-0.5956184210171277,25.25,2,,False,1.0,"https://static.www.nfl.com/image/upload/f_auto,q_auto/league/q2sk7yforrkiusvruo1o",6.147672487772797,0.0,0.0,0.0,0.0,55.24919490910681,0.2130132977164741,0.0,0.0,0.0,0.0,0.0,0.0,18.25,"[1.25, 2.8, 3.89, 4.9, 5.85, 6.78, 7.67, 8.68, 9.62, 10.62, 11.66, 12.69, 13.71, 15.0, 16.38, 17.98, 19.94, 22.49, 26.47]",Active,True,Active,4612826.0,1,19.2,19.2,2026-09-15 17:18:27,,
87,35,00-0040668,Shedeur Sanders,QB,CLE,TB,0.0,2026_02_CLE_TB,2026-09-20 13:00:00,11.566245409236888,2.8548009368103795,19.06251721388757,12.583844721301087,-1.017599312064199,D,11,1.2925422694668751,16.0,3,,False,2.0,"https://static.www.nfl.com/image/upload/f_auto,q_auto/league/joe08hz6to2madpko8zl",0.0,2.7511363539950517,26.723186023771422,174.95043702633726,22.67061263624345,0.0,0.0,0.0,0.0,0.0,0.0,0.0,0.0,24.5,"[0.0, 1.09, 2.85, 4.31, 5.71, 6.8, 7.82, 8.99, 9.98, 10.98, 12.1, 13.13, 14.15, 15.31, 16.39, 17.76, 19.06, 21.3, 24.2]",Active,True,Active,4432762.0,0,0.0,,2026-09-15 17:18:27,,
88,36,00-0036898,Davis Mills,QB,HOU,CIN,1.0,2026_02_CIN_HOU,2026-09-20 13:00:00,11.480239456431246,2.768794984004737,18.97651126108193,11.001723100609944,0.4785163558213021,C,20,-0.7098575419652445,24.5,3,,False,2.0,"https://static.www.nfl.com/image/upload/f_auto,q_auto/league/jh9e97vjzmeafx8jz0sn",0.0,2.085888505413698,26.510930637172837,152.24738734102456,10.18678486776864,0.0,0.0,0.0,0.0,0.0,0.0,0.0,0.0,22.0,"[0.0, 1.0, 2.77, 4.22, 5.63, 6.71, 7.73, 8.9, 9.89, 10.89, 12.01, 13.05, 14.06, 15.23, 16.3, 17.68, 18.98, 21.21, 24.11]",Active,True,Active,4242546.0,0,0.0,,2026-09-15 17:18:27,,
89,4,00-0038933,Dalton Kincaid,TE,BUF,DET,1.0,2026_02_DET_BUF,2026-09-17 20:15:00,11.410179000665137,4.081062088573828,18.74481988981851,10.333164123586233,1.077014877078904,A,4,6.343842692568662,29.0,2,,False,1.0,"https://static.www.nfl.com/image/upload/f_auto,q_auto/league/z7k857flehljboaixj8m",4.79185826778889,0.0,0.0,0.0,0.0,73.7523951935539,0.1661478095478562,0.0,0.0,0.0,0.0,0.0,0.0,24.5,"[1.55, 3.05, 4.08, 4.94, 5.75, 6.6, 7.71, 8.71, 9.55, 10.47, 11.4, 12.19, 13.02, 14.33, 15.47, 16.9, 18.74, 21.74, 25.19]",Active,True,Active,4385690.0,1,18.0,18.0,2026-09-15 17:18:27,,
90,37,00-0029604,Kirk Cousins,QB,LV,LAC,0.0,2026_02_LV_LAC,2026-09-20 16:05:00,11.369386473824738,2.6579420013982293,18.865658278475426,12.831818352713276,-1.462431878888539,F,27,-2.1860576611785585,18.25,3,,False,1.0,"https://static.www.nfl.com/image/upload/f_auto,q_auto/league/za7cynvpwlsro1tsaijk",0.0,2.7945613318193963,28.793932115488545,173.02949424978618,-1.8422993015895668,0.0,0.0,0.0,0.0,0.0,0.0,0.0,0.0,25.25,"[0.0, 0.89, 2.66, 4.11, 5.52, 6.6, 7.62, 8.79, 9.78, 10.78, 11.9, 12.94, 13.95, 15.12, 16.19, 17.57, 18.87, 21.1, 24.0]",Active,True,Active,14880.0,1,13.8,13.8,2026-09-15 17:18:27,,
91,5,00-0030506,Travis Kelce,TE,KC,IND,1.0,2026_02_IND_KC,2026-09-20 20:20:00,11.317066620838933,3.987949708747624,18.651707509992303,10.776731706404444,0.5403349144344887,B,9,1.796237783937545,27.0,2,,False,1.0,"https://static.www.nfl.com/image/upload/f_auto,q_auto/league/dpxovcfku6ud2aohgf6a",5.9649402904453686,0.0450034051084441,0.0,0.0,0.0450034051084441,52.76844083719149,0.206572530345466,0.0,0.0,0.0,0.0,0.0,0.0,20.5,"[1.46, 2.95, 3.99, 4.85, 5.65, 6.51, 7.62, 8.61, 9.46, 10.38, 11.31, 12.1, 12.93, 14.23, 15.38, 16.81, 18.65, 21.65, 25.1]",Active,True,Active,15847.0,1,10.1,10.1,2026-09-15 17:18:27,,
92,38,00-0036972,Mac Jones,QB,SF,MIA,1.0,2026_02_MIA_SF,2026-09-20 16:25:00,11.26478795400068,2.5533434815741707,18.761059758651367,9.71366992105928,1.5511180329413996,A,12,1.1694308498270898,29.5,3,,False,2.0,"https://static.www.nfl.com/image/upload/f_auto,q_auto/league/mbdwfwiuhl0ib5ajtmzq",0.0,2.8284066380262685,19.846811195329263,145.96002324862403,4.967524583279397,0.0,0.0,0.0,0.0,0.0,0.0,0.0,0.0,16.0,"[0.0, 0.79, 2.55, 4.0, 5.41, 6.5, 7.52, 8.68, 9.68, 10.68, 11.8, 12.83, 13.84, 15.01, 16.09, 17.46, 18.76, 21.0, 23.9]",Active,True,Active,4241464.0,0,0.0,,2026-09-15 17:18:27,,
93,39,00-0038128,Malik Willis,QB,MIA,SF,0.0,2026_02_MIA_SF,2026-09-20 16:25:00,11.24852310127089,2.537078628844382,18.74479490592158,13.93284462389881,-2.6843215226279185,F,32,-6.4781824977395415,16.0,3,,False,1.0,"https://static.www.nfl.com/image/upload/f_auto,q_auto/league/txvgdbwbryzyyqq6gfet",0.0,5.926075272333889,18.708331906470548,170.7821489547193,35.992196459196464,0.0,0.0,0.0,0.0,0.0,0.0,0.0,0.0,29.5,"[0.0, 0.77, 2.54, 3.99, 5.39, 6.48, 7.5, 8.67, 9.66, 10.66, 11.78, 12.82, 13.83, 15.0, 16.07, 17.45, 18.74, 20.98, 23.88]",Active,True,Active,4242512.0,1,16.7,16.7,2026-09-15 17:18:27,,
94,29,00-0039424,Devaughn Vele,WR,NO,BAL,0.0,2026_02_NO_BAL,2026-09-20 13:00:00,11.214515560952655,3.533657660057507,19.58364012352647,11.628108577080791,-0.413593016128134,D,15,-0.5013475420510421,19.0,2,,False,2.0,"https://static.www.nfl.com/image/upload/f_auto,q_auto/league/fa3dwsu8nxzkbf2knczm",6.329079654787048,0.0,0.0,0.0,0.0,49.401167708492245,0.1579752959612269,0.0,0.0,0.0,0.0,0.0,0.0,27.5,"[0.89, 2.44, 3.53, 4.55, 5.5, 6.42, 7.31, 8.32, 9.26, 10.27, 11.31, 12.33, 13.35, 14.64, 16.02, 17.63, 19.58, 22.13, 26.11]",Active,True,Active,4569559.0,1,19.9,19.9,2026-09-15 17:18:27,,
95,22,00-0037228,Jaylen Warren,RB,PIT,NE,0.0,2026_02_PIT_NE,2026-09-20 13:00:00,11.196786838901442,3.588934200848043,18.874497786808213,11.81178416247342,-0.614997323571977,D,24,-1.6019997993454522,18.5,4,,False,1.0,"https://static.www.nfl.com/image/upload/f_auto,q_auto/league/dkiteytgnxar1mpaxcxv",3.544565026846108,12.012610717493368,0.0,0.0,55.70147985222147,19.92575506101433,0.1056677668714925,0.0,0.0,0.0,0.0,0.0,0.0,23.0,"[1.25, 2.59, 3.59, 4.71, 5.6, 6.48, 7.25, 8.03, 8.86, 9.75, 10.72, 11.76, 12.87, 14.11, 15.6, 17.15, 18.87, 21.82, 25.39]",Active,True,Active,4569987.0,1,10.3,10.3,2026-09-15 17:18:27,,
96,30,00-0040129,Emeka Egbuka,WR,TB,CLE,1.0,2026_02_CLE_TB,2026-09-20 13:00:00,11.19313850109852,3.51228060020337,19.562263063672333,10.884586627491757,0.3085518736067634,C,8,2.65197766108747,24.5,2,,False,1.0,"https://static.www.nfl.com/image/upload/f_auto,q_auto/league/z224kbzs62rjuykc0vha",6.671970964823797,0.0434598816484633,0.0,0.0,0.170294409134556,51.68016044396574,0.2230840261836068,0.0,0.0,0.0,0.0,0.0,0.0,16.0,"[0.87, 2.42, 3.51, 4.53, 5.48, 6.4, 7.29, 8.3, 9.24, 10.24, 11.28, 12.31, 13.33, 14.62, 16.0, 17.61, 19.56, 22.11, 26.09]",Active,True,Active,4567750.0,1,11.3,11.3,2026-09-15 17:18:27,,
97,31,00-0031381,Davante Adams,WR,LA,NYG,1.0,2026_02_NYG_LA,2026-09-21 20:15:00,11.190357067761232,3.5094991668660818,19.559481630335046,10.856636869692531,0.3337201980686988,C,27,-6.225112076595758,27.75,2,,False,2.0,"https://static.www.nfl.com/image/upload/f_auto,q_auto/league/tdzluk4xau3arxqk9zsl",7.366722515868756,0.0,0.0,0.0,0.0,47.47247562579086,0.2294611997392684,0.0,0.0,0.0,0.0,0.0,0.0,20.75,"[0.87, 2.42, 3.51, 4.52, 5.47, 6.39, 7.29, 8.3, 9.24, 10.24, 11.28, 12.3, 13.33, 14.62, 16.0, 17.6, 19.56, 22.11, 26.09]",Active,True,Active,16800.0,1,5.6,5.6,2026-09-15 17:18:27,,
98,32,00-0031588,Stefon Diggs,WR,WAS,DAL,0.0,2026_02_WAS_DAL,2026-09-20 16:25:00,11.159134446975749,3.4782765460805987,19.528259009549565,11.083825158744428,0.0753092882313204,C,6,3.337332649879808,23.0,2,,False,2.0,"https://static.www.nfl.com/image/upload/f_auto,q_auto/league/cemcexmscsarpvwhafln",6.5136054206757015,0.0,0.0,0.0,0.0,51.17302330549101,0.2347106229716182,0.0,0.0,0.0,0.0,0.0,0.0,27.5,"[0.84, 2.39, 3.48, 4.49, 5.44, 6.36, 7.26, 8.27, 9.21, 10.21, 11.25, 12.27, 13.3, 14.59, 15.97, 17.57, 19.53, 22.08, 26.06]",Active,True,Active,2976212.0,1,15.5,15.5,2026-09-15 17:18:27,,
99,33,00-0036410,Tee Higgins,WR,CIN,HOU,0.0,2026_02_CIN_HOU,2026-09-20 13:00:00,11.126094558975591,3.445236658080441,19.495219121549404,11.264863558985477,-0.1387690000098853,C,17,-0.5838288884168957,22.0,2,,False,2.0,"https://static.www.nfl.com/image/upload/f_auto,q_auto/league/gpwtyv3viwy9q4ewderl",6.495873106214269,0.0,0.0,0.0,0.0,59.75120072018885,0.1825158397457916,0.0,0.0,0.0,0.0,0.0,0.0,24.5,"[0.8, 2.36, 3.45, 4.46, 5.41, 6.33, 7.22, 8.23, 9.18, 10.18, 11.22, 12.24, 13.26, 14.56, 15.93, 17.54, 19.5, 22.04, 26.02]",Active,True,Active,4239993.0,1,8.9,8.9,2026-09-15 17:18:27,,
100,40,00-0035228,Kyler Murray,QB,MIN,CHI,0.0,2026_02_MIN_CHI,2026-09-20 13:00:00,11.09498539366817,2.3835409212416607,18.591257198318857,10.197624825976426,0.8973605676917433,B,1,6.786991987113825,21.5,3,,False,1.0,"https://static.www.nfl.com/image/upload/f_auto,q_auto/league/btfruyf33adgnjzpcuen",0.0,3.899751508747912,19.289703430113928,109.36980451782335,22.12564705516395,0.0,0.0,0.0,0.0,0.0,0.0,0.0,0.0,27.0,"[0.0, 0.62, 2.38, 3.83, 5.24, 6.33, 7.35, 8.51, 9.51, 10.51, 11.63, 12.66, 13.67, 14.84, 15.92, 17.29, 18.59, 20.83, 23.73]",Active,True,Active,3917315.0,1,-0.4,-0.4,2026-09-15 17:18:27,,
101,41,00-0035993,Tyler Huntley,QB,BAL,NO,1.0,2026_02_NO_BAL,2026-09-20 13:00:00,11.070261642818394,2.3588171703918857,18.566533447469084,10.14716637238424,0.9230952704341532,B,19,-0.5099946304405306,27.5,3,,False,2.0,"https://static.www.nfl.com/image/upload/f_auto,q_auto/league/fxyjf9d5qkwqjdd8ypvv",0.0,4.874011309853459,13.394582695497885,84.53838697924023,30.15903510247616,0.0,0.0,0.0,0.0,0.0,0.0,0.0,0.0,19.0,"[0.0, 0.59, 2.36, 3.81, 5.22, 6.3, 7.32, 8.49, 9.48, 10.48, 11.6, 12.64, 13.65, 14.82, 15.89, 17.27, 18.57, 20.8, 23.7]",Active,True,Active,4035671.0,0,0.0,,2026-09-15 17:18:27,,
102,42,00-0039376,Spencer Rattler,QB,NO,BAL,0.0,2026_02_NO_BAL,2026-09-20 13:00:00,10.982273855561688,2.27082938313518,18.478545660212376,12.219555089336849,-1.2372812337751604,D,23,-1.6045644879737606,19.0,3,,False,2.0,"https://static.www.nfl.com/image/upload/f_auto,q_auto/league/gcgmcf4kex3jsl4rlrng",0.2077629615868428,3.221850474039245,26.26610750980833,166.44826738946674,17.046546489448602,0.0,0.00747145531687,0.0,0.0,0.0,0.0,0.0,0.0,27.5,"[0.0, 0.5, 2.27, 3.72, 5.13, 6.21, 7.24, 8.4, 9.39, 10.4, 11.52, 12.55, 13.56, 14.73, 15.8, 17.18, 18.48, 20.71, 23.62]",Active,True,Active,4426339.0,0,0.0,,2026-09-15 17:18:27,,
103,6,00-0038996,Tucker Kraft,TE,GB,NYJ,0.0,2026_02_GB_NYJ,2026-09-20 13:00:00,10.936409239000714,3.6072923269094046,18.271050128154087,10.716681502367384,0.2197277366333292,C,13,0.2718030344261973,24.5,2,,False,1.0,"https://static.www.nfl.com/image/upload/f_auto,q_auto/league/n6vu44jbq31rydoaadaq",5.751796950794691,0.0547981846487791,0.0,0.0,0.1643945539463374,63.22444274719626,0.1733907224836887,0.0,0.0,0.0,0.0,0.0,0.0,20.0,"[1.08, 2.57, 3.61, 4.47, 5.27, 6.13, 7.24, 8.23, 9.08, 10.0, 10.93, 11.72, 12.55, 13.85, 14.99, 16.43, 18.27, 21.27, 24.72]",Active,True,Active,4572680.0,1,9.5,9.5,2026-09-15 17:18:27,,
104,23,00-0033293,Aaron Jones,RB,MIN,CHI,0.0,2026_02_MIN_CHI,2026-09-20 13:00:00,10.921031805377416,3.3131791673240185,18.598742753284192,10.726830227491767,0.19420157788565,C,5,6.204857693453305,21.5,4,,False,1.0,"https://static.www.nfl.com/image/upload/f_auto,q_auto/league/bktkfvgfwujkdbzkcfim",2.6157687231582694,12.098605629016726,0.0,0.0,45.71549139145577,10.389745032410303,0.1135343193005026,0.0,0.0,0.0,0.0,0.0,0.0,27.0,"[0.97, 2.32, 3.31, 4.43, 5.32, 6.2, 6.97, 7.76, 8.59, 9.47, 10.44, 11.49, 12.59, 13.83, 15.33, 16.87, 18.6, 21.55, 25.11]",Active,True,Active,3042519.0,1,10.0,10.0,2026-09-15 17:18:27,,
105,43,00-0026158,Joe Flacco,QB,CIN,HOU,0.0,2026_02_CIN_HOU,2026-09-20 13:00:00,10.884879164096107,2.1734346916696,18.381150968746795,10.474582033148447,0.4102971309476615,C,5,4.204018078605831,22.0,3,,False,2.0,"https://static.www.nfl.com/image/upload/f_auto,q_auto/league/dre1d2f2d6dxqohzn5l2",0.0,1.61846819152809,27.63853072666092,167.49910196857897,2.3947654933788973,0.0,0.0,0.0,0.0,0.0,0.0,0.0,0.0,24.5,"[0.0, 0.41, 2.17, 3.62, 5.03, 6.12, 7.14, 8.3, 9.3, 10.3, 11.42, 12.45, 13.46, 14.63, 15.71, 17.08, 18.38, 20.62, 23.52]",Active,True,Active,11252.0,0,0.0,,2026-09-15 17:18:27,,
106,24,00-0041027,Jeremiyah Love,RB,ARI,SEA,1.0,2026_02_SEA_ARI,2026-09-20 16:25:00,10.838591292276114,3.230738654222715,18.51630224018289,11.3022677482534,-0.4636764559772874,D,25,-2.113915679799043,18.5,4,,True,1.0,"https://static.www.nfl.com/image/upload/f_auto,q_auto/league/b12gtjsylmql5v7iyyla",4.0,11.0,0.0,0.0,41.0,9.0,0.1081081081081081,0.0,0.0,0.0,0.0,0.0,0.0,23.0,"[0.89, 2.23, 3.23, 4.35, 5.24, 6.12, 6.89, 7.68, 8.5, 9.39, 10.36, 11.4, 12.51, 13.75, 15.25, 16.79, 18.52, 21.47, 25.03]",Active,True,Active,4870808.0,1,13.0,13.0,2026-09-15 17:18:27,,
107,25,00-0039811,MarShawn Lloyd,RB,GB,NYJ,0.0,2026_02_GB_NYJ,2026-09-20 13:00:00,10.838141448565908,3.2302888105125094,18.51585239647268,10.790074829933388,0.0480666186325198,C,20,-0.0483694790179377,24.5,4,,True,1.0,"https://static.www.nfl.com/image/upload/f_auto,q_auto/league/xp8sd4enimuk4zd0aqgu",1.0,13.0,0.0,0.0,37.0,0.0,0.025,0.0,0.0,0.0,0.0,0.0,0.0,20.0,"[0.89, 2.23, 3.23, 4.35, 5.24, 6.12, 6.89, 7.67, 8.5, 9.39, 10.36, 11.4, 12.51, 13.75, 15.25, 16.79, 18.52, 21.46, 25.03]",Active,True,Active,4429023.0,1,3.7,3.7,2026-09-15 17:18:27,,
108,26,00-0040730,RJ Harvey,RB,DEN,JAX,1.0,2026_02_JAX_DEN,2026-09-20 16:05:00,10.836700748621986,3.228848110568588,18.51441169652876,10.933244154247628,-0.096543405625642,C,30,-4.289422922778532,23.5,4,,False,2.0,"https://static.www.nfl.com/image/upload/f_auto,q_auto/league/szxmro5enrxlscvv67xg",4.114387520157425,7.984588397894482,0.0366249715642408,0.0,29.34246904056318,24.32965128490966,0.1316223669831421,0.0,0.0,0.0,0.0,0.0,0.0,21.0,"[0.89, 2.23, 3.23, 4.35, 5.23, 6.12, 6.89, 7.67, 8.5, 9.39, 10.36, 11.4, 12.51, 13.75, 15.24, 16.79, 18.51, 21.46, 25.03]",Active,True,Active,4568490.0,1,8.1,8.1,2026-09-15 17:18:27,,
109,7,00-0039065,Sam LaPorta,TE,DET,BUF,0.0,2026_02_DET_BUF,2026-09-17 20:15:00,10.816651423566274,3.4875345114749647,18.151292312719647,10.795885202189863,0.0207662213764106,C,28,-2.358746375945474,24.5,2,,False,1.0,"https://static.www.nfl.com/image/upload/f_auto,q_auto/league/wxlk7ysg2nfq6h6ntdcu",6.391036840983513,0.0,0.0,0.0,0.0,52.5399663106937,0.1916497140768701,0.0,0.0,0.0,0.0,0.0,0.0,29.0,"[0.96, 2.45, 3.49, 4.35, 5.15, 6.01, 7.12, 8.11, 8.96, 9.88, 10.81, 11.6, 12.43, 13.73, 14.87, 16.31, 18.15, 21.15, 24.6]",Active,True,Active,4430027.0,1,9.8,9.8,2026-09-15 17:18:27,,
110,34,00-0041438,Carnell Tate,WR,TEN,PHI,1.0,2026_02_PHI_TEN,2026-09-20 13:00:00,10.686986525951852,3.006128625056702,19.056111088525668,11.49123961537128,-0.8042530894194293,D,26,-4.974358287905835,16.25,2,,True,1.0,"https://static.www.nfl.com/image/upload/f_auto,q_auto/league/ghpmpzcnigxrdbyvcxke",6.0,0.0,0.0,0.0,0.0,38.0,0.2142857142857142,0.0,0.0,0.0,0.0,0.0,0.0,23.25,"[0.36, 1.92, 3.01, 4.02, 4.97, 5.89, 6.78, 7.79, 8.74, 9.74, 10.78, 11.8, 12.82, 14.12, 15.49, 17.1, 19.06, 21.6, 25.58]",Active,True,Active,4871023.0,1,7.8,7.8,2026-09-15 17:18:27,,
111,27,00-0040666,Omarion Hampton,RB,LAC,LV,1.0,2026_02_LV_LAC,2026-09-20 16:05:00,10.645919057535645,3.038066419482244,18.323630005442418,10.502372122099295,0.1435469354363476,C,28,-3.108890259660829,25.25,4,,False,1.0,"https://static.www.nfl.com/image/upload/f_auto,q_auto/league/lf2jxvxnbexlinoydbej",2.1817832281907266,12.03761210358904,0.0,0.0,48.523651415632166,11.47599711654601,0.0675144958497993,0.0,0.0,0.0,0.0,0.0,0.0,18.25,"[0.7, 2.04, 3.04, 4.16, 5.04, 5.92, 6.69, 7.48, 8.31, 9.2, 10.17, 11.21, 12.32, 13.56, 15.05, 16.6, 18.32, 21.27, 24.84]",Active,True,Active,4685382.0,1,8.3,8.3,2026-09-15 17:18:27,,
112,28,00-0036555,Chuba Hubbard,RB,CAR,ATL,0.0,2026_02_CAR_ATL,2026-09-20 13:00:00,10.615730316306076,3.007877678252677,18.29344126421285,10.928523157738544,-0.3127928414324685,C,29,-3.150319898751325,23.0,4,,False,1.0,"https://static.www.nfl.com/image/upload/f_auto,q_auto/league/rzsvnt0pxsaize2ndhxm",2.672284316822983,8.956365915320614,0.0,0.0,37.23116183932834,20.827885143877094,0.0875598911277387,0.0,0.0,0.0,0.0,0.0,0.0,20.5,"[0.67, 2.01, 3.01, 4.13, 5.01, 5.89, 6.66, 7.45, 8.28, 9.17, 10.14, 11.18, 12.29, 13.53, 15.02, 16.57, 18.29, 21.24, 24.81]",Active,True,Active,4241416.0,1,23.7,23.7,2026-09-15 17:18:27,,
113,29,00-0035685,David Montgomery,RB,HOU,CIN,1.0,2026_02_CIN_HOU,2026-09-20 13:00:00,10.593661763293657,2.985809125240256,18.271372711200428,10.293083666923112,0.3005780963705415,C,17,0.1656555727829828,24.5,4,,False,1.0,"https://static.www.nfl.com/image/upload/f_auto,q_auto/league/csz0c9roa4pqsccothxg",1.9928047027650884,11.979067911628904,0.0758357460441812,0.0802775543314672,44.73064992988342,13.294936721985078,0.0589261001444556,0.0,0.0,0.0,0.0,0.0,0.0,22.0,"[0.65, 1.99, 2.99, 4.1, 4.99, 5.87, 6.64, 7.43, 8.26, 9.15, 10.12, 11.16, 12.27, 13.51, 15.0, 16.54, 18.27, 21.22, 24.78]",Active,True,Active,4035538.0,1,28.9,28.9,2026-09-15 17:18:27,,
114,8,00-0033288,George Kittle,TE,SF,MIA,1.0,2026_02_MIA_SF,2026-09-20 16:25:00,10.456604611545472,3.1274876994541634,17.791245500698842,9.591513273113618,0.8650913384318546,A,6,2.904903570504116,29.5,2,,False,1.0,"https://static.www.nfl.com/image/upload/f_auto,q_auto/league/vkicdglglkyukgyxtmpx",5.709529473906511,0.042681342213238,0.0,0.0,-0.1280440266397142,40.39451687660512,0.1877665549894838,0.0,0.0,0.0,0.0,0.0,0.0,16.0,"[0.6, 2.09, 3.13, 3.99, 4.79, 5.65, 6.76, 7.75, 8.6, 9.52, 10.45, 11.24, 12.07, 13.37, 14.51, 15.95, 17.79, 20.79, 24.24]",Active,True,Active,3040151.0,1,3.2,3.2,2026-09-15 17:18:27,,
115,44,00-0034869,Sam Darnold,QB,SEA,ARI,0.0,2026_02_SEA_ARI,2026-09-20 16:25:00,10.347878124780737,1.636433652354226,17.844149929431424,11.044643936325333,-0.6967658115445978,D,22,-1.5817148455611565,23.0,3,,False,1.0,"https://static.www.nfl.com/image/upload/f_auto,q_auto/league/fyay8vruj0cqmhopufzk",0.0,1.640476505109013,21.523578062373897,168.49880431424236,3.949030378922653,0.0,0.0,0.0,0.0,0.0,0.0,0.0,0.0,18.5,"[0.0, 0.0, 1.64, 3.09, 4.49, 5.58, 6.6, 7.77, 8.76, 9.76, 10.88, 11.91, 12.93, 14.1, 15.17, 16.55, 17.84, 20.08, 22.98]",Active,True,Active,3912547.0,1,0.5,0.5,2026-09-15 17:18:27,,
116,9,00-0036040,Juwan Johnson,TE,NO,BAL,0.0,2026_02_NO_BAL,2026-09-20 13:00:00,10.333712559125752,3.004595647034443,17.668353448279124,10.715765305010445,-0.3820527458846907,D,16,-0.677426290365125,19.0,2,,False,1.0,"https://static.www.nfl.com/image/upload/f_auto,q_auto/league/ahzqkvhjot6lygwr4ccb",6.142701348781608,0.0,0.0,0.0,0.0,55.18789801818635,0.1611149345134368,0.0,0.0,0.0,0.0,0.0,0.0,27.5,"[0.48, 1.97, 3.0, 3.87, 4.67, 5.52, 6.64, 7.63, 8.47, 9.39, 10.33, 11.11, 11.94, 13.25, 14.39, 15.83, 17.67, 20.67, 24.12]",Active,True,Active,3929645.0,1,14.4,14.4,2026-09-15 17:18:27,,
117,35,00-0034348,Courtland Sutton,WR,DEN,JAX,1.0,2026_02_JAX_DEN,2026-09-20 16:05:00,10.330219871171892,2.6493619702767432,18.699344433745708,10.264943126636254,0.0652767445356392,C,22,-2.210540900172221,23.5,2,,False,2.0,"https://static.www.nfl.com/image/upload/f_auto,q_auto/league/kqwmqcrlrwmqcvfuguhs",6.669996102041734,0.0,0.0,0.0,0.0,40.9483934809698,0.2019667505348382,0.0,0.0,0.0,0.0,0.0,0.0,21.0,"[0.01, 1.56, 2.65, 3.66, 4.61, 5.53, 6.43, 7.44, 8.38, 9.38, 10.42, 11.44, 12.47, 13.76, 15.14, 16.74, 18.7, 21.25, 25.23]",Active,True,Active,3128429.0,1,3.1,3.1,2026-09-15 17:18:27,,
118,30,00-0041512,Jadarian Price,RB,SEA,ARI,0.0,2026_02_SEA_ARI,2026-09-20 16:25:00,10.292833984316252,2.6849813462628527,17.970544932223024,10.639519198898752,-0.3466852145825001,C,27,-2.291407534767114,23.0,4,,True,1.0,"https://static.www.nfl.com/image/upload/f_auto,q_auto/league/toy90i08oumgbdlvctja",2.0,10.0,0.0,0.0,52.0,6.0,0.0833333333333333,0.0,0.0,0.0,0.0,0.0,0.0,18.5,"[0.35, 1.69, 2.68, 3.8, 4.69, 5.57, 6.34, 7.13, 7.96, 8.85, 9.81, 10.86, 11.97, 13.2, 14.7, 16.24, 17.97, 20.92, 24.48]",Active,True,Active,4685512.0,1,7.8,7.8,2026-09-15 17:18:27,,
119,10,00-0034383,Dalton Schultz,TE,HOU,CIN,1.0,2026_02_CIN_HOU,2026-09-20 13:00:00,10.289458309500269,2.96034139740896,17.62409919865364,9.99252449026851,0.296933819231759,C,10,1.7632031912476902,24.5,2,,False,1.0,"https://static.www.nfl.com/image/upload/f_auto,q_auto/league/ym8sbkev8l4scnrc0vd8",6.201393604188427,0.0,0.0,0.0,0.0,40.76048617770724,0.1826203409794159,0.0,0.0,0.0,0.0,0.0,0.0,22.0,"[0.43, 1.93, 2.96, 3.82, 4.63, 5.48, 6.59, 7.59, 8.43, 9.35, 10.28, 11.07, 11.9, 13.21, 14.35, 15.78, 17.62, 20.62, 24.07]",Active,True,Active,3117256.0,1,7.5,7.5,2026-09-15 17:18:27,,
120,45,00-0040234,Quinn Ewers,QB,JAX,DEN,0.0,2026_02_JAX_DEN,2026-09-20 16:05:00,10.221546361284306,1.5101018888577968,17.717818165934993,10.61206326363198,-0.3905169023476738,C,13,1.0946953212857289,21.0,3,,False,2.0,"https://static.www.nfl.com/image/upload/f_auto,q_auto/league/bbcwyjuhyijtqe7jo274",0.259847695550202,2.0178244740875577,21.130547081006902,157.04886036019343,5.040938706750454,-1.5590861733012118,0.0118112588886455,0.0,0.0,0.0,0.0,0.0,0.0,23.5,"[0.0, 0.0, 1.51, 2.96, 4.37, 5.45, 6.47, 7.64, 8.63, 9.63, 10.76, 11.79, 12.8, 13.97, 15.04, 16.42, 17.72, 19.95, 22.86]",Active,True,Active,4889929.0,0,0.0,,2026-09-15 17:18:27,,
121,36,00-0037664,Alec Pierce,WR,IND,KC,0.0,2026_02_IND_KC,2026-09-20 20:20:00,10.198361395536772,2.517503494641621,18.567485958110588,10.926731280259132,-0.7283698847223619,D,32,-15.12194552389023,20.5,2,,False,1.0,"https://static.www.nfl.com/image/upload/f_auto,q_auto/league/qcg9t51wgp3hicavmkmy",5.6738184680173465,0.0,0.0,0.0,0.0,65.39282118684457,0.1834714778928772,0.0,0.0,0.0,0.0,0.0,0.0,27.0,"[0.0, 1.43, 2.52, 3.53, 4.48, 5.4, 6.29, 7.31, 8.25, 9.25, 10.29, 11.31, 12.34, 13.63, 15.01, 16.61, 18.57, 21.12, 25.1]",Active,True,Active,4360078.0,1,10.1,10.1,2026-09-15 17:18:27,,
122,11,00-0040128,Tyler Warren,TE,IND,KC,0.0,2026_02_IND_KC,2026-09-20 20:20:00,10.194536536276722,2.865419624185413,17.529177425430092,10.165331182757154,0.0292053535195684,C,7,2.848939866835318,20.5,2,,False,1.0,"https://static.www.nfl.com/image/upload/f_auto,q_auto/league/f1mfwwrr3qvnxuiackgq",6.147933852259241,0.1912272453245235,0.0267591847771557,0.0,0.2374163840540132,33.50193217529586,0.2019753709214162,0.0,0.0,0.0,0.0,0.0,0.0,27.0,"[0.34, 1.83, 2.87, 3.73, 4.53, 5.38, 6.5, 7.49, 8.33, 9.25, 10.19, 10.98, 11.8, 13.11, 14.25, 15.69, 17.53, 20.53, 23.98]",Active,True,Active,4431459.0,1,10.3,10.3,2026-09-15 17:18:27,,
123,31,00-0036919,Kenny Gainwell,RB,TB,CLE,1.0,2026_02_CLE_TB,2026-09-20 13:00:00,10.188586026482906,2.5807333884295067,17.866296974389677,9.890075600071578,0.2985104264113278,C,19,0.1355825074321297,24.5,4,,False,2.0,"https://static.www.nfl.com/image/upload/f_auto,q_auto/league/eo62l8ec8e3lzt86ihth",4.211448031882946,6.215081355367876,0.0,0.0,26.45439122709666,24.512806974352973,0.1333239223597854,0.0,0.0,0.0,0.0,0.0,0.0,16.0,"[0.24, 1.58, 2.58, 3.7, 4.59, 5.47, 6.24, 7.03, 7.85, 8.74, 9.71, 10.75, 11.86, 13.1, 14.6, 16.14, 17.87, 20.82, 24.38]",Active,True,Active,4371733.0,1,2.8,2.8,2026-09-15 17:18:27,,
124,32,00-0040784,Quinshon Judkins,RB,CLE,TB,0.0,2026_02_CLE_TB,2026-09-20 13:00:00,10.06989092098695,2.462038282933551,17.747601868893724,10.74550958731361,-0.6756186663266597,D,16,0.8183587553488274,16.0,4,,False,1.0,"https://static.www.nfl.com/image/upload/f_auto,q_auto/league/ojtce2im0wp2ltyel0vc",2.549402937076122,14.63164009834256,0.0,0.0,46.69529551987436,14.804573089516223,0.0925857997198477,0.0,0.0,0.0,0.0,0.0,0.0,24.5,"[0.12, 1.46, 2.46, 3.58, 4.47, 5.35, 6.12, 6.91, 7.74, 8.62, 9.59, 10.64, 11.74, 12.98, 14.48, 16.02, 17.75, 20.7, 24.26]",Active,True,Active,4685702.0,1,7.0,7.0,2026-09-15 17:18:27,,
125,37,00-0038544,Quentin Johnston,WR,LAC,LV,1.0,2026_02_LV_LAC,2026-09-20 16:05:00,10.041264983359936,2.3604070824647856,18.41038954593375,9.764093996144002,0.2771709872159338,C,18,-0.5956184210171277,25.25,2,,False,2.0,"https://static.www.nfl.com/image/upload/f_auto,q_auto/league/lyvsrjh4mjb4dqwp6shm",6.068766262072755,0.0655280586490282,0.0,0.0,0.2759262339324341,40.34186141108052,0.2042455465131173,0.0,0.0,0.0,0.0,0.0,0.0,18.25,"[0.0, 1.27, 2.36, 3.37, 4.32, 5.25, 6.14, 7.15, 8.09, 9.09, 10.13, 11.16, 12.18, 13.47, 14.85, 16.45, 18.41, 20.96, 24.94]",Active,True,Active,4429025.0,1,3.7,3.7,2026-09-15 17:18:27,,
126,38,00-0040735,Luther Burden III,WR,CHI,MIN,1.0,2026_02_MIN_CHI,2026-09-20 13:00:00,10.039454992025226,2.3585970911300755,18.40857955459904,9.381977734116466,0.6574772579087593,B,5,6.449201294093939,27.0,2,,False,2.0,"https://static.www.nfl.com/image/upload/f_auto,q_auto/league/iyuwdz7pbowdkwzq2tg5",5.093900171657124,0.6928984317324469,0.0,0.0,1.98268417411331,51.88683300822372,0.1644365907020533,0.0,0.0,0.0,0.0,0.0,0.0,21.5,"[0.0, 1.27, 2.36, 3.37, 4.32, 5.24, 6.14, 7.15, 8.09, 9.09, 10.13, 11.15, 12.18, 13.47, 14.85, 16.45, 18.41, 20.96, 24.94]",Active,True,Active,4685278.0,1,9.5,9.5,2026-09-15 17:18:27,,
127,39,00-0036252,Michael Pittman,WR,PIT,NE,0.0,2026_02_PIT_NE,2026-09-20 13:00:00,9.985353163277289,3.747277724631649,16.273176258270407,10.44758484621496,-0.46223168293767,D,16,-0.5789951616366913,18.5,2,,False,2.0,"https://static.www.nfl.com/image/upload/f_auto,q_auto/league/q1ythn05kwcmdr4mwzll",5.229353503209714,0.0,0.0,0.0,0.0,45.70524492031286,0.1600658508055675,0.0,0.0,0.0,0.0,0.0,0.0,23.0,"[2.21, 3.14, 3.75, 4.33, 4.99, 5.57, 6.17, 6.81, 7.48, 8.2, 8.95, 9.74, 10.8, 11.85, 13.03, 14.52, 16.27, 18.71, 22.21]",Active,True,Active,4035687.0,1,8.8,8.8,2026-09-15 17:18:27,,
128,40,00-0034960,Jakobi Meyers,WR,JAX,DEN,0.0,2026_02_JAX_DEN,2026-09-20 16:05:00,9.978229091041875,3.7401536523962378,16.266052186034997,10.477802098791589,-0.4995730077497118,D,30,-9.235683288448875,21.0,2,,False,3.0,"https://static.www.nfl.com/image/upload/f_auto,q_auto/league/zrs4ij8mvw7wr1uujwew",5.234139197076136,0.5477270767335651,0.0,0.0,1.2293250465380372,44.7465632830992,0.1817300252076323,0.0,0.0,0.0,0.0,0.0,0.0,23.5,"[2.21, 3.13, 3.74, 4.32, 4.99, 5.56, 6.16, 6.8, 7.47, 8.19, 8.94, 9.74, 10.8, 11.85, 13.02, 14.51, 16.27, 18.71, 22.2]",Active,True,Active,3916433.0,1,12.2,12.2,2026-09-15 17:18:27,,
129,41,00-0033555,Mack Hollins,WR,NE,PIT,1.0,2026_02_PIT_NE,2026-09-20 13:00:00,9.966505806796317,3.728430368150677,16.254328901789435,9.983764717119133,-0.0172589103228144,C,24,-3.3810864789248005,23.0,2,,False,3.0,"https://static.www.nfl.com/image/upload/f_auto,q_auto/league/qbz7whjzsittudcecezw",5.195165560048827,0.0324359530916051,0.0,0.0,0.1297438123664205,49.08480384862678,0.1715868354974802,0.0,0.0,0.0,0.0,0.0,0.0,18.5,"[2.2, 3.12, 3.73, 4.31, 4.97, 5.55, 6.15, 6.79, 7.46, 8.18, 8.93, 9.72, 10.79, 11.84, 13.01, 14.5, 16.25, 18.69, 22.19]",Active,True,Active,2991662.0,1,9.1,9.1,2026-09-15 17:18:27,,
130,42,00-0039919,Rome Odunze,WR,CHI,MIN,1.0,2026_02_MIN_CHI,2026-09-20 13:00:00,9.954852146104862,3.716776707459223,16.24267524109798,9.297374888196105,0.6574772579087593,B,5,6.449201294093939,27.0,2,,False,1.0,"https://static.www.nfl.com/image/upload/f_auto,q_auto/league/niewdl2p2325kpohbw9v",5.760746943381936,0.0,0.0,0.0,0.0,50.29978386180093,0.1805031278650386,0.0,0.0,0.0,0.0,0.0,0.0,21.5,"[2.18, 3.11, 3.72, 4.3, 4.96, 5.53, 6.14, 6.78, 7.45, 8.16, 8.92, 9.71, 10.77, 11.82, 13.0, 14.49, 16.24, 18.68, 22.18]",Active,True,Active,4431299.0,1,7.2,7.2,2026-09-15 17:18:27,,
131,43,00-0033921,Chris Godwin Jr.,WR,TB,CLE,1.0,2026_02_CLE_TB,2026-09-20 13:00:00,9.9494322282403,3.711356789594662,16.23725532323342,9.640880354633538,0.3085518736067634,C,8,2.65197766108747,24.5,2,,False,2.0,"https://static.www.nfl.com/image/upload/f_auto,q_auto/league/ilkheljdx4hbjpisulke",4.918426926768494,0.3756694792049295,0.0,0.0,1.1270084376147886,40.8330440220093,0.1641973985253584,0.0,0.0,0.0,0.0,0.0,0.0,16.0,"[2.18, 3.11, 3.71, 4.29, 4.96, 5.53, 6.13, 6.78, 7.44, 8.16, 8.91, 9.71, 10.77, 11.82, 12.99, 14.48, 16.24, 18.68, 22.17]",Active,True,Active,3116165.0,1,8.3,8.3,2026-09-15 17:18:27,,
132,12,00-0040663,Harold Fannin Jr.,TE,CLE,TB,0.0,2026_02_CLE_TB,2026-09-20 13:00:00,9.945383452387835,4.245264226584692,16.126357956955736,10.050874791297028,-0.1054913389091929,C,3,6.801184022548157,16.0,2,,False,1.0,"https://static.www.nfl.com/image/upload/f_auto,q_auto/league/fxublmpnxx9uggsddwik",5.643052794539774,0.3270693092186695,0.0,0.0,0.5680971891730654,38.75003062184346,0.2015580462348563,0.0,0.0,0.0,0.0,0.0,0.0,24.5,"[2.7, 3.58, 4.25, 4.93, 5.46, 6.07, 6.69, 7.33, 7.96, 8.71, 9.46, 10.33, 11.19, 12.18, 13.28, 14.47, 16.13, 18.09, 21.6]",Active,True,Active,5083076.0,1,4.1,4.1,2026-09-15 17:18:27,,
133,33,00-0035261,Tony Pollard,RB,TEN,PHI,1.0,2026_02_PHI_TEN,2026-09-20 13:00:00,9.876819814440596,3.857343219341218,16.545382292803716,10.227796314626314,-0.3509765001857179,C,15,1.5859714878510949,16.25,4,,False,1.0,"https://static.www.nfl.com/image/upload/f_auto,q_auto/league/mb2xdrqiys6ktlcuah2n",2.2016733020018844,12.353232489653118,0.0,0.0,58.48299541325708,7.374566279981895,0.071161461491696,0.0,0.0,0.0,0.0,0.0,0.0,23.25,"[2.35, 3.26, 3.86, 4.43, 5.05, 5.71, 6.34, 6.98, 7.62, 8.43, 9.26, 10.08, 11.07, 12.1, 13.36, 14.74, 16.55, 19.16, 23.06]",Active,True,Active,3916148.0,1,4.4,4.4,2026-09-15 17:18:27,,
134,13,00-0040126,Colston Loveland,TE,CHI,MIN,1.0,2026_02_MIN_CHI,2026-09-20 13:00:00,9.84686061273066,4.146741386927515,16.02783511729856,9.529781329088731,0.3170792836419274,B,20,-1.1555138007102328,27.0,2,,False,1.0,"https://static.www.nfl.com/image/upload/f_auto,q_auto/league/cnxiyi76jeahgx94nh6d",5.763361165193995,0.0482395479636183,0.0,0.0,-0.0964790959272366,42.58089605370924,0.1727852531961319,0.0,0.0,0.0,0.0,0.0,0.0,21.5,"[2.6, 3.49, 4.15, 4.84, 5.36, 5.97, 6.59, 7.24, 7.86, 8.61, 9.36, 10.23, 11.09, 12.08, 13.18, 14.37, 16.03, 17.99, 21.51]",Active,True,Active,4723086.0,1,0.0,0.0,2026-09-15 17:18:27,,
135,34,00-0036139,Rico Dowdle,RB,PIT,NE,0.0,2026_02_PIT_NE,2026-09-20 13:00:00,9.7270472050775,3.707570609978122,16.39560968344062,10.34204452864948,-0.6149973235719788,D,24,-1.6019997993454522,18.5,4,,False,2.0,"https://static.www.nfl.com/image/upload/f_auto,q_auto/league/mx2bxccuzmdvzbksypws",3.6239784398888055,11.367846269406568,0.0,0.0,41.80058896944325,13.471498412071073,0.1198131957730767,0.0,0.0,0.0,0.0,0.0,0.0,23.0,"[2.2, 3.11, 3.71, 4.29, 4.91, 5.56, 6.19, 6.83, 7.47, 8.28, 9.11, 9.93, 10.92, 11.95, 13.21, 14.59, 16.4, 19.01, 22.91]",Active,True,Active,4038815.0,1,4.1,4.1,2026-09-15 17:18:27,,
136,44,00-0035659,Terry McLaurin,WR,WAS,DAL,0.0,2026_02_WAS_DAL,2026-09-20 16:25:00,9.723506053087837,3.485430614442196,16.011329148080954,9.648196764856516,0.0753092882313186,C,6,3.337332649879808,23.0,2,,False,1.0,"https://static.www.nfl.com/image/upload/f_auto,q_auto/league/tmfl2zruajmkrtcg4zxp",5.2054048331562415,0.0,0.0,0.0,0.0,42.86325523952056,0.2024706665411249,0.0,0.0,0.0,0.0,0.0,0.0,27.5,"[1.95, 2.88, 3.49, 4.07, 4.73, 5.3, 5.91, 6.55, 7.21, 7.93, 8.69, 9.48, 10.54, 11.59, 12.77, 14.26, 16.01, 18.45, 21.95]",Active,True,Active,3121422.0,1,3.4,3.4,2026-09-15 17:18:27,,
137,35,00-0039391,Kimani Vidal,RB,LAC,LV,1.0,2026_02_LV_LAC,2026-09-20 16:05:00,9.61911245374137,3.5996358586419905,16.28767493210449,9.475565518305023,0.1435469354363459,C,28,-3.108890259660829,25.25,4,,False,3.0,"https://static.www.nfl.com/image/upload/f_auto,q_auto/league/tqdctdun0bv60d5ziwtl",1.725276158326767,11.646493588509994,0.0,0.0,44.91373404074718,12.097849258769804,0.057826873730241,0.0,0.0,0.0,0.0,0.0,0.0,18.25,"[2.09, 3.0, 3.6, 4.18, 4.8, 5.45, 6.08, 6.72, 7.37, 8.17, 9.0, 9.83, 10.81, 11.84, 13.1, 14.48, 16.29, 18.9, 22.8]",Active,True,Active,4430968.0,0,0.0,,2026-09-15 17:18:27,,
138,36,00-0036158,J.K. Dobbins,RB,DEN,JAX,1.0,2026_02_JAX_DEN,2026-09-20 16:05:00,9.574088011188168,3.554611416088788,16.242650489551288,9.670631416813809,-0.096543405625642,C,30,-4.289422922778532,23.5,4,,False,1.0,"https://static.www.nfl.com/image/upload/f_auto,q_auto/league/cevotvl3ho5h1mioruyg",0.8550539773641254,12.768315742103148,0.0,0.0,62.49790979113512,2.311625428298222,0.0281361268378576,0.0,0.0,0.0,0.0,0.0,0.0,21.0,"[2.04, 2.96, 3.55, 4.13, 4.75, 5.4, 6.04, 6.68, 7.32, 8.12, 8.95, 9.78, 10.77, 11.8, 13.06, 14.43, 16.24, 18.86, 22.75]",Active,True,Active,4241985.0,1,3.6,3.6,2026-09-15 17:18:27,,
139,45,00-0040667,Matthew Golden,WR,GB,NYJ,0.0,2026_02_GB_NYJ,2026-09-20 13:00:00,9.522431751766408,3.284356313120768,15.810254846759529,9.46283786360176,0.0595938881646471,C,20,-1.6410024811260728,24.5,2,,False,3.0,"https://static.www.nfl.com/image/upload/f_auto,q_auto/league/dbjki6b0swksr7mk17wk",5.946354347314069,0.3528617430884473,0.0,0.0,1.5590874299598312,49.8886171261894,0.181515807488458,0.0,0.0,0.0,0.0,0.0,0.0,20.0,"[1.75, 2.68, 3.28, 3.87, 4.53, 5.1, 5.7, 6.35, 7.01, 7.73, 8.49, 9.28, 10.34, 11.39, 12.57, 14.06, 15.81, 18.25, 21.74]",Active,True,Active,4701936.0,1,15.5,15.5,2026-09-15 17:18:27,,
140,14,00-0038129,Cade Otton,TE,TB,CLE,1.0,2026_02_CLE_TB,2026-09-20 13:00:00,9.496726929411624,3.7966077036084807,15.677701433979529,9.448523930903455,0.0482029985081684,C,23,-1.5253660225060928,24.5,2,,False,1.0,"https://static.www.nfl.com/image/upload/f_auto,q_auto/league/yanr6h9aplae3jyzimf7",5.296583971120107,0.0,0.0,0.0,0.0,35.35915399722456,0.182714882672852,0.0,0.0,0.0,0.0,0.0,0.0,16.0,"[2.25, 3.14, 3.8, 4.49, 5.01, 5.62, 6.24, 6.89, 7.51, 8.26, 9.01, 9.88, 10.74, 11.73, 12.83, 14.02, 15.68, 17.64, 21.16]",Active,True,Active,4243331.0,1,5.6,5.6,2026-09-15 17:18:27,,
141,37,00-0040734,TreVeyon Henderson,RB,NE,PIT,1.0,2026_02_PIT_NE,2026-09-20 13:00:00,9.44360054577496,3.4241239506755807,16.11216302413808,9.080284414179832,0.363316131595127,B,11,3.059380643587325,23.0,4,,False,2.0,"https://static.www.nfl.com/image/upload/f_auto,q_auto/league/ebcjvwytgu2y4kqm8ihv",1.9768018805454544,10.218247424283383,0.0,0.0,45.92020011921975,10.500900335781322,0.065796426851003,0.0,0.0,0.0,0.0,0.0,0.0,18.5,"[1.91, 2.83, 3.42, 4.0, 4.62, 5.27, 5.91, 6.55, 7.19, 7.99, 8.82, 9.65, 10.63, 11.67, 12.93, 14.3, 16.11, 18.73, 22.62]",Active,True,Active,4432710.0,0,0.0,,2026-09-15 17:18:27,,
142,38,00-0040242,Jacory Croskey-Merritt,RB,WAS,DAL,0.0,2026_02_WAS_DAL,2026-09-20 16:25:00,9.386465997793769,3.3669894026943883,16.055028476156888,9.507501353002294,-0.1210353552085266,C,21,-0.3613180133035657,23.0,4,,False,1.0,"https://static.www.nfl.com/image/upload/f_auto,q_auto/league/qew4qhlj4yuf50voko61",0.6721586787813666,12.165445778477686,0.0,0.0,52.33459687970907,-0.1674309143442995,0.0248156531188729,0.0,0.0,0.0,0.0,0.0,0.0,27.5,"[1.85, 2.77, 3.37, 3.94, 4.56, 5.21, 5.85, 6.49, 7.13, 7.94, 8.77, 9.59, 10.58, 11.61, 12.87, 14.25, 16.06, 18.67, 22.57]",Active,True,Active,4575131.0,1,12.6,12.6,2026-09-15 17:18:27,,
143,46,00-0036613,Jaylen Waddle,WR,DEN,JAX,1.0,2026_02_JAX_DEN,2026-09-20 16:05:00,9.38253267936414,3.1444572407185003,15.670355774357258,9.317255934828502,0.0652767445356374,C,22,-2.210540900172221,23.5,2,,False,1.0,"https://static.www.nfl.com/image/upload/f_auto,q_auto/league/gkh7m1jedon9mwn5jlf1",5.132071270921299,0.1366339326572606,0.0324359530916051,0.2594876247328411,1.7892667322463958,37.62379267168957,0.1969152652730814,0.0,0.0,0.0,0.0,0.0,0.0,21.0,"[1.61, 2.54, 3.14, 3.73, 4.39, 4.96, 5.56, 6.21, 6.87, 7.59, 8.35, 9.14, 10.2, 11.25, 12.43, 13.92, 15.67, 18.11, 21.6]",Active,True,Active,4372016.0,1,1.2,1.2,2026-09-15 17:18:27,,
144,15,00-0034753,Mark Andrews,TE,BAL,NO,1.0,2026_02_NO_BAL,2026-09-20 13:00:00,9.370829122192156,3.670709896389012,15.55180362676006,8.989108322273436,0.3817207999187193,B,17,-0.9378762163706332,27.5,2,,False,1.0,"https://static.www.nfl.com/image/upload/f_auto,q_auto/league/u4xzz7tclch0tpzm9hhz",4.613186152907348,0.3725017250342339,0.0,0.0,1.963770720631577,31.047272973005672,0.1982667081246181,0.0,0.0,0.0,0.0,0.0,0.0,19.0,"[2.12, 3.01, 3.67, 4.36, 4.89, 5.5, 6.12, 6.76, 7.39, 8.14, 8.88, 9.76, 10.62, 11.61, 12.7, 13.89, 15.55, 17.52, 21.03]",Active,True,Active,3116365.0,1,8.9,8.9,2026-09-15 17:18:27,,
145,47,00-0041523,Caleb Douglas,WR,MIA,SF,0.0,2026_02_MIA_SF,2026-09-20 16:25:00,9.30404402842142,3.065968589775782,15.59186712341454,10.040593060298942,-0.7365490318775212,D,29,-8.884472444101899,16.0,2,,True,2.0,"https://static.www.nfl.com/image/upload/f_auto,q_auto/league/stwypvmutplwvi1zzbmu",7.0,0.0,0.0,0.0,0.0,94.0,0.2592592592592592,0.0,0.0,0.0,0.0,0.0,0.0,29.5,"[1.53, 2.46, 3.07, 3.65, 4.31, 4.88, 5.49, 6.13, 6.79, 7.51, 8.27, 9.06, 10.12, 11.17, 12.35, 13.84, 15.59, 18.03, 21.53]",Active,True,Active,4869645.0,1,14.4,14.4,2026-09-15 17:18:27,,
146,48,00-0030279,Keenan Allen,WR,IND,KC,0.0,2026_02_IND_KC,2026-09-20 20:20:00,9.30222693078158,3.0641514921359416,15.5900500257747,10.03059681550394,-0.7283698847223601,D,32,-15.12194552389023,20.5,2,,False,3.0,"https://static.www.nfl.com/image/upload/f_auto,q_auto/league/ri267r6lzfwarh89hsn6",6.680836297831432,0.0,0.0,0.0,0.0,37.11663560358802,0.2172109831772527,0.0,0.0,0.0,0.0,0.0,0.0,27.0,"[1.53, 2.46, 3.06, 3.65, 4.31, 4.88, 5.48, 6.13, 6.79, 7.51, 8.27, 9.06, 10.12, 11.17, 12.34, 13.84, 15.59, 18.03, 21.52]",Active,True,Active,15818.0,1,9.2,9.2,2026-09-15 17:18:27,,
147,49,00-0039894,Xavier Worthy,WR,KC,IND,1.0,2026_02_IND_KC,2026-09-20 20:20:00,9.268178975569526,3.030103536923887,15.556002070562643,8.592334536512189,0.6758444390573377,B,3,7.041391218578065,27.0,2,,False,2.0,"https://static.www.nfl.com/image/upload/f_auto,q_auto/league/u6fmnffwteccoxn3uguq",5.294515047190354,0.498067306295398,0.0,0.0,3.17913537310882,31.09910251877479,0.1847223808485633,0.0,0.0,0.0,0.0,0.0,0.0,20.5,"[1.5, 2.42, 3.03, 3.61, 4.28, 4.85, 5.45, 6.09, 6.76, 7.48, 8.23, 9.03, 10.09, 11.14, 12.31, 13.8, 15.56, 18.0, 21.49]",Active,True,Active,4683062.0,1,4.8,4.8,2026-09-15 17:18:27,,
148,16,00-0037838,Isaiah Likely,TE,NYG,LA,0.0,2026_02_NYG_LA,2026-09-21 20:15:00,9.16272675655611,3.4626075307529662,15.343701261124012,9.526655477599084,-0.363928721042976,D,29,-2.6673490803285627,20.75,2,,False,1.0,"https://static.www.nfl.com/image/upload/f_auto,q_auto/league/b1pahldt9ixp9lssxi2d",4.701814783604181,0.0,0.0,0.0,0.0,43.9546431533824,0.17418340866578,0.0,0.0,0.0,0.0,0.0,0.0,27.75,"[1.92, 2.8, 3.46, 4.15, 4.68, 5.29, 5.91, 6.55, 7.18, 7.93, 8.68, 9.55, 10.41, 11.4, 12.5, 13.69, 15.34, 17.31, 20.82]",Active,True,Active,4361050.0,1,27.8,27.8,2026-09-15 17:18:27,,
149,39,00-0040583,Woody Marks,RB,HOU,CIN,1.0,2026_02_CIN_HOU,2026-09-20 13:00:00,9.146514003193836,3.1270374080944574,15.815076481556956,8.845935906823295,0.3005780963705415,C,17,0.1656555727829828,24.5,4,,False,2.0,"https://static.www.nfl.com/image/upload/f_auto,q_auto/league/y5ntpcenhhhv98uz2fys",1.841495017848949,12.605800019412394,0.0,0.0,48.706674436326814,6.5780129882161145,0.0545183624434194,0.0,0.0,0.0,0.0,0.0,0.0,22.0,"[1.61, 2.53, 3.13, 3.7, 4.32, 4.97, 5.61, 6.25, 6.89, 7.7, 8.53, 9.35, 10.34, 11.37, 12.63, 14.01, 15.82, 18.43, 22.33]",Active,True,Active,4429059.0,1,5.0,5.0,2026-09-15 17:18:27,,
150,17,00-0036970,Kyle Pitts,TE,ATL,CAR,1.0,2026_02_CAR_ATL,2026-09-20 13:00:00,9.134398455871644,3.4342792300685003,15.315372960439548,9.509759768445068,-0.3753613125734247,D,27,-2.029369306144404,20.5,2,,False,1.0,"https://static.www.nfl.com/image/upload/f_auto,q_auto/league/xczipzxvytnmvgznhhb4",5.365913368879559,0.0,0.0,0.0,0.0,40.76013651402244,0.1823298365915819,0.0,0.0,0.0,0.0,0.0,0.0,23.0,"[1.89, 2.77, 3.43, 4.12, 4.65, 5.26, 5.88, 6.52, 7.15, 7.9, 8.65, 9.52, 10.38, 11.37, 12.47, 13.66, 15.32, 17.28, 20.79]",Active,True,Active,4360248.0,1,0.0,0.0,2026-09-15 17:18:27,,
151,1,DST_TB,Tampa Bay Buccaneers D/ST,DST,TB,CLE,1.0,2026_02_CLE_TB,2026-09-20 13:00:00,9.119779642434914,3.813113066487868,14.894189800382012,6.294399949627622,2.8253796928072914,A+,4,3.907461631983869,24.5,1,,False,1.0,https://a.espncdn.com/i/teamlogos/nfl/500/tb.png,29.982727591039243,25.984167237232707,30.97210555385265,217.18269881402992,108.5883281092683,217.18269881402992,0.0,2.1470730756197267,2.1876594406712653,0.0,1.658941869690118,1.2552106808846035,26.431218400865763,16.0,"[1.65, 2.9, 3.81, 4.57, 5.25, 5.86, 6.52, 7.04, 7.67, 8.23, 8.91, 9.61, 10.34, 11.25, 12.3, 13.57, 14.89, 16.84, 19.71]",Active,True,Active,,1,8.0,8.0,2026-09-15 17:18:27,,
152,1,00-0034173,Eddy Pineiro,K,SF,MIA,1.0,2026_02_MIA_SF,2026-09-20 16:25:00,9.036244086955984,4.447424027671855,13.71423603930085,8.04601514372985,0.9902289432261356,A,7,0.923513293427166,29.5,1,,False,1.0,"https://static.www.nfl.com/image/upload/f_auto,q_auto/league/v3vtl2t4dfzkueanjfwc",0.0,0.0,0.0,0.0,0.0,0.0,0.0,2.1808188749742703,2.7646916659622187,0.5607163451390756,0.0,0.0,0.0,16.0,"[2.31, 3.45, 4.45, 5.16, 5.84, 6.4, 6.94, 7.49, 8.03, 8.62, 9.23, 9.85, 10.45, 11.11, 11.89, 12.75, 13.71, 15.03, 16.99]",Active,True,Active,4034949.0,1,10.0,10.0,2026-09-15 17:18:27,,
153,2,00-0032726,Ka'imi Fairbairn,K,HOU,CIN,1.0,2026_02_CIN_HOU,2026-09-20 13:00:00,8.971081160847678,4.382261101563548,13.649073113192545,8.736327625505373,0.2347535353423051,C,8,0.7245327727188128,24.5,1,,False,1.0,"https://static.www.nfl.com/image/upload/f_auto,q_auto/league/nbrs7doetqydf2rzhjjl",0.0,0.0,0.0,0.0,0.0,0.0,0.0,2.4749918017104027,2.6562524405903982,0.7739763846220995,0.0,0.0,0.0,22.0,"[2.25, 3.38, 4.38, 5.1, 5.78, 6.33, 6.88, 7.43, 7.96, 8.55, 9.16, 9.79, 10.39, 11.04, 11.83, 12.68, 13.65, 14.96, 16.92]",Active,True,Active,2971573.0,1,9.0,9.0,2026-09-15 17:18:27,,
154,2,DST_SF,San Francisco 49ers D/ST,DST,SF,MIA,1.0,2026_02_MIA_SF,2026-09-20 16:25:00,8.970042300236146,3.663375724289101,14.744452458183249,5.861420416344793,3.1086218838913533,A+,3,4.243106348570827,29.5,1,,False,1.0,https://a.espncdn.com/i/teamlogos/nfl/500/sf.png,31.567439592013407,28.50121971644979,32.77028501131172,228.9735742149988,127.49198415273206,228.9735742149988,0.0,2.1828597732337385,2.708106269947394,0.0,0.8876478648275915,1.1008728794595857,18.994667654968858,16.0,"[1.5, 2.75, 3.66, 4.42, 5.1, 5.71, 6.37, 6.89, 7.52, 8.08, 8.76, 9.46, 10.19, 11.1, 12.15, 13.42, 14.74, 16.69, 19.56]",Active,True,Active,,1,8.0,8.0,2026-09-15 17:18:27,,
155,3,DST_PHI,Philadelphia Eagles D/ST,DST,PHI,TEN,0.0,2026_02_PHI_TEN,2026-09-20 13:00:00,8.902937355324873,3.596270779377828,14.677347513271972,6.119390859717112,2.7835464956077614,A+,5,3.1099390707051886,23.25,1,,False,1.0,https://a.espncdn.com/i/teamlogos/nfl/500/phi.png,26.560999110824746,27.680508011061654,28.98647171511816,202.4808894069756,125.96891674337296,202.4808894069756,0.0,1.535507059845976,2.501642551893552,0.0,2.0641758057611206,0.9908057992672122,19.622162119817425,16.25,"[1.43, 2.68, 3.6, 4.36, 5.03, 5.64, 6.31, 6.83, 7.45, 8.01, 8.69, 9.4, 10.12, 11.03, 12.08, 13.35, 14.68, 16.62, 19.49]",Active,True,Active,,1,3.0,3.0,2026-09-15 17:18:27,,
156,50,00-0038563,Tre Tucker,WR,LV,LAC,0.0,2026_02_LV_LAC,2026-09-20 16:05:00,8.810011213210721,2.571935774565082,15.09783430820384,9.344927373275173,-0.5349161600644496,D,21,-2.1771954798177937,18.25,2,,False,1.0,"https://static.www.nfl.com/image/upload/f_auto,q_auto/league/hazzk3hrcequzosdgzgv",4.970547622597906,0.4985995357009053,0.0,0.0,1.963859779340553,33.87767057843367,0.1759623068645089,0.0,0.0,0.0,0.0,0.0,0.0,25.25,"[1.04, 1.97, 2.57, 3.15, 3.82, 4.39, 4.99, 5.64, 6.3, 7.02, 7.77, 8.57, 9.63, 10.68, 11.85, 13.34, 15.1, 17.54, 21.03]",Active,True,Active,4428718.0,1,4.7,4.7,2026-09-15 17:18:27,,
157,51,00-0037816,Romeo Doubs,WR,NE,PIT,1.0,2026_02_PIT_NE,2026-09-20 13:00:00,8.779146179955632,2.5410707413099924,15.06696927494875,8.796405090278448,-0.0172589103228162,C,24,-3.3810864789248005,23.0,2,,False,1.0,"https://static.www.nfl.com/image/upload/f_auto,q_auto/league/yxvzijmgwyyigljxfmyb",4.841390854005934,0.0,0.0,0.0,0.0,37.50949956054348,0.1628969936787871,0.0,0.0,0.0,0.0,0.0,0.0,18.5,"[1.01, 1.93, 2.54, 3.12, 3.79, 4.36, 4.96, 5.61, 6.27, 6.99, 7.74, 8.54, 9.6, 10.65, 11.82, 13.31, 15.07, 17.51, 21.0]",Active,True,Active,4361432.0,1,0.0,0.0,2026-09-15 17:18:27,,
158,3,00-0040074,Tyler Loop,K,BAL,NO,1.0,2026_02_NO_BAL,2026-09-20 13:00:00,8.74142949235582,4.15260943307169,13.419421444700683,8.078583415113682,0.6628460772421381,A,10,0.4680611561297916,27.5,1,,False,1.0,"https://static.www.nfl.com/image/upload/f_auto,q_auto/league/kbwixtntqevptepedhll",0.0,0.0,0.0,0.0,0.0,0.0,0.0,2.007539040738892,3.416733948411589,0.3160533930003817,0.0,0.0,0.0,19.0,"[2.02, 3.15, 4.15, 4.87, 5.55, 6.1, 6.65, 7.2, 7.73, 8.32, 8.93, 9.56, 10.16, 10.81, 11.6, 12.45, 13.42, 14.73, 16.69]",Active,True,Active,4697745.0,1,14.0,14.0,2026-09-15 17:18:27,,
159,46,00-0033662,Cooper Rush,QB,ATL,CAR,1.0,2026_02_CAR_ATL,2026-09-20 13:00:00,8.728320510272791,0.5972783927438794,17.80651256955695,7.433356888736103,1.294963621536688,A,3,5.593832115671563,20.5,3,,False,3.0,"https://static.www.nfl.com/image/upload/f_auto,q_auto/league/mwrtykpswz7nbfisqlmj",0.0,0.4444520652713847,18.06075788535926,112.84808635163266,-0.4137478810818509,0.0,0.0,0.0,0.0,0.0,0.0,0.0,0.0,23.0,"[0.0, 0.06, 0.6, 1.32, 1.8, 2.28, 2.88, 4.13, 5.43, 6.56, 7.97, 9.62, 11.14, 12.74, 14.17, 15.94, 17.81, 19.96, 22.61]",Active,True,Active,2972515.0,1,5.7,5.7,2026-09-15 17:18:27,,
160,4,00-0033303,Harrison Butker,K,KC,IND,1.0,2026_02_IND_KC,2026-09-20 20:20:00,8.726382439857435,4.137562380573304,13.4043743922023,7.920524627739402,0.8058578121180329,A,2,3.708935653529063,27.0,1,,False,1.0,"https://static.www.nfl.com/image/upload/f_auto,q_auto/league/yphf8avl8ji0ncdohabz",0.0,0.0,0.0,0.0,0.0,0.0,0.0,1.9474621090897943,2.3797044205332605,0.1951066201861769,0.0,0.0,0.0,20.5,"[2.0, 3.14, 4.14, 4.86, 5.53, 6.09, 6.63, 7.18, 7.72, 8.31, 8.92, 9.54, 10.14, 10.8, 11.58, 12.44, 13.4, 14.72, 16.68]",Active,True,Active,3055899.0,1,7.0,7.0,2026-09-15 17:18:27,,
161,40,00-0037525,Jordan Mason,RB,MIN,CHI,0.0,2026_02_MIN_CHI,2026-09-20 13:00:00,8.712775646122479,2.6932990510231,15.3813381244856,8.518574068236829,0.19420157788565,C,5,6.204857693453305,21.5,4,,False,2.0,"https://static.www.nfl.com/image/upload/f_auto,q_auto/league/qeeucinnxl8mpzaw23hc",0.5319434107068238,10.997446086542883,0.0,0.0,49.69421087208375,1.7348988504434002,0.0186145998738853,0.0,0.0,0.0,0.0,0.0,0.0,27.0,"[1.18, 2.1, 2.69, 3.27, 3.89, 4.54, 5.17, 5.82, 6.46, 7.26, 8.09, 8.92, 9.9, 10.94, 12.2, 13.57, 15.38, 18.0, 21.89]",Active,True,Active,4360569.0,1,11.9,11.9,2026-09-15 17:18:27,,
162,52,00-0039146,Jayden Reed,WR,GB,NYJ,0.0,2026_02_GB_NYJ,2026-09-20 13:00:00,8.657727517180227,2.419652078534588,14.945550612173346,8.59813362901558,0.0595938881646471,C,20,-1.6410024811260728,24.5,2,,False,2.0,"https://static.www.nfl.com/image/upload/f_auto,q_auto/league/uhb95fij1uo92ymqxpmg",5.830483341320042,0.3694638901112373,0.0,0.0,3.927390779486333,32.01402512450705,0.1727425261760234,0.0,0.0,0.0,0.0,0.0,0.0,20.0,"[0.89, 1.81, 2.42, 3.0, 3.66, 4.24, 4.84, 5.48, 6.15, 6.87, 7.62, 8.42, 9.48, 10.53, 11.7, 13.19, 14.95, 17.39, 20.88]",Active,True,Active,4362249.0,1,5.0,5.0,2026-09-15 17:18:27,,
163,53,00-0032464,Kalif Raymond,WR,CHI,MIN,1.0,2026_02_MIN_CHI,2026-09-20 13:00:00,8.65459976055245,2.4165243219068118,14.94242285554557,7.997122502643691,0.6574772579087593,B,5,6.449201294093939,27.0,2,,False,3.0,"https://static.www.nfl.com/image/upload/f_auto,q_auto/league/dpdv6dm0almcbjdppizx",4.260104090081028,0.0724057497103798,0.0,0.0,0.6985086110375921,42.03640224476295,0.149366973847802,0.0,0.0,0.0,0.0,0.0,0.0,21.5,"[0.88, 1.81, 2.42, 3.0, 3.66, 4.23, 4.84, 5.48, 6.15, 6.86, 7.62, 8.41, 9.47, 10.52, 11.7, 13.19, 14.94, 17.38, 20.88]",Active,True,Active,2973405.0,1,16.4,16.4,2026-09-15 17:18:27,,
164,5,00-0037224,Cameron Dicker,K,LAC,LV,1.0,2026_02_LV_LAC,2026-09-20 16:05:00,8.624649830075526,4.035829770791396,13.302641782420393,7.74440164128961,0.8802481887859166,A,12,0.379385400356978,25.25,1,,False,1.0,"https://static.www.nfl.com/image/upload/f_auto,q_auto/league/fvkop13kntnwv3amucpf",0.0,0.0,0.0,0.0,0.0,0.0,0.0,1.5875675683121084,1.8321685460294963,0.1879034704980182,0.0,0.0,0.0,18.25,"[1.9, 3.04, 4.04, 4.75, 5.43, 5.99, 6.53, 7.08, 7.62, 8.21, 8.81, 9.44, 10.04, 10.7, 11.48, 12.34, 13.3, 14.62, 16.57]",Active,True,Active,4362081.0,1,2.0,2.0,2026-09-15 17:18:27,,
165,6,00-0035358,Chase McLaughlin,K,TB,CLE,1.0,2026_02_CLE_TB,2026-09-20 13:00:00,8.529068489490074,3.9402484302059433,13.20706044183494,8.305532485232678,0.2235360042573955,C,9,0.5571739757822742,24.5,1,,False,1.0,"https://static.www.nfl.com/image/upload/f_auto,q_auto/league/enkzsuyzk232mbq5oe4w",0.0,0.0,0.0,0.0,0.0,0.0,0.0,2.1470730756197267,2.1876594406712653,0.6982242620602304,0.0,0.0,0.0,16.0,"[1.8, 2.94, 3.94, 4.66, 5.33, 5.89, 6.44, 6.99, 7.52, 8.11, 8.72, 9.35, 9.94, 10.6, 11.39, 12.24, 13.21, 14.52, 16.48]",Active,True,Active,3150744.0,1,11.0,11.0,2026-09-15 17:18:27,,
166,54,00-0041547,KC Concepcion,WR,CLE,TB,0.0,2026_02_CLE_TB,2026-09-20 13:00:00,8.526892185532885,2.288816746887246,14.814715280526006,9.340966291653938,-0.814074106121053,D,28,-8.752293208640241,16.0,2,,True,2.0,"https://static.www.nfl.com/image/upload/f_auto,q_auto/league/ztdyzyngqr1pexyghlt3",5.0,3.0,0.0,0.0,15.0,43.0,0.2272727272727272,0.0,0.0,0.0,0.0,0.0,0.0,24.5,"[0.76, 1.68, 2.29, 2.87, 3.53, 4.11, 4.71, 5.35, 6.02, 6.74, 7.49, 8.28, 9.35, 10.4, 11.57, 13.06, 14.81, 17.25, 20.75]",Active,True,Active,4870653.0,1,7.8,7.8,2026-09-15 17:18:27,,
167,7,00-0031203,Cairo Santos,K,CHI,MIN,1.0,2026_02_MIN_CHI,2026-09-20 13:00:00,8.519916139416074,3.931096080131943,13.197908091760938,7.935449591124937,0.5844665482911369,B,11,0.4059115490378831,27.0,1,,False,1.0,"https://static.www.nfl.com/image/upload/f_auto,q_auto/league/tz5ecjri52gwpoo9s7be",0.0,0.0,0.0,0.0,0.0,0.0,0.0,1.6256332746449655,4.065099374438574,0.2067020386290292,0.0,0.0,0.0,21.5,"[1.79, 2.93, 3.93, 4.65, 5.32, 5.88, 6.43, 6.98, 7.51, 8.1, 8.71, 9.34, 9.93, 10.59, 11.38, 12.23, 13.2, 14.51, 16.47]",Active,True,Active,17427.0,1,12.0,12.0,2026-09-15 17:18:27,,
168,8,00-0039498,Harrison Mevis,K,LA,NYG,1.0,2026_02_NYG_LA,2026-09-21 20:15:00,8.489793958694358,3.900973899410228,13.167785911039225,7.496349538815406,0.9934444198789524,A,31,-3.4679235325065862,27.75,1,,False,1.0,"https://static.www.nfl.com/image/upload/f_auto,q_auto/league/yjmtai1e4eqbsw2yk6mh",0.0,0.0,0.0,0.0,0.0,0.0,0.0,1.1764145735294131,2.8661419842244897,0.1245016478054176,0.0,0.0,0.0,20.75,"[1.76, 2.9, 3.9, 4.62, 5.29, 5.85, 6.4, 6.95, 7.48, 8.07, 8.68, 9.31, 9.9, 10.56, 11.35, 12.2, 13.17, 14.48, 16.44]",Active,True,Active,4574716.0,1,1.0,1.0,2026-09-15 17:18:27,,
169,55,00-0041035,De'Zhaun Stribling,WR,SF,MIA,1.0,2026_02_MIA_SF,2026-09-20 16:25:00,8.427615647249494,2.189540208603855,14.715438742242616,5.875363626592553,2.552252020656941,A+,13,1.025375931952282,29.5,2,,True,3.0,"https://static.www.nfl.com/image/upload/f_auto,q_auto/league/eu1nxtlztiwr5ko48iwz",0.0,0.0,0.0,0.0,0.0,0.0,0.0,0.0,0.0,0.0,0.0,0.0,0.0,16.0,"[0.66, 1.58, 2.19, 2.77, 3.43, 4.01, 4.61, 5.25, 5.92, 6.64, 7.39, 8.19, 9.25, 10.3, 11.47, 12.96, 14.72, 17.16, 20.65]",Active,True,Active,4710714.0,0,0.0,,2026-09-15 17:18:27,,
170,56,00-0039893,Brian Thomas Jr.,WR,JAX,DEN,0.0,2026_02_JAX_DEN,2026-09-20 16:05:00,8.39520510231216,2.1571296636665203,14.68302819730528,8.894778110061871,-0.4995730077497118,D,30,-9.235683288448875,21.0,2,,False,1.0,"https://static.www.nfl.com/image/upload/f_auto,q_auto/league/plnekkriys4cm11rnxwl",4.831600186053884,0.1095338645447766,0.0,0.0,0.7021488841928832,44.70176057674909,0.1618477150869157,0.0,0.0,0.0,0.0,0.0,0.0,23.5,"[0.62, 1.55, 2.16, 2.74, 3.4, 3.98, 4.58, 5.22, 5.89, 6.61, 7.36, 8.15, 9.21, 10.26, 11.44, 12.93, 14.68, 17.12, 20.62]",Active,True,Active,4432773.0,1,7.0,7.0,2026-09-15 17:18:27,,
171,9,00-0037692,Brandon Aubrey,K,DAL,WAS,1.0,2026_02_WAS_DAL,2026-09-20 16:25:00,8.388497748636507,3.799677689352376,13.066489700981371,7.747919675266478,0.6405780733700288,A,16,0.1358359712824065,27.5,1,,False,1.0,"https://static.www.nfl.com/image/upload/f_auto,q_auto/league/bgwg06zmyohjxvzznbf6",0.0,0.0583621958386136,0.0,0.0,0.3501731750316817,0.0,0.0,1.86980429878191,2.7500655765033857,0.4551467111225384,0.0,0.0,0.0,23.0,"[1.66, 2.8, 3.8, 4.52, 5.19, 5.75, 6.3, 6.85, 7.38, 7.97, 8.58, 9.21, 9.8, 10.46, 11.25, 12.1, 13.07, 14.38, 16.34]",Active,True,Active,3953687.0,1,1.0,1.0,2026-09-15 17:18:27,,
172,18,00-0035229,T.J. Hockenson,TE,MIN,CHI,0.0,2026_02_MIN_CHI,2026-09-20 13:00:00,8.352099162874456,2.651979937071313,14.53307366744236,8.535190924778735,-0.1830917619042793,C,22,-1.2319521021171689,21.5,2,,False,1.0,"https://static.www.nfl.com/image/upload/f_auto,q_auto/league/rs8o65x0u0n9xzde0fd6",4.434079906728125,0.0557225156323634,0.0,0.0,0.0,31.388977893982307,0.173639236421656,0.0,0.0,0.0,0.0,0.0,0.0,27.0,"[1.11, 1.99, 2.65, 3.34, 3.87, 4.48, 5.1, 5.74, 6.37, 7.12, 7.87, 8.74, 9.6, 10.59, 11.69, 12.87, 14.53, 16.5, 20.01]",Active,True,Active,4036133.0,1,13.6,13.6,2026-09-15 17:18:27,,
173,41,00-0037256,Rachaad White,RB,WAS,DAL,0.0,2026_02_WAS_DAL,2026-09-20 16:25:00,8.313557348272091,2.2940807531727128,14.982119826635213,8.434592703480618,-0.1210353552085266,C,21,-0.3613180133035657,23.0,4,,False,2.0,"https://static.www.nfl.com/image/upload/f_auto,q_auto/league/wtdhs50gcl2p6vngsnre",2.342688728371741,7.062098364741894,0.0,0.0,29.14685976219916,10.388728630350048,0.0769260204389207,0.0,0.0,0.0,0.0,0.0,0.0,27.5,"[0.78, 1.7, 2.29, 2.87, 3.49, 4.14, 4.78, 5.42, 6.06, 6.86, 7.69, 8.52, 9.5, 10.54, 11.8, 13.17, 14.98, 17.6, 21.49]",Active,True,Active,4697815.0,1,4.7,4.7,2026-09-15 17:18:27,,
174,57,00-0041042,Malachi Fields,WR,NYG,LA,0.0,2026_02_NYG_LA,2026-09-21 20:15:00,8.308784172558813,2.0707087339131736,14.596607267551931,8.21598080695044,0.0928033656083719,C,2,10.344414980932957,20.75,2,,True,2.0,"https://static.www.nfl.com/image/upload/f_auto,q_auto/league/tpls1aptxx9x8xaqvjtj",4.0,0.0,0.0,0.0,0.0,25.0,0.1379310344827586,0.0,0.0,0.0,0.0,0.0,0.0,27.75,"[0.54, 1.46, 2.07, 2.65, 3.32, 3.89, 4.49, 5.14, 5.8, 6.52, 7.27, 8.07, 9.13, 10.18, 11.35, 12.84, 14.6, 17.04, 20.53]",Active,True,Active,4682648.0,1,4.5,4.5,2026-09-15 17:18:27,,
175,58,00-0038393,Dontayvion Wicks,WR,PHI,TEN,0.0,2026_02_PHI_TEN,2026-09-20 13:00:00,8.2958097806924,2.0577343420467606,14.58363287568552,8.245560390272471,0.0502493904199283,C,10,1.784084003456483,23.25,2,,False,2.0,"https://static.www.nfl.com/image/upload/f_auto,q_auto/league/v1lt8kpvkn0qw5elyaoz",3.573475121858448,0.0638952522622541,0.0,0.0,0.3833715135735247,40.47927966565038,0.1414618501414419,0.0,0.0,0.0,0.0,0.0,0.0,16.25,"[0.52, 1.45, 2.06, 2.64, 3.3, 3.88, 4.48, 5.12, 5.79, 6.51, 7.26, 8.05, 9.11, 10.16, 11.34, 12.83, 14.58, 17.02, 20.52]",Active,True,Active,4428850.0,1,15.3,15.3,2026-09-15 17:18:27,,
176,19,00-0038935,Brenton Strange,TE,JAX,DEN,0.0,2026_02_JAX_DEN,2026-09-20 16:05:00,8.27689363429577,2.576774408492628,14.457868138863674,8.398715511109618,-0.121821876813847,C,14,0.2151350830441153,21.0,2,,False,1.0,"https://static.www.nfl.com/image/upload/f_auto,q_auto/league/devxzxwf1sfficgncggm",4.391090136771798,0.0,0.0,0.0,0.0,34.844388275731305,0.1541507305676077,0.0,0.0,0.0,0.0,0.0,0.0,23.5,"[1.03, 1.92, 2.58, 3.27, 3.79, 4.4, 5.02, 5.67, 6.29, 7.04, 7.79, 8.66, 9.52, 10.51, 11.61, 12.8, 14.46, 16.42, 19.94]",Active,True,Active,4430539.0,1,10.3,10.3,2026-09-15 17:18:27,,
177,10,00-0031492,Jason Myers,K,SEA,ARI,0.0,2026_02_SEA_ARI,2026-09-20 16:25:00,8.225487555682328,3.636667496398197,12.903479508027193,8.494224407093673,-0.2687368514113455,D,27,-1.4412453874790836,23.0,1,,False,1.0,"https://static.www.nfl.com/image/upload/f_auto,q_auto/league/zcd7q9loflr0t5bsvzig",0.0,0.0,0.0,0.0,0.0,0.0,0.0,2.634519927394708,2.3308898744099458,0.2597702763856184,0.0,0.0,0.0,18.5,"[1.5, 2.64, 3.64, 4.35, 5.03, 5.59, 6.13, 6.68, 7.22, 7.81, 8.42, 9.04, 9.64, 10.3, 11.08, 11.94, 12.9, 14.22, 16.18]",Active,True,Active,2473037.0,1,7.0,7.0,2026-09-15 17:18:27,,
178,59,00-0033908,Cooper Kupp,WR,SEA,ARI,0.0,2026_02_SEA_ARI,2026-09-20 16:25:00,8.223976860911632,1.985901422265993,14.511799955904753,8.290787171201792,-0.06681031029016,C,19,-1.2448508455267375,23.0,2,,False,3.0,"https://static.www.nfl.com/image/upload/f_auto,q_auto/league/kjixprihktsfog6wx9sq",4.590391406752047,0.0,0.0258977657538391,0.0,0.0,38.225559153289744,0.1685741016449834,0.0,0.0,0.0,0.0,0.0,0.0,18.5,"[0.45, 1.38, 1.99, 2.57, 3.23, 3.8, 4.41, 5.05, 5.71, 6.43, 7.19, 7.98, 9.04, 10.09, 11.27, 12.76, 14.51, 16.95, 20.45]",Active,True,Active,2977187.0,1,5.5,5.5,2026-09-15 17:18:27,,
179,60,00-0038618,Xavier Hutchinson,WR,HOU,CIN,1.0,2026_02_CIN_HOU,2026-09-20 13:00:00,8.204534310226979,1.96645887158134,14.492357405220098,8.085204009748713,0.1193303004782659,C,25,-3.4488555694062257,24.5,2,,False,2.0,"https://static.www.nfl.com/image/upload/f_auto,q_auto/league/n5baiu6sg9wh3xhhewkd",5.114255006417379,0.1116198459472129,0.0,0.0,0.8789907768891699,29.95384166513515,0.1457026124279883,0.0,0.0,0.0,0.0,0.0,0.0,22.0,"[0.43, 1.36, 1.97, 2.55, 3.21, 3.78, 4.39, 5.03, 5.7, 6.41, 7.17, 7.96, 9.02, 10.07, 11.25, 12.74, 14.49, 16.93, 20.43]",Active,True,Active,4686422.0,1,6.2,6.2,2026-09-15 17:18:27,,
180,4,DST_SEA,Seattle Seahawks D/ST,DST,SEA,ARI,0.0,2026_02_SEA_ARI,2026-09-20 16:25:00,8.163558302585802,2.8568917266387563,13.9379684605329,6.595486064426769,1.5680722381590328,A+,26,-1.86419700645162,23.0,1,,False,1.0,https://a.espncdn.com/i/teamlogos/nfl/500/sea.png,26.727926864234885,27.90742611422608,27.83504757926424,221.7733775526685,120.66483216240486,221.7733775526685,0.0,2.634519927394708,2.3308898744099458,0.0,2.782875213846878,2.086795531444963,14.304694850137883,18.5,"[0.69, 1.94, 2.86, 3.62, 4.29, 4.91, 5.57, 6.09, 6.71, 7.27, 7.95, 8.66, 9.38, 10.29, 11.34, 12.61, 13.94, 15.88, 18.75]",Active,True,Active,,1,13.0,13.0,2026-09-15 17:18:27,,
181,42,00-0039384,Tyrone Tracy Jr.,RB,NYG,LA,0.0,2026_02_NYG_LA,2026-09-21 20:15:00,8.1467173184744,2.127240723375021,14.81527979683752,8.593537887194612,-0.4468205687202129,D,26,-2.1278209076653165,20.75,4,,False,3.0,"https://static.www.nfl.com/image/upload/f_auto,q_auto/league/b9nje50lohbprf06xoom",2.357301828243904,9.626744698821255,0.0,0.0,43.813176869745824,14.480377284644227,0.0810680996404726,0.0,0.0,0.0,0.0,0.0,0.0,27.75,"[0.62, 1.53, 2.13, 2.7, 3.32, 3.98, 4.61, 5.25, 5.89, 6.7, 7.53, 8.35, 9.34, 10.37, 11.63, 13.01, 14.82, 17.43, 21.33]",Active,True,Active,4360516.0,1,-0.6,-0.6,2026-09-15 17:18:27,,
182,20,00-0037112,Jake Tonges,TE,SF,MIA,1.0,2026_02_MIA_SF,2026-09-20 16:25:00,8.114783070299852,2.414663844496709,14.295757574867755,7.249691731867997,0.8650913384318555,A,6,2.904903570504116,29.5,2,,False,2.0,"https://static.www.nfl.com/image/upload/f_auto,q_auto/league/z6goxhdhfc2m0rmwvtbl",4.596819354600672,0.0,0.0,0.0,0.0,31.233522901292996,0.1337111229657284,0.0,0.0,0.0,0.0,0.0,0.0,16.0,"[0.87, 1.75, 2.41, 3.1, 3.63, 4.24, 4.86, 5.5, 6.13, 6.88, 7.63, 8.5, 9.36, 10.35, 11.45, 12.64, 14.3, 16.26, 19.77]",Active,True,Active,4259147.0,0,0.0,,2026-09-15 17:18:27,,
183,43,00-0041052,Kaelon Black,RB,SF,MIA,1.0,2026_02_MIA_SF,2026-09-20 16:25:00,8.098861572578436,2.079384977479057,14.767424050941557,7.046529678878163,1.0523318937002726,A,2,8.811680565102481,29.5,4,,True,2.0,"https://static.www.nfl.com/image/upload/f_auto,q_auto/league/nwgkzr1ysr32jc79zfnt",1.0,14.0,0.0,0.0,65.0,5.0,0.0294117647058823,0.0,0.0,0.0,0.0,0.0,0.0,16.0,"[0.57, 1.48, 2.08, 2.66, 3.28, 3.93, 4.56, 5.2, 5.85, 6.65, 7.48, 8.31, 9.29, 10.32, 11.58, 12.96, 14.77, 17.38, 21.28]",Active,True,Active,4696044.0,1,8.0,8.0,2026-09-15 17:18:27,,
184,21,00-0039066,Michael Mayer,TE,LV,LAC,0.0,2026_02_LV_LAC,2026-09-20 16:05:00,8.091281953853095,2.3911627280499514,14.272256458420998,8.430633058054832,-0.3393511042017376,D,12,0.842669575491275,18.25,2,,False,2.0,"https://static.www.nfl.com/image/upload/f_auto,q_auto/league/twnkr9uq1phvukxb5jmh",5.011883470090323,0.0,0.0,0.0,0.0,29.255695504317163,0.176971155993533,0.0,0.0,0.0,0.0,0.0,0.0,25.25,"[0.84, 1.73, 2.39, 3.08, 3.61, 4.22, 4.84, 5.48, 6.11, 6.86, 7.6, 8.48, 9.34, 10.33, 11.43, 12.61, 14.27, 16.24, 19.75]",Active,True,Active,4429086.0,1,9.2,9.2,2026-09-15 17:18:27,,
185,47,00-0037012,Trey Lance,QB,LAC,LV,1.0,2026_02_LV_LAC,2026-09-20 16:05:00,8.081323570890973,0.0,17.15951563017513,7.2019767145894775,0.8793468563014954,B,15,0.6907042166017388,25.25,3,,False,2.0,"https://static.www.nfl.com/image/upload/f_auto,q_auto/league/j3psmvvxo13kmbgi60ej",0.0,4.523033232026452,15.508219315606915,59.30702570445662,23.23347569291816,0.0,0.0,0.0,0.0,0.0,0.0,0.0,0.0,18.25,"[0.0, 0.0, 0.0, 0.67, 1.15, 1.64, 2.23, 3.48, 4.78, 5.91, 7.32, 8.97, 10.5, 12.1, 13.52, 15.29, 17.16, 19.31, 21.96]",Active,True,Active,4383351.0,0,0.0,,2026-09-15 17:18:27,,
186,11,00-0036854,Evan McPherson,K,CIN,HOU,0.0,2026_02_CIN_HOU,2026-09-20 13:00:00,8.059255314715381,3.4704352554312505,12.737247267060246,8.537932843940641,-0.4786775292252603,D,29,-2.3589822895305783,22.0,1,,False,1.0,"https://static.www.nfl.com/image/upload/f_auto,q_auto/league/t6fs7i54i4n7xjiayoz0",0.0,0.0,0.0,0.0,0.0,0.0,0.0,2.2649981610739727,2.8465833018518816,0.8295108787703932,0.0,0.0,0.0,24.5,"[1.33, 2.47, 3.47, 4.19, 4.86, 5.42, 5.97, 6.52, 7.05, 7.64, 8.25, 8.88, 9.47, 10.13, 10.92, 11.77, 12.74, 14.05, 16.01]",Active,True,Active,4360234.0,1,19.0,19.0,2026-09-15 17:18:27,,
187,5,DST_BAL,Baltimore Ravens D/ST,DST,BAL,NO,1.0,2026_02_NO_BAL,2026-09-20 13:00:00,8.033694053207281,2.7270274772602354,13.80810421115438,6.272395142435471,1.76129891077181,A+,7,2.912046482733002,27.5,1,,False,1.0,https://a.espncdn.com/i/teamlogos/nfl/500/bal.png,23.279634696601367,33.17216119812468,24.18310736160488,228.16810992461248,177.67292248966123,228.16810992461248,0.0,2.007539040738892,3.416733948411589,0.0,1.95768075501302,1.477346309553802,22.37482879656177,19.0,"[0.56, 1.81, 2.73, 3.49, 4.16, 4.78, 5.44, 5.96, 6.58, 7.14, 7.82, 8.53, 9.25, 10.16, 11.21, 12.48, 13.81, 15.75, 18.62]",Active,True,Active,,1,6.0,6.0,2026-09-15 17:18:27,,
188,48,00-0035704,Drew Lock,QB,SEA,ARI,0.0,2026_02_SEA_ARI,2026-09-20 16:25:00,8.02449006938199,0.0,17.102682128666146,8.721255880926588,-0.6967658115445978,D,22,-1.5817148455611565,23.0,3,,False,2.0,"https://static.www.nfl.com/image/upload/f_auto,q_auto/league/vdixnkk1uglfpwowalf8",0.0,1.9989693882606747,13.299598328277185,111.72555477756372,6.961211952337347,0.0,0.0,0.0,0.0,0.0,0.0,0.0,0.0,18.5,"[0.0, 0.0, 0.0, 0.62, 1.09, 1.58, 2.18, 3.42, 4.72, 5.85, 7.26, 8.91, 10.44, 12.04, 13.47, 15.23, 17.1, 19.25, 21.9]",Active,True,Active,3924327.0,1,12.8,12.8,2026-09-15 17:18:27,,
189,61,00-0039880,Malik Washington,WR,MIA,SF,0.0,2026_02_MIA_SF,2026-09-20 16:25:00,8.013983475242268,1.775908036596629,14.301806570235389,8.964967155566365,-0.9509836803240964,D,29,-8.884472444101899,16.0,2,,False,1.0,"https://static.www.nfl.com/image/upload/f_auto,q_auto/league/dmaiwnmaal9nrwfskl28",4.871612436175281,0.6433050050208827,0.0,0.0,4.284741609022759,28.46733233177568,0.1871409607997836,0.0,0.0,0.0,0.0,0.0,0.0,29.5,"[0.24, 1.17, 1.78, 2.36, 3.02, 3.59, 4.2, 4.84, 5.5, 6.22, 6.98, 7.77, 8.83, 9.88, 11.06, 12.55, 14.3, 16.74, 20.24]",Active,True,Active,4569603.0,1,6.3,6.3,2026-09-15 17:18:27,,
190,44,00-0039738,Blake Corum,RB,LA,NYG,1.0,2026_02_NYG_LA,2026-09-21 20:15:00,7.9721716389636015,1.9526950438642228,14.640734117326724,7.118682117404647,0.8534895215589549,B,8,3.9147536476897673,27.75,4,,False,2.0,"https://static.www.nfl.com/image/upload/f_auto,q_auto/league/axzqbqjkrbwfzodwwakq",0.7366107349756417,9.396961485198586,0.0,0.0,48.45432907273874,3.900406187814391,0.0201111460139943,0.0,0.0,0.0,0.0,0.0,0.0,20.75,"[0.44, 1.36, 1.95, 2.53, 3.15, 3.8, 4.43, 5.08, 5.72, 6.52, 7.35, 8.18, 9.16, 10.2, 11.46, 12.83, 14.64, 17.26, 21.15]",Active,True,Active,4429096.0,1,5.4,5.4,2026-09-15 17:18:27,,
191,22,00-0033090,Hunter Henry,TE,NE,PIT,1.0,2026_02_PIT_NE,2026-09-20 13:00:00,7.932016779655186,2.2318975538520425,14.112991284223089,8.190853548568759,-0.2588367689135733,C,31,-3.6738201177053993,23.0,2,,False,1.0,"https://static.www.nfl.com/image/upload/f_auto,q_auto/league/cvlunbqgztudbhjrug7l",4.172748449180329,0.0,0.0,0.0,0.0,35.76527645155517,0.1435568002354836,0.0,0.0,0.0,0.0,0.0,0.0,18.5,"[0.69, 1.57, 2.23, 2.92, 3.45, 4.06, 4.68, 5.32, 5.95, 6.7, 7.45, 8.32, 9.18, 10.17, 11.27, 12.45, 14.11, 16.08, 19.59]",Active,True,Active,3046439.0,1,5.6,5.6,2026-09-15 17:18:27,,
192,45,00-0039032,Tyjae Spears,RB,TEN,PHI,1.0,2026_02_PHI_TEN,2026-09-20 13:00:00,7.926072105996717,1.906595510897338,14.594634584359838,8.277048606182435,-0.3509765001857179,C,15,1.5859714878510949,16.25,4,,False,2.0,"https://static.www.nfl.com/image/upload/f_auto,q_auto/league/pkly3nkohty1tuijtwty",4.043805675707159,4.765696701512469,0.0,0.0,18.220690510476636,17.412663572766334,0.1344828449170403,0.0,0.0,0.0,0.0,0.0,0.0,23.25,"[0.39, 1.31, 1.91, 2.48, 3.1, 3.75, 4.39, 5.03, 5.67, 6.48, 7.31, 8.13, 9.12, 10.15, 11.41, 12.79, 14.59, 17.21, 21.11]",Active,True,Active,4428557.0,1,4.4,4.4,2026-09-15 17:18:27,,
193,49,00-0040398,Brady Cook,QB,MIA,SF,0.0,2026_02_MIA_SF,2026-09-20 16:25:00,7.91829046407545,0.0,16.996482523359607,10.602611986703366,-2.684321522627916,F,32,-6.4781824977395415,16.0,3,,False,3.0,"https://static.www.nfl.com/image/upload/f_auto,q_auto/league/sk8u7zzg7e3t4vu7xesg",0.0,2.5987608599051746,30.299522356491384,143.6331251169003,9.365168309952535,0.0,0.0,0.0,0.0,0.0,0.0,0.0,0.0,29.5,"[0.0, 0.0, 0.0, 0.51, 0.99, 1.47, 2.07, 3.32, 4.62, 5.75, 7.16, 8.81, 10.33, 11.93, 13.36, 15.13, 17.0, 19.15, 21.8]",Active,True,Active,4429435.0,0,0.0,,2026-09-15 17:18:27,,
194,12,00-0036162,Tyler Bass,K,BUF,DET,1.0,2026_02_DET_BUF,2026-09-17 20:15:00,7.916410378447685,3.327590319163554,12.59440233079255,7.088164415498184,0.8282459629495005,A,13,0.3037812964632609,29.0,1,,True,1.0,"https://static.www.nfl.com/image/upload/f_auto,q_auto/league/rwidgp7jp8vxhssi7und",0.0,0.0,0.0,0.0,0.0,0.0,0.0,3.0,3.0,0.0,0.0,0.0,0.0,24.5,"[1.19, 2.33, 3.33, 4.05, 4.72, 5.28, 5.82, 6.37, 6.91, 7.5, 8.11, 8.73, 9.33, 9.99, 10.77, 11.63, 12.59, 13.91, 15.87]",Active,True,Active,3917232.0,1,13.0,13.0,2026-09-15 17:18:27,,
195,46,00-0037263,Tyler Allgeier,RB,ARI,SEA,1.0,2026_02_SEA_ARI,2026-09-20 16:25:00,7.906048151167152,1.8865715560677727,14.574610629530271,8.30708042327768,-0.4010322721105286,D,25,-2.113915679799043,18.5,4,,False,2.0,"https://static.www.nfl.com/image/upload/f_auto,q_auto/league/sp9lhhmpv4qy3xy2msxd",1.2980518615479026,10.987049903222454,0.0,0.0,39.38427876796906,7.037105323573649,0.0401289668276383,0.0,0.0,0.0,0.0,0.0,0.0,23.0,"[0.37, 1.29, 1.89, 2.46, 3.08, 3.73, 4.37, 5.01, 5.65, 6.46, 7.29, 8.11, 9.1, 10.13, 11.39, 12.77, 14.57, 17.19, 21.09]",Active,True,Active,4373626.0,1,9.0,9.0,2026-09-15 17:18:27,,
196,50,00-0037077,Sam Howell,QB,DAL,WAS,1.0,2026_02_WAS_DAL,2026-09-20 16:25:00,7.888270111459753,0.0,16.96646217074391,6.067120144149832,1.8211499673099207,A,7,3.9408070996962703,27.5,3,,True,2.0,"https://static.www.nfl.com/image/upload/f_auto,q_auto/league/sx77bippywnl0dx6m8q9",0.0,0.0,0.0,0.0,0.0,0.0,0.0,0.0,0.0,0.0,0.0,0.0,0.0,23.0,"[0.0, 0.0, 0.0, 0.48, 0.96, 1.44, 2.04, 3.29, 4.59, 5.72, 7.13, 8.78, 10.3, 11.9, 13.33, 15.1, 16.97, 19.12, 21.77]",Active,True,Active,4426875.0,0,0.0,,2026-09-15 17:18:27,,
197,6,DST_LAC,Los Angeles Chargers D/ST,DST,LAC,LV,1.0,2026_02_LV_LAC,2026-09-20 16:05:00,7.860759754806197,2.5540931788591514,13.635169912753296,6.003802447720221,1.856957307085976,A+,10,1.8032521691695071,25.25,1,,False,1.0,https://a.espncdn.com/i/teamlogos/nfl/500/lac.png,29.724152781604307,25.436521317801333,30.93657603310342,212.10594480262264,107.22636333312202,212.10594480262264,0.0,1.5875675683121084,1.8321685460294963,0.0,2.299760417241692,1.0641827365488714,21.160126377345613,18.25,"[0.39, 1.64, 2.55, 3.32, 3.99, 4.6, 5.26, 5.79, 6.41, 6.97, 7.65, 8.35, 9.08, 9.99, 11.04, 12.31, 13.64, 15.58, 18.45]",Active,True,Active,,1,1.0,1.0,2026-09-15 17:18:27,,
198,62,00-0036407,Jerry Jeudy,WR,CLE,TB,0.0,2026_02_CLE_TB,2026-09-20 13:00:00,7.858009158685888,1.6199337200402484,14.145832253679009,8.80489320836544,-0.9468840496795528,D,28,-8.752293208640241,16.0,2,,False,1.0,"https://static.www.nfl.com/image/upload/f_auto,q_auto/league/szca1v9butuqkjs7ekpm",5.318052963926217,0.0756864040598026,0.0,0.0,0.3784320202990134,31.783262836448785,0.2008843635680937,0.0,0.0,0.0,0.0,0.0,0.0,24.5,"[0.09, 1.01, 1.62, 2.2, 2.87, 3.44, 4.04, 4.68, 5.35, 6.07, 6.82, 7.62, 8.68, 9.73, 10.9, 12.39, 14.15, 16.59, 20.08]",Active,True,Active,4241463.0,1,4.6,4.6,2026-09-15 17:18:27,,
199,7,DST_CAR,Carolina Panthers D/ST,DST,CAR,ATL,0.0,2026_02_CAR_ATL,2026-09-20 13:00:00,7.82758146930705,2.520914893360004,13.601991627254147,6.56404155104341,1.26353991826364,A+,1,4.965289599286877,23.0,1,,False,1.0,https://a.espncdn.com/i/teamlogos/nfl/500-dark/car.png,29.893685461344088,24.60910194909895,32.69950025202856,246.7550308635656,111.12433805467349,246.7550308635656,0.0,1.4173511345555911,2.8677574652009787,0.0,1.9131250508479671,1.194442570843821,33.73466236907365,20.5,"[0.35, 1.61, 2.52, 3.28, 3.96, 4.57, 5.23, 5.75, 6.37, 6.94, 7.61, 8.32, 9.04, 9.96, 11.01, 12.28, 13.6, 15.55, 18.42]",Active,True,Active,,1,0.0,0.0,2026-09-15 17:18:27,,
200,47,00-0041013,Emmett Johnson,RB,KC,IND,1.0,2026_02_IND_KC,2026-09-20 20:20:00,7.796646209375496,1.7771696142761169,14.465208687738617,7.087172183299547,0.7094740260759487,B,6,5.822443313944017,27.0,4,,True,2.0,"https://static.www.nfl.com/image/upload/f_auto,q_auto/league/avdz4njz1slqn7ktqcuq",2.0,8.0,0.0,0.0,24.0,44.0,0.08,0.0,0.0,0.0,0.0,0.0,0.0,20.5,"[0.27, 1.18, 1.78, 2.35, 2.97, 3.62, 4.26, 4.9, 5.54, 6.35, 7.18, 8.0, 8.99, 10.02, 11.28, 12.66, 14.47, 17.08, 20.98]",Active,True,Active,4832955.0,1,8.8,8.8,2026-09-15 17:18:27,,
201,63,00-0033307,Kendrick Bourne,WR,ARI,SEA,1.0,2026_02_SEA_ARI,2026-09-20 16:25:00,7.790468968501098,1.5523935298554583,14.078292063494215,8.413948921917195,-0.6234799534160969,D,31,-9.511779482215054,18.5,2,,False,3.0,"https://static.www.nfl.com/image/upload/f_auto,q_auto/league/yzfa94cmhpcqamrwzdzk",4.623277256517112,0.0,0.0,0.0,0.0,43.251436291065474,0.1317618613109289,0.0,0.0,0.0,0.0,0.0,0.0,23.0,"[0.02, 0.95, 1.55, 2.13, 2.8, 3.37, 3.97, 4.62, 5.28, 6.0, 6.75, 7.55, 8.61, 9.66, 10.83, 12.32, 14.08, 16.52, 20.01]",Active,True,Active,3045523.0,1,15.5,15.5,2026-09-15 17:18:27,,
202,13,00-0039409,Cam Little,K,JAX,DEN,0.0,2026_02_JAX_DEN,2026-09-20 16:05:00,7.782157795081625,3.1933377357974946,12.46014974742649,8.281794246138762,-0.4996364510571371,D,20,-0.4572253934627501,21.0,1,,False,1.0,"https://static.www.nfl.com/image/upload/f_auto,q_auto/league/mc9goepr7mglrx6ek1fi",0.0,0.0,0.0,0.0,0.0,0.0,0.0,1.9864399896241387,3.4801115110134644,0.3696396881727399,0.0,0.0,0.0,23.5,"[1.06, 2.19, 3.19, 3.91, 4.59, 5.14, 5.69, 6.24, 6.77, 7.36, 7.97, 8.6, 9.2, 9.85, 10.64, 11.49, 12.46, 13.77, 15.73]",Active,True,Active,4686361.0,1,12.0,12.0,2026-09-15 17:18:27,,
203,64,00-0038997,Josh Downs,WR,IND,KC,0.0,2026_02_IND_KC,2026-09-20 20:20:00,7.771427055172711,1.5333516165270715,14.05925015016583,8.499796939895074,-0.7283698847223627,D,32,-15.12194552389023,20.5,2,,False,2.0,"https://static.www.nfl.com/image/upload/f_auto,q_auto/league/z3wahaxpmc6d5lcxgh60",5.063553118330217,0.1420180385800729,0.0,0.0,-0.1911149434346825,36.821440841312025,0.1639418321466498,0.0,0.0,0.0,0.0,0.0,0.0,27.0,"[0.0, 0.93, 1.53, 2.11, 2.78, 3.35, 3.95, 4.6, 5.26, 5.98, 6.74, 7.53, 8.59, 9.64, 10.81, 12.31, 14.06, 16.5, 19.99]",Active,True,Active,4688813.0,1,5.7,5.7,2026-09-15 17:18:27,,
204,51,00-0034577,Kyle Allen,QB,BUF,DET,1.0,2026_02_DET_BUF,2026-09-17 20:15:00,7.749717679131499,0.0,16.827909738415656,4.650761901310005,3.0989557778214936,A+,4,4.2979295877142425,29.0,3,,True,2.0,"https://static.www.nfl.com/image/upload/f_auto,q_auto/league/s3vbqdcoc6oc6yh460v9",0.0,1.4783526912503056,1.0432946174993891,0.0,-1.4783526912503056,0.0,0.0,0.0,0.0,0.0,0.0,0.0,0.0,24.5,"[0.0, 0.0, 0.0, 0.34, 0.82, 1.3, 1.9, 3.15, 4.45, 5.58, 6.99, 8.64, 10.17, 11.76, 13.19, 14.96, 16.83, 18.98, 21.63]",Active,True,Active,3115293.0,0,0.0,,2026-09-15 17:18:27,,
205,23,00-0034829,Mike Gesicki,TE,CIN,HOU,0.0,2026_02_CIN_HOU,2026-09-20 13:00:00,7.74754089697624,2.0474216711730966,13.928515401544145,7.839318527049781,-0.0917776300735413,C,15,-0.6616652477521382,22.0,2,,False,1.0,"https://static.www.nfl.com/image/upload/f_auto,q_auto/league/dykckg6we3cnw9yhpggi",4.61511363747827,0.0,0.0,0.0,0.0,44.56488731468728,0.1351057109759065,0.0,0.0,0.0,0.0,0.0,0.0,24.5,"[0.5, 1.39, 2.05, 2.74, 3.26, 3.87, 4.5, 5.14, 5.76, 6.51, 7.26, 8.14, 8.99, 9.98, 11.08, 12.27, 13.93, 15.89, 19.41]",Active,True,Active,3116164.0,1,18.8,18.8,2026-09-15 17:18:27,,
206,65,00-0039890,Adonai Mitchell,WR,NYJ,GB,1.0,2026_02_GB_NYJ,2026-09-20 13:00:00,7.732675239582438,1.494599800936799,14.020498334575556,7.852159126448074,-0.1194838868656358,C,9,2.266288651925167,20.0,2,,False,2.0,"https://static.www.nfl.com/image/upload/f_auto,q_auto/league/hwwacoa3pqapd7pgahfx",4.631458066450087,0.0594878002603979,0.0,0.0,-0.2379512010415918,38.77500387158253,0.1629718030542729,0.0,0.0,0.0,0.0,0.0,0.0,24.5,"[0.0, 0.89, 1.49, 2.08, 2.74, 3.31, 3.91, 4.56, 5.22, 5.94, 6.7, 7.49, 8.55, 9.6, 10.78, 12.27, 14.02, 16.46, 19.95]",Active,True,Active,4597500.0,1,9.0,9.0,2026-09-15 17:18:27,,
207,48,00-0037157,Bam Knight,RB,ARI,SEA,1.0,2026_02_SEA_ARI,2026-09-20 16:25:00,7.727736104550583,1.7082595094512047,14.396298582913705,8.128768376661112,-0.4010322721105286,D,25,-2.113915679799043,18.5,4,,False,3.0,"https://static.www.nfl.com/image/upload/f_auto,q_auto/league/mjxnlzlnnwlfqayeybut",2.84136295154727,7.02521788278785,0.0,0.0,22.89985462683648,14.374465126090795,0.06837641473868,0.0,0.0,0.0,0.0,0.0,0.0,23.0,"[0.2, 1.11, 1.71, 2.29, 2.91, 3.56, 4.19, 4.83, 5.48, 6.28, 7.11, 7.93, 8.92, 9.95, 11.21, 12.59, 14.4, 17.01, 20.91]",Active,True,Active,4427728.0,0,0.0,,2026-09-15 17:18:27,,
208,24,00-0033885,David Njoku,TE,LAC,LV,1.0,2026_02_LV_LAC,2026-09-20 16:05:00,7.723685576155128,2.0235663503519845,13.90466008072303,7.572945587631324,0.1507399885238038,C,19,-1.1252041114523927,25.25,2,,False,2.0,"https://static.www.nfl.com/image/upload/f_auto,q_auto/league/y4g1iayqrbrhdvkqywpx",4.273535074325833,0.0,0.0,0.0,0.0,35.174438425372145,0.1385212675937467,0.0,0.0,0.0,0.0,0.0,0.0,18.25,"[0.48, 1.36, 2.02, 2.71, 3.24, 3.85, 4.47, 5.11, 5.74, 6.49, 7.24, 8.11, 8.97, 9.96, 11.06, 12.25, 13.9, 15.87, 19.38]",Active,True,Active,3123076.0,1,10.8,10.8,2026-09-15 17:18:27,,
209,14,00-0040200,Andy Borregales,K,NE,PIT,1.0,2026_02_PIT_NE,2026-09-20 13:00:00,7.717797338406461,3.1289772791223305,12.395789290751326,7.745121447246526,-0.027324108840065,C,15,0.1361694667743716,23.0,1,,False,1.0,"https://static.www.nfl.com/image/upload/f_auto,q_auto/league/x2fxn5qf6zkgmvedjpys",0.0,0.0,0.0,0.0,0.0,0.0,0.0,1.5650743842393158,2.340213745165609,0.3946964566637718,0.0,0.0,0.0,18.5,"[0.99, 2.13, 3.13, 3.85, 4.52, 5.08, 5.63, 6.18, 6.71, 7.3, 7.91, 8.54, 9.13, 9.79, 10.57, 11.43, 12.4, 13.71, 15.67]",Active,True,Active,4569923.0,1,6.0,6.0,2026-09-15 17:18:27,,
210,15,00-0039172,Jake Bates,K,DET,BUF,0.0,2026_02_DET_BUF,2026-09-17 20:15:00,7.713858758159279,3.125038698875148,12.391850710504144,7.755906687216328,-0.0420479290570492,C,26,-1.3808604633584614,24.5,1,,False,1.0,"https://static.www.nfl.com/image/upload/f_auto,q_auto/league/umhfee7ax7r8gjdt8okb",0.0,0.0,0.0,0.0,0.0,0.0,0.0,1.8270760595922564,3.311230804221545,0.1426322031130439,0.0,0.0,0.0,29.0,"[0.99, 2.12, 3.13, 3.84, 4.52, 5.07, 5.62, 6.17, 6.71, 7.3, 7.9, 8.53, 9.13, 9.79, 10.57, 11.42, 12.39, 13.71, 15.66]",Active,True,Active,4689936.0,1,7.0,7.0,2026-09-15 17:18:27,,
211,16,00-0032569,Wil Lutz,K,DEN,JAX,1.0,2026_02_JAX_DEN,2026-09-20 16:05:00,7.711624840220789,3.122804780936659,12.389616792565654,7.780236904772418,-0.0686120645516288,C,28,-1.5870476092262358,23.5,1,,False,1.0,"https://static.www.nfl.com/image/upload/f_auto,q_auto/league/vcglg5vsgbiyggwibgy0",0.0,0.0,0.0,0.0,0.0,0.0,0.0,1.8822159794137232,1.8349626685361933,0.2011166913769709,0.0,0.0,0.0,21.0,"[0.99, 2.12, 3.12, 3.84, 4.52, 5.07, 5.62, 6.17, 6.7, 7.29, 7.9, 8.53, 9.13, 9.78, 10.57, 11.42, 12.39, 13.7, 15.66]",Active,True,Active,2985659.0,1,4.0,4.0,2026-09-15 17:18:27,,
212,17,00-0039404,Will Reichard,K,MIN,CHI,0.0,2026_02_MIN_CHI,2026-09-20 13:00:00,7.710188063504441,3.1213680042203107,12.388180015849306,8.105711886874428,-0.3955238233699862,D,18,-0.0111534764318164,21.5,1,,False,1.0,"https://static.www.nfl.com/image/upload/f_auto,q_auto/league/wv1h4umuddkfss96uutw",0.0,0.0,0.0,0.0,0.0,0.0,0.0,1.7794480889201467,2.4584276173831547,0.4449416190400117,0.0,0.0,0.0,27.0,"[0.98, 2.12, 3.12, 3.84, 4.52, 5.07, 5.62, 6.17, 6.7, 7.29, 7.9, 8.53, 9.12, 9.78, 10.57, 11.42, 12.39, 13.7, 15.66]",Active,True,Active,4567104.0,1,7.0,7.0,2026-09-15 17:18:27,,
213,66,00-0038608,Kayshon Boutte,WR,HOU,CIN,1.0,2026_02_CIN_HOU,2026-09-20 13:00:00,7.674217552418238,1.4361421137725987,13.962040647411357,7.554887251939972,0.1193303004782659,C,25,-3.4488555694062257,24.5,2,,False,3.0,"https://static.www.nfl.com/image/upload/f_auto,q_auto/league/mg4icjqhwhnc5uobmau5",3.318278417996383,0.0,0.0,0.0,0.0,32.34943424370651,0.1187546756584203,0.0,0.0,0.0,0.0,0.0,0.0,22.0,"[0.0, 0.83, 1.44, 2.02, 2.68, 3.25, 3.86, 4.5, 5.17, 5.88, 6.64, 7.43, 8.49, 9.54, 10.72, 12.21, 13.96, 16.4, 19.9]",Active,True,Active,4429022.0,1,3.1,3.1,2026-09-15 17:18:27,,
214,18,00-0025565,Nick Folk,K,ATL,CAR,1.0,2026_02_CAR_ATL,2026-09-20 13:00:00,7.659325762151139,3.070505702867008,12.337317714496002,7.9490270650141985,-0.2897013028630599,D,5,1.7577884244719073,20.5,1,,False,1.0,"https://static.www.nfl.com/image/upload/f_auto,q_auto/league/qf6vaghxuoxqw0pyrvg3",0.0,0.0,0.0,0.0,0.0,0.0,0.0,2.429949018328776,1.2453062630577607,0.5532391959877982,0.0,0.0,0.0,23.0,"[0.93, 2.07, 3.07, 3.79, 4.46, 5.02, 5.57, 6.12, 6.65, 7.24, 7.85, 8.48, 9.07, 9.73, 10.52, 11.37, 12.34, 13.65, 15.61]",Active,True,Active,10621.0,1,8.0,8.0,2026-09-15 17:18:27,,
215,67,00-0039849,Marvin Harrison Jr.,WR,ARI,SEA,1.0,2026_02_SEA_ARI,2026-09-20 16:25:00,7.648660168108936,1.410584729463297,13.936483263102057,8.272140121525034,-0.6234799534160977,D,31,-9.511779482215054,18.5,2,,False,1.0,"https://static.www.nfl.com/image/upload/f_auto,q_auto/league/hwpoo1icpnh8emjvqaii",4.9264228886950905,0.0,0.0,0.0,0.0,42.31530105079249,0.1417473525951854,0.0,0.0,0.0,0.0,0.0,0.0,23.0,"[0.0, 0.8, 1.41, 1.99, 2.66, 3.23, 3.83, 4.48, 5.14, 5.86, 6.61, 7.41, 8.47, 9.52, 10.69, 12.18, 13.94, 16.38, 19.87]",Active,True,Active,4432708.0,1,4.3,4.3,2026-09-15 17:18:27,,
216,19,00-0035269,Matt Gay,K,LV,LAC,0.0,2026_02_LV_LAC,2026-09-20 16:05:00,7.6370552813943,3.0482352221101694,12.315047233739165,7.729832018321803,-0.0927767369275027,C,3,3.387917676445624,18.25,1,,False,1.0,"https://static.www.nfl.com/image/upload/f_auto,q_auto/league/opglxpqmhu21eydoyvg2",0.0,0.0,0.0,0.0,0.0,0.0,0.0,1.9408845584317256,2.366572463300709,0.1684678490953572,0.0,0.0,0.0,25.25,"[0.91, 2.05, 3.05, 3.77, 4.44, 5.0, 5.55, 6.09, 6.63, 7.22, 7.83, 8.45, 9.05, 9.71, 10.49, 11.35, 12.32, 13.63, 15.59]",Active,True,Active,4249087.0,1,10.0,10.0,2026-09-15 17:18:27,,
217,68,00-0039410,Ryan Flournoy,WR,DAL,WAS,1.0,2026_02_WAS_DAL,2026-09-20 16:25:00,7.606174329139776,1.368098890494137,13.893997424132897,7.050558903724252,0.5556154254155246,B,12,1.6744505736197255,27.5,2,,False,3.0,"https://static.www.nfl.com/image/upload/f_auto,q_auto/league/tqwq3cgpqu7j9hzoyicx",4.089385323659829,0.1217598980247632,0.0,0.0,0.737562682781231,31.268121313431426,0.1269255832593681,0.0,0.0,0.0,0.0,0.0,0.0,23.0,"[0.0, 0.76, 1.37, 1.95, 2.61, 3.19, 3.79, 4.43, 5.1, 5.82, 6.57, 7.36, 8.43, 9.48, 10.65, 12.14, 13.89, 16.33, 19.83]",Active,True,Active,5083754.0,1,4.2,4.2,2026-09-15 17:18:27,,
218,69,00-0035662,Marquise Brown,WR,PHI,TEN,0.0,2026_02_PHI_TEN,2026-09-20 13:00:00,7.594901678673996,1.356826240028357,13.882724773667116,7.544652288254067,0.0502493904199292,C,10,1.784084003456483,23.25,2,,False,4.0,"https://static.www.nfl.com/image/upload/f_auto,q_auto/league/shkjxggufymydgp6wk3p",3.994845928049666,0.0,0.0,0.0,0.0,33.96505933914988,0.1299238339926915,0.0,0.0,0.0,0.0,0.0,0.0,16.25,"[0.0, 0.75, 1.36, 1.94, 2.6, 3.17, 3.78, 4.42, 5.09, 5.8, 6.56, 7.35, 8.41, 9.46, 10.64, 12.13, 13.88, 16.32, 19.82]",Active,True,Active,4241372.0,0,0.0,,2026-09-15 17:18:27,,
219,70,00-0036309,Darnell Mooney,WR,NYG,LA,0.0,2026_02_NYG_LA,2026-09-21 20:15:00,7.589055955285719,1.35098051664008,13.876879050278838,7.50445382385708,0.0846021314286389,C,2,10.344414980932957,20.75,2,,False,3.0,"https://static.www.nfl.com/image/upload/f_auto,q_auto/league/eaejonwaflt9drrs9ika",3.878539619898811,0.0,0.0,0.0,0.0,28.368465117409176,0.1327155759428626,0.0,0.0,0.0,0.0,0.0,0.0,27.75,"[0.0, 0.74, 1.35, 1.93, 2.6, 3.17, 3.77, 4.42, 5.08, 5.8, 6.55, 7.35, 8.41, 9.46, 10.63, 12.12, 13.88, 16.32, 19.81]",Active,True,Active,4040655.0,1,4.7,4.7,2026-09-15 17:18:27,,
220,25,00-0037809,Chig Okonkwo,TE,WAS,DAL,0.0,2026_02_WAS_DAL,2026-09-20 16:25:00,7.539733425500731,1.8396141996975877,13.720707930068636,6.924361997618609,0.6153714278821214,B,1,7.413806721963579,23.0,2,,False,1.0,"https://static.www.nfl.com/image/upload/f_auto,q_auto/league/pzcez6pi9tpdqkmjjnzk",4.301068789397512,0.0,0.0,0.0,0.0,27.563198424141035,0.1406228943256502,0.0,0.0,0.0,0.0,0.0,0.0,27.5,"[0.29, 1.18, 1.84, 2.53, 3.06, 3.67, 4.29, 4.93, 5.56, 6.3, 7.05, 7.93, 8.78, 9.78, 10.87, 12.06, 13.72, 15.69, 19.2]",Active,True,Active,4360635.0,1,3.6,3.6,2026-09-15 17:18:27,,
221,71,00-0036259,Jauan Jennings,WR,MIN,CHI,0.0,2026_02_MIN_CHI,2026-09-20 13:00:00,7.533476503060213,1.295401064414574,13.821299598053333,7.489494438533118,0.0439820645270954,C,4,6.798931620172071,21.5,2,,False,3.0,"https://static.www.nfl.com/image/upload/f_auto,q_auto/league/ben8kbygzzlid6ltmdum",4.179129710332223,0.0,0.0694047385384615,2.012737417615384,0.0,29.41132792636813,0.1453917616781514,0.0,0.0,0.0,0.0,0.0,0.0,27.0,"[0.0, 0.69, 1.3, 1.88, 2.54, 3.11, 3.72, 4.36, 5.02, 5.74, 6.5, 7.29, 8.35, 9.4, 10.58, 12.07, 13.82, 16.26, 19.76]",Active,True,Active,3886598.0,1,0.0,0.0,2026-09-15 17:18:27,,
222,26,00-0038041,Jake Ferguson,TE,DAL,WAS,1.0,2026_02_WAS_DAL,2026-09-20 16:25:00,7.531157270318048,1.831038044514905,13.71213177488595,6.549982901708758,0.98117436860929,A,2,6.987738089631992,27.5,2,,False,1.0,"https://static.www.nfl.com/image/upload/f_auto,q_auto/league/xpykb0tbosfwsn6dqstb",4.21658972696573,0.0450034051084441,0.0,0.0,0.0450034051084441,22.91252133872701,0.1217966838710792,0.0,0.0,0.0,0.0,0.0,0.0,23.0,"[0.28, 1.17, 1.83, 2.52, 3.05, 3.66, 4.28, 4.92, 5.55, 6.3, 7.04, 7.92, 8.78, 9.77, 10.87, 12.05, 13.71, 15.68, 19.19]",Active,True,Active,4242355.0,1,2.6,2.6,2026-09-15 17:18:27,,
223,72,00-0039855,Jalen McMillan,WR,TB,CLE,1.0,2026_02_CLE_TB,2026-09-20 13:00:00,7.514461581493678,1.2763861428480388,13.802284676486796,7.205909707886915,0.3085518736067625,C,8,2.65197766108747,24.5,2,,False,3.0,"https://static.www.nfl.com/image/upload/f_auto,q_auto/league/s8tlj5wsi6cq8kjhp06v",3.773849334975622,0.2382813874369516,0.0,0.0,0.2382813874369516,44.6170730753214,0.1082812628731748,0.0,0.0,0.0,0.0,0.0,0.0,16.0,"[0.0, 0.67, 1.28, 1.86, 2.52, 3.09, 3.7, 4.34, 5.01, 5.72, 6.48, 7.27, 8.33, 9.38, 10.56, 12.05, 13.8, 16.24, 19.74]",Active,True,Active,4430834.0,0,0.0,,2026-09-15 17:18:27,,
224,8,DST_NE,New England Patriots D/ST,DST,NE,PIT,1.0,2026_02_PIT_NE,2026-09-20 13:00:00,7.499630775686153,2.192964199739108,13.274040933633252,6.017943702869065,1.4816870728170883,A+,18,-0.5816093698451251,23.0,1,,False,1.0,https://a.espncdn.com/i/teamlogos/nfl/500/ne.png,29.10689475634745,29.823703840855103,30.6773020973982,225.72837496272984,125.47617475348288,225.72837496272984,0.0,1.5650743842393158,2.340213745165609,0.0,2.249905404152099,1.0188549024866382,15.91012454302019,18.5,"[0.03, 1.28, 2.19, 2.95, 3.63, 4.24, 4.9, 5.42, 6.05, 6.61, 7.29, 7.99, 8.72, 9.63, 10.68, 11.95, 13.27, 15.22, 18.09]",Active,True,Active,,1,6.0,6.0,2026-09-15 17:18:27,,
225,20,00-0033787,Jake Elliott,K,PHI,TEN,0.0,2026_02_PHI_TEN,2026-09-20 13:00:00,7.444979585773072,2.856159526488941,12.122971538117936,7.46276763558672,-0.0177880498136477,C,6,1.7491465086570543,23.25,1,,False,1.0,"https://static.www.nfl.com/image/upload/f_auto,q_auto/league/gxy1mhbnz1p2nufkg8qz",0.0,0.0,0.0,0.0,0.0,0.0,0.0,1.535507059845976,2.501642551893552,0.1024925802479813,0.0,0.0,0.0,16.25,"[0.72, 1.86, 2.86, 3.57, 4.25, 4.81, 5.35, 5.9, 6.44, 7.03, 7.64, 8.26, 8.86, 9.52, 10.3, 11.16, 12.12, 13.44, 15.39]",Active,True,Active,3050478.0,1,6.0,6.0,2026-09-15 17:18:27,,
226,73,00-0038994,Jordan Addison,WR,MIN,CHI,0.0,2026_02_MIN_CHI,2026-09-20 13:00:00,7.405831637638927,1.1677561989932874,13.693654732632046,7.361849573111832,0.0439820645270945,C,4,6.798931620172071,21.5,2,,False,2.0,"https://static.www.nfl.com/image/upload/f_auto,q_auto/league/mi4lzk9gvjrvo6rwdf1e",4.037634333740859,0.1109951866992247,0.0,0.0,5.401765752695603,25.02252085237656,0.1437711963011466,0.0,0.0,0.0,0.0,0.0,0.0,27.0,"[0.0, 0.56, 1.17, 1.75, 2.41, 2.99, 3.59, 4.23, 4.9, 5.62, 6.37, 7.16, 8.22, 9.27, 10.45, 11.94, 13.69, 16.13, 19.63]",Active,True,Active,4429205.0,1,0.0,0.0,2026-09-15 17:18:27,,
227,21,00-0038567,Chad Ryland,K,ARI,SEA,1.0,2026_02_SEA_ARI,2026-09-20 16:25:00,7.391699688752175,2.8028796294680447,12.06969164109704,8.17181418344558,-0.7801144946934047,F,24,-1.129977828230582,18.5,1,,False,1.0,"https://static.www.nfl.com/image/upload/f_auto,q_auto/league/gbfzwbzdl9wj582nh5g9",0.0,0.0,0.0,0.0,0.0,0.0,0.0,2.8344799535151965,2.0288657764413727,0.2955116986899561,0.0,0.0,0.0,23.0,"[0.67, 1.8, 2.8, 3.52, 4.2, 4.75, 5.3, 5.85, 6.38, 6.97, 7.58, 8.21, 8.81, 9.46, 10.25, 11.1, 12.07, 13.38, 15.34]",Active,True,Active,4363538.0,1,15.0,15.0,2026-09-15 17:18:27,,
228,74,00-0040134,Pat Bryant,WR,DEN,JAX,1.0,2026_02_JAX_DEN,2026-09-20 16:05:00,7.354204680144215,1.1161292414985755,13.642027775137334,7.288927935608576,0.0652767445356383,C,22,-2.210540900172221,23.5,2,,False,4.0,"https://static.www.nfl.com/image/upload/f_auto,q_auto/league/n91hznzkfpftxhqt1qd9",4.468776868290941,0.0788035373368351,0.0,0.0,0.0788035373368351,33.21127263453776,0.144126926013931,0.0,0.0,0.0,0.0,0.0,0.0,21.0,"[0.0, 0.51, 1.12, 1.7, 2.36, 2.93, 3.54, 4.18, 4.85, 5.56, 6.32, 7.11, 8.17, 9.22, 10.4, 11.89, 13.64, 16.08, 19.58]",Active,True,Active,4600981.0,1,8.2,8.2,2026-09-15 17:18:27,,
229,22,00-0040279,Ryan Fitzgerald,K,CAR,ATL,0.0,2026_02_CAR_ATL,2026-09-20 13:00:00,7.348222428726599,2.7594023694424683,12.026214381071464,7.500481689743514,-0.1522592610169146,C,14,0.2965299974009237,23.0,1,,False,1.0,"https://static.www.nfl.com/image/upload/f_auto,q_auto/league/giy8qnq6njxzwtqvqdsm",0.0,0.0,0.0,0.0,0.0,0.0,0.0,1.4173511345555911,2.8677574652009787,0.0465850315153343,0.0,0.0,0.0,20.5,"[0.62, 1.76, 2.76, 3.48, 4.15, 4.71, 5.26, 5.81, 6.34, 6.93, 7.54, 8.17, 8.76, 9.42, 10.21, 11.06, 12.03, 13.34, 15.3]",Active,True,Active,4568263.0,1,8.0,8.0,2026-09-15 17:18:27,,
230,27,00-0040736,Mason Taylor,TE,NYJ,GB,1.0,2026_02_GB_NYJ,2026-09-20 13:00:00,7.317847860820516,1.6177286350173723,13.49882236538842,7.385220449681497,-0.067372588860981,C,8,2.6796858763286537,20.0,2,,False,1.0,"https://static.www.nfl.com/image/upload/f_auto,q_auto/league/xittx9gih104lw1atfiv",4.45060403591124,0.0,0.0,0.0,0.0,18.848168682777864,0.1629948312533091,0.0,0.0,0.0,0.0,0.0,0.0,24.5,"[0.07, 0.96, 1.62, 2.31, 2.84, 3.44, 4.07, 4.71, 5.34, 6.08, 6.83, 7.71, 8.56, 9.55, 10.65, 11.84, 13.5, 15.46, 18.98]",Active,True,Active,4808766.0,1,1.8,1.8,2026-09-15 17:18:27,,
231,75,00-0037614,John Metchie III,WR,CAR,ATL,0.0,2026_02_CAR_ATL,2026-09-20 13:00:00,7.304859423205743,1.0667839845601037,13.592682518198863,7.301710061707656,0.003149361498087,C,14,1.0107708755247298,23.0,2,,False,6.0,"https://static.www.nfl.com/image/upload/f_auto,q_auto/league/nsjpnskeldxzbzckpfgg",4.135885513154411,0.2357430614425308,0.0,0.0,-0.2103075496044392,23.24046729977876,0.1460436581337976,0.0,0.0,0.0,0.0,0.0,0.0,20.5,"[0.0, 0.46, 1.07, 1.65, 2.31, 2.88, 3.49, 4.13, 4.8, 5.51, 6.27, 7.06, 8.12, 9.17, 10.35, 11.84, 13.59, 16.03, 19.53]",Active,True,Active,4567096.0,0,0.0,,2026-09-15 17:18:27,,
232,52,00-0035264,Jarrett Stidham,QB,DEN,JAX,1.0,2026_02_JAX_DEN,2026-09-20 16:05:00,7.27970037921626,0.0,16.357892438500418,7.031840851745047,0.2478595274712134,C,21,-1.0024089234677362,23.5,3,,True,2.0,"https://static.www.nfl.com/image/upload/f_auto,q_auto/league/uzdn86skeienyyqxyiuw",0.0,2.564941926249084,16.17106657124053,69.37909206370938,11.51953540999267,0.0,0.0,0.0,0.0,0.0,0.0,0.0,0.0,21.0,"[0.0, 0.0, 0.0, 0.0, 0.35, 0.83, 1.43, 2.68, 3.98, 5.11, 6.52, 8.17, 9.7, 11.29, 12.72, 14.49, 16.36, 18.51, 21.16]",Active,True,Active,3892775.0,0,0.0,,2026-09-15 17:18:27,,
233,53,00-0033869,Mitchell Trubisky,QB,TEN,PHI,1.0,2026_02_PHI_TEN,2026-09-20 13:00:00,7.256193087167243,0.0,16.3343851464514,7.612738641061419,-0.3565455538941764,C,17,0.547293111359371,16.25,3,,False,2.0,"https://static.www.nfl.com/image/upload/f_auto,q_auto/league/yxs7ix2pmcfv5k1qn1sk",0.0,2.332192289214227,9.60774725921756,85.62612400601667,1.8007054016642123,0.0,0.0,0.0,0.0,0.0,0.0,0.0,0.0,23.25,"[0.0, 0.0, 0.0, 0.0, 0.32, 0.81, 1.41, 2.65, 3.95, 5.09, 6.5, 8.14, 9.67, 11.27, 12.7, 14.47, 16.33, 18.48, 21.14]",Active,True,Active,3039707.0,0,0.0,,2026-09-15 17:18:27,,
234,76,00-0032775,Demarcus Robinson,WR,SF,MIA,1.0,2026_02_MIA_SF,2026-09-20 16:25:00,7.213476977570131,0.9754015389244914,13.50130007256325,6.493071564071636,0.7204054134984945,B,13,1.025375931952282,29.5,2,,False,4.0,"https://static.www.nfl.com/image/upload/f_auto,q_auto/league/cokassoz2z7hb4wk2krh",2.801707035596745,0.0458713647706455,0.0,0.0,0.275228188623873,34.074790266887106,0.0881397519805771,0.0,0.0,0.0,0.0,0.0,0.0,16.0,"[0.0, 0.37, 0.98, 1.56, 2.22, 2.79, 3.4, 4.04, 4.7, 5.42, 6.18, 6.97, 8.03, 9.08, 10.26, 11.75, 13.5, 15.94, 19.44]",Active,True,Active,3043116.0,1,13.0,13.0,2026-09-15 17:18:27,,
235,23,00-0040899,Trey Smack,K,GB,NYJ,0.0,2026_02_GB_NYJ,2026-09-20 13:00:00,7.205436888170579,2.616616828886448,11.883428840515442,7.164722664273108,0.0407142238974707,C,19,-0.0995747990610586,24.5,1,,True,1.0,"https://static.www.nfl.com/image/upload/f_auto,q_auto/league/zierx6p09ilfe0o0ckj7",0.0,0.0,0.0,0.0,0.0,0.0,0.0,3.0,2.0,1.0,0.0,0.0,0.0,20.0,"[0.48, 1.62, 2.62, 3.33, 4.01, 4.57, 5.11, 5.66, 6.2, 6.79, 7.4, 8.02, 8.62, 9.28, 10.06, 10.92, 11.88, 13.2, 15.16]",Active,True,Active,4869461.0,1,12.0,12.0,2026-09-15 17:18:27,,
236,9,DST_GB,Green Bay Packers D/ST,DST,GB,NYJ,0.0,2026_02_GB_NYJ,2026-09-20 13:00:00,7.187494292447772,1.8808277165007263,12.961904450394872,6.020228224724495,1.1672660677232771,A+,17,-0.4300960993487054,24.5,1,,False,1.0,https://a.espncdn.com/i/teamlogos/nfl/500/gb.png,30.96916047222467,26.24937574065894,33.12335494964798,273.6572307119263,104.00809858780198,273.6572307119263,0.0,2.2224507910425024,2.3351314897105007,0.0,2.112319191100531,0.9637240349351104,27.76857737510959,20.0,"[-0.29, 0.97, 1.88, 2.64, 3.32, 3.93, 4.59, 5.11, 5.73, 6.3, 6.97, 7.68, 8.4, 9.32, 10.37, 11.64, 12.96, 14.91, 17.78]",Active,True,Active,,1,1.0,1.0,2026-09-15 17:18:27,,
237,28,00-0036244,Colby Parkinson,TE,LA,NYG,1.0,2026_02_NYG_LA,2026-09-21 20:15:00,7.166697987823936,1.4665787620207924,13.34767249239184,6.816325392471361,0.3503725953525745,B,25,-1.6708501301174985,27.75,2,,False,1.0,"https://static.www.nfl.com/image/upload/f_auto,q_auto/league/qsyrgtfjj06wryahnxc9",3.840933031502781,0.0,0.0,0.0,0.0,28.93452679914664,0.1126584842557647,0.0,0.0,0.0,0.0,0.0,0.0,20.75,"[0.0, 0.81, 1.47, 2.16, 2.68, 3.29, 3.91, 4.56, 5.18, 5.93, 6.68, 7.55, 8.41, 9.4, 10.5, 11.69, 13.35, 15.31, 18.83]",Active,True,Active,4242557.0,1,1.6,1.6,2026-09-15 17:18:27,,
238,29,00-0039847,Theo Johnson,TE,NYG,LA,0.0,2026_02_NYG_LA,2026-09-21 20:15:00,7.165817600085729,1.465698374282586,13.346792104653632,7.529746321128706,-0.3639287210429769,D,29,-2.6673490803285627,20.75,2,,False,2.0,"https://static.www.nfl.com/image/upload/f_auto,q_auto/league/fv2jbzlocr1o3ahkru43",3.732603241605833,0.0,0.0,0.0,0.0,29.001157692686444,0.1336105145895161,0.0,0.0,0.0,0.0,0.0,0.0,27.75,"[0.0, 0.81, 1.47, 2.16, 2.68, 3.29, 3.91, 4.56, 5.18, 5.93, 6.68, 7.55, 8.41, 9.4, 10.5, 11.69, 13.35, 15.31, 18.83]",Active,True,Active,4429148.0,1,1.9,1.9,2026-09-15 17:18:27,,
239,49,00-0040719,Bhayshul Tuten,RB,JAX,DEN,0.0,2026_02_JAX_DEN,2026-09-20 16:05:00,7.161026717847419,1.141550122748041,13.829589196210542,7.003571635961901,0.1574550818855185,C,4,6.330813326986267,21.0,4,,False,1.0,"https://static.www.nfl.com/image/upload/f_auto,q_auto/league/ryjnphuyjbedmgpx5qqj",0.8202194316333371,8.2455940080562,0.0,0.0,36.315676095740855,9.4595939863512,0.0316077700488146,0.0,0.0,0.0,0.0,0.0,0.0,23.5,"[0.0, 0.55, 1.14, 1.72, 2.34, 2.99, 3.62, 4.26, 4.91, 5.71, 6.54, 7.37, 8.35, 9.38, 10.64, 12.02, 13.83, 16.45, 20.34]",Active,True,Active,4882093.0,1,9.8,9.8,2026-09-15 17:18:27,,
240,50,00-0035537,Ty Johnson,RB,BUF,DET,1.0,2026_02_DET_BUF,2026-09-17 20:15:00,7.1338612550101015,1.1143846599107228,13.802423733373224,6.3119663312395895,0.821894923770512,B,14,1.80419798440645,29.0,4,,False,3.0,"https://static.www.nfl.com/image/upload/f_auto,q_auto/league/zruhihypizhtgpvsaj3c",2.1831933345349936,3.670937321964977,0.0,0.0,13.716316855560208,18.18050158237162,0.0774444543378139,0.0,0.0,0.0,0.0,0.0,0.0,24.5,"[0.0, 0.52, 1.11, 1.69, 2.31, 2.96, 3.6, 4.24, 4.88, 5.68, 6.51, 7.34, 8.32, 9.36, 10.62, 11.99, 13.8, 16.42, 20.31]",Active,True,Active,3915411.0,0,0.0,,2026-09-15 17:18:27,,
241,10,DST_LA,Los Angeles Rams D/ST,DST,LA,NYG,1.0,2026_02_NYG_LA,2026-09-21 20:15:00,7.115619482762188,1.8089529068151424,12.890029640709288,6.194212141900845,0.921407340861343,A,15,0.2551531418090321,27.75,1,,False,1.0,https://a.espncdn.com/i/teamlogos/nfl/500/lar.png,33.35391745181786,28.052986384866884,34.422507693067146,257.1465355635164,125.77055789312548,257.1465355635164,0.0,1.2691339456284,2.94787249915273,0.0,1.7405830716488009,1.3496390328187564,24.27622110614497,20.75,"[-0.36, 0.9, 1.81, 2.57, 3.25, 3.86, 4.52, 5.04, 5.66, 6.23, 6.9, 7.61, 8.33, 9.24, 10.3, 11.57, 12.89, 14.84, 17.7]",Active,True,Active,,1,2.0,2.0,2026-09-15 17:18:27,,
242,30,00-0036894,Pat Freiermuth,TE,PIT,NE,0.0,2026_02_PIT_NE,2026-09-20 13:00:00,7.098047391934939,1.3979281661317955,13.279021896502842,7.60856298207548,-0.5105155901405416,D,26,-1.7388710625805737,18.5,2,,False,2.0,"https://static.www.nfl.com/image/upload/f_auto,q_auto/league/pyrdsypgggjshiaygkr7",4.086840204497073,0.0,0.0,0.0,0.0,36.48184523029886,0.1191237827418066,0.0,0.0,0.0,0.0,0.0,0.0,23.0,"[0.0, 0.74, 1.4, 2.09, 2.62, 3.22, 3.85, 4.49, 5.12, 5.86, 6.61, 7.49, 8.34, 9.33, 10.43, 11.62, 13.28, 15.24, 18.76]",Active,True,Active,4361411.0,1,15.6,15.6,2026-09-15 17:18:27,,
243,31,00-0033881,Evan Engram,TE,DEN,JAX,1.0,2026_02_JAX_DEN,2026-09-20 16:05:00,7.088880091259851,1.3887608654567076,13.269854595827754,7.142510820445372,-0.0536307291855209,C,24,-1.5977230026046545,23.5,2,,False,1.0,"https://static.www.nfl.com/image/upload/f_auto,q_auto/league/nucl2dxmpvhlywhyro8o",4.47692294060473,0.0241197739818091,0.0,0.0,0.1688384178726641,31.18745900867556,0.1428546650355721,0.0,0.0,0.0,0.0,0.0,0.0,21.0,"[0.0, 0.73, 1.39, 2.08, 2.61, 3.22, 3.84, 4.48, 5.11, 5.85, 6.6, 7.48, 8.33, 9.33, 10.42, 11.61, 13.27, 15.24, 18.75]",Active,True,Active,3051876.0,1,14.3,14.3,2026-09-15 17:18:27,,
244,11,DST_CHI,Chicago Bears D/ST,DST,CHI,MIN,1.0,2026_02_MIN_CHI,2026-09-20 13:00:00,7.088875621968556,1.78220904602151,12.863285779915657,6.479423934490332,0.6094516874782236,A,12,0.4802456384331585,27.0,1,,False,1.0,https://a.espncdn.com/i/teamlogos/nfl/500/chi.png,31.46342127488183,32.6593282400304,34.18641281867291,255.1692972913392,183.27848377605352,255.1692972913392,0.0,1.7527759614010503,3.967601210839318,0.0,2.1373121350135214,1.8832963136802496,27.306298287707808,21.5,"[-0.38, 0.87, 1.78, 2.54, 3.22, 3.83, 4.49, 5.01, 5.63, 6.2, 6.88, 7.58, 8.31, 9.22, 10.27, 11.54, 12.86, 14.81, 17.68]",Active,True,Active,,1,6.0,6.0,2026-09-15 17:18:27,,
245,51,00-0035250,Devin Singletary,RB,NYG,LA,0.0,2026_02_NYG_LA,2026-09-21 20:15:00,7.049067990198544,1.0295913950991649,13.717630468561666,7.495888558918756,-0.4468205687202129,D,26,-2.1278209076653165,20.75,4,,False,2.0,"https://static.www.nfl.com/image/upload/f_auto,q_auto/league/xy2r2msxjqneml2c1cdc",2.1020574659947138,7.4136660830201935,0.0,0.0,26.05184678734594,13.707502658743994,0.0750149015344237,0.0,0.0,0.0,0.0,0.0,0.0,27.75,"[0.0, 0.43, 1.03, 1.61, 2.23, 2.88, 3.51, 4.15, 4.8, 5.6, 6.43, 7.26, 8.24, 9.27, 10.53, 11.91, 13.72, 16.33, 20.23]",Active,True,Active,4040761.0,1,13.8,13.8,2026-09-15 17:18:27,,
246,77,00-0040170,Elic Ayomanor,WR,TEN,PHI,1.0,2026_02_PHI_TEN,2026-09-20 13:00:00,7.020831768863088,0.782756330217449,13.308654863856209,7.711617131768602,-0.6907853629055136,D,26,-4.974358287905835,16.25,2,,False,5.0,"https://static.www.nfl.com/image/upload/f_auto,q_auto/league/jjmscqt6v4ecasveugoh",4.803029563342711,0.0,0.0,0.0,0.0,26.184626609978444,0.1593055170837752,0.0,0.0,0.0,0.0,0.0,0.0,23.25,"[0.0, 0.18, 0.78, 1.36, 2.03, 2.6, 3.2, 3.85, 4.51, 5.23, 5.98, 6.78, 7.84, 8.89, 10.06, 11.55, 13.31, 15.75, 19.24]",Active,True,Active,4883647.0,1,8.1,8.1,2026-09-15 17:18:27,,
247,78,00-0039868,Troy Franklin,WR,DEN,JAX,1.0,2026_02_JAX_DEN,2026-09-20 16:05:00,7.018401017621742,0.780325578976103,13.306224112614862,6.953124273086105,0.0652767445356374,C,22,-2.210540900172221,23.5,2,,False,5.0,"https://static.www.nfl.com/image/upload/f_auto,q_auto/league/wgfbgxjntyqzojpizgaj",4.221921048053202,0.4809956420243647,0.0,0.0,1.7947106095953202,27.796048107234387,0.1267456137945588,0.0,0.0,0.0,0.0,0.0,0.0,21.0,"[0.0, 0.17, 0.78, 1.36, 2.03, 2.6, 3.2, 3.84, 4.51, 5.23, 5.98, 6.78, 7.84, 8.89, 10.06, 11.55, 13.31, 15.75, 19.24]",Active,True,Active,4431280.0,1,0.5,0.5,2026-09-15 17:18:27,,
248,54,00-0038476,Tommy DeVito,QB,NE,PIT,1.0,2026_02_PIT_NE,2026-09-20 13:00:00,6.988889184781806,0.0,16.067081244065964,6.067120144149832,0.9217690406319744,B,10,1.6056011560215295,23.0,3,,True,2.0,"https://static.www.nfl.com/image/upload/f_auto,q_auto/league/hb3m2zbfb5aprw6vdqx8",0.0,0.0,0.0,0.0,0.0,0.0,0.0,0.0,0.0,0.0,0.0,0.0,0.0,18.5,"[0.0, 0.0, 0.0, 0.0, 0.06, 0.54, 1.14, 2.39, 3.69, 4.82, 6.23, 7.88, 9.41, 11.0, 12.43, 14.2, 16.07, 18.22, 20.87]",Active,True,Active,4240391.0,0,0.0,,2026-09-15 17:18:27,,
249,52,00-0038551,Kendre Miller,RB,NO,BAL,0.0,2026_02_NO_BAL,2026-09-20 13:00:00,6.95564065499766,0.9361640598982808,13.62420313336078,7.200173000679379,-0.2445323456817192,C,10,3.125787143374265,19.0,4,,False,3.0,"https://static.www.nfl.com/image/upload/f_auto,q_auto/league/vclaomtslw55smksopku",0.4062252518286676,7.626235683098058,0.0,0.0,28.408429479896892,2.602350932828576,0.0123295807288574,0.0,0.0,0.0,0.0,0.0,0.0,27.5,"[0.0, 0.34, 0.94, 1.51, 2.13, 2.78, 3.42, 4.06, 4.7, 5.51, 6.34, 7.16, 8.15, 9.18, 10.44, 11.81, 13.62, 16.24, 20.14]",Active,True,Active,4599739.0,1,9.0,9.0,2026-09-15 17:18:27,,
250,24,00-0041182,Drew Stevens,K,WAS,DAL,0.0,2026_02_WAS_DAL,2026-09-20 16:25:00,6.953416263758848,2.3645962044747177,11.631408216103711,6.993284764360229,-0.039868500601381,C,4,1.9558209607923165,23.0,1,,True,1.0,"https://static.www.nfl.com/image/upload/f_auto,q_auto/league/dzlynw7seoaqck1r2il3",0.0,0.0,0.0,0.0,0.0,0.0,0.0,2.0,2.0,1.0,0.0,0.0,0.0,27.5,"[0.23, 1.36, 2.36, 3.08, 3.76, 4.31, 4.86, 5.41, 5.95, 6.54, 7.14, 7.77, 8.37, 9.03, 9.81, 10.66, 11.63, 12.95, 14.9]",Active,True,Active,5081335.0,1,5.0,5.0,2026-09-15 17:18:27,,
251,25,00-0039576,Spencer Shrader,K,IND,KC,0.0,2026_02_IND_KC,2026-09-20 20:20:00,6.95264919683197,2.36382913754784,11.630641149176835,7.580838441047869,-0.628189244215899,D,25,-1.2679298360734244,20.5,1,,False,1.0,"https://static.www.nfl.com/image/upload/f_auto,q_auto/league/upbporhm1frqfpgalfrk",0.0,0.0,0.0,0.0,0.0,0.0,0.0,1.8336913110885045,2.876706204040439,0.5933431990549743,0.0,0.0,0.0,27.0,"[0.23, 1.36, 2.36, 3.08, 3.76, 4.31, 4.86, 5.41, 5.95, 6.53, 7.14, 7.77, 8.37, 9.02, 9.81, 10.66, 11.63, 12.95, 14.9]",Active,True,Active,4571557.0,1,6.0,6.0,2026-09-15 17:18:27,,
252,12,DST_KC,Kansas City Chiefs D/ST,DST,KC,IND,1.0,2026_02_IND_KC,2026-09-20 20:20:00,6.9521011417668985,1.645434565819853,12.726511299713998,6.040796475067698,0.9113046666992002,A,19,-0.732533230575958,27.0,1,,False,1.0,https://a.espncdn.com/i/teamlogos/nfl/500/kc.png,29.211323836963796,28.445474999684045,31.34079807588618,204.59297209661332,135.39403757918527,204.59297209661332,0.0,1.9474621090897943,2.3797044205332605,0.0,2.2873828107401963,1.171305175131477,16.652270985363426,20.5,"[-0.52, 0.73, 1.65, 2.41, 3.08, 3.69, 4.36, 4.88, 5.5, 6.06, 6.74, 7.45, 8.17, 9.08, 10.13, 11.4, 12.73, 14.67, 17.54]",Active,True,Active,,1,11.0,11.0,2026-09-15 17:18:27,,
253,26,00-0041145,Dominic Zvada,K,NYG,LA,0.0,2026_02_NYG_LA,2026-09-21 20:15:00,6.928418455578153,2.339598396294022,11.606410407923018,6.875313286747215,0.053105168830938,C,17,0.0247952454056118,20.75,1,,True,1.0,"https://static.www.nfl.com/image/upload/f_auto,q_auto/league/rej45oauer8jysbtwbxm",0.0,0.0,0.0,0.0,0.0,0.0,0.0,0.0,4.0,0.0,0.0,0.0,0.0,27.75,"[0.2, 1.34, 2.34, 3.06, 3.73, 4.29, 4.84, 5.39, 5.92, 6.51, 7.12, 7.75, 8.34, 9.0, 9.79, 10.64, 11.61, 12.92, 14.88]",Active,True,Active,5082424.0,1,4.0,4.0,2026-09-15 17:18:27,,
254,53,00-0038705,Emari Demercado,RB,DAL,WAS,1.0,2026_02_WAS_DAL,2026-09-20 16:25:00,6.90982273668022,0.8903461415808414,13.57838521504334,6.337755688342864,0.572067048337356,B,18,0.1518324106292128,27.5,4,,False,2.0,"https://static.www.nfl.com/image/upload/f_auto,q_auto/league/wu0sm9ttr4aiugi9fquf",1.2034033383941398,3.215533833510776,0.0,0.0,19.753651466659683,6.491066582178573,0.0316517527276748,0.0,0.0,0.0,0.0,0.0,0.0,23.0,"[0.0, 0.3, 0.89, 1.47, 2.09, 2.74, 3.37, 4.01, 4.66, 5.46, 6.29, 7.12, 8.1, 9.13, 10.39, 11.77, 13.58, 16.19, 20.09]",Active,True,Active,4362478.0,1,0.7,0.7,2026-09-15 17:18:27,,
255,27,00-0031136,Chris Boswell,K,PIT,NE,0.0,2026_02_PIT_NE,2026-09-20 13:00:00,6.887559474191335,2.298739414907204,11.5655514265362,7.903083957908557,-1.015524483717222,F,30,-2.617835220649874,18.5,1,,False,1.0,"https://static.www.nfl.com/image/upload/f_auto,q_auto/league/rxbnhvnfjmheuryvdmuf",0.0,0.0,0.0,0.0,0.0,0.0,0.0,2.194516040636558,2.176822244649437,0.3039788540847268,0.0,0.0,0.0,23.0,"[0.16, 1.3, 2.3, 3.02, 3.69, 4.25, 4.8, 5.35, 5.88, 6.47, 7.08, 7.7, 8.3, 8.96, 9.74, 10.6, 11.57, 12.88, 14.84]",Active,True,Active,17372.0,1,8.0,8.0,2026-09-15 17:18:27,,
256,32,00-0039793,AJ Barner,TE,SEA,ARI,0.0,2026_02_SEA_ARI,2026-09-20 16:25:00,6.764928192326506,1.0648089665233629,12.945902696894407,6.590586303000229,0.1743418893262767,C,11,1.5827795954035444,23.0,2,,False,1.0,"https://static.www.nfl.com/image/upload/f_auto,q_auto/league/i0esiguve9if4ts5mm1q",3.237204678942188,0.33818673590181,0.0,0.0,0.4850455724219908,24.626239716387285,0.112334911609,0.0,0.0,0.0,0.0,0.0,0.0,18.5,"[0.0, 0.4, 1.06, 1.75, 2.28, 2.89, 3.51, 4.15, 4.78, 5.53, 6.28, 7.15, 8.01, 9.0, 10.1, 11.29, 12.95, 14.91, 18.42]",Active,True,Active,4576297.0,1,3.3,3.3,2026-09-15 17:18:27,,
257,54,00-0038611,Chris Rodriguez Jr.,RB,JAX,DEN,0.0,2026_02_JAX_DEN,2026-09-20 16:05:00,6.7614855008726575,0.7420089057732788,13.43004797923578,6.60403041898714,0.1574550818855176,C,4,6.330813326986267,21.0,4,,False,2.0,"https://static.www.nfl.com/image/upload/f_auto,q_auto/league/pknd5uajvpvfd8c744im",0.2898247722068044,8.822702557657477,0.0,0.0,37.85285622268074,2.368359078333361,0.0119508141817121,0.0,0.0,0.0,0.0,0.0,0.0,23.5,"[0.0, 0.15, 0.74, 1.32, 1.94, 2.59, 3.22, 3.87, 4.51, 5.31, 6.14, 6.97, 7.95, 8.99, 10.24, 11.62, 13.43, 16.05, 19.94]",Active,True,Active,4362619.0,1,2.3,2.3,2026-09-15 17:18:27,,
258,79,00-0039901,Keon Coleman,WR,BUF,DET,1.0,2026_02_DET_BUF,2026-09-17 20:15:00,6.747666815459398,0.5095913768137592,13.03548991045252,5.78260641651841,0.965060398940988,A,1,10.404026716232757,29.0,2,,False,3.0,"https://static.www.nfl.com/image/upload/f_auto,q_auto/league/cm7g87waetksjouyjgvg",3.087284354534041,0.0,0.0,0.0,0.0,20.27982438057436,0.104449076368281,0.0,0.0,0.0,0.0,0.0,0.0,24.5,"[0.0, 0.0, 0.51, 1.09, 1.75, 2.33, 2.93, 3.57, 4.24, 4.96, 5.71, 6.51, 7.57, 8.62, 9.79, 11.28, 13.04, 15.48, 18.97]",Active,True,Active,4635008.0,1,1.1,1.1,2026-09-15 17:18:27,,
259,55,00-0031503,Jameis Winston,QB,NYG,LA,0.0,2026_02_NYG_LA,2026-09-21 20:15:00,6.746019612127998,0.0,15.824211671412154,6.819413678659164,-0.0733940665311658,C,8,2.704118974639344,20.75,3,,True,2.0,"https://static.www.nfl.com/image/upload/f_auto,q_auto/league/e5qyxnibbyawi0pvfpjl",0.3325007762307923,2.244716773440154,21.17485474090292,182.981099891108,7.371555652723583,10.972525615616146,0.0097794345950233,0.0,0.0,0.0,0.0,0.0,0.0,27.75,"[0.0, 0.0, 0.0, 0.0, 0.0, 0.3, 0.9, 2.14, 3.44, 4.58, 5.99, 7.63, 9.16, 10.76, 12.19, 13.96, 15.82, 17.97, 20.63]",Active,True,Active,2969939.0,0,0.0,,2026-09-15 17:18:27,,
260,28,00-0038428,Andre Szmyt,K,CLE,TB,0.0,2026_02_CLE_TB,2026-09-20 13:00:00,6.724838653576391,2.1360185942922607,11.402830605921256,7.630635369880516,-0.905796716304125,F,1,4.555365293513984,16.0,1,,False,1.0,"https://static.www.nfl.com/image/upload/f_auto,q_auto/league/tkah6glpysuyq2a54gts",0.0,0.0,0.0,0.0,0.0,0.0,0.0,1.4043625981446135,1.3458609334926053,0.2244531399590481,0.0,0.0,0.0,24.5,"[0.0, 1.14, 2.14, 2.85, 3.53, 4.09, 4.63, 5.18, 5.72, 6.31, 6.92, 7.54, 8.14, 8.8, 9.58, 10.44, 11.4, 12.72, 14.67]",Active,True,Active,4258620.0,1,4.0,4.0,2026-09-15 17:18:27,,
261,80,00-0040727,Tre Harris,WR,LAC,LV,1.0,2026_02_LV_LAC,2026-09-20 16:05:00,6.690292121375776,0.4522166827301372,12.978115216368897,6.413121134159843,0.2771709872159338,C,18,-0.5956184210171277,25.25,2,,False,3.0,"https://static.www.nfl.com/image/upload/f_auto,q_auto/league/v5ofh8jggzo8rygtpwl7",3.897518424601276,0.1127209871243577,0.0,0.0,0.5927406648024022,21.745465785863452,0.1379033774060588,0.0,0.0,0.0,0.0,0.0,0.0,18.25,"[0.0, 0.0, 0.45, 1.03, 1.7, 2.27, 2.87, 3.52, 4.18, 4.9, 5.65, 6.45, 7.51, 8.56, 9.73, 11.22, 12.98, 15.42, 18.91]",Active,True,Active,4686612.0,1,5.0,5.0,2026-09-15 17:18:27,,
262,33,00-0040189,Oronde Gadsden II,TE,LAC,LV,1.0,2026_02_LV_LAC,2026-09-20 16:05:00,6.676242384579389,0.9761231587762458,12.857216889147292,6.525502396055585,0.1507399885238038,C,19,-1.1252041114523927,25.25,2,,False,3.0,"https://static.www.nfl.com/image/upload/f_auto,q_auto/league/r8b4oghjwhw8x9nv1wbs",3.499695222660109,0.0,0.0,0.0,0.0,36.587918260794254,0.117525462990103,0.0,0.0,0.0,0.0,0.0,0.0,18.25,"[0.0, 0.32, 0.98, 1.67, 2.19, 2.8, 3.42, 4.07, 4.69, 5.44, 6.19, 7.06, 7.92, 8.91, 10.01, 11.2, 12.86, 14.82, 18.34]",Active,True,Active,4595342.0,1,5.2,5.2,2026-09-15 17:18:27,,
263,29,00-0035192,Joey Slye,K,TEN,PHI,1.0,2026_02_PHI_TEN,2026-09-20 13:00:00,6.625719192755317,2.036899133471186,11.30371114510018,7.73707237167467,-1.1113531789193534,F,23,-1.0893436060775883,16.25,1,,False,1.0,"https://static.www.nfl.com/image/upload/f_auto,q_auto/league/qyugyvvddildncveryob",0.0,0.0,0.0,0.0,0.0,0.0,0.0,1.6784920740138891,1.605226812669621,0.3376457280816477,0.0,0.0,0.0,23.25,"[0.0, 1.04, 2.04, 2.75, 3.43, 3.99, 4.53, 5.08, 5.62, 6.21, 6.82, 7.44, 8.04, 8.7, 9.48, 10.34, 11.3, 12.62, 14.58]",Active,True,Active,3124084.0,1,5.0,5.0,2026-09-15 17:18:27,,
264,81,00-0034837,Calvin Ridley,WR,TEN,PHI,1.0,2026_02_PHI_TEN,2026-09-20 13:00:00,6.605989493276036,0.3679140546303969,12.893812588269157,7.296774856181551,-0.6907853629055145,D,26,-4.974358287905835,16.25,2,,False,3.0,"https://static.www.nfl.com/image/upload/f_auto,q_auto/league/zrv8bjm7zdtboyka2jvr",4.788415379273524,0.0,0.0,0.0,0.0,42.87222886217288,0.1540299973490913,0.0,0.0,0.0,0.0,0.0,0.0,23.25,"[0.0, 0.0, 0.37, 0.95, 1.61, 2.19, 2.79, 3.43, 4.1, 4.82, 5.57, 6.36, 7.43, 8.47, 9.65, 11.14, 12.89, 15.33, 18.83]",Active,True,Active,3925357.0,0,0.0,,2026-09-15 17:18:27,,
265,13,DST_HOU,Houston Texans D/ST,DST,HOU,CIN,1.0,2026_02_CIN_HOU,2026-09-20 13:00:00,6.604642634345171,1.2979760583981257,12.37905279229227,6.2224772939976125,0.3821653403475586,B,8,1.879478405190619,24.5,1,,False,1.0,https://a.espncdn.com/i/teamlogos/nfl/500/hou.png,34.32641317083608,29.439075270582077,35.92458799447251,243.57119599103308,113.10587378722408,243.57119599103308,0.0,2.4205018560198184,2.586032060932394,0.0,2.8184947992459097,1.3742577795030586,23.31441361257841,22.0,"[-0.87, 0.38, 1.3, 2.06, 2.73, 3.35, 4.01, 4.53, 5.15, 5.71, 6.39, 7.1, 7.82, 8.73, 9.78, 11.05, 12.38, 14.33, 17.19]",Active,True,Active,,1,-2.0,-2.0,2026-09-15 17:18:27,,
266,82,00-0041040,Antonio Williams,WR,WAS,DAL,0.0,2026_02_WAS_DAL,2026-09-20 16:25:00,6.598475449329226,0.3604000106835867,12.886298544322344,6.535827640437745,0.062647808891481,C,6,3.337332649879808,23.0,2,,True,3.0,"https://static.www.nfl.com/image/upload/f_auto,q_auto/league/noywrsgaqoqlv64c12yw",4.0,0.0,0.0,0.0,0.0,64.0,0.1379310344827586,0.0,0.0,0.0,0.0,0.0,0.0,27.5,"[0.0, 0.0, 0.36, 0.94, 1.61, 2.18, 2.78, 3.43, 4.09, 4.81, 5.56, 6.36, 7.42, 8.47, 9.64, 11.13, 12.89, 15.33, 18.82]",Active,True,Active,5081432.0,1,16.4,16.4,2026-09-15 17:18:27,,
267,14,DST_DEN,Denver Broncos D/ST,DST,DEN,JAX,1.0,2026_02_JAX_DEN,2026-09-20 16:05:00,6.591544573405741,1.284877997458696,12.36595473135284,6.275586985990752,0.3159575874149896,B,31,-3.984515082911559,23.5,1,,False,1.0,https://a.espncdn.com/i/teamlogos/nfl/500/den.png,32.29651051734612,22.941914872917383,34.04077722414789,200.00448673175515,93.61887768950992,200.00448673175515,0.0,1.8822159794137232,1.8349626685361933,0.0,3.30103609120364,1.1015577942284032,22.03986398301453,21.0,"[-0.88, 0.37, 1.28, 2.05, 2.72, 3.33, 3.99, 4.52, 5.14, 5.7, 6.38, 7.08, 7.81, 8.72, 9.77, 11.04, 12.37, 14.31, 17.18]",Active,True,Active,,1,3.0,3.0,2026-09-15 17:18:27,,
268,30,00-0034161,Daniel Carlson,K,NO,BAL,0.0,2026_02_NO_BAL,2026-09-20 13:00:00,6.588520213994655,1.999700154710524,11.26651216633952,7.417747316989212,-0.8292271029945573,F,22,-0.9456163653630024,19.0,1,,False,1.0,"https://static.www.nfl.com/image/upload/f_auto,q_auto/league/gsvj7rtvqwbwdeho8whf",0.0,0.0,0.0,0.0,0.0,0.0,0.0,1.635174876845941,1.7774672154211597,0.2201096592750734,0.0,0.0,0.0,27.5,"[0.0, 1.0, 2.0, 2.72, 3.39, 3.95, 4.5, 5.05, 5.58, 6.17, 6.78, 7.41, 8.0, 8.66, 9.45, 10.3, 11.27, 12.58, 14.54]",Active,True,Active,3051909.0,1,5.0,5.0,2026-09-15 17:18:27,,
269,34,00-0031610,Darren Waller,TE,CAR,ATL,0.0,2026_02_CAR_ATL,2026-09-20 13:00:00,6.4993627877886935,0.7992435619855502,12.680337292356596,6.205945569007565,0.2934172187811281,B,5,3.1571219363472025,23.0,2,,False,3.0,"https://static.www.nfl.com/image/upload/f_auto,q_auto/league/loyehiyzcu2lexjk7plq",3.168217617827072,0.0737884545085067,0.0,0.0,0.2951538180340271,29.52339817716245,0.1167444455945361,0.0,0.0,0.0,0.0,0.0,0.0,20.5,"[0.0, 0.14, 0.8, 1.49, 2.02, 2.63, 3.25, 3.89, 4.52, 5.26, 6.01, 6.89, 7.74, 8.74, 9.83, 11.02, 12.68, 14.65, 18.16]",Active,True,Active,2576925.0,1,4.8,4.8,2026-09-15 17:18:27,,
270,83,00-0038621,DeMario Douglas,WR,NE,PIT,1.0,2026_02_PIT_NE,2026-09-20 13:00:00,6.4815498140020855,0.2434743753564463,12.769372908995203,6.498808724324902,-0.0172589103228162,C,24,-3.3810864789248005,23.0,2,,False,2.0,"https://static.www.nfl.com/image/upload/f_auto,q_auto/league/cm9vnzqu5phlmsocjwgc",3.980160025767508,0.1914783136676735,0.0,0.0,0.6346699075033893,23.803522701362287,0.1307387946287775,0.0,0.0,0.0,0.0,0.0,0.0,18.5,"[0.0, 0.0, 0.24, 0.82, 1.49, 2.06, 2.66, 3.31, 3.97, 4.69, 5.45, 6.24, 7.3, 8.35, 9.52, 11.02, 12.77, 15.21, 18.7]",Active,True,Active,4427095.0,1,7.0,7.0,2026-09-15 17:18:27,,
271,56,00-0039107,Stetson Bennett,QB,LA,NYG,1.0,2026_02_NYG_LA,2026-09-21 20:15:00,6.459488645968959,0.0,15.537680705253116,5.686214640032239,0.7732740059367194,B,24,-1.847586799916532,27.75,3,,True,2.0,"https://static.www.nfl.com/image/upload/f_auto,q_auto/league/s0eo3fstv6rkitzbefzu",0.0,1.0,3.0,13.0,9.0,0.0,0.0,0.0,0.0,0.0,0.0,0.0,0.0,20.75,"[0.0, 0.0, 0.0, 0.0, 0.0, 0.01, 0.61, 1.86, 3.16, 4.29, 5.7, 7.35, 8.88, 10.47, 11.9, 13.67, 15.54, 17.69, 20.34]",Active,True,Active,4259553.0,1,1.4,1.4,2026-09-15 17:18:27,,
272,84,00-0040867,Makai Lemon,WR,PHI,TEN,0.0,2026_02_PHI_TEN,2026-09-20 13:00:00,6.437063887181566,0.1989884485359265,12.724886982174684,6.393826558203399,0.0432373289781669,C,10,1.784084003456483,23.25,2,,True,3.0,"https://static.www.nfl.com/image/upload/f_auto,q_auto/league/ys2i2o7c0bl36xvlrojz",4.0,0.0,0.0,0.0,0.0,-5.0,0.1818181818181818,0.0,0.0,0.0,0.0,0.0,0.0,16.25,"[0.0, 0.0, 0.2, 0.78, 1.44, 2.02, 2.62, 3.26, 3.93, 4.65, 5.4, 6.19, 7.26, 8.31, 9.48, 10.97, 12.72, 15.16, 18.66]",Active,True,Active,4870795.0,1,2.5,2.5,2026-09-15 17:18:27,,
273,35,00-0035689,Dawson Knox,TE,BUF,DET,1.0,2026_02_DET_BUF,2026-09-17 20:15:00,6.394305747505325,0.6941865217021821,12.575280252073227,5.317290870426422,1.077014877078903,A,4,6.343842692568662,29.0,2,,False,2.0,"https://static.www.nfl.com/image/upload/f_auto,q_auto/league/k8bi9ppahwfmoxs8ij4w",2.72182455932037,0.0,0.0,0.0,0.0,22.56863336082571,0.0930559545040082,0.0,0.0,0.0,0.0,0.0,0.0,24.5,"[0.0, 0.03, 0.69, 1.38, 1.91, 2.52, 3.14, 3.78, 4.41, 5.16, 5.91, 6.78, 7.64, 8.63, 9.73, 10.92, 12.58, 14.54, 18.05]",Active,True,Active,3930086.0,1,1.7,1.7,2026-09-15 17:18:27,,
274,15,DST_PIT,Pittsburgh Steelers D/ST,DST,PIT,NE,0.0,2026_02_PIT_NE,2026-09-20 13:00:00,6.3737691474964056,1.06710257154936,12.148179305443506,6.564370376913289,-0.1906012294168837,C,11,1.1506429482741765,18.5,1,,False,1.0,https://a.espncdn.com/i/teamlogos/nfl/500/pit.png,33.46984178032462,22.844992498415685,35.9534939886124,213.76183330831836,91.88314932256807,213.76183330831836,0.0,2.194516040636558,2.176822244649437,0.0,3.090634303198542,1.7330721165577785,19.99853633386584,23.0,"[-1.1, 0.15, 1.07, 1.83, 2.5, 3.12, 3.78, 4.3, 4.92, 5.48, 6.16, 6.87, 7.59, 8.5, 9.55, 10.82, 12.15, 14.09, 16.96]",Active,True,Active,,1,18.0,18.0,2026-09-15 17:18:27,,
275,31,00-0036816,Riley Patterson,K,MIA,SF,0.0,2026_02_MIA_SF,2026-09-20 16:25:00,6.365307748922443,1.7764876896383122,11.043299701267308,7.862494569916368,-1.4971868209939254,F,32,-4.267818318985256,16.0,1,,False,1.0,"https://static.www.nfl.com/image/upload/f_auto,q_auto/league/xjg7x98iyq5hlgjc62ot",0.0,0.0,0.0,0.0,0.0,0.0,0.0,2.095101071606132,1.6854403444497,0.1875669694527278,0.0,0.0,0.0,29.5,"[0.0, 0.78, 1.78, 2.49, 3.17, 3.73, 4.27, 4.82, 5.36, 5.95, 6.56, 7.18, 7.78, 8.44, 9.22, 10.08, 11.04, 12.36, 14.32]",Active,True,Active,4243371.0,1,7.0,7.0,2026-09-15 17:18:27,,
276,36,00-0036290,Cole Kmet,TE,CHI,MIN,1.0,2026_02_MIN_CHI,2026-09-20 13:00:00,6.3581059484014935,0.6579867225983502,12.539080452969396,6.041026664759565,0.3170792836419283,B,20,-1.1555138007102328,27.0,2,,False,2.0,"https://static.www.nfl.com/image/upload/f_auto,q_auto/league/ysnui8mzlu2fo70ub0yt",2.9277552231362507,0.0682210229728964,0.0286834068314249,0.0,0.0682210229728964,24.651702038853266,0.0968544834375865,0.0,0.0,0.0,0.0,0.0,0.0,21.5,"[0.0, 0.0, 0.66, 1.35, 1.88, 2.48, 3.11, 3.75, 4.38, 5.12, 5.87, 6.75, 7.6, 8.59, 9.69, 10.88, 12.54, 14.5, 18.02]",Active,True,Active,4258595.0,1,11.5,11.5,2026-09-15 17:18:27,,
277,85,00-0041037,Denzel Boston,WR,CLE,TB,0.0,2026_02_CLE_TB,2026-09-20 13:00:00,6.331311245516987,0.0932358068713474,12.619134340510106,7.0424787557798005,-0.7111675102628139,D,28,-8.752293208640241,16.0,2,,True,3.0,"https://static.www.nfl.com/image/upload/f_auto,q_auto/league/ybkny6eh5eegq3bqmony",4.0,0.0,0.0,0.0,0.0,59.0,0.1818181818181818,0.0,0.0,0.0,0.0,0.0,0.0,24.5,"[0.0, 0.0, 0.09, 0.67, 1.34, 1.91, 2.51, 3.16, 3.82, 4.54, 5.29, 6.09, 7.15, 8.2, 9.37, 10.87, 12.62, 15.06, 18.55]",Active,True,Active,4832800.0,1,13.9,13.9,2026-09-15 17:18:27,,
278,57,00-0041251,Jalon Daniels,QB,TB,CLE,1.0,2026_02_CLE_TB,2026-09-20 13:00:00,6.284612008314462,0.0,15.36280406759862,6.067120144149832,0.2174918641646304,C,26,-2.08728141085324,24.5,3,,True,2.0,"https://static.www.nfl.com/image/upload/f_auto,q_auto/league/hwhfl6i5drktwjvslfpn",0.0,0.0,0.0,0.0,0.0,0.0,0.0,0.0,0.0,0.0,0.0,0.0,0.0,16.0,"[0.0, 0.0, 0.0, 0.0, 0.0, 0.0, 0.44, 1.68, 2.98, 4.11, 5.52, 7.17, 8.7, 10.3, 11.73, 13.49, 15.36, 17.51, 20.16]",Active,True,Active,4596472.0,0,0.0,,2026-09-15 17:18:27,,
279,55,00-0034975,Justice Hill,RB,BAL,NO,1.0,2026_02_NO_BAL,2026-09-20 13:00:00,6.218559754982905,0.1990831598835258,12.887122233346028,5.354279382655961,0.8642803723269434,B,7,4.401906436986384,27.5,4,,False,2.0,"https://static.www.nfl.com/image/upload/f_auto,q_auto/league/fuodbrwvianete2gy5ag",1.938518030231833,3.2245624604246883,0.0,0.0,11.94784741995483,13.39473631346478,0.07317735871713,0.0,0.0,0.0,0.0,0.0,0.0,19.0,"[0.0, 0.0, 0.2, 0.78, 1.4, 2.05, 2.68, 3.32, 3.97, 4.77, 5.6, 6.42, 7.41, 8.44, 9.7, 11.08, 12.89, 15.5, 19.4]",Active,True,Active,4038441.0,1,3.8,3.8,2026-09-15 17:18:27,,
280,16,DST_JAX,Jacksonville Jaguars D/ST,DST,JAX,DEN,0.0,2026_02_JAX_DEN,2026-09-20 16:05:00,6.197151377881698,0.8904848019346527,11.971561535828798,6.400897727196838,-0.2037463493151401,C,9,1.8683327844314612,21.0,1,,False,1.0,https://a.espncdn.com/i/teamlogos/nfl/500/jax.png,28.476165266049787,29.249112987458627,29.660130167357167,242.68776213735293,117.05081228644148,242.68776213735293,0.0,1.9864399896241387,3.4801115110134644,0.0,2.771783091735473,1.7747024408784915,16.670640781432926,23.5,"[-1.28, -0.02, 0.89, 1.65, 2.33, 2.94, 3.6, 4.12, 4.74, 5.31, 5.98, 6.69, 7.41, 8.33, 9.38, 10.65, 11.97, 13.92, 16.79]",Active,True,Active,,1,13.0,13.0,2026-09-15 17:18:27,,
281,86,00-0037291,Jalen Nailor,WR,LV,LAC,0.0,2026_02_LV_LAC,2026-09-20 16:05:00,6.152221330727642,0.0,12.44004442572076,6.687137490792091,-0.5349161600644496,D,21,-2.1771954798177937,18.25,2,,False,2.0,"https://static.www.nfl.com/image/upload/f_auto,q_auto/league/nojopyt8hxuwycxyaokb",3.489175353460496,0.0851213806157693,0.0,0.0,0.2846633799801092,25.8411560197223,0.1273877867136463,0.0,0.0,0.0,0.0,0.0,0.0,25.25,"[0.0, 0.0, 0.0, 0.5, 1.16, 1.73, 2.33, 2.98, 3.64, 4.36, 5.12, 5.91, 6.97, 8.02, 9.19, 10.69, 12.44, 14.88, 18.37]",Active,True,Active,4382466.0,1,5.7,5.7,2026-09-15 17:18:27,,
282,87,00-0036988,Josh Palmer,WR,BUF,DET,1.0,2026_02_DET_BUF,2026-09-17 20:15:00,6.073753516719772,0.0,12.361576611712891,5.108693117778783,0.9650603989409888,A,1,10.404026716232757,29.0,2,,False,4.0,"https://static.www.nfl.com/image/upload/f_auto,q_auto/league/woswdfrtxnsfgzsjvsxx",2.5701707981297983,0.0,0.0,0.0,0.0,25.50224680231744,0.0888149568162547,0.0,0.0,0.0,0.0,0.0,0.0,24.5,"[0.0, 0.0, 0.0, 0.42, 1.08, 1.65, 2.26, 2.9, 3.56, 4.28, 5.04, 5.83, 6.89, 7.94, 9.12, 10.61, 12.36, 14.8, 18.3]",Active,True,Active,4242433.0,1,10.4,10.4,2026-09-15 17:18:27,,
283,88,00-0040870,Ja'Kobi Lane,WR,BAL,NO,1.0,2026_02_NO_BAL,2026-09-20 13:00:00,6.048131465478955,0.0,12.335954560472077,5.562497547190255,0.4856339182887002,B,23,-2.343227167802405,27.5,2,,True,3.0,"https://static.www.nfl.com/image/upload/f_auto,q_auto/league/gjezd2a8imfrxyv16wuj",3.0,0.0,0.0,0.0,0.0,11.0,0.125,0.0,0.0,0.0,0.0,0.0,0.0,19.0,"[0.0, 0.0, 0.0, 0.39, 1.06, 1.63, 2.23, 2.87, 3.54, 4.26, 5.01, 5.81, 6.87, 7.92, 9.09, 10.58, 12.34, 14.78, 18.27]",Active,True,Active,4870847.0,1,2.1,2.1,2026-09-15 17:18:27,,
284,89,00-0037545,Rashid Shaheed,WR,SEA,ARI,0.0,2026_02_SEA_ARI,2026-09-20 16:25:00,6.040638665686738,0.0,12.328461760679858,6.107448975976897,-0.0668103102901591,C,19,-1.2448508455267375,23.0,2,,False,2.0,"https://static.www.nfl.com/image/upload/f_auto,q_auto/league/ku2naisfbxmzgagxojnm",3.7604310268260313,0.5313560844759682,0.0,0.0,3.745130201748752,23.18279757393639,0.1310998092013322,0.0,0.0,0.0,0.0,0.0,0.0,18.5,"[0.0, 0.0, 0.0, 0.38, 1.05, 1.62, 2.22, 2.87, 3.53, 4.25, 5.0, 5.8, 6.86, 7.91, 9.08, 10.57, 12.33, 14.77, 18.26]",Active,True,Active,4032473.0,1,1.4,1.4,2026-09-15 17:18:27,,
285,90,00-0041051,Zavion Thomas,WR,CHI,MIN,1.0,2026_02_MIN_CHI,2026-09-20 13:00:00,6.0273410052641765,0.0,12.315164100257295,4.216144554508144,1.8111964507560323,A+,5,6.449201294093939,27.0,2,,True,4.0,"https://static.www.nfl.com/image/upload/f_auto,q_auto/league/lhodk54zsmznu4yxjoux",0.0,0.0,0.0,0.0,0.0,0.0,0.0,0.0,0.0,0.0,0.0,0.0,0.0,21.5,"[0.0, 0.0, 0.0, 0.37, 1.03, 1.61, 2.21, 2.85, 3.52, 4.24, 4.99, 5.78, 6.85, 7.9, 9.07, 10.56, 12.32, 14.75, 18.25]",Active,True,Active,4869748.0,0,0.0,,2026-09-15 17:18:27,,
286,91,00-0038619,Andrei Iosivas,WR,CIN,HOU,0.0,2026_02_CIN_HOU,2026-09-20 13:00:00,6.017312501519589,0.0,12.30513559651271,6.156081501529473,-0.1387690000098844,C,17,-0.5838288884168957,22.0,2,,False,3.0,"https://static.www.nfl.com/image/upload/f_auto,q_auto/league/xhrvbt81iohroyftuyj2",3.470351131023396,0.1118075183787974,0.0,0.0,0.5196358232255696,22.505356467442,0.0956615947179582,0.0,0.0,0.0,0.0,0.0,0.0,24.5,"[0.0, 0.0, 0.0, 0.36, 1.02, 1.6, 2.2, 2.84, 3.51, 4.23, 4.98, 5.77, 6.84, 7.89, 9.06, 10.55, 12.31, 14.74, 18.24]",Active,True,Active,4368003.0,1,3.2,3.2,2026-09-15 17:18:27,,
287,17,DST_DAL,Dallas Cowboys D/ST,DST,DAL,WAS,1.0,2026_02_WAS_DAL,2026-09-20 16:25:00,6.009417757926431,0.7027511819793855,11.78382791587353,6.101050917628118,-0.0916331597016872,C,24,-1.7390951682267173,27.5,1,,False,1.0,https://a.espncdn.com/i/teamlogos/nfl/500/dal.png,33.35244859282659,25.3334401474312,35.2763669786704,246.0960453568994,111.33072721104716,246.0960453568994,0.0,1.86980429878191,2.7500655765033857,0.0,2.010853423280653,0.7619150172209054,29.58143884272039,23.0,"[-1.46, -0.21, 0.7, 1.46, 2.14, 2.75, 3.41, 3.93, 4.56, 5.12, 5.8, 6.5, 7.23, 8.14, 9.19, 10.46, 11.78, 13.73, 16.6]",Active,True,Active,,1,3.0,3.0,2026-09-15 17:18:27,,
288,56,00-0033526,Samaje Perine,RB,CIN,HOU,0.0,2026_02_CIN_HOU,2026-09-20 13:00:00,5.996812301976876,2.7655396249875297,9.246257596552663,6.616290025354228,-0.6194777233773525,D,32,-6.290049988347434,22.0,4,,False,2.0,"https://static.www.nfl.com/image/upload/f_auto,q_auto/league/fllwhcdovol5i7xxahf6",2.027933473422174,5.958877559804761,0.0,0.0,25.461497258168595,13.9675032103697,0.0588402561097072,0.0,0.0,0.0,0.0,0.0,0.0,24.5,"[1.63, 2.29, 2.77, 3.16, 3.52, 3.84, 4.11, 4.38, 4.61, 4.87, 5.13, 5.44, 5.78, 6.28, 6.92, 7.79, 9.25, 11.02, 14.45]",Active,True,Active,3116389.0,1,8.0,8.0,2026-09-15 17:18:27,,
289,18,DST_CIN,Cincinnati Bengals D/ST,DST,CIN,HOU,0.0,2026_02_CIN_HOU,2026-09-20 13:00:00,5.951572780788234,1.0474333698828966,10.779755746487492,6.612558471353035,-0.660985690564801,F,16,0.0270224897785398,22.0,1,,False,1.0,https://a.espncdn.com/i/teamlogos/nfl/500/cin.png,35.533631528041255,24.889844962518875,37.19379796402271,258.71812424480675,103.19852510531108,258.71812424480675,0.0,2.2649981610739727,2.8465833018518816,0.0,2.8365799735582025,2.031571560802625,27.1161898865132,24.5,"[-1.11, 0.21, 1.05, 1.69, 2.31, 2.99, 3.49, 4.08, 4.54, 5.19, 5.72, 6.26, 6.98, 7.82, 8.71, 9.63, 10.78, 12.74, 15.44]",Active,True,Active,,1,12.0,12.0,2026-09-15 17:18:27,,
290,19,DST_ATL,Atlanta Falcons D/ST,DST,ATL,CAR,1.0,2026_02_CAR_ATL,2026-09-20 13:00:00,5.939018661237444,1.0348792503321071,10.767201626936703,6.256602706235202,-0.3175840449977576,D,14,0.3021132469803335,20.5,1,,False,1.0,https://a.espncdn.com/i/teamlogos/nfl/500/atl.png,26.72695891403258,29.057759148856164,28.769510205442355,191.70057339504777,124.45321476528022,191.70057339504777,0.0,2.85599425453886,1.6824329369787234,0.0,3.016333114074941,1.2796178193320258,22.674522321127203,23.0,"[-1.12, 0.2, 1.03, 1.68, 2.3, 2.98, 3.48, 4.07, 4.53, 5.18, 5.71, 6.25, 6.97, 7.8, 8.69, 9.62, 10.77, 12.73, 15.43]",Active,True,Active,,1,5.0,5.0,2026-09-15 17:18:27,,
291,57,00-0039344,Jonathon Brooks,RB,CAR,ATL,0.0,2026_02_CAR_ATL,2026-09-20 13:00:00,5.873128061408617,2.641855384419271,9.122573355984407,6.174106848468043,-0.3009787870594254,C,29,-3.150319898751325,23.0,4,,True,2.0,"https://static.www.nfl.com/image/upload/f_auto,q_auto/league/txl39rwjrs2fkm1shtxh",2.0,4.0,0.0,0.0,14.0,48.0,0.0588235294117647,0.0,0.0,0.0,0.0,0.0,0.0,20.5,"[1.5, 2.17, 2.64, 3.03, 3.4, 3.71, 3.98, 4.25, 4.49, 4.74, 5.0, 5.31, 5.66, 6.16, 6.79, 7.66, 9.12, 10.9, 14.33]",Active,True,Active,4678008.0,1,7.2,7.2,2026-09-15 17:18:27,,
292,37,00-0037005,Tommy Tremble,TE,CAR,ATL,0.0,2026_02_CAR_ATL,2026-09-20 13:00:00,5.8468200562153605,2.71802817561764,9.238931007807237,5.553402837434232,0.2934172187811281,B,5,3.1571219363472025,23.0,2,,False,1.0,"https://static.www.nfl.com/image/upload/f_auto,q_auto/league/t7wjikfv09d3o1q7wjdx",3.2263796500484943,0.0,0.0,0.0,0.0,19.66346288963096,0.1074652055124378,0.0,0.0,0.0,0.0,0.0,0.0,20.5,"[1.54, 2.22, 2.72, 3.11, 3.46, 3.75, 4.03, 4.31, 4.59, 4.88, 5.16, 5.52, 5.88, 6.37, 7.07, 7.92, 9.24, 10.96, 13.5]",Active,True,Active,4372780.0,1,5.5,5.5,2026-09-15 17:18:27,,
293,38,00-0035644,Noah Fant,TE,NO,BAL,0.0,2026_02_NO_BAL,2026-09-20 13:00:00,5.833695646449197,2.7049037658514763,9.225806598041071,6.215748392333888,-0.3820527458846907,D,16,-0.677426290365125,19.0,2,,False,2.0,"https://static.www.nfl.com/image/upload/f_auto,q_auto/league/lijnonbrcmplvkcb5kqv",4.458885748069634,0.0,0.0,0.0,0.0,23.49047873462286,0.1022086344341498,0.0,0.0,0.0,0.0,0.0,0.0,27.5,"[1.53, 2.2, 2.7, 3.1, 3.45, 3.73, 4.02, 4.3, 4.57, 4.86, 5.15, 5.51, 5.87, 6.36, 7.06, 7.91, 9.23, 10.95, 13.49]",Active,True,Active,4036131.0,1,13.3,13.3,2026-09-15 17:18:27,,
294,58,00-0038400,Tanner McKee,QB,PHI,TEN,0.0,2026_02_PHI_TEN,2026-09-20 13:00:00,5.732864560533455,1.1023991647659193,12.755561908451789,5.89850546646346,-0.1656409059300045,C,14,0.7384638850487145,23.25,3,,False,3.0,"https://static.www.nfl.com/image/upload/f_auto,q_auto/league/oveivzhzv13jrfvkp8zg",0.0,1.9802236082631517,12.049481014820572,76.15447282179045,2.037924868370183,0.0,0.0,0.0,0.0,0.0,0.0,0.0,0.0,16.25,"[0.04, 0.6, 1.1, 1.44, 1.78, 2.06, 2.43, 2.82, 3.13, 3.48, 3.83, 4.47, 5.27, 6.66, 8.94, 10.49, 12.76, 15.28, 20.02]",Active,True,Active,4685201.0,0,0.0,,2026-09-15 17:18:27,,
295,39,00-0040584,Gunnar Helm,TE,TEN,PHI,1.0,2026_02_PHI_TEN,2026-09-20 13:00:00,5.717670680543826,2.588878799946105,9.109781632135702,6.584684071858661,-0.8670133913148357,F,30,-3.115081255583778,16.25,2,,False,1.0,"https://static.www.nfl.com/image/upload/f_auto,q_auto/league/hewm6ztgka7xkbl6ybvb",3.991584409157222,0.0,0.0,0.0,0.0,23.81962454791091,0.1313108244709982,0.0,0.0,0.0,0.0,0.0,0.0,23.25,"[1.41, 2.09, 2.59, 2.98, 3.33, 3.62, 3.91, 4.18, 4.46, 4.75, 5.03, 5.39, 5.75, 6.24, 6.94, 7.79, 9.11, 10.83, 13.37]",Active,True,Active,4686728.0,1,6.8,6.8,2026-09-15 17:18:27,,
296,92,00-0040648,Tory Horton,WR,SEA,ARI,0.0,2026_02_SEA_ARI,2026-09-20 16:25:00,5.676359599290591,2.279400354451373,9.374177512107725,5.74316990958075,-0.0668103102901591,C,19,-1.2448508455267375,23.0,2,,False,4.0,"https://static.www.nfl.com/image/upload/f_auto,q_auto/league/lmsun4qzmk1rkgt4kw76",2.83225978269442,0.0,0.0,0.0,0.0,20.735863491475463,0.108753716012216,0.0,0.0,0.0,0.0,0.0,0.0,18.5,"[0.99, 1.74, 2.28, 2.77, 3.17, 3.53, 3.83, 4.12, 4.41, 4.68, 4.94, 5.19, 5.51, 6.09, 6.82, 7.9, 9.37, 11.33, 14.55]",Active,True,Active,4597703.0,0,0.0,,2026-09-15 17:18:27,,
297,20,DST_ARI,Arizona Cardinals D/ST,DST,ARI,SEA,1.0,2026_02_SEA_ARI,2026-09-20 16:25:00,5.664892044243345,0.7607526333380079,10.493075009942604,6.25134826609334,-0.5864562218499945,F,28,-2.1222613756955444,18.5,1,,False,1.0,https://a.espncdn.com/i/teamlogos/nfl/500/ari.png,36.66296851575871,24.24518274358504,38.13440466990829,266.12059615306646,95.40697588883046,266.12059615306646,0.0,2.8344799535151965,2.0288657764413727,0.0,2.0745515905409126,1.2902105251204736,26.04630741918061,23.0,"[-1.39, -0.08, 0.76, 1.4, 2.02, 2.7, 3.21, 3.79, 4.26, 4.9, 5.43, 5.98, 6.69, 7.53, 8.42, 9.34, 10.49, 12.45, 15.16]",Active,True,Active,,1,10.0,10.0,2026-09-15 17:18:27,,
298,21,DST_BUF,Buffalo Bills D/ST,DST,BUF,DET,1.0,2026_02_DET_BUF,2026-09-17 20:15:00,5.645181828676718,0.7410424177713812,10.473364794375978,6.268089580047044,-0.6229077513703256,F,29,-2.225529938614513,29.0,1,,False,1.0,https://a.espncdn.com/i/teamlogos/nfl/500/buf.png,29.1097192985932,29.2526801196445,29.98355550524215,266.39789865743927,136.4543755828229,266.39789865743927,0.0,1.7756172251945472,3.051926193510017,0.0,2.021399592610776,1.427753398947559,24.725607003457235,24.5,"[-1.41, -0.1, 0.74, 1.38, 2.0, 2.68, 3.19, 3.77, 4.24, 4.88, 5.41, 5.96, 6.68, 7.51, 8.4, 9.32, 10.47, 12.43, 15.14]",Active,True,Active,,1,6.0,6.0,2026-09-15 17:18:27,,
299,93,00-0040705,Chimere Dike,WR,TEN,PHI,1.0,2026_02_PHI_TEN,2026-09-20 13:00:00,5.642884014674509,2.2459247698352915,9.340701927491644,6.333669377580023,-0.6907853629055136,D,26,-4.974358287905835,16.25,2,,False,4.0,"https://static.www.nfl.com/image/upload/f_auto,q_auto/league/cbcpv4931dqmgsu3anvo",3.57209196192545,0.3730996690413259,0.0,0.0,0.4546082807605909,22.07042531773084,0.116568779558291,0.0,0.0,0.0,0.0,0.0,0.0,23.25,"[0.96, 1.7, 2.25, 2.74, 3.14, 3.49, 3.8, 4.09, 4.37, 4.65, 4.91, 5.16, 5.48, 6.06, 6.79, 7.87, 9.34, 11.29, 14.52]",Active,True,Active,4431268.0,1,1.7,1.7,2026-09-15 17:18:27,,
300,40,00-0033858,Jonnu Smith,TE,GB,NYJ,0.0,2026_02_GB_NYJ,2026-09-20 13:00:00,5.640229230054733,2.5114373494570126,9.03234018164661,5.420501493421405,0.2197277366333283,C,13,0.2718030344261973,24.5,2,,False,2.0,"https://static.www.nfl.com/image/upload/f_auto,q_auto/league/egd6llghj3n5wfdrqacw",2.9128861964340427,0.4659268580625498,0.0,0.0,3.567370795139923,21.473729356870532,0.0874534097244051,0.0,0.0,0.0,0.0,0.0,0.0,20.0,"[1.34, 2.01, 2.51, 2.9, 3.25, 3.54, 3.83, 4.1, 4.38, 4.67, 4.96, 5.31, 5.67, 6.17, 6.87, 7.71, 9.03, 10.75, 13.29]",Active,True,Active,3054212.0,1,7.0,7.0,2026-09-15 17:18:27,,
301,94,00-0037742,Treylon Burks,WR,WAS,DAL,0.0,2026_02_WAS_DAL,2026-09-20 16:25:00,5.622319224960938,2.2253599801217203,9.320137137778072,5.547009936729619,0.0753092882313186,C,6,3.337332649879808,23.0,2,,False,6.0,"https://static.www.nfl.com/image/upload/f_auto,q_auto/league/bmozbzdxgnnwdniuvgnn",2.856812363726477,0.0,0.0,0.0,0.0,15.383565562121513,0.1335424432804923,0.0,0.0,0.0,0.0,0.0,0.0,27.5,"[0.94, 1.68, 2.23, 2.72, 3.12, 3.47, 3.78, 4.07, 4.35, 4.63, 4.89, 5.14, 5.46, 6.04, 6.76, 7.85, 9.32, 11.27, 14.5]",Active,True,Active,4567156.0,0,0.0,,2026-09-15 17:18:27,,
302,58,00-0040078,Brashard Smith,RB,KC,IND,1.0,2026_02_IND_KC,2026-09-20 20:20:00,5.58576577909172,2.3544931021023734,8.835211073667509,4.669223126454266,0.9165426526374532,B,6,5.822443313944017,27.0,4,,False,3.0,"https://static.www.nfl.com/image/upload/f_auto,q_auto/league/xnf4x6b9a2yunsc0gaej",2.110029594583822,2.813017507481596,0.0,0.0,10.445351954937856,8.460177341386267,0.0714929042983227,0.0,0.0,0.0,0.0,0.0,0.0,20.5,"[1.22, 1.88, 2.35, 2.75, 3.11, 3.42, 3.7, 3.96, 4.2, 4.46, 4.72, 5.03, 5.37, 5.87, 6.51, 7.38, 8.84, 10.61, 14.04]",Active,True,Active,4596602.0,0,0.0,,2026-09-15 17:18:27,,
303,59,00-0038416,Tyson Bagent,QB,CHI,MIN,1.0,2026_02_MIN_CHI,2026-09-20 13:00:00,5.550815564830237,0.9203501690627008,12.573512912748573,4.831039764807475,0.7197758000227621,B,25,-2.0044000613378,27.0,3,,True,2.0,"https://static.www.nfl.com/image/upload/f_auto,q_auto/league/ymimvligfyrucu0v3p6a",0.0,0.9567053825006108,1.9567053825006109,23.34846883875214,3.348468838752138,0.0,0.0,0.0,0.0,0.0,0.0,0.0,0.0,21.5,"[0.0, 0.42, 0.92, 1.26, 1.6, 1.88, 2.25, 2.64, 2.95, 3.3, 3.65, 4.29, 5.08, 6.47, 8.76, 10.31, 12.57, 15.1, 19.84]",Active,True,Active,4434153.0,0,0.0,,2026-09-15 17:18:27,,
304,59,00-0039794,Braelon Allen,RB,NYJ,GB,1.0,2026_02_GB_NYJ,2026-09-20 13:00:00,5.515768761068596,2.28449608407925,8.765214055644385,5.42675125267092,0.089017508397676,C,12,3.032338760448507,20.0,4,,False,2.0,"https://static.www.nfl.com/image/upload/f_auto,q_auto/league/fmpzgmfjmcbrv1gmqbdn",0.8854298562694999,7.386982740771085,0.0,0.0,30.414232287397336,2.091135676999306,0.0352967074267223,0.0,0.0,0.0,0.0,0.0,0.0,24.5,"[1.15, 1.81, 2.28, 2.68, 3.04, 3.35, 3.63, 3.89, 4.13, 4.39, 4.65, 4.96, 5.3, 5.8, 6.44, 7.31, 8.77, 10.54, 13.97]",Active,True,Active,4685247.0,1,4.0,4.0,2026-09-15 17:18:27,,
305,41,00-0037252,Greg Dulcich,TE,MIA,SF,0.0,2026_02_MIA_SF,2026-09-20 16:25:00,5.486519875129054,2.3577279945313334,8.87863082672093,6.5980950663699565,-1.1115751912409024,F,32,-6.500651164614436,16.0,2,,False,1.0,"https://static.www.nfl.com/image/upload/f_auto,q_auto/league/kw4cwgjl4kywh6le4sfh",3.0522014509121687,0.0877497551065708,0.0,0.0,-0.614248285745996,30.693630594940355,0.1253628637305827,0.0,0.0,0.0,0.0,0.0,0.0,29.5,"[1.18, 1.86, 2.36, 2.75, 3.1, 3.39, 3.67, 3.95, 4.23, 4.52, 4.8, 5.16, 5.52, 6.01, 6.71, 7.56, 8.88, 10.6, 13.14]",Active,True,Active,4367209.0,1,3.8,3.8,2026-09-15 17:18:27,,
306,95,00-0041048,Ted Hurst III,WR,TB,CLE,1.0,2026_02_CLE_TB,2026-09-20 13:00:00,5.484619290313312,2.087660045474094,9.182437203130444,5.263925370328618,0.2206939199846935,C,8,2.65197766108747,24.5,2,,True,4.0,"https://static.www.nfl.com/image/upload/f_auto,q_auto/league/mmf6qmo6a2evw4feupcm",3.0,0.0,0.0,0.0,0.0,36.0,0.1111111111111111,0.0,0.0,0.0,0.0,0.0,0.0,16.0,"[0.8, 1.55, 2.09, 2.58, 2.98, 3.33, 3.64, 3.93, 4.21, 4.49, 4.75, 5.0, 5.32, 5.9, 6.63, 7.71, 9.18, 11.13, 14.36]",Active,True,Active,5220680.0,1,6.6,6.6,2026-09-15 17:18:27,,
307,22,DST_LV,Las Vegas Raiders D/ST,DST,LV,LAC,0.0,2026_02_LV_LAC,2026-09-20 16:05:00,5.481197260489129,0.5770578495837917,10.309380226188388,6.336231854883637,-0.8550345943945086,F,2,4.2879999339333486,18.25,1,,False,1.0,https://a.espncdn.com/i/teamlogos/nfl/500/lv.png,28.515275567767265,26.04207959588228,29.722497298729976,176.2565110507177,92.15963989500962,176.2565110507177,0.0,1.635174876845941,1.7774672154211597,0.0,3.134489534880182,1.210515871527652,21.614371905958784,25.25,"[-1.58, -0.26, 0.58, 1.22, 1.84, 2.52, 3.02, 3.61, 4.07, 4.72, 5.25, 5.79, 6.51, 7.35, 8.24, 9.16, 10.31, 12.27, 14.97]",Active,True,Active,,1,13.0,13.0,2026-09-15 17:18:27,,
308,60,00-0038685,Chris Brooks,RB,GB,NYJ,0.0,2026_02_GB_NYJ,2026-09-20 13:00:00,5.436330016045435,2.205057339056089,8.685775310621224,5.399628951849774,0.0367010641956611,C,20,-0.0483694790179377,24.5,4,,False,2.0,"https://static.www.nfl.com/image/upload/f_auto,q_auto/league/ityat7ltppdxe9t0imjd",0.9764950193032708,3.571184308442428,0.0,0.0,15.767805335418725,4.021621396341279,0.0311381935420043,0.0,0.0,0.0,0.0,0.0,0.0,20.0,"[1.07, 1.73, 2.21, 2.6, 2.96, 3.27, 3.55, 3.81, 4.05, 4.31, 4.57, 4.88, 5.22, 5.72, 6.36, 7.23, 8.69, 10.46, 13.89]",Active,True,Active,3149687.0,1,2.9,2.9,2026-09-15 17:18:27,,
309,23,DST_CLE,Cleveland Browns D/ST,DST,CLE,TB,0.0,2026_02_CLE_TB,2026-09-20 13:00:00,5.40261199025878,0.498472579353443,10.23079495595804,6.174125668032333,-0.7715136777735525,F,6,3.0005381499938366,16.0,1,,False,1.0,https://a.espncdn.com/i/teamlogos/nfl/500/cle.png,26.74553391952029,24.000665935192167,28.156772939308603,188.1432575943112,95.27842129198736,188.1432575943112,0.0,1.4043625981446135,1.3458609334926053,0.0,2.409146020761161,0.7087946411346977,25.271849306778478,24.5,"[-1.66, -0.34, 0.5, 1.14, 1.76, 2.44, 2.94, 3.53, 3.99, 4.64, 5.17, 5.71, 6.43, 7.27, 8.16, 9.08, 10.23, 12.19, 14.9]",Active,True,Active,,1,0.0,0.0,2026-09-15 17:18:27,,
310,61,00-0038738,Hunter Luepke,RB,DAL,WAS,1.0,2026_02_WAS_DAL,2026-09-20 16:25:00,5.384268002845376,2.15299532585603,8.633713297421165,4.81220095450802,0.572067048337356,B,18,0.1518324106292128,27.5,4,,False,,"https://static.www.nfl.com/image/upload/f_auto,q_auto/league/m28qafff4o5vb3aaumiv",0.7756106649566352,1.3675406698219692,0.0,0.0,6.893125021746913,5.933025198771492,0.0244446212154432,0.0,0.0,0.0,0.0,0.0,0.0,23.0,"[1.02, 1.68, 2.15, 2.54, 2.91, 3.22, 3.49, 3.76, 4.0, 4.26, 4.51, 4.83, 5.17, 5.67, 6.3, 7.17, 8.63, 10.41, 13.84]",Active,True,Active,4383396.0,1,0.7,0.7,2026-09-15 17:18:27,,
311,96,00-0038976,Marvin Mims Jr.,WR,DEN,JAX,1.0,2026_02_JAX_DEN,2026-09-20 16:05:00,5.3475139316578,1.9505546868185824,9.045331844474934,5.282237187122162,0.0652767445356383,C,22,-2.210540900172221,23.5,2,,False,3.0,"https://static.www.nfl.com/image/upload/f_auto,q_auto/league/zbdjtph5xplbf4yocz0l",2.849281163785113,0.443117726468437,0.0,0.0,2.7036899252684234,22.09046522268668,0.0842666622500003,0.0,0.0,0.0,0.0,0.0,0.0,21.0,"[0.66, 1.41, 1.95, 2.44, 2.84, 3.2, 3.5, 3.79, 4.08, 4.35, 4.62, 4.87, 5.18, 5.76, 6.49, 7.57, 9.05, 11.0, 14.22]",Active,True,Active,4686472.0,1,0.0,0.0,2026-09-15 17:18:27,,
312,60,00-0041056,Cade Klubnik,QB,NYJ,GB,1.0,2026_02_GB_NYJ,2026-09-20 13:00:00,5.31802368688508,0.6875582911175435,12.340721034803414,6.067120144149832,-0.749096457264752,D,28,-3.0713529091181315,20.0,3,,True,2.0,"https://static.www.nfl.com/image/upload/f_auto,q_auto/league/sqsxavkryojbysy4kq85",0.0,0.0,0.0,0.0,0.0,0.0,0.0,0.0,0.0,0.0,0.0,0.0,0.0,24.5,"[0.0, 0.19, 0.69, 1.03, 1.37, 1.65, 2.02, 2.41, 2.71, 3.06, 3.41, 4.05, 4.85, 6.24, 8.53, 10.08, 12.34, 14.87, 19.61]",Active,True,Active,4685413.0,0,0.0,,2026-09-15 17:18:27,,
313,62,00-0029892,Kyle Juszczyk,RB,SF,MIA,1.0,2026_02_MIA_SF,2026-09-20 16:25:00,5.306738968538965,2.0754662915496187,8.556184263114755,3.957638869901293,1.349100098637671,A,2,8.811680565102481,29.5,4,,False,,"https://static.www.nfl.com/image/upload/f_auto,q_auto/league/tsejiiddtouukwyyqr9q",1.855155415238493,0.1796755043440703,0.0,0.0,-0.4303684291413053,15.86501593722407,0.0620232816903497,0.0,0.0,0.0,0.0,0.0,0.0,16.0,"[0.94, 1.6, 2.08, 2.47, 2.83, 3.15, 3.42, 3.69, 3.92, 4.18, 4.44, 4.75, 5.09, 5.59, 6.23, 7.1, 8.56, 10.33, 13.76]",Active,True,Active,16002.0,0,0.0,,2026-09-15 17:18:27,,
314,97,00-0039739,Roman Wilson,WR,PIT,NE,0.0,2026_02_PIT_NE,2026-09-20 13:00:00,5.264668238502549,1.867708993663331,8.962486151319682,5.726899921440219,-0.46223168293767,D,16,-0.5789951616366913,18.5,2,,False,3.0,"https://static.www.nfl.com/image/upload/f_auto,q_auto/league/xuhjoscmhmmsutbvfmrs",3.702493364045303,0.0,0.0,0.0,0.0,20.508496199483563,0.1091122809925024,0.0,0.0,0.0,0.0,0.0,0.0,23.0,"[0.58, 1.33, 1.87, 2.36, 2.76, 3.11, 3.42, 3.71, 3.99, 4.27, 4.53, 4.78, 5.1, 5.68, 6.41, 7.49, 8.96, 10.91, 14.14]",Active,True,Active,4431492.0,1,5.6,5.6,2026-09-15 17:18:27,,
315,98,00-0040729,Jack Bech,WR,LV,LAC,0.0,2026_02_LV_LAC,2026-09-20 16:05:00,5.232042662730311,1.8350834178910935,8.929860575547444,5.76695882279476,-0.5349161600644488,D,21,-2.1771954798177937,18.25,2,,False,3.0,"https://static.www.nfl.com/image/upload/f_auto,q_auto/league/feplgtl0x1svqen9szwv",2.840955492585394,0.0,0.0,0.0,0.0,19.309810167167143,0.1054279408697385,0.0,0.0,0.0,0.0,0.0,0.0,25.25,"[0.55, 1.29, 1.84, 2.33, 2.73, 3.08, 3.39, 3.68, 3.96, 4.24, 4.5, 4.75, 5.07, 5.65, 6.37, 7.46, 8.93, 10.88, 14.1]",Active,True,Active,4603186.0,1,11.3,11.3,2026-09-15 17:18:27,,
316,61,00-0027973,Andy Dalton,QB,PHI,TEN,0.0,2026_02_PHI_TEN,2026-09-20 13:00:00,5.206623494227625,0.5761580984600885,12.22932084214596,5.372264400157629,-0.1656409059300045,C,14,0.7384638850487145,23.25,3,,False,2.0,"https://static.www.nfl.com/image/upload/f_auto,q_auto/league/sfsneh0bn46e2kwve7sr",0.0,1.304932229425993,10.049404304978957,79.00021843408533,-0.4548344654877645,0.0,0.0,0.0,0.0,0.0,0.0,0.0,0.0,16.25,"[0.0, 0.08, 0.58, 0.92, 1.26, 1.54, 1.91, 2.3, 2.6, 2.95, 3.3, 3.94, 4.74, 6.13, 8.42, 9.96, 12.23, 14.76, 19.5]",Active,True,Active,14012.0,0,0.0,,2026-09-15 17:18:27,,
317,62,00-0040206,Riley Leonard,QB,IND,KC,0.0,2026_02_IND_KC,2026-09-20 20:20:00,5.18950181725581,0.5590364214882735,12.212199165174145,7.113713751580528,-1.9242119343247184,F,31,-5.743671520277861,20.5,3,,False,3.0,"https://static.www.nfl.com/image/upload/f_auto,q_auto/league/okxcrf19ylc0hwfefmwl",0.0,1.2391827218484777,14.053963120228923,90.13223116962288,6.034455630100404,-0.7081964636461012,0.0,0.0,0.0,0.0,0.0,0.0,0.0,27.0,"[0.0, 0.06, 0.56, 0.9, 1.24, 1.52, 1.89, 2.28, 2.59, 2.94, 3.29, 3.93, 4.72, 6.11, 8.4, 9.95, 12.21, 14.74, 19.48]",Active,True,Active,4683423.0,0,0.0,,2026-09-15 17:18:27,,
318,24,DST_TEN,Tennessee Titans D/ST,DST,TEN,PHI,1.0,2026_02_PHI_TEN,2026-09-20 13:00:00,5.165551199276766,0.2614117883714293,9.993734164976026,5.890604327756011,-0.725053128479245,F,21,-1.0232180329991063,16.25,1,,False,1.0,https://a.espncdn.com/i/teamlogos/nfl/500/ten.png,30.313503352417573,20.44754459322096,33.08873406388917,175.01245694475125,90.32922567533684,175.01245694475125,0.0,1.6417391484139607,1.5932499165251974,0.0,1.811554662465944,0.451666899270231,26.910911815578498,23.25,"[-1.89, -0.58, 0.26, 0.9, 1.52, 2.21, 2.71, 3.29, 3.76, 4.41, 4.93, 5.48, 6.2, 7.03, 7.92, 8.84, 9.99, 11.95, 14.66]",Active,True,Active,,1,0.0,0.0,2026-09-15 17:18:27,,
319,63,00-0040878,Mike Washington Jr.,RB,LV,LAC,0.0,2026_02_LV_LAC,2026-09-20 16:05:00,5.1589065387688064,1.9276338617794604,8.408351833344597,5.779230563604633,-0.6203240248358268,D,23,-0.494684076020096,18.25,4,,True,2.0,"https://static.www.nfl.com/image/upload/f_auto,q_auto/league/ocdjq5ohmtgdghqdh5m4",0.0,7.0,0.0,0.0,41.0,0.0,0.0,0.0,0.0,0.0,0.0,0.0,0.0,25.25,"[0.79, 1.46, 1.93, 2.32, 2.69, 3.0, 3.27, 3.54, 3.78, 4.03, 4.29, 4.6, 4.94, 5.44, 6.08, 6.95, 8.41, 10.18, 13.62]",Active,True,Active,,1,4.1,4.1,2026-09-15 17:18:27,,
320,99,00-0041067,Bryce Lance,WR,NO,BAL,0.0,2026_02_NO_BAL,2026-09-20 13:00:00,5.132583545679369,1.735624300840151,8.830401458496503,5.419016275471239,-0.28643272979187,C,15,-0.5013475420510421,19.0,2,,True,4.0,"https://static.www.nfl.com/image/upload/f_auto,q_auto/league/lzh0hbhllbouh97ffpp6",4.0,0.0,0.0,0.0,0.0,42.0,0.0769230769230769,0.0,0.0,0.0,0.0,0.0,0.0,27.5,"[0.45, 1.19, 1.74, 2.23, 2.63, 2.98, 3.29, 3.58, 3.86, 4.14, 4.4, 4.65, 4.97, 5.55, 6.28, 7.36, 8.83, 10.78, 14.01]",Active,True,Active,4879276.0,1,7.2,7.2,2026-09-15 17:18:27,,
321,100,00-0036550,Rashod Bateman,WR,BAL,NO,1.0,2026_02_NO_BAL,2026-09-20 13:00:00,5.114676400294658,1.7177171554554405,8.812494313111792,4.683672035997045,0.4310043642976131,B,23,-2.343227167802405,27.5,2,,False,2.0,"https://static.www.nfl.com/image/upload/f_auto,q_auto/league/gtktmsfcxc1eijwpwzyq",2.09655143715104,0.0,0.0,0.0,0.0,10.22010809124343,0.0858482757775509,0.0,0.0,0.0,0.0,0.0,0.0,19.0,"[0.43, 1.18, 1.72, 2.21, 2.61, 2.96, 3.27, 3.56, 3.84, 4.12, 4.38, 4.63, 4.95, 5.53, 6.26, 7.34, 8.81, 10.76, 13.99]",Active,True,Active,4360939.0,1,0.0,0.0,2026-09-15 17:18:27,,
322,101,00-0039342,Xavier Legette,WR,CAR,ATL,0.0,2026_02_CAR_ATL,2026-09-20 13:00:00,5.097579004508546,1.7006197596693284,8.795396917325679,5.094429643010458,0.0031493614980879,C,14,1.0107708755247298,23.0,2,,False,3.0,"https://static.www.nfl.com/image/upload/f_auto,q_auto/league/yoyxkitrdqbkhyqncy5p",3.2996606454058366,0.0229356823853227,0.0,0.0,0.0,15.065848845332656,0.1089776414381848,0.0,0.0,0.0,0.0,0.0,0.0,20.5,"[0.41, 1.16, 1.7, 2.19, 2.59, 2.95, 3.25, 3.54, 3.83, 4.1, 4.37, 4.62, 4.93, 5.51, 6.24, 7.32, 8.8, 10.75, 13.97]",Active,True,Active,4430034.0,1,0.0,0.0,2026-09-15 17:18:27,,
323,42,00-0038558,Darnell Washington,TE,PIT,NE,0.0,2026_02_PIT_NE,2026-09-20 13:00:00,5.080694623784367,1.951902743186646,8.472805575376242,5.591210213924908,-0.5105155901405416,D,26,-1.7388710625805737,18.5,2,,False,1.0,"https://static.www.nfl.com/image/upload/f_auto,q_auto/league/inwx7uipfktapaump5pj",2.834113963752563,0.0,0.0,0.0,0.0,24.79649162611696,0.0907152976678333,0.0,0.0,0.0,0.0,0.0,0.0,23.0,"[0.78, 1.45, 1.95, 2.34, 2.69, 2.98, 3.27, 3.55, 3.82, 4.11, 4.4, 4.75, 5.11, 5.61, 6.31, 7.15, 8.47, 10.19, 12.73]",Active,True,Active,4430802.0,1,3.8,3.8,2026-09-15 17:18:27,,
324,64,00-0039798,Isaiah Davis,RB,NYJ,GB,1.0,2026_02_GB_NYJ,2026-09-20 13:00:00,5.035472193671835,1.8041995166824891,8.284917488247626,4.946454685274159,0.089017508397676,C,12,3.032338760448507,20.0,4,,False,3.0,"https://static.www.nfl.com/image/upload/f_auto,q_auto/league/x6r9a5xhtaklbvnqmtw7",1.687756647100528,3.046428090694109,0.0,0.0,16.438445367854268,12.585018071961237,0.0589982408021076,0.0,0.0,0.0,0.0,0.0,0.0,24.5,"[0.67, 1.33, 1.8, 2.2, 2.56, 2.87, 3.15, 3.41, 3.65, 3.91, 4.17, 4.48, 4.82, 5.32, 5.96, 6.82, 8.28, 10.06, 13.49]",Active,True,Active,4695404.0,0,0.0,,2026-09-15 17:18:27,,
325,102,00-0039451,Isaiah Williams,WR,NYJ,GB,1.0,2026_02_GB_NYJ,2026-09-20 13:00:00,4.9884608482455,1.591501603406282,8.686278761062633,5.107944735111135,-0.1194838868656358,C,9,2.266288651925167,20.0,2,,False,4.0,"https://static.www.nfl.com/image/upload/f_auto,q_auto/league/rj2etltwzmlxyz1cfkeo",2.486798127273009,0.1513626769486592,0.042967933413597,0.0,1.4364770748967797,13.802955457008173,0.0927865593152144,0.0,0.0,0.0,0.0,0.0,0.0,24.5,"[0.3, 1.05, 1.59, 2.08, 2.48, 2.84, 3.15, 3.43, 3.72, 4.0, 4.26, 4.51, 4.82, 5.4, 6.13, 7.21, 8.69, 10.64, 13.86]",Active,True,Active,4569371.0,1,1.7,1.7,2026-09-15 17:18:27,,
326,103,00-0041550,Brenen Thompson,WR,LAC,LV,1.0,2026_02_LV_LAC,2026-09-20 16:05:00,4.979685958046259,1.5827267132070415,8.677503870863394,4.216144554508144,0.763541403538115,B,18,-0.5956184210171277,25.25,2,,True,4.0,"https://static.www.nfl.com/image/upload/f_auto,q_auto/league/khlvgjk60vz6ghkwpmak",0.0,0.0,0.0,0.0,0.0,0.0,0.0,0.0,0.0,0.0,0.0,0.0,0.0,18.25,"[0.29, 1.04, 1.58, 2.07, 2.47, 2.83, 3.14, 3.42, 3.71, 3.99, 4.25, 4.5, 4.81, 5.39, 6.12, 7.2, 8.68, 10.63, 13.85]",Active,True,Active,4685553.0,0,0.0,,2026-09-15 17:18:27,,
327,25,DST_NYJ,New York Jets D/ST,DST,NYJ,GB,1.0,2026_02_GB_NYJ,2026-09-20 13:00:00,4.942284383768236,0.0381449728628986,9.770467349467497,5.933943035614408,-0.991658651846172,F,20,-0.7528747745795562,20.0,1,,False,1.0,https://a.espncdn.com/i/teamlogos/nfl/500/nyj.png,26.64251414520322,30.060740040805324,27.836254277012756,174.50797505708798,126.89897183731202,174.50797505708798,0.0,2.2847535299995503,1.4421358687106811,0.0,1.889845142543648,0.4973960728677092,24.765328306302788,24.5,"[-2.12, -0.8, 0.04, 0.68, 1.3, 1.98, 2.48, 3.07, 3.53, 4.18, 4.71, 5.25, 5.97, 6.81, 7.7, 8.62, 9.77, 11.73, 14.43]",Active,True,Active,,1,9.0,9.0,2026-09-15 17:18:27,,
328,43,00-0033110,Tyler Higbee,TE,LA,NYG,1.0,2026_02_NYG_LA,2026-09-21 20:15:00,4.886540471793803,1.7577485911960826,8.278651423385678,4.536167876441228,0.3503725953525753,B,25,-1.6708501301174985,27.75,2,,False,2.0,"https://static.www.nfl.com/image/upload/f_auto,q_auto/league/x1d4osiefibd04df6gow",2.7775316591766765,0.0,0.0,0.0,0.0,24.308277475478477,0.0865522030458292,0.0,0.0,0.0,0.0,0.0,0.0,20.75,"[0.58, 1.26, 1.76, 2.15, 2.5, 2.79, 3.07, 3.35, 3.63, 3.92, 4.2, 4.56, 4.92, 5.41, 6.11, 6.96, 8.28, 10.0, 12.54]",Active,True,Active,2573401.0,1,1.2,1.2,2026-09-15 17:18:27,,
329,44,00-0035249,Josh Oliver,TE,MIN,CHI,0.0,2026_02_MIN_CHI,2026-09-20 13:00:00,4.873373545523197,1.7445816649254766,8.265484497115073,5.056465307427477,-0.1830917619042793,C,22,-1.2319521021171689,21.5,2,,False,2.0,"https://static.www.nfl.com/image/upload/f_auto,q_auto/league/awdb5xedlbq0ebpptgzb",2.458283787730273,0.0,0.0,0.0,0.0,17.048808798891013,0.1061728855603423,0.0,0.0,0.0,0.0,0.0,0.0,27.0,"[0.57, 1.24, 1.74, 2.13, 2.49, 2.77, 3.06, 3.34, 3.61, 3.9, 4.19, 4.54, 4.91, 5.4, 6.1, 6.94, 8.27, 9.98, 12.53]",Active,True,Active,3921690.0,1,4.2,4.2,2026-09-15 17:18:27,,
330,45,00-0039356,Ja'Tavion Sanders,TE,CAR,ATL,0.0,2026_02_CAR_ATL,2026-09-20 13:00:00,4.839499642347882,1.7107077617501618,8.23161059393976,4.546082423566755,0.2934172187811272,B,5,3.1571219363472025,23.0,2,,False,5.0,"https://static.www.nfl.com/image/upload/f_auto,q_auto/league/le2akm1cbou170ioctxl",2.53742107293773,0.0,0.0,0.0,0.0,13.61014041303356,0.085803855412618,0.0,0.0,0.0,0.0,0.0,0.0,20.5,"[0.54, 1.21, 1.71, 2.1, 2.45, 2.74, 3.03, 3.3, 3.58, 3.87, 4.16, 4.51, 4.87, 5.36, 6.07, 6.91, 8.23, 9.95, 12.49]",Active,True,Active,4431588.0,0,0.0,,2026-09-15 17:18:27,,
331,104,00-0040890,Cyrus Allen,WR,KC,IND,1.0,2026_02_IND_KC,2026-09-20 20:20:00,4.829599407168923,1.4326401623297058,8.527417319986057,3.2940227301583898,1.5355766770105337,A,3,7.041391218578065,27.0,2,,True,4.0,"https://static.www.nfl.com/image/upload/f_auto,q_auto/league/qput6hanukjbatuao8ca",1.0,0.0,0.0,0.0,0.0,0.0,0.04,0.0,0.0,0.0,0.0,0.0,0.0,20.5,"[0.14, 0.89, 1.43, 1.92, 2.32, 2.68, 2.99, 3.27, 3.56, 3.84, 4.1, 4.35, 4.66, 5.24, 5.97, 7.05, 8.53, 10.48, 13.7]",Active,True,Active,4912218.0,1,0.0,0.0,2026-09-15 17:18:27,,
332,105,00-0038104,Tyquan Thornton,WR,KC,IND,1.0,2026_02_IND_KC,2026-09-20 20:20:00,4.81718222268626,1.4202229778470428,8.515000135503394,4.141337783628924,0.6758444390573368,B,3,7.041391218578065,27.0,2,,False,3.0,"https://static.www.nfl.com/image/upload/f_auto,q_auto/league/bjqzuempyiwxe0hl7e5a",2.150885712702812,0.0,0.0,0.0,0.0,22.065120813990468,0.0672450694521793,0.0,0.0,0.0,0.0,0.0,0.0,20.5,"[0.13, 0.88, 1.42, 1.91, 2.31, 2.67, 2.97, 3.26, 3.55, 3.82, 4.09, 4.34, 4.65, 5.23, 5.96, 7.04, 8.52, 10.47, 13.69]",Active,True,Active,4362921.0,1,0.0,0.0,2026-09-15 17:18:27,,
333,106,00-0040138,Jaylin Noel,WR,HOU,CIN,1.0,2026_02_CIN_HOU,2026-09-20 13:00:00,4.727333337050567,1.3303740922113492,8.4251512498677,4.608003036572301,0.1193303004782659,C,25,-3.4488555694062257,24.5,2,,False,4.0,"https://static.www.nfl.com/image/upload/f_auto,q_auto/league/ehlm8w4afdqoisx1e6as",1.8161959829319156,0.2066520355103625,0.0,0.0,0.4037477550323557,25.12637409811465,0.0530635290065533,0.0,0.0,0.0,0.0,0.0,0.0,22.0,"[0.04, 0.79, 1.33, 1.82, 2.22, 2.58, 2.88, 3.17, 3.46, 3.73, 4.0, 4.25, 4.56, 5.14, 5.87, 6.95, 8.43, 10.38, 13.6]",Active,True,Active,4586312.0,1,7.3,7.3,2026-09-15 17:18:27,,
334,107,00-0041511,Omar Cooper Jr.,WR,NYJ,GB,1.0,2026_02_GB_NYJ,2026-09-20 13:00:00,4.724766224469344,1.3278069796301266,8.422584137286478,4.920100421277208,-0.1953341968078641,C,9,2.266288651925167,20.0,2,,True,3.0,"https://static.www.nfl.com/image/upload/f_auto,q_auto/league/lmua2lbg0m77ibvydvaq",1.0,0.0,0.0,0.0,0.0,30.0,0.0434782608695652,0.0,0.0,0.0,0.0,0.0,0.0,24.5,"[0.04, 0.79, 1.33, 1.82, 2.22, 2.57, 2.88, 3.17, 3.45, 3.73, 3.99, 4.24, 4.56, 5.14, 5.87, 6.95, 8.42, 10.37, 13.6]",Active,True,Active,4723820.0,1,4.0,4.0,2026-09-15 17:18:27,,
335,65,00-0040466,Raheim Sanders,RB,CLE,TB,0.0,2026_02_CLE_TB,2026-09-20 13:00:00,4.615083457946998,1.383810780957652,7.864528752522787,5.290702124273657,-0.6756186663266588,D,16,0.8183587553488274,16.0,4,,False,3.0,"https://static.www.nfl.com/image/upload/f_auto,q_auto/league/bopoof9uczgpvpggeahp",2.072801167421848,3.732482584614685,0.0,0.0,11.645313874899664,15.78564011356758,0.0930729011661089,0.0,0.0,0.0,0.0,0.0,0.0,24.5,"[0.25, 0.91, 1.38, 1.78, 2.14, 2.45, 2.73, 2.99, 3.23, 3.49, 3.75, 4.06, 4.4, 4.9, 5.54, 6.4, 7.86, 9.64, 13.07]",Active,True,Active,4601080.0,1,5.6,5.6,2026-09-15 17:18:27,,
336,108,00-0041525,Chris Bell,WR,MIA,SF,0.0,2026_02_MIA_SF,2026-09-20 16:25:00,4.613773383791764,1.2168141389525462,8.311591296608897,5.648018369781396,-1.0342449859896323,F,29,-8.884472444101899,16.0,2,,True,3.0,"https://static.www.nfl.com/image/upload/f_auto,q_auto/league/zgbku18zemqyryvyahd4",2.0,0.0,0.0,0.0,0.0,25.0,0.074074074074074,0.0,0.0,0.0,0.0,0.0,0.0,29.5,"[0.0, 0.67, 1.22, 1.71, 2.11, 2.46, 2.77, 3.06, 3.34, 3.62, 3.88, 4.13, 4.45, 5.03, 5.76, 6.84, 8.31, 10.26, 13.49]",Active,True,Active,4869961.0,1,3.5,3.5,2026-09-15 17:18:27,,
337,46,00-0036628,John Bates,TE,WAS,DAL,0.0,2026_02_WAS_DAL,2026-09-20 16:25:00,4.605895050099,1.4771031695012793,7.998006001690876,3.9905236222168794,0.6153714278821214,B,1,7.413806721963579,23.0,2,,False,2.0,"https://static.www.nfl.com/image/upload/f_auto,q_auto/league/sqaiwpind6kk4ns4acql",2.0743595767568923,0.0,0.0,0.0,0.0,11.072009461960551,0.0810168044762503,0.0,0.0,0.0,0.0,0.0,0.0,27.5,"[0.3, 0.98, 1.48, 1.87, 2.22, 2.51, 2.79, 3.07, 3.35, 3.63, 3.92, 4.28, 4.64, 5.13, 5.83, 6.68, 8.0, 9.72, 12.26]",Active,True,Active,4048228.0,1,3.3,3.3,2026-09-15 17:18:27,,
338,47,00-0039359,Cade Stover,TE,HOU,CIN,1.0,2026_02_CIN_HOU,2026-09-20 13:00:00,4.602593173429423,1.473801292831702,7.994704125021299,4.305659354197664,0.2969338192317581,B,10,1.7632031912476902,24.5,2,,False,4.0,"https://static.www.nfl.com/image/upload/f_auto,q_auto/league/ur3ihcg0rkeqbfiksj5y",1.9641105428920969,0.5538253858942096,0.0,0.0,1.1671378320877186,5.72468411884523,0.0606570779688302,0.0,0.0,0.0,0.0,0.0,0.0,22.0,"[0.3, 0.97, 1.47, 1.86, 2.21, 2.5, 2.79, 3.07, 3.34, 3.63, 3.92, 4.27, 4.64, 5.13, 5.83, 6.67, 7.99, 9.71, 12.25]",Active,True,Active,4426496.0,1,0.8,0.8,2026-09-15 17:18:27,,
339,63,00-0038579,Aidan O'Connell,QB,LV,LAC,0.0,2026_02_LV_LAC,2026-09-20 16:05:00,4.588355016628905,0.0,11.61105236454724,5.407212890407232,-0.8188578737783265,D,27,-2.1860576611785585,18.25,3,,True,3.0,"https://static.www.nfl.com/image/upload/f_auto,q_auto/league/bcejxo7ofgk5pszhup12",0.0,1.0,22.0,102.0,6.999999999999999,0.0,0.0,0.0,0.0,0.0,0.0,0.0,0.0,25.25,"[0.0, 0.0, 0.0, 0.3, 0.64, 0.92, 1.29, 1.68, 1.98, 2.34, 2.68, 3.32, 4.12, 5.51, 7.8, 9.35, 11.61, 14.14, 18.88]",Active,True,Active,4260394.0,0,0.0,,2026-09-15 17:18:27,,
340,66,00-0040177,Jordan James,RB,SF,MIA,1.0,2026_02_MIA_SF,2026-09-20 16:25:00,4.52029699313867,1.289024316149324,7.769742287714459,3.577776622150863,0.9425203709878072,B,2,8.811680565102481,29.5,4,,True,3.0,"https://static.www.nfl.com/image/upload/f_auto,q_auto/league/un9cfqnwdzugrcy8caoh",1.0,6.0,0.0,0.0,28.0,6.999999999999999,0.037037037037037,0.0,0.0,0.0,0.0,0.0,0.0,16.0,"[0.15, 0.82, 1.29, 1.68, 2.05, 2.36, 2.63, 2.9, 3.14, 3.39, 3.65, 3.96, 4.3, 4.8, 5.44, 6.31, 7.77, 9.54, 12.98]",Active,True,Active,4685397.0,0,0.0,,2026-09-15 17:18:27,,
341,26,DST_MIN,Minnesota Vikings D/ST,DST,MIN,CHI,0.0,2026_02_MIN_CHI,2026-09-20 13:00:00,4.502604506596497,-0.4015349043088401,9.330787472295755,6.383028795368736,-1.8804242887722389,F,30,-3.3997443837414827,21.5,1,,False,1.0,https://a.espncdn.com/i/teamlogos/nfl/500/min.png,25.489440210772308,27.808577262537824,26.417492506916783,171.03044543168522,110.86179994105991,171.03044543168522,0.0,1.7794480889201467,2.4584276173831547,0.0,3.359016163730208,1.5516335204611174,18.923994956589382,27.0,"[-2.56, -1.24, -0.4, 0.24, 0.86, 1.54, 2.04, 2.63, 3.09, 3.74, 4.27, 4.81, 5.53, 6.37, 7.26, 8.18, 9.33, 11.29, 14.0]",Active,True,Active,,1,8.0,8.0,2026-09-15 17:18:27,,
342,109,00-0041443,Skyler Bell,WR,BUF,DET,1.0,2026_02_DET_BUF,2026-09-17 20:15:00,4.496008937539751,1.0990496927005329,8.193826850356885,2.7540648308768167,1.7419441066629338,A,1,10.404026716232757,29.0,2,,True,5.0,"https://static.www.nfl.com/image/upload/f_auto,q_auto/league/oac3geuuhazbznztufzk",0.0,0.0,0.0,0.0,0.0,0.0,0.0,0.0,0.0,0.0,0.0,0.0,0.0,24.5,"[0.0, 0.56, 1.1, 1.59, 1.99, 2.34, 2.65, 2.94, 3.23, 3.5, 3.76, 4.01, 4.33, 4.91, 5.64, 6.72, 8.19, 10.15, 13.37]",Active,True,Active,4683153.0,0,0.0,,2026-09-15 17:18:27,,
343,110,00-0035208,Olamide Zaccheaus,WR,ATL,CAR,1.0,2026_02_CAR_ATL,2026-09-20 13:00:00,4.46164951598386,1.064690271144642,8.159467428800994,4.514720566495971,-0.053071050512111,C,7,2.917006468558417,20.5,2,,False,3.0,"https://static.www.nfl.com/image/upload/f_auto,q_auto/league/zsnzd30ysrewgufbv06y",2.986871843575766,0.1101270746022756,0.0,0.0,0.6255352099304864,14.020608425545957,0.0993421036733931,0.0,0.0,0.0,0.0,0.0,0.0,23.0,"[0.0, 0.52, 1.06, 1.56, 1.96, 2.31, 2.62, 2.91, 3.19, 3.47, 3.73, 3.98, 4.3, 4.87, 5.6, 6.69, 8.16, 10.11, 13.33]",Active,True,Active,3917914.0,1,1.5,1.5,2026-09-15 17:18:27,,
344,48,00-0039912,Ben Sinnott,TE,WAS,DAL,0.0,2026_02_WAS_DAL,2026-09-20 16:25:00,4.439870177210971,1.3110782966132506,7.831981128802847,3.82449874932885,0.6153714278821214,B,1,7.413806721963579,23.0,2,,False,3.0,"https://static.www.nfl.com/image/upload/f_auto,q_auto/league/ilkrv6dqajndnlsbmv8f",1.6202349598037995,0.0,0.0,0.0,0.0,13.240963178176228,0.0780706579215017,0.0,0.0,0.0,0.0,0.0,0.0,27.5,"[0.14, 0.81, 1.31, 1.7, 2.05, 2.34, 2.63, 2.9, 3.18, 3.47, 3.76, 4.11, 4.47, 4.96, 5.67, 6.51, 7.83, 9.55, 12.09]",Active,True,Active,4690923.0,0,0.0,,2026-09-15 17:18:27,,
345,64,00-0040906,Garrett Nussmeier,QB,KC,IND,1.0,2026_02_IND_KC,2026-09-20 20:20:00,4.39756578572313,0.0,11.420263133641464,3.2823376417233563,1.115228143999774,B,6,4.026471143335463,27.0,3,,True,3.0,"https://static.www.nfl.com/image/upload/f_auto,q_auto/league/uyidfkzfhuqaks3pmdeo",0.0,0.0,0.0,0.0,0.0,0.0,0.0,0.0,0.0,0.0,0.0,0.0,0.0,20.5,"[0.0, 0.0, 0.0, 0.11, 0.45, 0.73, 1.1, 1.49, 1.79, 2.14, 2.49, 3.13, 3.93, 5.32, 7.61, 9.16, 11.42, 13.95, 18.69]",Active,True,Active,4567747.0,0,0.0,,2026-09-15 17:18:27,,
346,111,00-0040237,Tez Johnson,WR,TB,CLE,1.0,2026_02_CLE_TB,2026-09-20 13:00:00,4.388695043736488,0.9917357988972708,8.086512956553623,4.080143170129726,0.3085518736067625,C,8,2.65197766108747,24.5,2,,False,5.0,"https://static.www.nfl.com/image/upload/f_auto,q_auto/league/ajbnpagviw0glrhf5a2e",2.190340311424802,0.6588000509282615,0.0,0.0,-0.0909792409575573,13.380220988828388,0.0708065351233977,0.0,0.0,0.0,0.0,0.0,0.0,16.0,"[0.0, 0.45, 0.99, 1.48, 1.88, 2.24, 2.55, 2.83, 3.12, 3.4, 3.66, 3.91, 4.22, 4.8, 5.53, 6.61, 8.09, 10.04, 13.26]",Active,True,Active,4608810.0,1,-0.4,-0.4,2026-09-15 17:18:27,,
347,112,00-0031235,Odell Beckham Jr.,WR,NYG,LA,0.0,2026_02_NYG_LA,2026-09-21 20:15:00,4.385510206199676,0.9885509613604584,8.083328119016809,4.216144554508144,0.1693656516915318,C,2,10.344414980932957,20.75,2,,True,4.0,"https://static.www.nfl.com/image/upload/f_auto,q_auto/league/ffmalg3wr7lwnsz59i7v",0.0,0.0,0.0,0.0,0.0,0.0,0.0,0.0,0.0,0.0,0.0,0.0,0.0,27.75,"[0.0, 0.45, 0.99, 1.48, 1.88, 2.23, 2.54, 2.83, 3.12, 3.39, 3.65, 3.9, 4.22, 4.8, 5.53, 6.61, 8.08, 10.03, 13.26]",Active,True,Active,16733.0,0,0.0,,2026-09-15 17:18:27,,
348,67,00-0038951,Sean Tucker,RB,TB,CLE,1.0,2026_02_CLE_TB,2026-09-20 13:00:00,4.383407748394003,1.1521350714046568,7.632853042969792,4.084897321982675,0.2985104264113278,C,19,0.1355825074321297,24.5,4,,False,3.0,"https://static.www.nfl.com/image/upload/f_auto,q_auto/league/wiarwjvy8p6bojlratp4",0.6114010052809506,5.391661050109314,0.0,0.0,18.64745490909524,2.0829754959334426,0.0177031824366886,0.0,0.0,0.0,0.0,0.0,0.0,16.0,"[0.01, 0.68, 1.15, 1.54, 1.91, 2.22, 2.49, 2.76, 3.0, 3.26, 3.51, 3.82, 4.17, 4.67, 5.3, 6.17, 7.63, 9.41, 12.84]",Active,True,Active,4430871.0,0,0.0,,2026-09-15 17:18:27,,
349,113,00-0037741,Jahan Dotson,WR,ATL,CAR,1.0,2026_02_CAR_ATL,2026-09-20 13:00:00,4.345149240700296,0.9481899958610788,8.04296715351743,4.398220291212407,-0.053071050512111,C,7,2.917006468558417,20.5,2,,False,2.0,"https://static.www.nfl.com/image/upload/f_auto,q_auto/league/gwuibfw7ljxudxtldcvh",2.663222605002113,0.0,0.0,0.0,0.0,16.117999930216342,0.1059378277630369,0.0,0.0,0.0,0.0,0.0,0.0,23.0,"[0.0, 0.41, 0.95, 1.44, 1.84, 2.19, 2.5, 2.79, 3.07, 3.35, 3.61, 3.86, 4.18, 4.76, 5.49, 6.57, 8.04, 9.99, 13.22]",Active,True,Active,4361409.0,1,2.9,2.9,2026-09-15 17:18:27,,
350,65,00-0041562,Fernando Mendoza,QB,LV,LAC,0.0,2026_02_LV_LAC,2026-09-20 16:05:00,4.343535758000328,0.0,11.366233105918662,6.067120144149832,-1.7235843861495042,F,27,-2.1860576611785585,18.25,3,,True,2.0,"https://static.www.nfl.com/image/upload/f_auto,q_auto/league/umygvel2pumkyvxt3jm9",0.0,0.0,0.0,0.0,0.0,0.0,0.0,0.0,0.0,0.0,0.0,0.0,0.0,25.25,"[0.0, 0.0, 0.0, 0.05, 0.4, 0.67, 1.04, 1.43, 1.74, 2.09, 2.44, 3.08, 3.88, 5.27, 7.55, 9.1, 11.37, 13.89, 18.64]",Active,True,Active,4837248.0,0,0.0,,2026-09-15 17:18:27,,
351,114,00-0039355,Luke McCaffrey,WR,WAS,DAL,0.0,2026_02_WAS_DAL,2026-09-20 16:25:00,4.341814706200064,0.9448554613608464,8.039632619017198,4.2665054179687445,0.0753092882313195,C,6,3.337332649879808,23.0,2,,False,7.0,"https://static.www.nfl.com/image/upload/f_auto,q_auto/league/xtxiwlkniuldrqg65n3q",1.6694967729671264,0.0,0.0,0.0,0.0,21.47087403803344,0.0664204846440529,0.0,0.0,0.0,0.0,0.0,0.0,27.5,"[0.0, 0.4, 0.94, 1.44, 1.84, 2.19, 2.5, 2.79, 3.07, 3.35, 3.61, 3.86, 4.18, 4.76, 5.48, 6.57, 8.04, 9.99, 13.21]",Active,True,Active,4426948.0,0,0.0,,2026-09-15 17:18:27,,
352,27,DST_IND,Indianapolis Colts D/ST,DST,IND,KC,0.0,2026_02_IND_KC,2026-09-20 20:20:00,4.33933467881435,-0.5648047320909875,9.167517644513609,6.154613699999633,-1.8152790211852832,F,23,-1.6740321546159054,20.5,1,,False,1.0,https://a.espncdn.com/i/teamlogos/nfl/500/ind.png,30.6463234645534,23.77476961281021,32.00265420745016,212.18321832957477,106.23992753049424,212.18321832957477,0.0,1.7327271241261588,2.637122494690896,0.0,1.990642451100962,1.0767841434842125,30.796700422008808,27.0,"[-2.72, -1.4, -0.56, 0.08, 0.7, 1.38, 1.88, 2.47, 2.93, 3.58, 4.11, 4.65, 5.37, 6.2, 7.09, 8.02, 9.17, 11.13, 13.83]",Active,True,Active,,1,0.0,0.0,2026-09-15 17:18:27,,
353,115,00-0040277,Jahdae Walker,WR,CHI,MIN,1.0,2026_02_MIN_CHI,2026-09-20 13:00:00,4.319784558960333,0.9228253141211158,8.017602471777467,3.662307301051573,0.6574772579087602,B,5,6.449201294093939,27.0,2,,False,5.0,"https://static.www.nfl.com/image/upload/f_auto,q_auto/league/cr13mo2xrpdkksy8fveq",1.488762418138897,0.0,0.0,0.0,0.0,9.658489695386448,0.0494284708111725,0.0,0.0,0.0,0.0,0.0,0.0,21.5,"[0.0, 0.38, 0.92, 1.41, 1.81, 2.17, 2.48, 2.76, 3.05, 3.33, 3.59, 3.84, 4.15, 4.73, 5.46, 6.54, 8.02, 9.97, 13.19]",Active,True,Active,5160110.0,1,7.1,7.1,2026-09-15 17:18:27,,
354,116,00-0037801,KaVontae Turpin,WR,DAL,WAS,1.0,2026_02_WAS_DAL,2026-09-20 16:25:00,4.302792980938548,0.9058337360993308,8.000610893755681,3.7471775555230233,0.555615425415525,B,12,1.6744505736197255,27.5,2,,False,4.0,"https://static.www.nfl.com/image/upload/f_auto,q_auto/league/tayjlp1hgmm6rewgl1k4",1.9264839741450708,0.7704307342986626,0.0,0.0,4.346484592348365,20.555743976614885,0.0560302321906496,0.0,0.0,0.0,0.0,0.0,0.0,23.0,"[0.0, 0.36, 0.91, 1.4, 1.8, 2.15, 2.46, 2.75, 3.03, 3.31, 3.57, 3.82, 4.14, 4.72, 5.45, 6.53, 8.0, 9.95, 13.18]",Active,True,Active,3676833.0,1,1.8,1.8,2026-09-15 17:18:27,,
355,66,00-0040589,Kurtis Rourke,QB,SF,MIA,1.0,2026_02_MIA_SF,2026-09-20 16:25:00,4.279939428228874,0.0,11.302636776147208,3.2823376417233563,0.997601786505518,B,12,1.1694308498270898,29.5,3,,True,3.0,"https://static.www.nfl.com/image/upload/f_auto,q_auto/league/rq4swf5c2ar45ljuc0w2",0.0,0.0,0.0,0.0,0.0,0.0,0.0,0.0,0.0,0.0,0.0,0.0,0.0,16.0,"[0.0, 0.0, 0.0, 0.0, 0.33, 0.61, 0.98, 1.37, 1.68, 2.03, 2.38, 3.02, 3.81, 5.2, 7.49, 9.04, 11.3, 13.83, 18.57]",Active,True,Active,4430431.0,0,0.0,,2026-09-15 17:18:27,,
356,49,00-0040194,Jackson Hawes,TE,BUF,DET,1.0,2026_02_DET_BUF,2026-09-17 20:15:00,4.190157619195107,1.0613657385973865,7.582268570786983,3.113142742116203,1.077014877078904,A,4,6.343842692568662,29.0,2,,False,3.0,"https://static.www.nfl.com/image/upload/f_auto,q_auto/league/gl3easmpg7rn6e5siya2",1.2832001043785044,0.0,0.0,0.0,0.0,12.085873869896025,0.0507743745772153,0.0,0.0,0.0,0.0,0.0,0.0,24.5,"[0.0, 0.56, 1.06, 1.45, 1.8, 2.09, 2.38, 2.65, 2.93, 3.22, 3.51, 3.86, 4.22, 4.72, 5.42, 6.26, 7.58, 9.3, 11.84]",Active,True,Active,4573699.0,0,0.0,,2026-09-15 17:18:27,,
357,50,00-0036637,Noah Gray,TE,KC,IND,1.0,2026_02_IND_KC,2026-09-20 20:20:00,4.10956996316278,0.9807780825650596,7.501680914754656,3.569235048728291,0.5403349144344891,B,9,1.796237783937545,27.0,2,,False,2.0,"https://static.www.nfl.com/image/upload/f_auto,q_auto/league/bpmlguml8jth2rbdfyp5",2.093865856593929,0.0,0.0,0.0,0.0,10.657789698836796,0.0681097256366584,0.0,0.0,0.0,0.0,0.0,0.0,20.5,"[0.0, 0.48, 0.98, 1.37, 1.72, 2.01, 2.3, 2.57, 2.85, 3.14, 3.43, 3.78, 4.14, 4.63, 5.34, 6.18, 7.5, 9.22, 11.76]",Active,True,Active,4240472.0,1,1.5,1.5,2026-09-15 17:18:27,,
358,117,00-0040669,Isaac TeSlaa,WR,DET,BUF,0.0,2026_02_DET_BUF,2026-09-17 20:15:00,4.090029691080057,0.693070446240839,7.78784760389719,3.9252466827622463,0.1647830083178103,C,11,1.7504780414516543,24.5,2,,False,3.0,"https://static.www.nfl.com/image/upload/f_auto,q_auto/league/ducfhbiy2a8loytcjymn",1.8266766166447057,0.0,0.0,0.0,0.0,13.597741678801848,0.051383116947228,0.0,0.0,0.0,0.0,0.0,0.0,29.0,"[0.0, 0.15, 0.69, 1.18, 1.58, 1.94, 2.25, 2.53, 2.82, 3.1, 3.36, 3.61, 3.92, 4.5, 5.23, 6.31, 7.79, 9.74, 12.96]",Active,True,Active,5123663.0,1,0.0,0.0,2026-09-15 17:18:27,,
359,28,DST_NO,New Orleans Saints D/ST,DST,NO,BAL,0.0,2026_02_NO_BAL,2026-09-20 13:00:00,4.088233895564535,-0.8159055153408019,8.916416861263794,6.186130720845197,-2.097896825280662,F,25,-1.856049276947652,19.0,1,,False,1.0,https://a.espncdn.com/i/teamlogos/nfl/500/no.png,38.67718858209364,25.40969950349937,40.91725930349446,297.1509541799782,93.08423467663036,297.1509541799782,0.0,2.360461283434189,2.164546640505026,0.0,2.3297891607084265,1.1260035684442176,23.979647869770684,27.5,"[-2.97, -1.65, -0.82, -0.18, 0.45, 1.13, 1.63, 2.21, 2.68, 3.33, 3.86, 4.4, 5.12, 5.95, 6.84, 7.77, 8.92, 10.88, 13.58]",Active,True,Active,,1,2.0,2.0,2026-09-15 17:18:27,,
360,29,DST_WAS,Washington Commanders D/ST,DST,WAS,DAL,0.0,2026_02_WAS_DAL,2026-09-20 16:25:00,4.077573381862017,-0.8265660290433203,8.905756347561276,5.943435167585439,-1.865861785723422,F,22,-1.5074360738108925,23.0,1,,False,1.0,https://a.espncdn.com/i/teamlogos/nfl/500/wsh.png,25.716977319460163,29.84453026508185,28.84859954354153,181.5790424260981,131.81248730690203,181.5790424260981,0.0,1.8514579207425472,1.9395879146317208,0.0,2.692121159986356,0.4320741777789611,25.94326378308273,27.5,"[-2.98, -1.66, -0.83, -0.19, 0.43, 1.12, 1.62, 2.2, 2.67, 3.32, 3.85, 4.39, 5.11, 5.94, 6.83, 7.76, 8.91, 10.86, 13.57]",Active,True,Active,,1,3.0,3.0,2026-09-15 17:18:27,,
361,30,DST_NYG,New York Giants D/ST,DST,NYG,LA,0.0,2026_02_NYG_LA,2026-09-21 20:15:00,4.06352456169852,-0.8406148492068173,8.891707527397779,6.0111118728432364,-1.9475873111447168,F,13,0.4287716616629596,20.75,1,,False,1.0,https://a.espncdn.com/i/teamlogos/nfl/500/nyg.png,28.982227722487384,32.438899741831,29.816774930878463,217.49411112167627,143.17207361199974,217.49411112167627,0.0,1.1826731332399627,2.913768468720164,0.0,1.6026417762230107,1.0463199931976277,23.281162724550395,27.75,"[-3.0, -1.68, -0.84, -0.2, 0.42, 1.1, 1.6, 2.19, 2.65, 3.3, 3.83, 4.37, 5.09, 5.93, 6.82, 7.74, 8.89, 10.85, 13.56]",Active,True,Active,,1,3.0,3.0,2026-09-15 17:18:27,,
362,118,00-0041099,Barion Brown,WR,NO,BAL,0.0,2026_02_NO_BAL,2026-09-20 13:00:00,4.059500137632172,0.6625408927929546,7.757318050449306,4.805244986059719,-0.7457448484275471,D,15,-0.5013475420510421,19.0,2,,True,3.0,"https://static.www.nfl.com/image/upload/f_auto,q_auto/league/zakfmezzed4qotdrmbpc",0.0,1.0,0.0,0.0,3.0,0.0,0.0,0.0,0.0,0.0,0.0,0.0,0.0,27.5,"[0.0, 0.12, 0.66, 1.15, 1.55, 1.91, 2.22, 2.5, 2.79, 3.07, 3.33, 3.58, 3.89, 4.47, 5.2, 6.28, 7.76, 9.71, 12.93]",Active,True,Active,4698597.0,1,0.3,0.3,2026-09-15 17:18:27,,
363,68,00-0039875,Ray Davis,RB,BUF,DET,1.0,2026_02_DET_BUF,2026-09-17 20:15:00,4.048529420768276,0.8172567437789295,7.297974715344065,3.2266344969977627,0.8218949237705129,B,14,1.80419798440645,29.0,4,,False,2.0,"https://static.www.nfl.com/image/upload/f_auto,q_auto/league/xibwzhrl6q5xkgh3utug",0.6459637994912679,2.677135532438692,0.0,0.0,14.459253933503035,6.600936132713578,0.0230021680099788,0.0,0.0,0.0,0.0,0.0,0.0,24.5,"[0.0, 0.35, 0.82, 1.21, 1.58, 1.89, 2.16, 2.43, 2.66, 2.92, 3.18, 3.49, 3.83, 4.33, 4.97, 5.84, 7.3, 9.07, 12.51]",Active,True,Active,4429501.0,1,0.3,0.3,2026-09-15 17:18:27,,
364,119,00-0041100,Josh Cameron,WR,JAX,DEN,0.0,2026_02_JAX_DEN,2026-09-20 16:05:00,4.040270593393897,0.6433113485546795,7.738088506211031,4.486166679490426,-0.4458960860965284,D,30,-9.235683288448875,21.0,2,,True,4.0,"https://static.www.nfl.com/image/upload/f_auto,q_auto/league/jwb3wyhoqqq52mfiyxxc",2.0,0.0,0.0,0.0,0.0,20.0,0.0952380952380952,0.0,0.0,0.0,0.0,0.0,0.0,23.5,"[0.0, 0.1, 0.64, 1.13, 1.53, 1.89, 2.2, 2.48, 2.77, 3.05, 3.31, 3.56, 3.87, 4.45, 5.18, 6.27, 7.74, 9.69, 12.91]",Active,True,Active,4879194.0,1,10.0,10.0,2026-09-15 17:18:27,,
365,51,00-0034981,Foster Moreau,TE,HOU,CIN,1.0,2026_02_CIN_HOU,2026-09-20 13:00:00,4.014104802502105,0.8853129219043847,7.406215754093981,3.7171709832703472,0.2969338192317581,B,10,1.7632031912476902,24.5,2,,False,2.0,"https://static.www.nfl.com/image/upload/f_auto,q_auto/league/daymhftrwf00siu0iviy",1.6571995310542762,0.0,0.0,0.0,0.0,11.287260445425703,0.0493524380157382,0.0,0.0,0.0,0.0,0.0,0.0,22.0,"[0.0, 0.38, 0.89, 1.28, 1.63, 1.91, 2.2, 2.48, 2.75, 3.04, 3.33, 3.69, 4.05, 4.54, 5.24, 6.09, 7.41, 9.13, 11.67]",Active,True,Active,3843945.0,1,3.5,3.5,2026-09-15 17:18:27,,
366,69,00-0038454,Keaton Mitchell,RB,LAC,LV,1.0,2026_02_LV_LAC,2026-09-20 16:05:00,3.999444811597871,0.7681721346085246,7.2488901061736595,3.855897876161525,0.1435469354363463,C,28,-3.108890259660829,25.25,4,,False,2.0,"https://static.www.nfl.com/image/upload/f_auto,q_auto/league/ztciwwpbyaffmckwrzdk",0.6291532151916931,4.662632812367568,0.0,0.0,21.37376107023941,3.071658600443837,0.0292978389294036,0.0,0.0,0.0,0.0,0.0,0.0,18.25,"[0.0, 0.3, 0.77, 1.16, 1.53, 1.84, 2.11, 2.38, 2.62, 2.87, 3.13, 3.44, 3.78, 4.28, 4.92, 5.79, 7.25, 9.02, 12.46]",Active,True,Active,4596334.0,1,0.9,0.9,2026-09-15 17:18:27,,
367,52,00-0035631,Drew Sample,TE,CIN,HOU,0.0,2026_02_CIN_HOU,2026-09-20 13:00:00,3.993827932508826,0.8650360519111056,7.385938884100702,4.085605562582369,-0.0917776300735431,C,15,-0.6616652477521382,22.0,2,,False,2.0,"https://static.www.nfl.com/image/upload/f_auto,q_auto/league/mmxrr2k7gdfowqpyxtr7",2.1488850031420688,0.0603605330182485,0.0,0.0,0.1810815990547457,13.20304470789668,0.0623506603229768,0.0,0.0,0.0,0.0,0.0,0.0,24.5,"[0.0, 0.36, 0.87, 1.26, 1.61, 1.89, 2.18, 2.46, 2.73, 3.02, 3.31, 3.67, 4.03, 4.52, 5.22, 6.07, 7.39, 9.11, 11.65]",Active,True,Active,3127310.0,1,4.9,4.9,2026-09-15 17:18:27,,
368,53,00-0040737,Terrance Ferguson,TE,LA,NYG,1.0,2026_02_NYG_LA,2026-09-21 20:15:00,3.985996306165476,0.8572044255677556,7.378107257757352,3.635623710812901,0.3503725953525749,B,25,-1.6708501301174985,27.75,2,,False,3.0,"https://static.www.nfl.com/image/upload/f_auto,q_auto/league/w5o0s5yf6j5dsmiwdtfg",2.050529655635531,0.031947626131127,0.0,0.0,0.0,12.739040159036396,0.0592004887936173,0.0,0.0,0.0,0.0,0.0,0.0,20.75,"[0.0, 0.36, 0.86, 1.25, 1.6, 1.89, 2.17, 2.45, 2.73, 3.01, 3.3, 3.66, 4.02, 4.51, 5.21, 6.06, 7.38, 9.1, 11.64]",Active,True,Active,4570037.0,1,0.0,0.0,2026-09-15 17:18:27,,
369,120,00-0036980,Elijah Moore,WR,PHI,TEN,0.0,2026_02_PHI_TEN,2026-09-20 13:00:00,3.9634892777002433,0.5665300328610257,7.661307190517377,3.913239887280314,0.0502493904199292,C,10,1.784084003456483,23.25,2,,False,5.0,"https://static.www.nfl.com/image/upload/f_auto,q_auto/league/wax90oyx9vs0x9j4nt5n",1.850729025160209,0.4925260081641318,0.0,0.0,1.6934119128167613,10.53154272900895,0.0659611400910342,0.0,0.0,0.0,0.0,0.0,0.0,16.25,"[0.0, 0.02, 0.57, 1.06, 1.46, 1.81, 2.12, 2.41, 2.69, 2.97, 3.23, 3.48, 3.8, 4.38, 5.11, 6.19, 7.66, 9.61, 12.84]",Active,True,Active,4372414.0,0,0.0,,2026-09-15 17:18:27,,
370,54,00-0036754,Brock Wright,TE,DET,BUF,0.0,2026_02_DET_BUF,2026-09-17 20:15:00,3.93170633086076,0.8029144502630396,7.323817282452636,3.910940109484349,0.020766221376411,C,28,-2.358746375945474,24.5,2,,False,2.0,"https://static.www.nfl.com/image/upload/f_auto,q_auto/league/ghmaeofuj87fm97yhvcp",2.1767563198024558,0.0,0.0,0.0,0.0,10.232306111746976,0.0653942828681948,0.0,0.0,0.0,0.0,0.0,0.0,29.0,"[0.0, 0.3, 0.8, 1.19, 1.54, 1.83, 2.12, 2.4, 2.67, 2.96, 3.25, 3.6, 3.97, 4.46, 5.16, 6.0, 7.32, 9.04, 11.58]",Active,True,Active,4242392.0,1,1.5,1.5,2026-09-15 17:18:27,,
371,67,00-0041117,Athan Kaliakmanis,QB,WAS,DAL,0.0,2026_02_WAS_DAL,2026-09-20 16:25:00,3.8989326339211297,0.0,10.921629981839464,3.2823376417233563,0.6165949921977734,B,2,6.541743028808408,23.0,3,,True,3.0,"https://static.www.nfl.com/image/upload/f_auto,q_auto/league/ahtbv63jyg8ampmyrxn9",0.0,0.0,0.0,0.0,0.0,0.0,0.0,0.0,0.0,0.0,0.0,0.0,0.0,27.5,"[0.0, 0.0, 0.0, 0.0, 0.0, 0.23, 0.6, 0.99, 1.3, 1.65, 2.0, 2.63, 3.43, 4.82, 7.11, 8.66, 10.92, 13.45, 18.19]",Active,True,Active,4432722.0,0,0.0,,2026-09-15 17:18:27,,
372,55,00-0039074,Davis Allen,TE,LA,NYG,1.0,2026_02_NYG_LA,2026-09-21 20:15:00,3.8931894989446527,0.7643976183469321,7.285300450536528,3.5428169035920782,0.3503725953525745,B,25,-1.6708501301174985,27.75,2,,False,4.0,"https://static.www.nfl.com/image/upload/f_auto,q_auto/league/iweydtcrfchsl3mt6jtd",1.970362119085628,0.0,0.0,0.0,0.0,14.28273226141184,0.0578765104326654,0.0,0.0,0.0,0.0,0.0,0.0,20.75,"[0.0, 0.26, 0.76, 1.15, 1.5, 1.79, 2.08, 2.36, 2.63, 2.92, 3.21, 3.56, 3.93, 4.42, 5.12, 5.96, 7.29, 9.0, 11.55]",Active,True,Active,4426553.0,1,2.3,2.3,2026-09-15 17:18:27,,
373,68,00-0040981,Joe Fagnano,QB,BAL,NO,1.0,2026_02_NO_BAL,2026-09-20 13:00:00,3.876026497982496,0.0,10.898723845900829,3.2823376417233563,0.5936888562591394,B,19,-0.5099946304405306,27.5,3,,True,3.0,"https://static.www.nfl.com/image/upload/f_auto,q_auto/league/p8uqfsnpx153mn3gjtd3",0.0,0.0,0.0,0.0,0.0,0.0,0.0,0.0,0.0,0.0,0.0,0.0,0.0,19.0,"[0.0, 0.0, 0.0, 0.0, 0.0, 0.21, 0.58, 0.96, 1.27, 1.62, 1.97, 2.61, 3.41, 4.8, 7.09, 8.63, 10.9, 13.43, 18.17]",Active,True,Active,4429582.0,0,0.0,,2026-09-15 17:18:27,,
374,56,00-0036422,Adam Trautman,TE,DEN,JAX,1.0,2026_02_JAX_DEN,2026-09-20 16:05:00,3.871505997056461,0.7427141164587407,7.2636169486483375,3.925136726241981,-0.05363072918552,C,24,-1.5977230026046545,23.5,2,,False,2.0,"https://static.www.nfl.com/image/upload/f_auto,q_auto/league/bqsgkwkfolczyrxmdp1j",2.254839851285347,0.0,0.0,0.0,0.0,13.156692186854082,0.0690613189683955,0.0,0.0,0.0,0.0,0.0,0.0,21.0,"[0.0, 0.24, 0.74, 1.13, 1.48, 1.77, 2.06, 2.34, 2.61, 2.9, 3.19, 3.54, 3.91, 4.4, 5.1, 5.94, 7.26, 8.98, 11.52]",Active,True,Active,3911853.0,1,3.0,3.0,2026-09-15 17:18:27,,
375,121,00-0041069,Colbie Young,WR,CIN,HOU,0.0,2026_02_CIN_HOU,2026-09-20 13:00:00,3.849201297313519,0.4522420524743009,7.547019210130652,4.216144554508144,-0.3669432571946256,D,17,-0.5838288884168957,22.0,2,,True,4.0,"https://static.www.nfl.com/image/upload/f_auto,q_auto/league/n4irmipxyl87b6jmudte",0.0,0.0,0.0,0.0,0.0,0.0,0.0,0.0,0.0,0.0,0.0,0.0,0.0,24.5,"[0.0, 0.0, 0.45, 0.94, 1.34, 1.7, 2.01, 2.29, 2.58, 2.86, 3.12, 3.37, 3.68, 4.26, 4.99, 6.07, 7.55, 9.5, 12.72]",Active,True,Active,5092508.0,0,0.0,,2026-09-15 17:18:27,,
376,31,DST_DET,Detroit Lions D/ST,DST,DET,BUF,0.0,2026_02_DET_BUF,2026-09-17 20:15:00,3.837237034646667,-1.0669023762586702,8.665420000345925,6.46249633245422,-2.625259297807553,F,32,-5.351911076243063,24.5,1,,False,1.0,https://a.espncdn.com/i/teamlogos/nfl/500/det.png,35.282705399447345,27.395781532289757,36.79921343286959,257.3665222000314,127.6953884341028,257.3665222000314,0.0,1.8270760595922564,3.311230804221545,0.0,3.4068627300298293,1.610656113838632,26.40029489559092,29.0,"[-3.22, -1.9, -1.07, -0.43, 0.19, 0.88, 1.38, 1.96, 2.43, 3.08, 3.61, 4.15, 4.87, 5.7, 6.59, 7.52, 8.67, 10.62, 13.33]",Active,True,Active,,1,10.0,10.0,2026-09-15 17:18:27,,
377,122,00-0037666,Jalen Tolbert,WR,MIA,SF,0.0,2026_02_MIA_SF,2026-09-20 16:25:00,3.8322215074500825,0.4352622626108648,7.530039420267216,4.783205187774179,-0.9509836803240964,D,29,-8.884472444101899,16.0,2,,False,5.0,"https://static.www.nfl.com/image/upload/f_auto,q_auto/league/dthrzudnyh1mcrh1det2",2.716940551764664,0.0,0.0,0.0,0.0,16.05156370465731,0.0756370832596941,0.0,0.0,0.0,0.0,0.0,0.0,29.5,"[0.0, 0.0, 0.44, 0.93, 1.33, 1.68, 1.99, 2.28, 2.56, 2.84, 3.1, 3.35, 3.67, 4.25, 4.97, 6.06, 7.53, 9.48, 12.71]",Active,True,Active,4249417.0,0,0.0,,2026-09-15 17:18:27,,
378,123,00-0036626,Dyami Brown,WR,WAS,DAL,0.0,2026_02_WAS_DAL,2026-09-20 16:25:00,3.830360207224822,0.4334009623856043,7.5281781200419555,3.7550509189935024,0.0753092882313195,C,6,3.337332649879808,23.0,2,,False,4.0,"https://static.www.nfl.com/image/upload/f_auto,q_auto/league/addv9eheok1jj7amfkpb",2.608525579559872,0.3105358525434735,0.0,0.0,1.5277269930119075,11.078062885900987,0.0806506571541507,0.0,0.0,0.0,0.0,0.0,0.0,27.5,"[0.0, 0.0, 0.43, 0.92, 1.32, 1.68, 1.99, 2.27, 2.56, 2.84, 3.1, 3.35, 3.67, 4.24, 4.97, 6.06, 7.53, 9.48, 12.7]",Active,True,Active,4361577.0,1,0.0,0.0,2026-09-15 17:18:27,,
379,124,00-0040930,Camden Brown,WR,DAL,WAS,1.0,2026_02_WAS_DAL,2026-09-20 16:25:00,3.829166598162456,0.4322073533232387,7.52698451097959,2.7540648308768167,1.0751017672856396,A,12,1.6744505736197255,27.5,2,,True,6.0,"https://static.www.nfl.com/image/upload/f_auto,q_auto/league/tvoztpalnmmattxhdaoa",0.0,0.0,0.0,0.0,0.0,0.0,0.0,0.0,0.0,0.0,0.0,0.0,0.0,23.0,"[0.0, 0.0, 0.43, 0.92, 1.32, 1.68, 1.99, 2.27, 2.56, 2.84, 3.1, 3.35, 3.66, 4.24, 4.97, 6.05, 7.53, 9.48, 12.7]",Active,True,Active,4808759.0,0,0.0,,2026-09-15 17:18:27,,
380,70,00-0040162,Dylan Sampson,RB,CLE,TB,0.0,2026_02_CLE_TB,2026-09-20 13:00:00,3.82562848866393,0.5943558116745837,7.075073783239719,4.501247154990589,-0.6756186663266588,D,16,0.8183587553488274,16.0,4,,False,2.0,"https://static.www.nfl.com/image/upload/f_auto,q_auto/league/den1hzzomdxfcsgk88o5",1.846111127517652,3.32361138581918,0.0,0.0,9.644479708337135,12.679457585650956,0.0646562113991759,0.0,0.0,0.0,0.0,0.0,0.0,24.5,"[0.0, 0.12, 0.59, 0.99, 1.35, 1.66, 1.94, 2.2, 2.44, 2.7, 2.96, 3.27, 3.61, 4.11, 4.75, 5.61, 7.08, 8.85, 12.28]",Active,True,Active,5081397.0,1,0.0,0.0,2026-09-15 17:18:27,,
381,125,00-0039792,Devontez Walker,WR,BAL,NO,1.0,2026_02_NO_BAL,2026-09-20 13:00:00,3.805464477420561,0.4085052325813434,7.503282390237695,3.374460113122949,0.4310043642976118,B,23,-2.343227167802405,27.5,2,,False,4.0,"https://static.www.nfl.com/image/upload/f_auto,q_auto/league/x3x3k5ispk44ms0f7vrv",1.018859948083116,0.0,0.0,0.0,0.0,17.184525964986072,0.0452236065689472,0.0,0.0,0.0,0.1522152559019133,0.0,0.0,19.0,"[0.0, 0.0, 0.41, 0.9, 1.3, 1.65, 1.96, 2.25, 2.54, 2.81, 3.07, 3.32, 3.64, 4.22, 4.95, 6.03, 7.5, 9.45, 12.68]",Active,True,Active,4696882.0,0,0.0,,2026-09-15 17:18:27,,
382,126,00-0040782,Isaiah Bond,WR,CLE,TB,0.0,2026_02_CLE_TB,2026-09-20 13:00:00,3.7981498598957977,0.40119061505658,7.495967772712931,4.745033909575351,-0.9468840496795536,D,28,-8.752293208640241,16.0,2,,False,4.0,"https://static.www.nfl.com/image/upload/f_auto,q_auto/league/piv889pkizjvgrtpfkxm",2.587877417338114,0.383249212989705,0.0,0.0,1.8570150374118783,23.7207929060624,0.0861834636776019,0.0,0.0,0.0,0.0,0.0,0.0,24.5,"[0.0, 0.0, 0.4, 0.89, 1.29, 1.65, 1.95, 2.24, 2.53, 2.8, 3.07, 3.32, 3.63, 4.21, 4.94, 6.02, 7.5, 9.45, 12.67]",Active,True,Active,4808839.0,0,0.0,,2026-09-15 17:18:27,,
383,69,00-0041123,Behren Morton,QB,NE,PIT,1.0,2026_02_PIT_NE,2026-09-20 13:00:00,3.781018588722391,0.0,10.803715936640724,3.2823376417233563,0.4986809469990345,B,10,1.6056011560215295,23.0,3,,True,3.0,"https://static.www.nfl.com/image/upload/f_auto,q_auto/league/st5s1urflg14hwvx8uzl",0.0,0.0,0.0,0.0,0.0,0.0,0.0,0.0,0.0,0.0,0.0,0.0,0.0,18.5,"[0.0, 0.0, 0.0, 0.0, 0.0, 0.11, 0.48, 0.87, 1.18, 1.53, 1.88, 2.52, 3.31, 4.7, 6.99, 8.54, 10.8, 13.33, 18.07]",Active,True,Active,4431465.0,0,0.0,,2026-09-15 17:18:27,,
384,71,00-0037746,Brian Robinson,RB,ATL,CAR,1.0,2026_02_CAR_ATL,2026-09-20 13:00:00,3.774015343790461,0.5427426668011144,7.02346063836625,2.978679651414632,0.7953356923758284,B,1,12.644916609943568,20.5,4,,False,2.0,"https://static.www.nfl.com/image/upload/f_auto,q_auto/league/n1xhex1ytisxcbcggqu7",0.4504542487517817,5.90489669345434,0.0,0.0,22.516103006151987,1.0875404803105362,0.0140898102746624,0.0,0.0,0.0,0.0,0.0,0.0,23.0,"[0.0, 0.07, 0.54, 0.93, 1.3, 1.61, 1.88, 2.15, 2.39, 2.65, 2.9, 3.22, 3.56, 4.06, 4.69, 5.56, 7.02, 8.8, 12.23]",Active,True,Active,4241474.0,1,3.1,3.1,2026-09-15 17:18:27,,
385,127,00-0036849,Tutu Atwell,WR,LA,NYG,1.0,2026_02_NYG_LA,2026-09-21 20:15:00,3.7138411246385066,0.3168818797992889,7.411659037455641,3.380120926569808,0.3337201980686992,C,27,-6.225112076595758,27.75,2,,False,6.0,"https://static.www.nfl.com/image/upload/f_auto,q_auto/league/tl2aa9ucbtcwhr1yk3tf",1.9729316291074257,0.0,0.0,0.0,0.0,24.31683095283132,0.0516106876523036,0.0,0.0,0.0,0.0,0.0,0.0,20.75,"[0.0, 0.0, 0.32, 0.81, 1.21, 1.56, 1.87, 2.16, 2.44, 2.72, 2.98, 3.23, 3.55, 4.13, 4.86, 5.94, 7.41, 9.36, 12.59]",Active,True,Active,4360797.0,0,0.0,,2026-09-15 17:18:27,,
386,70,00-0041568,Ty Simpson,QB,LA,NYG,1.0,2026_02_NYG_LA,2026-09-21 20:15:00,3.712740581591918,0.0,10.735437929510253,3.2823376417233563,0.4304029398685616,C,24,-1.847586799916532,27.75,3,,True,3.0,"https://static.www.nfl.com/image/upload/f_auto,q_auto/league/lbvqgmsidrpxh1jyyey6",0.0,0.0,0.0,0.0,0.0,0.0,0.0,0.0,0.0,0.0,0.0,0.0,0.0,20.75,"[0.0, 0.0, 0.0, 0.0, 0.0, 0.04, 0.41, 0.8, 1.11, 1.46, 1.81, 2.45, 3.25, 4.64, 6.92, 8.47, 10.74, 13.26, 18.0]",Active,True,Active,4685522.0,0,0.0,,2026-09-15 17:18:27,,
387,57,00-0039041,Elijah Higgins,TE,ARI,SEA,1.0,2026_02_SEA_ARI,2026-09-20 16:25:00,3.710021911778406,0.5812300311806853,7.102132863370282,4.207341755452436,-0.4973198436740302,D,18,-1.0937770456780598,18.5,2,,False,2.0,"https://static.www.nfl.com/image/upload/f_auto,q_auto/league/qgvtaa0gekopg4ad6vqe",2.392208082487736,0.0,0.0,0.0,0.0,19.395275945770138,0.0734565484974493,0.0,0.0,0.0,0.0,0.0,0.0,23.0,"[0.0, 0.08, 0.58, 0.97, 1.32, 1.61, 1.9, 2.17, 2.45, 2.74, 3.03, 3.38, 3.74, 4.24, 4.94, 5.78, 7.1, 8.82, 11.36]",Active,True,Active,4426844.0,0,0.0,,2026-09-15 17:18:27,,
388,71,00-0028986,Case Keenum,QB,CHI,MIN,1.0,2026_02_MIN_CHI,2026-09-20 13:00:00,3.626578202794777,0.0,10.64927555071311,3.2823376417233563,0.3442405610714205,C,25,-2.0044000613378,27.0,3,,True,3.0,"https://static.www.nfl.com/image/upload/f_auto,q_auto/league/weixhyzal4ntsyszyepu",0.0,0.0,0.0,0.0,0.0,0.0,0.0,0.0,0.0,0.0,0.0,0.0,0.0,21.5,"[0.0, 0.0, 0.0, 0.0, 0.0, 0.0, 0.33, 0.72, 1.02, 1.37, 1.72, 2.36, 3.16, 4.55, 6.84, 8.38, 10.65, 13.18, 17.92]",Active,True,Active,15168.0,0,0.0,,2026-09-15 17:18:27,,
389,128,00-0038728,Jared Wayne,WR,HOU,CIN,1.0,2026_02_CIN_HOU,2026-09-20 13:00:00,3.609745495415654,0.2127862505764364,7.307563408232788,3.5115895287734307,0.0981559666422233,C,25,-3.4488555694062257,24.5,2,,True,5.0,"https://static.www.nfl.com/image/upload/f_auto,q_auto/league/ykhrjnmqsqyprplhy6pl",1.2030115612989547,0.0,0.0,0.0,0.0,13.624092490391636,0.0322250470887356,0.0,0.0,0.0,0.0,0.0,0.0,22.0,"[0.0, 0.0, 0.21, 0.7, 1.1, 1.46, 1.77, 2.05, 2.34, 2.62, 2.88, 3.13, 3.44, 4.02, 4.75, 5.83, 7.31, 9.26, 12.48]",Active,True,Active,4430681.0,1,2.2,2.2,2026-09-15 17:18:27,,
390,58,00-0036887,Luke Farrell,TE,SF,MIA,1.0,2026_02_MIA_SF,2026-09-20 16:25:00,3.578176247090899,0.4493843664931782,6.970287198682775,2.7130849086590443,0.8650913384318546,A,6,2.904903570504116,29.5,2,,False,3.0,"https://static.www.nfl.com/image/upload/f_auto,q_auto/league/kdq2zratulrdsv4ykugy",1.3544735097132128,0.0,0.0,0.0,0.0,8.88823163488856,0.0420822034192909,0.0,0.0,0.0,0.0,0.0,0.0,16.0,"[0.0, 0.0, 0.45, 0.84, 1.19, 1.48, 1.77, 2.04, 2.32, 2.61, 2.89, 3.25, 3.61, 4.1, 4.8, 5.65, 6.97, 8.69, 11.23]",Active,True,Active,4040612.0,1,3.9,3.9,2026-09-15 17:18:27,,
391,59,00-0032392,Austin Hooper,TE,ATL,CAR,1.0,2026_02_CAR_ATL,2026-09-20 13:00:00,3.5496724660695347,0.420880585471814,6.94178341766141,3.925033778642961,-0.3753613125734265,D,27,-2.029369306144404,20.5,2,,False,3.0,"https://static.www.nfl.com/image/upload/f_auto,q_auto/league/dd0j9ccd8fxokl48alzg",2.1415873428990078,0.0,0.0,0.0,0.0,16.075789558006534,0.0725087835607614,0.0,0.0,0.0,0.0,0.0,0.0,23.0,"[0.0, 0.0, 0.42, 0.81, 1.16, 1.45, 1.74, 2.01, 2.29, 2.58, 2.87, 3.22, 3.58, 4.07, 4.78, 5.62, 6.94, 8.66, 11.2]",Active,True,Active,3043275.0,0,0.0,,2026-09-15 17:18:27,,
392,129,00-0039365,Jacob Cowing,WR,SF,MIA,1.0,2026_02_MIA_SF,2026-09-20 16:25:00,3.5425715476203727,0.1456123027811551,7.240389460437506,2.2583077414253445,1.2842638061950282,A,13,1.025375931952282,29.5,2,,True,5.0,"https://static.www.nfl.com/image/upload/f_auto,q_auto/league/uarciagmnzmyzs102dv6",0.0,0.0,0.0,0.0,0.0,0.0,0.0,0.0,0.0,0.0,0.0,0.0,0.0,16.0,"[0.0, 0.0, 0.15, 0.64, 1.04, 1.39, 1.7, 1.99, 2.27, 2.55, 2.81, 3.06, 3.38, 3.96, 4.69, 5.77, 7.24, 9.19, 12.42]",Active,True,Active,4575665.0,1,0.0,0.0,2026-09-15 17:18:27,,
393,130,00-0040172,Jordan Watkins,WR,SF,MIA,1.0,2026_02_MIA_SF,2026-09-20 16:25:00,3.514513040661158,0.1175537958219403,7.212330953478292,2.807583172434728,0.70692986822643,B,13,1.025375931952282,29.5,2,,True,6.0,"https://static.www.nfl.com/image/upload/f_auto,q_auto/league/agcwewjrj4dfssqkzksp",1.4783526912503056,0.0,0.0,0.0,0.0,13.259767704996335,0.0535417817233584,0.0,0.0,0.0,0.0,0.0,0.0,16.0,"[0.0, 0.0, 0.12, 0.61, 1.01, 1.36, 1.67, 1.96, 2.24, 2.52, 2.78, 3.03, 3.35, 3.93, 4.66, 5.74, 7.21, 9.16, 12.39]",Active,True,Active,4431466.0,0,0.0,,2026-09-15 17:18:27,,
394,131,00-0040876,Elijah Sarratt,WR,BAL,NO,1.0,2026_02_NO_BAL,2026-09-20 13:00:00,3.469825228382472,0.0728659835432545,7.167643141199606,2.7540648308768167,0.7157603975056555,B,23,-2.343227167802405,27.5,2,,True,5.0,"https://static.www.nfl.com/image/upload/f_auto,q_auto/league/rbtitvma6hjyotcajqtv",0.0,0.0,0.0,0.0,0.0,0.0,0.0,0.0,0.0,0.0,0.0,0.0,0.0,19.0,"[0.0, 0.0, 0.07, 0.56, 0.96, 1.32, 1.63, 1.91, 2.2, 2.48, 2.74, 2.99, 3.3, 3.88, 4.61, 5.69, 7.17, 9.12, 12.34]",Active,True,Active,5088338.0,0,0.0,,2026-09-15 17:18:27,,
395,60,00-0041503,Nate Boerkircher,TE,JAX,DEN,0.0,2026_02_JAX_DEN,2026-09-20 16:05:00,3.4672388622020995,0.3384469816043789,6.859349813793976,3.5826076906592466,-0.115368828457147,C,14,0.2151350830441153,21.0,2,,True,2.0,"https://static.www.nfl.com/image/upload/f_auto,q_auto/league/bxglkvzpx2y40u25xaso",1.0,0.0,0.0,0.0,0.0,9.0,0.0476190476190476,0.0,0.0,0.0,0.0,0.0,0.0,23.5,"[0.0, 0.0, 0.34, 0.73, 1.08, 1.37, 1.65, 1.93, 2.21, 2.5, 2.78, 3.14, 3.5, 3.99, 4.69, 5.54, 6.86, 8.58, 11.12]",Active,True,Active,4686248.0,1,1.9,1.9,2026-09-15 17:18:27,,
396,72,00-0032104,Ameer Abdullah,RB,JAX,DEN,0.0,2026_02_JAX_DEN,2026-09-20 16:05:00,3.464335059543603,0.233062382554257,6.713780354119392,3.3068799776580846,0.1574550818855185,C,4,6.330813326986267,21.0,4,,False,4.0,"https://static.www.nfl.com/image/upload/f_auto,q_auto/league/k8teyeiqchljlm0h5te4",1.3140097132910855,1.9758749009378085,0.0,0.0,13.060916103961953,6.03347304309623,0.0483115549547651,0.0,0.0,0.0,0.0,0.0,0.0,23.5,"[0.0, 0.0, 0.23, 0.62, 0.99, 1.3, 1.57, 1.84, 2.08, 2.34, 2.59, 2.91, 3.25, 3.75, 4.38, 5.25, 6.71, 8.49, 11.92]",Active,True,Active,2576336.0,1,4.2,4.2,2026-09-15 17:18:27,,
397,72,00-0036879,Sam Ehlinger,QB,DEN,JAX,1.0,2026_02_JAX_DEN,2026-09-20 16:05:00,3.45729912177116,0.0,10.479996469689494,3.2823376417233563,0.1749614800478034,C,21,-1.0024089234677362,23.5,3,,True,3.0,"https://static.www.nfl.com/image/upload/f_auto,q_auto/league/imtb2ia03w2ujrl9dprs",0.0,0.0,0.0,0.0,0.0,0.0,0.0,0.0,0.0,0.0,0.0,0.0,0.0,21.0,"[0.0, 0.0, 0.0, 0.0, 0.0, 0.0, 0.16, 0.55, 0.85, 1.2, 1.55, 2.19, 2.99, 4.38, 6.67, 8.22, 10.48, 13.01, 17.75]",Active,True,Active,4241820.0,0,0.0,,2026-09-15 17:18:27,,
398,132,00-0040894,Malik Benson,WR,LV,LAC,0.0,2026_02_LV_LAC,2026-09-20 16:05:00,3.45187632294705,0.0549170781078323,7.149694235764184,4.038418539076086,-0.5865422161290361,D,21,-2.1771954798177937,18.25,2,,True,4.0,"https://static.www.nfl.com/image/upload/f_auto,q_auto/league/tndlq4zmq6r9nsvmzih6",2.0,1.0,0.0,0.0,-8.0,6.0,0.0689655172413793,0.0,0.0,0.0,0.0,0.0,0.0,25.25,"[0.0, 0.0, 0.05, 0.55, 0.95, 1.3, 1.61, 1.9, 2.18, 2.46, 2.72, 2.97, 3.29, 3.87, 4.59, 5.68, 7.15, 9.1, 12.32]",Active,True,Active,5150247.0,1,0.8,0.8,2026-09-15 17:18:27,,
399,61,00-0040739,Elijah Arroyo,TE,SEA,ARI,0.0,2026_02_SEA_ARI,2026-09-20 16:25:00,3.4358611669888752,0.3070692863911546,6.827972118580751,3.261519277662599,0.1743418893262762,C,11,1.5827795954035444,23.0,2,,False,3.0,"https://static.www.nfl.com/image/upload/f_auto,q_auto/league/m5rdyemjoxl4cuz9yun8",1.9096540085907805,0.0,0.0,0.0,0.0,11.59235893444218,0.0750530446200396,0.0,0.0,0.0,0.0,0.0,0.0,18.5,"[0.0, 0.0, 0.31, 0.7, 1.05, 1.34, 1.62, 1.9, 2.18, 2.46, 2.75, 3.11, 3.47, 3.96, 4.66, 5.51, 6.83, 8.55, 11.09]",Active,True,Active,4678006.0,0,0.0,,2026-09-15 17:18:27,,
400,62,00-0040187,Mitchell Evans,TE,CAR,ATL,0.0,2026_02_CAR_ATL,2026-09-20 13:00:00,3.4358242583371874,0.3070323777394668,6.827935209929064,3.1424070395560597,0.2934172187811281,B,5,3.1571219363472025,23.0,2,,False,2.0,"https://static.www.nfl.com/image/upload/f_auto,q_auto/league/yruhsxdnyfaa7iswn1dp",1.814717461203082,0.0662656120558569,0.0,0.0,0.0662656120558569,9.865721055643023,0.0615923323510873,0.0,0.0,0.0,0.0,0.0,0.0,20.5,"[0.0, 0.0, 0.31, 0.7, 1.05, 1.34, 1.62, 1.9, 2.18, 2.46, 2.75, 3.11, 3.47, 3.96, 4.66, 5.51, 6.83, 8.55, 11.09]",Active,True,Active,4683243.0,1,1.9,1.9,2026-09-15 17:18:27,,
401,73,00-0041125,Seth McGowan,RB,IND,KC,0.0,2026_02_IND_KC,2026-09-20 20:20:00,3.434385196972388,0.2031125199830419,6.683830491548177,4.792475491459258,-1.3580902944868698,F,31,-4.661314209049643,20.5,4,,True,2.0,"https://static.www.nfl.com/image/upload/f_auto,q_auto/league/qkwvvygwu9pan88sivzb",1.0,0.0,0.0,0.0,0.0,0.0,0.0344827586206896,0.0,0.0,0.0,0.0,0.0,0.0,27.0,"[0.0, 0.0, 0.2, 0.59, 0.96, 1.27, 1.54, 1.81, 2.05, 2.31, 2.56, 2.88, 3.22, 3.72, 4.35, 5.22, 6.68, 8.46, 11.89]",Active,True,Active,4686468.0,1,1.0,1.0,2026-09-15 17:18:27,,
402,63,00-0041032,Kenyon Sadiq,TE,NYJ,GB,1.0,2026_02_GB_NYJ,2026-09-20 13:00:00,3.4135590758804075,0.2847671952826869,6.805670027472283,3.480986903802024,-0.0674278279216165,C,8,2.6796858763286537,20.0,2,,True,2.0,"https://static.www.nfl.com/image/upload/f_auto,q_auto/league/mnswulwto4yqkgmugoiq",3.0,1.0,0.0,0.0,3.0,21.0,0.1304347826086956,0.0,0.0,0.0,0.0,0.0,0.0,24.5,"[0.0, 0.0, 0.28, 0.67, 1.03, 1.31, 1.6, 1.88, 2.15, 2.44, 2.73, 3.08, 3.45, 3.94, 4.64, 5.48, 6.81, 8.53, 11.07]",Active,True,Active,5083315.0,1,11.4,11.4,2026-09-15 17:18:27,,
403,64,00-0033217,Mo Alie-Cox,TE,IND,KC,0.0,2026_02_IND_KC,2026-09-20 20:20:00,3.394757481572517,0.2659656009747966,6.786868433164393,3.365552128052948,0.0292053535195693,C,7,2.848939866835318,20.5,2,,False,2.0,"https://static.www.nfl.com/image/upload/f_auto,q_auto/league/ivdxijcqlhfwsydxh6ox",2.011876220324807,0.0,0.0,0.0,0.0,11.279623403617084,0.0623463014757058,0.0,0.0,0.0,0.0,0.0,0.0,27.0,"[0.0, 0.0, 0.27, 0.66, 1.01, 1.29, 1.58, 1.86, 2.13, 2.42, 2.71, 3.07, 3.43, 3.92, 4.62, 5.47, 6.79, 8.51, 11.05]",Active,True,Active,2998565.0,0,0.0,,2026-09-15 17:18:27,,
404,73,00-0033949,Joshua Dobbs,QB,DET,BUF,0.0,2026_02_DET_BUF,2026-09-17 20:15:00,3.3620627086598187,0.0,10.384760056578152,3.4547508083894787,-0.0926880997296599,C,18,0.2982201562836386,24.5,3,,False,2.0,"https://static.www.nfl.com/image/upload/f_auto,q_auto/league/twaqqjexyi0vgyfbvzis",0.0,2.5018709170128464,2.6296408505888347,17.172223705942567,-1.1734204618243125,0.0,0.0,0.0,0.0,0.0,0.0,0.0,0.0,29.0,"[0.0, 0.0, 0.0, 0.0, 0.0, 0.0, 0.06, 0.45, 0.76, 1.11, 1.46, 2.1, 2.89, 4.29, 6.57, 8.12, 10.38, 12.91, 17.65]",Active,True,Active,3044720.0,0,0.0,,2026-09-15 17:18:27,,
405,133,00-0041399,CJ Daniels,WR,LA,NYG,1.0,2026_02_NYG_LA,2026-09-21 20:15:00,3.354582766029796,0.0,7.052400678846929,2.7540648308768167,0.600517935152979,B,27,-6.225112076595758,27.75,2,,True,7.0,"https://static.www.nfl.com/image/upload/f_auto,q_auto/league/jqx2xj6xmri9hrjm8azc",0.0,0.0,0.0,0.0,0.0,0.0,0.0,0.0,0.0,0.0,0.0,0.0,0.0,20.75,"[0.0, 0.0, 0.0, 0.45, 0.85, 1.2, 1.51, 1.8, 2.08, 2.36, 2.62, 2.87, 3.19, 3.77, 4.5, 5.58, 7.05, 9.0, 12.23]",Active,True,Active,4605951.0,0,0.0,,2026-09-15 17:18:27,,
406,65,00-0037805,Jeremy Ruckert,TE,NYJ,GB,1.0,2026_02_GB_NYJ,2026-09-20 13:00:00,3.338304908783803,0.2095130281860822,6.730415860375679,3.4056774976447843,-0.0673725888609815,C,8,2.6796858763286537,20.0,2,,False,3.0,"https://static.www.nfl.com/image/upload/f_auto,q_auto/league/bcqcta7r1uee3rqhejdh",1.8589846707323727,0.0,0.0,0.0,0.0,9.699785884993023,0.0669024618912091,0.0,0.0,0.0,0.0,0.0,0.0,24.5,"[0.0, 0.0, 0.21, 0.6, 0.95, 1.24, 1.53, 1.8, 2.08, 2.37, 2.66, 3.01, 3.37, 3.86, 4.56, 5.41, 6.73, 8.45, 10.99]",Active,True,Active,4361372.0,1,1.4,1.4,2026-09-15 17:18:27,,
407,74,00-0038797,Emanuel Wilson,RB,SEA,ARI,0.0,2026_02_SEA_ARI,2026-09-20 16:25:00,3.291410650679921,0.0601379736905753,6.540855945255711,3.5451490767447806,-0.2537384260648592,C,27,-2.291407534767114,23.0,4,,False,3.0,"https://static.www.nfl.com/image/upload/f_auto,q_auto/league/uorruvczsxzvffpbxu8z",0.5772861368403414,5.932341334203149,0.0,0.0,21.47326030455625,3.352843846402193,0.0244850380705411,0.0,0.0,0.0,0.0,0.0,0.0,18.5,"[0.0, 0.0, 0.06, 0.45, 0.82, 1.13, 1.4, 1.67, 1.91, 2.16, 2.42, 2.73, 3.07, 3.58, 4.21, 5.08, 6.54, 8.31, 11.75]",Active,True,Active,4887558.0,1,0.3,0.3,2026-09-15 17:18:27,,
408,32,DST_MIA,Miami Dolphins D/ST,DST,MIA,SF,0.0,2026_02_MIA_SF,2026-09-20 16:25:00,3.2703136166939832,-1.633825794211354,8.098496582393242,6.30942861039015,-3.0391149936961663,F,27,-2.098515105904403,16.0,1,,False,1.0,https://a.espncdn.com/i/teamlogos/nfl/500/mia.png,26.28111100790284,24.10708077376847,26.9933110981831,200.14230599684117,109.80153489779434,200.14230599684117,0.0,2.095101071606132,1.6854403444497,0.0,1.655210311166759,1.4660144329707705,25.54774870957718,29.5,"[-3.79, -2.47, -1.63, -0.99, -0.37, 0.31, 0.81, 1.4, 1.86, 2.51, 3.04, 3.58, 4.3, 5.13, 6.03, 6.95, 8.1, 10.06, 12.76]",Active,True,Active,,1,4.0,4.0,2026-09-15 17:18:27,,
409,74,00-0038102,Kenny Pickett,QB,CAR,ATL,0.0,2026_02_CAR_ATL,2026-09-20 13:00:00,3.199858191097359,0.0,10.222555539015694,3.437186585005634,-0.2373283939082746,C,16,0.5603108006924045,23.0,3,,False,2.0,"https://static.www.nfl.com/image/upload/f_auto,q_auto/league/gw6lyiuevyuspfkglnmj",0.0,0.911103021286523,4.684070903915373,17.192715612451245,12.908981248791562,0.0,0.0,0.0,0.0,0.0,0.0,0.0,0.0,20.5,"[0.0, 0.0, 0.0, 0.0, 0.0, 0.0, 0.0, 0.29, 0.6, 0.95, 1.3, 1.94, 2.73, 4.12, 6.41, 7.96, 10.22, 12.75, 17.49]",Active,True,Active,4240703.0,1,2.4,2.4,2026-09-15 17:18:27,,
410,134,00-0041489,Germie Bernard,WR,PIT,NE,0.0,2026_02_PIT_NE,2026-09-20 13:00:00,3.1980536431040787,0.0,6.895871555921213,4.216144554508144,-1.0180909114040655,F,16,-0.5789951616366913,18.5,2,,True,4.0,"https://static.www.nfl.com/image/upload/f_auto,q_auto/league/rsbtypbsvxux94vokb5q",0.0,0.0,0.0,0.0,0.0,0.0,0.0,0.0,0.0,0.0,0.0,0.0,0.0,23.0,"[0.0, 0.0, 0.0, 0.29, 0.69, 1.05, 1.35, 1.64, 1.93, 2.2, 2.47, 2.72, 3.03, 3.61, 4.34, 5.42, 6.9, 8.85, 12.07]",Active,True,Active,4685261.0,0,0.0,,2026-09-15 17:18:27,,
411,75,00-0039874,Jaylen Wright,RB,MIA,SF,0.0,2026_02_MIA_SF,2026-09-20 16:25:00,3.197679596960165,0.0,6.447124891535954,3.798938053199431,-0.601258456239266,D,13,1.8998850634995037,16.0,4,,False,2.0,"https://static.www.nfl.com/image/upload/f_auto,q_auto/league/feeuommtlmpvuxvtb1zt",0.6769446145407668,5.414883961833475,0.0,0.0,20.39027915221222,3.739260304803945,0.0278001733176726,0.0,0.0,0.0,0.0,0.0,0.0,29.5,"[0.0, 0.0, 0.0, 0.36, 0.72, 1.04, 1.31, 1.58, 1.81, 2.07, 2.33, 2.64, 2.98, 3.48, 4.12, 4.99, 6.45, 8.22, 11.66]",Active,True,Active,4682745.0,1,-0.1,-0.1,2026-09-15 17:18:27,,
412,135,00-0041044,Zachariah Branch,WR,ATL,CAR,1.0,2026_02_CAR_ATL,2026-09-20 13:00:00,3.1886916050310927,0.0,6.886509517848227,3.306652962423652,-0.1179613573925588,C,7,2.917006468558417,20.5,2,,True,4.0,"https://static.www.nfl.com/image/upload/f_auto,q_auto/league/qwbo8lgyd85dlwnbznsc",0.0,0.0,0.0,0.0,0.0,0.0,0.0,0.0,0.0,0.0,0.0,0.0,0.0,23.0,"[0.0, 0.0, 0.0, 0.28, 0.68, 1.04, 1.35, 1.63, 1.92, 2.2, 2.46, 2.71, 3.02, 3.6, 4.33, 5.41, 6.89, 8.84, 12.06]",Active,True,Active,4870612.0,1,0.0,0.0,2026-09-15 17:18:27,,
413,76,00-0038389,Israel Abanikanda,RB,DAL,WAS,1.0,2026_02_WAS_DAL,2026-09-20 16:25:00,3.173885337981336,0.0,6.423330632557125,2.806094921997471,0.3677904159838649,B,18,0.1518324106292128,27.5,4,,True,3.0,"https://static.www.nfl.com/image/upload/f_auto,q_auto/league/mt7lgg9gbjcmb2wttxeg",0.0,0.0,0.0,0.0,0.0,0.0,0.0,0.0,0.0,0.0,0.0,0.0,0.0,23.0,"[0.0, 0.0, 0.0, 0.33, 0.7, 1.01, 1.28, 1.55, 1.79, 2.05, 2.3, 2.62, 2.96, 3.46, 4.09, 4.96, 6.42, 8.2, 11.63]",Active,True,Active,4429202.0,0,0.0,,2026-09-15 17:18:27,,
414,66,00-0038547,Luke Schoonmaker,TE,DAL,WAS,1.0,2026_02_WAS_DAL,2026-09-20 16:25:00,3.162005647764389,0.0332137671666683,6.554116599356265,2.1808312791550986,0.9811743686092904,A,2,6.987738089631992,27.5,2,,False,3.0,"https://static.www.nfl.com/image/upload/f_auto,q_auto/league/g1slhy5joxxfeudlzrh9",1.4120016943052245,0.0,0.0,0.0,0.0,11.283776138622706,0.0416385765014475,0.0,0.0,0.0,0.0,0.0,0.0,23.0,"[0.0, 0.0, 0.03, 0.42, 0.77, 1.06, 1.35, 1.63, 1.9, 2.19, 2.48, 2.83, 3.2, 3.69, 4.39, 5.23, 6.55, 8.27, 10.81]",Active,True,Active,4372096.0,1,2.2,2.2,2026-09-15 17:18:27,,
415,136,00-0040646,Jalen Royals,WR,KC,IND,1.0,2026_02_IND_KC,2026-09-20 20:20:00,3.159573149404106,0.0,6.85739106222124,2.4135655619049787,0.7460075874991272,B,3,7.041391218578065,27.0,2,,True,5.0,"https://static.www.nfl.com/image/upload/f_auto,q_auto/league/sqrid1hnmwqymcp2vxfx",0.5134496527032447,0.0,0.0,0.0,0.0,0.6845995369376596,0.0171149884234414,0.0,0.0,0.0,0.0,0.0,0.0,20.5,"[0.0, 0.0, 0.0, 0.25, 0.65, 1.01, 1.32, 1.6, 1.89, 2.17, 2.43, 2.68, 2.99, 3.57, 4.3, 5.38, 6.86, 8.81, 12.03]",Active,True,Active,5082630.0,1,0.0,0.0,2026-09-15 17:18:27,,
416,67,00-0034270,Tyler Conklin,TE,DET,BUF,0.0,2026_02_DET_BUF,2026-09-17 20:15:00,3.1552200135551445,0.0264281329574238,6.547330965147021,3.134453792178733,0.020766221376411,C,28,-2.358746375945474,24.5,2,,False,3.0,"https://static.www.nfl.com/image/upload/f_auto,q_auto/league/knjuzxnzsfjxwcjxp5en",1.6218239785997168,0.132749610461431,0.0,0.0,0.265499220922862,15.756932150327636,0.0456132472286507,0.0,0.0,0.0,0.0,0.0,0.0,29.0,"[0.0, 0.0, 0.03, 0.42, 0.77, 1.06, 1.34, 1.62, 1.9, 2.18, 2.47, 2.83, 3.19, 3.68, 4.38, 5.23, 6.55, 8.27, 10.81]",Active,True,Active,3915486.0,0,0.0,,2026-09-15 17:18:27,,
417,75,00-0041149,Haynes King,QB,CAR,ATL,0.0,2026_02_CAR_ATL,2026-09-20 13:00:00,3.1311177556612866,0.0,10.15381510357962,3.2823376417233563,-0.1512198860620697,C,16,0.5603108006924045,23.0,3,,True,3.0,"https://static.www.nfl.com/image/upload/f_auto,q_auto/league/qcloyq4ahyh0hfzo6i0i",0.0,0.0,0.0,0.0,0.0,0.0,0.0,0.0,0.0,0.0,0.0,0.0,0.0,20.5,"[0.0, 0.0, 0.0, 0.0, 0.0, 0.0, 0.0, 0.22, 0.53, 0.88, 1.23, 1.87, 2.66, 4.05, 6.34, 7.89, 10.15, 12.68, 17.42]",Active,True,Active,4428993.0,0,0.0,,2026-09-15 17:18:27,,
418,68,00-0033246,Johnny Mundt,TE,PHI,TEN,0.0,2026_02_PHI_TEN,2026-09-20 13:00:00,3.128937993018135,0.0001461124204142,6.521048944610011,3.1389761444876183,-0.0100381514694833,C,21,-1.173489155247301,23.25,2,,False,2.0,"https://static.www.nfl.com/image/upload/f_auto,q_auto/league/gbsnomwbzavt5124vvaz",1.6125207924343583,0.0,0.0,0.0,0.0,10.22555586035072,0.0534031973732209,0.0,0.0,0.0,0.0,0.0,0.0,16.25,"[0.0, 0.0, 0.0, 0.39, 0.74, 1.03, 1.32, 1.59, 1.87, 2.16, 2.45, 2.8, 3.16, 3.65, 4.35, 5.2, 6.52, 8.24, 10.78]",Active,True,Active,3052096.0,0,0.0,,2026-09-15 17:18:27,,
419,77,00-0038555,Tank Bigsby,RB,PHI,TEN,0.0,2026_02_PHI_TEN,2026-09-20 13:00:00,3.1158051290245776,0.0,6.365250423600367,2.970691892478107,0.1451132365464706,C,9,3.17945343942622,23.25,4,,False,2.0,"https://static.www.nfl.com/image/upload/f_auto,q_auto/league/vfkdjfpiyrcuzahrmfvn",0.2226017279604781,3.874206418118289,0.0,0.0,19.999737614709307,2.29035063436612,0.0094702538810513,0.0,0.0,0.0,0.0,0.0,0.0,16.25,"[0.0, 0.0, 0.0, 0.28, 0.64, 0.95, 1.23, 1.49, 1.73, 1.99, 2.25, 2.56, 2.9, 3.4, 4.04, 4.91, 6.37, 8.14, 11.57]",Active,True,Active,4429013.0,1,0.3,0.3,2026-09-15 17:18:27,,
420,69,00-0038589,Josh Whyle,TE,GB,NYJ,0.0,2026_02_GB_NYJ,2026-09-20 13:00:00,3.1077453711406338,0.0,6.49985632273251,2.888017634507306,0.2197277366333279,C,13,0.2718030344261973,24.5,2,,False,3.0,"https://static.www.nfl.com/image/upload/f_auto,q_auto/league/an9hxzbzmg6kgkdai022",1.0,0.0,0.0,0.0,0.0,6.465623072118787,0.0482234133853519,0.0,0.0,0.0,0.0,0.0,0.0,20.0,"[0.0, 0.0, 0.0, 0.37, 0.72, 1.01, 1.3, 1.57, 1.85, 2.14, 2.42, 2.78, 3.14, 3.63, 4.33, 5.18, 6.5, 8.22, 10.76]",Active,True,Active,4360086.0,0,0.0,,2026-09-15 17:18:27,,
421,78,00-0041096,Kaytron Allen,RB,WAS,DAL,0.0,2026_02_WAS_DAL,2026-09-20 16:25:00,3.1024457874756006,0.0,6.35189108205139,3.199587671922626,-0.0971418844470255,C,21,-0.3613180133035657,23.0,4,,True,3.0,"https://static.www.nfl.com/image/upload/f_auto,q_auto/league/vbhwkqty94alwjyz8cin",0.0,4.0,0.0,0.0,16.0,0.0,0.0,0.0,0.0,0.0,0.0,0.0,0.0,27.5,"[0.0, 0.0, 0.0, 0.26, 0.63, 0.94, 1.21, 1.48, 1.72, 1.97, 2.23, 2.54, 2.89, 3.39, 4.02, 4.89, 6.35, 8.12, 11.56]",Active,True,Active,4685246.0,1,1.6,1.6,2026-09-15 17:18:27,,
422,79,00-0036893,Najee Harris,RB,NYG,LA,0.0,2026_02_NYG_LA,2026-09-21 20:15:00,3.071974843505831,0.0,6.321420138081621,3.429988624484605,-0.3580137809787742,C,26,-2.1278209076653165,20.75,4,,True,4.0,"https://static.www.nfl.com/image/upload/f_auto,q_auto/league/grfxgbvqnzz40r7rdtvk",0.9699061086339128,5.140478771599945,0.0,0.0,20.987195208036454,8.174538305477487,0.0335974681920988,0.0,0.0,0.0,0.0,0.0,0.0,27.75,"[0.0, 0.0, 0.0, 0.23, 0.6, 0.91, 1.18, 1.45, 1.69, 1.94, 2.2, 2.51, 2.86, 3.36, 3.99, 4.86, 6.32, 8.09, 11.53]",Active,True,Active,4241457.0,0,0.0,,2026-09-15 17:18:27,,
423,137,00-0039751,Jordan Whittington,WR,LA,NYG,1.0,2026_02_NYG_LA,2026-09-21 20:15:00,3.034047633774155,0.0,6.731865546591289,2.7003274357054563,0.3337201980686988,C,27,-6.225112076595758,27.75,2,,False,3.0,"https://static.www.nfl.com/image/upload/f_auto,q_auto/league/enqcg1lgjkuk0hqz3qjc",1.2306423752554498,0.1333297446618562,0.0,0.0,0.2521199229543077,10.040274531488317,0.0385266327492406,0.0,0.0,0.0,0.0,0.0,0.0,20.75,"[0.0, 0.0, 0.0, 0.13, 0.53, 0.88, 1.19, 1.48, 1.76, 2.04, 2.3, 2.55, 2.87, 3.45, 4.18, 5.26, 6.73, 8.68, 11.91]",Active,True,Active,4569382.0,1,1.8,1.8,2026-09-15 17:18:27,,
424,80,00-0041104,Demond Claiborne,RB,MIN,CHI,0.0,2026_02_MIN_CHI,2026-09-20 13:00:00,3.0163761167312804,0.0,6.265821411307069,2.806094921997471,0.2102811947338092,C,5,6.204857693453305,21.5,4,,True,3.0,"https://static.www.nfl.com/image/upload/f_auto,q_auto/league/vmozbbdzgcaqq1yrixeb",0.0,0.0,0.0,0.0,0.0,0.0,0.0,0.0,0.0,0.0,0.0,0.0,0.0,27.0,"[0.0, 0.0, 0.0, 0.18, 0.54, 0.85, 1.13, 1.39, 1.63, 1.89, 2.15, 2.46, 2.8, 3.3, 3.94, 4.81, 6.27, 8.04, 11.47]",Active,True,Active,4832846.0,0,0.0,,2026-09-15 17:18:27,,
425,138,00-0040164,Jaylin Lane,WR,WAS,DAL,0.0,2026_02_WAS_DAL,2026-09-20 16:25:00,2.980156176578981,0.0,6.677974089396114,2.904846888347661,0.0753092882313195,C,6,3.337332649879808,23.0,2,,False,5.0,"https://static.www.nfl.com/image/upload/f_auto,q_auto/league/fa5ufxqxs3hzioih3cfb",1.54030165116351,0.036131581178354,0.0,0.0,0.2529210682484784,10.446806922962166,0.0593821472048203,0.0,0.0,0.0,0.0,0.0,0.0,27.5,"[0.0, 0.0, 0.0, 0.07, 0.47, 0.83, 1.14, 1.42, 1.71, 1.99, 2.25, 2.5, 2.81, 3.39, 4.12, 5.2, 6.68, 8.63, 11.85]",Active,True,Active,4602667.0,1,1.4,1.4,2026-09-15 17:18:27,,
426,70,00-0034365,Ian Thomas,TE,LV,LAC,0.0,2026_02_LV_LAC,2026-09-20 16:05:00,2.956439675843218,0.0,6.348550627435094,3.295790780044954,-0.3393511042017367,D,12,0.842669575491275,18.25,2,,False,3.0,"https://static.www.nfl.com/image/upload/f_auto,q_auto/league/gvpwnq0mjefjlekgzxro",1.561990098194324,0.0,0.0,0.0,0.0,13.929290689149903,0.0474095541126471,0.0,0.0,0.0,0.0,0.0,0.0,25.25,"[0.0, 0.0, 0.0, 0.22, 0.57, 0.86, 1.14, 1.42, 1.7, 1.99, 2.27, 2.63, 2.99, 3.48, 4.18, 5.03, 6.35, 8.07, 10.61]",Active,True,Active,4045305.0,0,0.0,,2026-09-15 17:18:27,,
427,71,00-0039530,Brevyn Spann-Ford,TE,DAL,WAS,1.0,2026_02_WAS_DAL,2026-09-20 16:25:00,2.9517790521356924,0.0,6.3438900037275685,1.970604683526402,0.9811743686092904,A,2,6.987738089631992,27.5,2,,False,2.0,"https://static.www.nfl.com/image/upload/f_auto,q_auto/league/sko2pmuqociwa92ep1ad",1.289707195106877,0.0,0.0,0.0,0.0,9.927736831599374,0.0426328181265647,0.0,0.0,0.0,0.0,0.0,0.0,23.0,"[0.0, 0.0, 0.0, 0.21, 0.56, 0.85, 1.14, 1.42, 1.69, 1.98, 2.27, 2.62, 2.99, 3.48, 4.18, 5.02, 6.34, 8.06, 10.6]",Active,True,Active,4360967.0,1,3.4,3.4,2026-09-15 17:18:27,,
428,81,00-0039299,George Holani,RB,SEA,ARI,0.0,2026_02_SEA_ARI,2026-09-20 16:25:00,2.9069630625902256,0.0,6.156408357166015,3.1607014886550857,-0.2537384260648601,C,27,-2.291407534767114,23.0,4,,False,2.0,"https://static.www.nfl.com/image/upload/f_auto,q_auto/league/pgwvv5qhcmnwf3tomy1a",0.8118715210291823,4.263311751167783,0.0,0.0,14.614961023685533,3.2981272641322983,0.0294575499874964,0.0,0.0,0.0,0.0,0.0,0.0,18.5,"[0.0, 0.0, 0.0, 0.07, 0.43, 0.75, 1.02, 1.29, 1.52, 1.78, 2.04, 2.35, 2.69, 3.19, 3.83, 4.7, 6.16, 7.93, 11.36]",Active,True,Active,4429835.0,1,2.9,2.9,2026-09-15 17:18:27,,
429,82,00-0040179,DJ Giddens,RB,IND,KC,0.0,2026_02_IND_KC,2026-09-20 20:20:00,2.903180100112112,0.0,6.152625394687901,3.546893973511998,-0.6437138733998866,D,31,-4.661314209049643,20.5,4,,False,3.0,"https://static.www.nfl.com/image/upload/f_auto,q_auto/league/y2vrgvb9kbvfpmyb3yzu",0.3985043823073479,5.172477647251895,0.0,0.0,19.28375445341773,0.0,0.0124991025075519,0.0,0.0,0.0,0.0,0.0,0.0,27.0,"[0.0, 0.0, 0.0, 0.06, 0.43, 0.74, 1.01, 1.28, 1.52, 1.78, 2.03, 2.34, 2.69, 3.19, 3.82, 4.69, 6.15, 7.93, 11.36]",Active,True,Active,4874509.0,0,0.0,,2026-09-15 17:18:27,,
430,83,00-0040556,Corey Kiner,RB,NE,PIT,1.0,2026_02_PIT_NE,2026-09-20 13:00:00,2.892421959098127,0.0,6.141867253673916,2.529105827503,0.363316131595127,B,11,3.059380643587325,23.0,4,,False,3.0,"https://static.www.nfl.com/image/upload/f_auto,q_auto/league/tpnamrgzfbytwlzhhyf8",0.4024234633799897,4.568788750538364,0.0,0.0,12.529985614311885,2.012117316899949,0.0143722665492853,0.0,0.0,0.0,0.0,0.0,0.0,18.5,"[0.0, 0.0, 0.0, 0.05, 0.42, 0.73, 1.0, 1.27, 1.51, 1.76, 2.02, 2.33, 2.68, 3.18, 3.81, 4.68, 6.14, 7.91, 11.35]",Active,True,Active,4431431.0,1,1.1,1.1,2026-09-15 17:18:27,,
431,76,00-0040014,Kyle McCord,QB,MIA,SF,0.0,2026_02_MIA_SF,2026-09-20 16:25:00,2.8715469624367507,0.0,9.894244310355084,6.067120144149832,-3.195573181713081,F,32,-6.4781824977395415,16.0,3,,True,2.0,"https://static.www.nfl.com/image/upload/f_auto,q_auto/league/smdh2mmu457aammcblth",0.0,0.0,0.0,0.0,0.0,0.0,0.0,0.0,0.0,0.0,0.0,0.0,0.0,29.5,"[0.0, 0.0, 0.0, 0.0, 0.0, 0.0, 0.0, 0.0, 0.27, 0.62, 0.97, 1.61, 2.4, 3.8, 6.08, 7.63, 9.89, 12.42, 17.16]",Active,True,Active,4433971.0,0,0.0,,2026-09-15 17:18:27,,
432,139,00-0040948,J. Michael Sturdivant,WR,GB,NYJ,0.0,2026_02_GB_NYJ,2026-09-20 13:00:00,2.852250247832941,0.0,6.550068160650074,2.7540648308768167,0.0981854169561238,C,20,-1.6410024811260728,24.5,2,,True,6.0,"https://static.www.nfl.com/image/upload/f_auto,q_auto/league/jpcewjixipg3iuu2ucyq",0.0,0.0,0.0,0.0,0.0,0.0,0.0,0.0,0.0,0.0,0.0,0.0,0.0,20.0,"[0.0, 0.0, 0.0, 0.0, 0.35, 0.7, 1.01, 1.3, 1.58, 1.86, 2.12, 2.37, 2.69, 3.27, 3.99, 5.08, 6.55, 8.5, 11.73]",Active,True,Active,4635009.0,0,0.0,,2026-09-15 17:18:27,,
433,72,00-0038115,Daniel Bellinger,TE,TEN,PHI,1.0,2026_02_PHI_TEN,2026-09-20 13:00:00,2.845934456945148,0.0,6.238045408537024,3.712947848259984,-0.8670133913148357,F,30,-3.115081255583778,16.25,2,,False,2.0,"https://static.www.nfl.com/image/upload/f_auto,q_auto/league/nvabdu88h2cvroeygabo",1.789378116639311,0.0,0.0,0.0,0.0,17.408334425438124,0.0574780931409949,0.0,0.0,0.0,0.0,0.0,0.0,23.25,"[0.0, 0.0, 0.0, 0.11, 0.46, 0.75, 1.03, 1.31, 1.59, 1.87, 2.16, 2.52, 2.88, 3.37, 4.07, 4.92, 6.24, 7.96, 10.5]",Active,True,Active,4361516.0,1,1.7,1.7,2026-09-15 17:18:27,,
434,84,00-0037557,Ronnie Rivers,RB,LA,NYG,1.0,2026_02_NYG_LA,2026-09-21 20:15:00,2.824187463044016,0.0,6.073632757619805,1.970697941485061,0.8534895215589549,B,8,3.9147536476897673,27.75,4,,False,3.0,"https://static.www.nfl.com/image/upload/f_auto,q_auto/league/t9l7jhs1jw1joy8jpxee",0.4713612656881277,2.363422239600694,0.0,0.0,9.615270639330133,1.878347396024648,0.0167281487233267,0.0,0.0,0.0,0.0,0.0,0.0,20.75,"[0.0, 0.0, 0.0, 0.0, 0.35, 0.66, 0.93, 1.2, 1.44, 1.7, 1.95, 2.27, 2.61, 3.11, 3.74, 4.61, 6.07, 7.85, 11.28]",Active,True,Active,4243003.0,1,3.4,3.4,2026-09-15 17:18:27,,
435,73,00-0041395,Eli Raridon,TE,NE,PIT,1.0,2026_02_PIT_NE,2026-09-20 13:00:00,2.7987440516815663,0.0,6.190855003273443,3.1321492210284925,-0.3334051693469262,D,31,-3.6738201177053993,23.0,2,,True,2.0,"https://static.www.nfl.com/image/upload/f_auto,q_auto/league/tglrg0yek3kwrt8rqz5t",1.0,0.0,0.0,0.0,0.0,2.0,0.032258064516129,0.0,0.0,0.0,0.0,0.0,0.0,18.5,"[0.0, 0.0, 0.0, 0.06, 0.41, 0.7, 0.99, 1.26, 1.54, 1.83, 2.12, 2.47, 2.83, 3.32, 4.02, 4.87, 6.19, 7.91, 10.45]",Active,True,Active,4831959.0,1,7.2,7.2,2026-09-15 17:18:27,,
436,140,00-0040785,Dohnte Meyers,WR,CIN,HOU,0.0,2026_02_CIN_HOU,2026-09-20 13:00:00,2.794568131956616,0.0,6.49238604477375,2.919230678899118,-0.1246625469425017,C,17,-0.5838288884168957,22.0,2,,True,5.0,"https://static.www.nfl.com/image/upload/f_auto,q_auto/league/xkxpqhtebubkbv1irlkc",1.0,1.0,0.0,0.0,10.0,18.0,0.0294117647058823,0.0,0.0,0.0,0.0,0.0,0.0,24.5,"[0.0, 0.0, 0.0, 0.0, 0.29, 0.64, 0.95, 1.24, 1.52, 1.8, 2.06, 2.31, 2.63, 3.21, 3.94, 5.02, 6.49, 8.44, 11.67]",Active,True,Active,4384852.0,1,3.8,3.8,2026-09-15 17:18:27,,
437,141,00-0040024,Darius Cooper,WR,PHI,TEN,0.0,2026_02_PHI_TEN,2026-09-20 13:00:00,2.788332412588714,0.0,6.486150325405848,2.7380830221687864,0.0502493904199274,C,10,1.784084003456483,23.25,2,,False,6.0,"https://static.www.nfl.com/image/upload/f_auto,q_auto/league/pe71oe4eoyyfnq80fkxc",1.06029900575037,0.0,0.0,0.0,0.0,8.82095294407257,0.0364485865686277,0.0,0.0,0.0,0.0,0.0,0.0,16.25,"[0.0, 0.0, 0.0, 0.0, 0.28, 0.64, 0.94, 1.23, 1.52, 1.8, 2.06, 2.31, 2.62, 3.2, 3.93, 5.01, 6.49, 8.44, 11.66]",Active,True,Active,4715355.0,1,0.0,0.0,2026-09-15 17:18:27,,
438,142,00-0041529,Kevin Coleman Jr.,WR,MIA,SF,0.0,2026_02_MIA_SF,2026-09-20 16:25:00,2.784297937724392,0.0,6.4821158505415255,3.911066213574044,-1.1267682758496518,F,29,-8.884472444101899,16.0,2,,True,4.0,"https://static.www.nfl.com/image/upload/f_auto,q_auto/league/nqqd4zjnxephjb4qziww",2.0,0.0,0.0,0.0,0.0,0.0,0.074074074074074,0.0,0.0,0.0,0.0,0.0,0.0,29.5,"[0.0, 0.0, 0.0, 0.0, 0.28, 0.63, 0.94, 1.23, 1.51, 1.79, 2.05, 2.3, 2.62, 3.2, 3.93, 5.01, 6.48, 8.43, 11.66]",Active,True,Active,4685307.0,1,0.0,0.0,2026-09-15 17:18:27,,
439,143,00-0040590,Konata Mumpfield,WR,LA,NYG,1.0,2026_02_NYG_LA,2026-09-21 20:15:00,2.771651498960181,0.0,6.469469411777315,2.4379313008914814,0.3337201980686997,C,27,-6.225112076595758,27.75,2,,False,4.0,"https://static.www.nfl.com/image/upload/f_auto,q_auto/league/cehkowkvb4aujslmppbj",1.9060017411439976,0.0,0.0,0.0,0.0,5.877909383231196,0.0533597606383195,0.0,0.0,0.0,0.0,0.0,0.0,20.75,"[0.0, 0.0, 0.0, 0.0, 0.27, 0.62, 0.93, 1.22, 1.5, 1.78, 2.04, 2.29, 2.61, 3.18, 3.91, 5.0, 6.47, 8.42, 11.64]",Active,True,Active,4710855.0,1,0.0,0.0,2026-09-15 17:18:27,,
440,85,00-0037085,Tyler Badie,RB,DEN,JAX,1.0,2026_02_JAX_DEN,2026-09-20 16:05:00,2.768478765334714,0.0,6.017924059910503,2.865022170960355,-0.0965434056256411,C,30,-4.289422922778532,23.5,4,,False,4.0,"https://static.www.nfl.com/image/upload/f_auto,q_auto/league/ghhul5piv9vzeih6atsj",1.6448262765282586,0.5985559116324487,0.0,0.0,1.5653044729517271,7.4539165904957,0.0453450871853299,0.0,0.0,0.0,0.0,0.0,0.0,21.0,"[0.0, 0.0, 0.0, 0.0, 0.3, 0.61, 0.88, 1.15, 1.38, 1.64, 1.9, 2.21, 2.55, 3.05, 3.69, 4.56, 6.02, 7.79, 11.23]",Active,True,Active,4362748.0,0,0.0,,2026-09-15 17:18:27,,
441,77,00-0041194,Jack Strand,QB,ATL,CAR,1.0,2026_02_CAR_ATL,2026-09-20 13:00:00,2.731172687363945,0.0,9.75387003528228,2.179651851851852,0.5515208355120929,B,3,5.593832115671563,20.5,3,,True,4.0,"https://static.www.nfl.com/image/upload/f_auto,q_auto/league/oadw9h9otuauaiv1vxvz",0.0,0.0,0.0,0.0,0.0,0.0,0.0,0.0,0.0,0.0,0.0,0.0,0.0,23.0,"[0.0, 0.0, 0.0, 0.0, 0.0, 0.0, 0.0, 0.0, 0.13, 0.48, 0.83, 1.47, 2.26, 3.65, 5.94, 7.49, 9.75, 12.28, 17.02]",Active,True,Active,5344782.0,0,0.0,,2026-09-15 17:18:27,,
442,86,00-0040142,Kaleb Johnson,RB,GB,NYJ,0.0,2026_02_GB_NYJ,2026-09-20 13:00:00,2.7285654319925454,0.0,5.978010726568335,2.6918643677968843,0.0367010641956611,C,20,-0.0483694790179377,24.5,4,,False,3.0,"https://static.www.nfl.com/image/upload/f_auto,q_auto/league/zpzc4oobxi8nr5dyonob",0.1094238072931539,1.762957376413472,0.0,0.0,4.305722548350708,0.5349645191756524,0.0039702684773535,0.0,0.0,0.0,0.0,0.0,0.0,20.0,"[0.0, 0.0, 0.0, 0.0, 0.26, 0.57, 0.84, 1.11, 1.34, 1.6, 1.86, 2.17, 2.51, 3.01, 3.65, 4.52, 5.98, 7.75, 11.19]",Active,True,Active,4819231.0,1,0.0,0.0,2026-09-15 17:18:27,,
443,74,00-0036429,Charlie Woerner,TE,ATL,CAR,1.0,2026_02_CAR_ATL,2026-09-20 13:00:00,2.6318382645782634,0.0,6.02394921617014,3.0071995771516904,-0.375361312573427,D,27,-2.029369306144404,20.5,2,,False,2.0,"https://static.www.nfl.com/image/upload/f_auto,q_auto/league/tuzldnhk23mvsapfejqd",1.252431632268098,0.0,0.0,0.0,0.0,6.985549593264894,0.0446154858141365,0.0,0.0,0.0,0.0,0.0,0.0,23.0,"[0.0, 0.0, 0.0, 0.0, 0.24, 0.53, 0.82, 1.1, 1.37, 1.66, 1.95, 2.3, 2.67, 3.16, 3.86, 4.7, 6.02, 7.74, 10.28]",Active,True,Active,4035020.0,0,0.0,,2026-09-15 17:18:27,,
444,78,00-0041092,Taylen Green,QB,CLE,TB,0.0,2026_02_CLE_TB,2026-09-20 13:00:00,2.627868497465537,0.0,9.650565845383872,3.2823376417233563,-0.6544691442578188,D,11,1.2925422694668751,16.0,3,,True,3.0,"https://static.www.nfl.com/image/upload/f_auto,q_auto/league/ybylky9uitivzresfzt3",0.0,0.0,0.0,0.0,0.0,0.0,0.0,0.0,0.0,0.0,0.0,0.0,0.0,24.5,"[0.0, 0.0, 0.0, 0.0, 0.0, 0.0, 0.0, 0.0, 0.02, 0.37, 0.72, 1.36, 2.16, 3.55, 5.84, 7.39, 9.65, 12.18, 16.92]",Active,True,Active,4431325.0,0,0.0,,2026-09-15 17:18:27,,
445,144,00-0040131,Kyle Williams,WR,NE,PIT,1.0,2026_02_PIT_NE,2026-09-20 13:00:00,2.6118324084159816,0.0,6.309650321233115,2.629091318738797,-0.0172589103228153,C,24,-3.3810864789248005,23.0,2,,False,4.0,"https://static.www.nfl.com/image/upload/f_auto,q_auto/league/xkicyhizq6sm86wr5osk",1.229488618501952,0.0808638983928356,0.0,0.0,0.246807574084624,9.029568462740515,0.0413340281038163,0.0,0.0,0.0,0.0,0.0,0.0,18.5,"[0.0, 0.0, 0.0, 0.0, 0.11, 0.46, 0.77, 1.06, 1.34, 1.62, 1.88, 2.13, 2.45, 3.03, 3.75, 4.84, 6.31, 8.26, 11.48]",Active,True,Active,4613202.0,1,0.0,0.0,2026-09-15 17:18:27,,
446,79,00-0034771,Mason Rudolph,QB,PIT,NE,0.0,2026_02_PIT_NE,2026-09-20 13:00:00,2.6053682876871704,0.0,9.628065635605504,4.296072459713896,-1.6907041720267255,F,29,-3.406400910232919,18.5,3,,False,2.0,"https://static.www.nfl.com/image/upload/f_auto,q_auto/league/oadtxde6hxz1jgrs618o",0.0,1.1086250485567388,8.896107823219058,51.490028036616025,1.047217838701707,0.0,0.0,0.0,0.0,0.0,0.0,0.0,0.0,23.0,"[0.0, 0.0, 0.0, 0.0, 0.0, 0.0, 0.0, 0.0, 0.0, 0.35, 0.7, 1.34, 2.14, 3.53, 5.81, 7.36, 9.63, 12.16, 16.9]",Active,True,Active,3116407.0,0,0.0,,2026-09-15 17:18:27,,
447,75,00-0040363,Keleki Latu,TE,BUF,DET,1.0,2026_02_DET_BUF,2026-09-17 20:15:00,2.599797282071019,0.0,5.991908233662896,1.5227824049921157,1.0770148770789034,A,4,6.343842692568662,29.0,2,,False,4.0,"https://static.www.nfl.com/image/upload/f_auto,q_auto/league/vebjjfyrrrbwaqjlyvun",0.5746637572807578,0.0,0.0,0.0,0.0,5.14137980164548,0.0202241520995299,0.0,0.0,0.0,0.0,0.0,0.0,24.5,"[0.0, 0.0, 0.0, 0.0, 0.21, 0.5, 0.79, 1.06, 1.34, 1.63, 1.92, 2.27, 2.63, 3.12, 3.83, 4.67, 5.99, 7.71, 10.25]",Active,True,Active,4688552.0,1,0.0,0.0,2026-09-15 17:18:27,,
448,80,00-0041561,Carson Beck,QB,ARI,SEA,1.0,2026_02_SEA_ARI,2026-09-20 16:25:00,2.5772175349619912,0.0,9.599914882880324,3.2823376417233563,-0.705120106761365,D,30,-4.627887111943783,18.5,3,,True,3.0,"https://static.www.nfl.com/image/upload/f_auto,q_auto/league/yvybqpgnezk75h9rpobv",0.0,0.0,0.0,0.0,0.0,0.0,0.0,0.0,0.0,0.0,0.0,0.0,0.0,23.0,"[0.0, 0.0, 0.0, 0.0, 0.0, 0.0, 0.0, 0.0, 0.0, 0.32, 0.67, 1.31, 2.11, 3.5, 5.79, 7.34, 9.6, 12.13, 16.87]",Active,True,Active,4430841.0,0,0.0,,2026-09-15 17:18:27,,
449,87,00-0039364,Sione Vaki,RB,DET,BUF,0.0,2026_02_DET_BUF,2026-09-17 20:15:00,2.576778737630094,0.0,5.826224032205883,1.9678013079800456,0.6089774296500483,B,3,8.27505973190486,24.5,4,,False,2.0,"https://static.www.nfl.com/image/upload/f_auto,q_auto/league/abqcluf2gbejhiyjjtoz",0.3945469294712098,0.8542602500159806,0.0,0.0,3.022494070592713,4.340016224183308,0.0101165879351592,0.0,0.0,0.0,0.0,0.0,0.0,29.0,"[0.0, 0.0, 0.0, 0.0, 0.1, 0.42, 0.69, 0.96, 1.19, 1.45, 1.71, 2.02, 2.36, 2.86, 3.5, 4.37, 5.83, 7.6, 11.03]",Active,True,Active,4912274.0,1,2.8,2.8,2026-09-15 17:18:27,,
450,76,00-0040879,Matthew Hibner,TE,BAL,NO,1.0,2026_02_NO_BAL,2026-09-20 13:00:00,2.563892788545433,0.0,5.95600374013731,2.278480724184234,0.2854120643611995,B,17,-0.9378762163706332,27.5,2,,True,3.0,"https://static.www.nfl.com/image/upload/f_auto,q_auto/league/kkkia0wl2sqsjiwecde0",1.0,0.0,0.0,0.0,0.0,13.0,0.0416666666666666,0.0,0.0,0.0,0.0,0.0,0.0,19.0,"[0.0, 0.0, 0.0, 0.0, 0.18, 0.46, 0.75, 1.03, 1.3, 1.59, 1.88, 2.24, 2.6, 3.09, 3.79, 4.64, 5.96, 7.68, 10.22]",Active,True,Active,4432260.0,1,2.3,2.3,2026-09-15 17:18:27,,
451,77,00-0034798,Durham Smythe,TE,BAL,NO,1.0,2026_02_NO_BAL,2026-09-20 13:00:00,2.5611421605849385,0.0,5.953253112176815,2.17942136066622,0.3817207999187184,B,17,-0.9378762163706332,27.5,2,,False,2.0,"https://static.www.nfl.com/image/upload/f_auto,q_auto/league/pwcuy1ntmris98x8xmxi",0.996125303628382,0.0,0.0,0.0,0.0,4.088410512351542,0.0333414473800443,0.0,0.0,0.0,0.0,0.0,0.0,19.0,"[0.0, 0.0, 0.0, 0.0, 0.17, 0.46, 0.75, 1.03, 1.3, 1.59, 1.88, 2.23, 2.6, 3.09, 3.79, 4.63, 5.95, 7.67, 10.21]",Active,True,Active,3052897.0,1,1.4,1.4,2026-09-15 17:18:27,,
452,88,00-0040238,LeQuint Allen Jr.,RB,JAX,DEN,0.0,2026_02_JAX_DEN,2026-09-20 16:05:00,2.554479442313376,0.0,5.803924736889165,2.3970243604278574,0.1574550818855185,C,4,6.330813326986267,21.0,4,,False,3.0,"https://static.www.nfl.com/image/upload/f_auto,q_auto/league/i0utigksuuvo2njb9wtk",0.668371250711626,1.611028681855387,0.0,0.0,5.826766154094328,3.6023349002464258,0.0211792081404218,0.0,0.0,0.0,0.0,0.0,0.0,23.5,"[0.0, 0.0, 0.0, 0.0, 0.08, 0.39, 0.66, 0.93, 1.17, 1.43, 1.68, 2.0, 2.34, 2.84, 3.47, 4.34, 5.8, 7.58, 11.01]",Active,True,Active,4911851.0,0,0.0,,2026-09-15 17:18:27,,
453,89,00-0039796,Rasheen Ali,RB,BAL,NO,1.0,2026_02_NO_BAL,2026-09-20 13:00:00,2.4980601547682677,0.0,5.7475054493440565,1.6337797824413238,0.8642803723269434,B,7,4.401906436986384,27.5,4,,False,3.0,"https://static.www.nfl.com/image/upload/f_auto,q_auto/league/zwjrkzu3ia3cfrwgotqt",0.6848767900844079,0.3623455733209363,0.0,0.0,1.0972493166261774,3.970943843364875,0.0345336323742734,0.0,0.0,0.0,0.0,0.0,0.0,19.0,"[0.0, 0.0, 0.0, 0.0, 0.02, 0.34, 0.61, 0.88, 1.11, 1.37, 1.63, 1.94, 2.28, 2.78, 3.42, 4.29, 5.75, 7.52, 10.96]",Active,True,Active,4690013.0,1,0.0,0.0,2026-09-15 17:18:27,,
454,78,00-0041472,Marlin Klein,TE,HOU,CIN,1.0,2026_02_CIN_HOU,2026-09-20 13:00:00,2.4703924294545945,0.0,5.862503381046471,2.24405988959539,0.2263325398592046,C,10,1.7632031912476902,24.5,2,,True,3.0,"https://static.www.nfl.com/image/upload/f_auto,q_auto/league/ek2nzhrwqxl6psbm2iic",1.0,0.0,0.0,0.0,0.0,16.0,0.027027027027027,0.0,0.0,0.0,0.0,0.0,0.0,22.0,"[0.0, 0.0, 0.0, 0.0, 0.08, 0.37, 0.66, 0.93, 1.21, 1.5, 1.79, 2.14, 2.5, 3.0, 3.7, 4.54, 5.86, 7.58, 10.12]",Active,True,Active,4695705.0,1,2.6,2.6,2026-09-15 17:18:27,,
455,90,00-0036265,AJ Dillon,RB,CAR,ATL,0.0,2026_02_CAR_ATL,2026-09-20 13:00:00,2.4340108318132154,0.0,5.683456126389005,2.746803673245684,-0.3127928414324685,C,29,-3.150319898751325,23.0,4,,False,3.0,"https://static.www.nfl.com/image/upload/f_auto,q_auto/league/imxxt8yrbrxptoxr1hw5",0.3216676731072779,3.247067214903058,0.0,0.0,17.578845638043443,2.213992638887825,0.0098434700483654,0.0,0.0,0.0,0.0,0.0,0.0,20.5,"[0.0, 0.0, 0.0, 0.0, 0.0, 0.27, 0.54, 0.81, 1.05, 1.31, 1.56, 1.88, 2.22, 2.72, 3.35, 4.22, 5.68, 7.46, 10.89]",Active,True,Active,4239934.0,1,2.8,2.8,2026-09-15 17:18:27,,
456,81,00-0041172,Miller Moss,QB,CHI,MIN,1.0,2026_02_MIN_CHI,2026-09-20 13:00:00,2.408246426305165,0.0,9.4309437742235,2.179651851851852,0.2285945744533131,C,25,-2.0044000613378,27.0,3,,True,4.0,"https://static.www.nfl.com/image/upload/f_auto,q_auto/league/p86kdskm2q45zetkrx03",0.0,0.0,0.0,0.0,0.0,0.0,0.0,0.0,0.0,0.0,0.0,0.0,0.0,21.5,"[0.0, 0.0, 0.0, 0.0, 0.0, 0.0, 0.0, 0.0, 0.0, 0.15, 0.5, 1.14, 1.94, 3.33, 5.62, 7.17, 9.43, 11.96, 16.7]",Active,True,Active,,0,0.0,,2026-09-15 17:18:27,,
457,91,00-0041496,Jonah Coleman,RB,DEN,JAX,1.0,2026_02_JAX_DEN,2026-09-20 16:05:00,2.3721524320653926,0.0,5.621597726641182,2.5000030241128286,-0.1278505920474359,C,30,-4.289422922778532,23.5,4,,True,3.0,"https://static.www.nfl.com/image/upload/f_auto,q_auto/league/qbauucaxakkhtxihuvmr",0.0,0.0,0.0,0.0,0.0,0.0,0.0,0.0,0.0,0.0,0.0,0.0,0.0,21.0,"[0.0, 0.0, 0.0, 0.0, 0.0, 0.21, 0.48, 0.75, 0.99, 1.24, 1.5, 1.81, 2.16, 2.66, 3.29, 4.16, 5.62, 7.39, 10.83]",Active,True,Active,4702555.0,1,0.0,0.0,2026-09-15 17:18:27,,
458,79,00-0041558,Sam Roush,TE,CHI,MIN,1.0,2026_02_MIN_CHI,2026-09-20 13:00:00,2.362276719207835,0.0,5.754387670799711,1.8940582961598589,0.4682184230479762,B,20,-1.1555138007102328,27.0,2,,True,3.0,"https://static.www.nfl.com/image/upload/f_auto,q_auto/league/jqkmmguw4934lyjgvuip",0.0,0.0,0.0,0.0,0.0,0.0,0.0,0.0,0.0,0.0,0.0,0.0,0.0,21.5,"[0.0, 0.0, 0.0, 0.0, 0.0, 0.26, 0.55, 0.83, 1.1, 1.39, 1.68, 2.03, 2.4, 2.89, 3.59, 4.43, 5.75, 7.47, 10.01]",Active,True,Active,4685504.0,0,0.0,,2026-09-15 17:18:27,,
459,145,00-0039062,Jonathan Mingo,WR,DAL,WAS,1.0,2026_02_WAS_DAL,2026-09-20 16:25:00,2.3530588250603746,0.0,6.050876737877508,1.7974433996448491,0.5556154254155254,B,12,1.6744505736197255,27.5,2,,False,5.0,"https://static.www.nfl.com/image/upload/f_auto,q_auto/league/u2b8s2s0ix5hntyg3eog",1.0,0.0,0.0,0.0,0.0,7.171813340916843,0.0322430609455584,0.0,0.0,0.0,0.0,0.0,0.0,23.0,"[0.0, 0.0, 0.0, 0.0, 0.0, 0.2, 0.51, 0.8, 1.08, 1.36, 1.62, 1.87, 2.19, 2.77, 3.5, 4.58, 6.05, 8.0, 11.23]",Active,True,Active,4426485.0,1,2.0,2.0,2026-09-15 17:18:27,,
460,92,00-0035125,Alec Ingold,RB,LAC,LV,1.0,2026_02_LV_LAC,2026-09-20 16:05:00,2.3364089822172884,0.0,5.585854276793078,2.1928620467809425,0.1435469354363459,C,28,-3.108890259660829,25.25,4,,False,,"https://static.www.nfl.com/image/upload/f_auto,q_auto/league/saqgxmq3xrr68byket0r",0.7462560625676012,0.1358369013918219,0.0,0.0,0.6288760677009861,3.4898945162061685,0.0266907584302438,0.0,0.0,0.0,0.0,0.0,0.0,18.25,"[0.0, 0.0, 0.0, 0.0, 0.0, 0.17, 0.45, 0.71, 0.95, 1.21, 1.47, 1.78, 2.12, 2.62, 3.26, 4.13, 5.59, 7.36, 10.79]",Active,True,Active,3917668.0,1,0.0,0.0,2026-09-15 17:18:27,,
461,80,00-0037004,Hunter Long,TE,ARI,SEA,1.0,2026_02_SEA_ARI,2026-09-20 16:25:00,2.308107426075214,0.0,5.70021837766709,2.805427269749244,-0.4973198436740302,D,18,-1.0937770456780598,18.5,2,,False,3.0,"https://static.www.nfl.com/image/upload/f_auto,q_auto/league/wlj6sdfj5qcy8bt2qyxb",1.4573144858907323,0.0,0.0,0.0,0.0,7.078658536045481,0.0406971043481991,0.0,0.0,0.0,0.0,0.0,0.0,23.0,"[0.0, 0.0, 0.0, 0.0, 0.0, 0.21, 0.5, 0.77, 1.05, 1.34, 1.62, 1.98, 2.34, 2.83, 3.53, 4.38, 5.7, 7.42, 9.96]",Active,True,Active,4239944.0,1,0.0,0.0,2026-09-15 17:18:27,,
462,81,00-0039824,Jared Wiley,TE,KC,IND,1.0,2026_02_IND_KC,2026-09-20 20:20:00,2.271267736183484,0.0,5.66337868777536,1.6220850850758477,0.6491826511076364,B,9,1.796237783937545,27.0,2,,True,3.0,"https://static.www.nfl.com/image/upload/f_auto,q_auto/league/qbu14rgh4wchepqsrgb0",0.4783526912503054,0.0,0.0,0.0,0.0,1.913410765001221,0.014948521601572,0.0,0.0,0.0,0.0,0.0,0.0,20.5,"[0.0, 0.0, 0.0, 0.0, 0.0, 0.17, 0.46, 0.74, 1.01, 1.3, 1.59, 1.94, 2.31, 2.8, 3.5, 4.34, 5.66, 7.38, 9.92]",Active,True,Active,4430723.0,0,0.0,,2026-09-15 17:18:27,,
463,82,00-0037013,Zach Wilson,QB,NO,BAL,0.0,2026_02_NO_BAL,2026-09-20 13:00:00,2.2432159865699344,0.0,9.265913334488268,3.480497220345095,-1.2372812337751604,D,23,-1.6045644879737606,19.0,3,,False,3.0,"https://static.www.nfl.com/image/upload/f_auto,q_auto/league/i17xpbsar7evcypbhtel",0.0,0.7382003868005074,2.553053195663265,6.99215986240331,0.1358195959999063,0.0,0.0,0.0,0.0,0.0,0.0,0.0,0.0,27.5,"[0.0, 0.0, 0.0, 0.0, 0.0, 0.0, 0.0, 0.0, 0.0, 0.0, 0.34, 0.98, 1.78, 3.17, 5.45, 7.0, 9.27, 11.79, 16.53]",Active,True,Active,4361259.0,0,0.0,,2026-09-15 17:18:27,,
464,146,00-0037524,Tay Martin,WR,DET,BUF,0.0,2026_02_DET_BUF,2026-09-17 20:15:00,2.241313218760308,0.0,5.939131131577442,2.0244122523344115,0.2169009664258965,C,11,1.7504780414516543,24.5,2,,True,5.0,"https://static.www.nfl.com/image/upload/f_auto,q_auto/league/ttdp5v9tl0zqmb0dmmuv",0.3280950200713848,0.0,0.0,0.0,0.0,3.737580859827312,0.0139806799744135,0.0,0.0,0.0,0.0,0.0,0.0,29.0,"[0.0, 0.0, 0.0, 0.0, 0.0, 0.09, 0.4, 0.69, 0.97, 1.25, 1.51, 1.76, 2.08, 2.65, 3.38, 4.47, 5.94, 7.89, 11.11]",Active,True,Active,4245144.0,1,0.0,0.0,2026-09-15 17:18:27,,
465,147,00-0040184,KeAndre Lambert-Smith,WR,LAC,LV,1.0,2026_02_LV_LAC,2026-09-20 16:05:00,2.234926414439448,0.0,5.932744327256581,1.9577554272235125,0.2771709872159356,C,18,-0.5956184210171277,25.25,2,,False,5.0,"https://static.www.nfl.com/image/upload/f_auto,q_auto/league/xhhzgylwh0ptvpaghnuu",1.430847621200465,0.0,0.0,0.0,0.0,6.500898387805312,0.0420622526339492,0.0,0.0,0.0,0.0,0.0,0.0,18.25,"[0.0, 0.0, 0.0, 0.0, 0.0, 0.08, 0.39, 0.68, 0.96, 1.24, 1.5, 1.75, 2.07, 2.65, 3.38, 4.46, 5.93, 7.88, 11.11]",Active,True,Active,4430870.0,0,0.0,,2026-09-15 17:18:27,,
466,148,00-0038359,Xavier Smith,WR,LA,NYG,1.0,2026_02_NYG_LA,2026-09-21 20:15:00,2.230153713510721,0.0,5.927971626327855,1.896433515442021,0.3337201980686997,C,27,-6.225112076595758,27.75,2,,False,5.0,"https://static.www.nfl.com/image/upload/f_auto,q_auto/league/hqvwpitewijx8bjrcofe",0.944333840976957,0.0,0.0,0.0,0.0,11.740979168178962,0.0280535850986132,0.0,0.0,0.0,0.0,0.0,0.0,20.75,"[0.0, 0.0, 0.0, 0.0, 0.0, 0.08, 0.39, 0.67, 0.96, 1.24, 1.5, 1.75, 2.06, 2.64, 3.37, 4.45, 5.93, 7.88, 11.1]",Active,True,Active,4386544.0,1,0.0,0.0,2026-09-15 17:18:27,,
467,93,00-0038489,Ben VanSumeren,RB,KC,IND,1.0,2026_02_IND_KC,2026-09-20 20:20:00,2.200587504357245,0.0,5.450032798933034,1.5214462638018116,0.6791412405554333,B,6,5.822443313944017,27.0,4,,True,,"https://static.www.nfl.com/image/upload/f_auto,q_auto/league/ncnb1nwr2b1usus557xy",0.0,0.0,0.0,0.0,0.0,0.0,0.0,0.0,0.0,0.0,0.0,0.0,0.0,20.5,"[0.0, 0.0, 0.0, 0.0, 0.0, 0.04, 0.31, 0.58, 0.82, 1.07, 1.33, 1.64, 1.98, 2.48, 3.12, 3.99, 5.45, 7.22, 10.66]",Active,True,Active,4372070.0,1,0.0,0.0,2026-09-15 17:18:27,,
468,82,00-0038046,Charlie Kolar,TE,LAC,LV,1.0,2026_02_LV_LAC,2026-09-20 16:05:00,2.1964761286945285,0.0,5.588587080286405,2.045736140170724,0.1507399885238043,C,19,-1.1252041114523927,25.25,2,,False,1.0,"https://static.www.nfl.com/image/upload/f_auto,q_auto/league/g75ws8vkqz9cqwifhcy7",0.6964948444648278,0.0,0.0,0.0,0.0,6.913784985162061,0.028184206748791,0.0,0.0,0.0,0.0,0.0,0.0,18.25,"[0.0, 0.0, 0.0, 0.0, 0.0, 0.1, 0.38, 0.66, 0.94, 1.23, 1.51, 1.87, 2.23, 2.72, 3.42, 4.27, 5.59, 7.31, 9.85]",Active,True,Active,4241263.0,1,0.0,0.0,2026-09-15 17:18:27,,
469,83,00-0040203,Will Howard,QB,PIT,NE,0.0,2026_02_PIT_NE,2026-09-20 13:00:00,2.1934513843967025,0.0,9.216148732315038,3.2823376417233563,-1.0888862573266538,D,29,-3.406400910232919,18.5,3,,True,3.0,"https://static.www.nfl.com/image/upload/f_auto,q_auto/league/wzt7xj9ownxfit5igpcd",0.0,0.0,0.0,0.0,0.0,0.0,0.0,0.0,0.0,0.0,0.0,0.0,0.0,23.0,"[0.0, 0.0, 0.0, 0.0, 0.0, 0.0, 0.0, 0.0, 0.0, 0.0, 0.29, 0.93, 1.73, 3.12, 5.4, 6.95, 9.22, 11.74, 16.48]",Active,True,Active,4429955.0,0,0.0,,2026-09-15 17:18:27,,
470,149,00-0040563,Efton Chism III,WR,NE,PIT,1.0,2026_02_PIT_NE,2026-09-20 13:00:00,2.168111954563289,0.0,5.865929867380423,2.1853708648861048,-0.0172589103228153,C,24,-3.3810864789248005,23.0,2,,False,5.0,"https://static.www.nfl.com/image/upload/f_auto,q_auto/league/zbnf3ujmwprzgjnwdtlo",0.4725995107598589,0.0,0.1313215297623564,0.0,0.0,11.258325821475731,0.0197191033389878,0.0,0.0,0.0,0.0,0.0,0.0,18.5,"[0.0, 0.0, 0.0, 0.0, 0.0, 0.02, 0.32, 0.61, 0.9, 1.17, 1.44, 1.69, 2.0, 2.58, 3.31, 4.39, 5.87, 7.82, 11.04]",Active,True,Active,4695193.0,0,0.0,,2026-09-15 17:18:27,,
471,150,00-0040218,Jimmy Horn Jr.,WR,CAR,ATL,0.0,2026_02_CAR_ATL,2026-09-20 13:00:00,2.155914567057416,0.0,5.853732479874549,2.152765205559328,0.0031493614980879,C,14,1.0107708755247298,23.0,2,,False,4.0,"https://static.www.nfl.com/image/upload/f_auto,q_auto/league/gggcgfbghcft0xwxtrhk",1.3057411648644264,0.3756335125096932,0.0,0.0,3.627375780814673,5.590488422889436,0.0484131378812925,0.0,0.0,0.0,0.0,0.0,0.0,20.5,"[0.0, 0.0, 0.0, 0.0, 0.0, 0.0, 0.31, 0.6, 0.89, 1.16, 1.42, 1.67, 1.99, 2.57, 3.3, 4.38, 5.85, 7.81, 11.03]",Active,True,Active,4708486.0,1,0.0,0.0,2026-09-15 17:18:27,,
472,84,00-0040891,Cole Payton,QB,PHI,TEN,0.0,2026_02_PHI_TEN,2026-09-20 13:00:00,2.1087859810776144,0.0,9.131483328995948,2.179651851851852,-0.0708658707742375,C,14,0.7384638850487145,23.25,3,,True,4.0,"https://static.www.nfl.com/image/upload/f_auto,q_auto/league/qt8hajjwkvpynr8nwepz",0.0,0.0,0.0,0.0,0.0,0.0,0.0,0.0,0.0,0.0,0.0,0.0,0.0,16.25,"[0.0, 0.0, 0.0, 0.0, 0.0, 0.0, 0.0, 0.0, 0.0, 0.0, 0.2, 0.84, 1.64, 3.03, 5.32, 6.87, 9.13, 11.66, 16.4]",Active,True,Active,4879250.0,0,0.0,,2026-09-15 17:18:27,,
473,151,00-0037091,Bo Melton,WR,GB,NYJ,0.0,2026_02_GB_NYJ,2026-09-20 13:00:00,2.0943095125432034,0.0,5.792127425360337,2.034715624378557,0.0595938881646462,C,20,-1.6410024811260728,24.5,2,,False,5.0,"https://static.www.nfl.com/image/upload/f_auto,q_auto/league/d7hxvsyeufobjykcxhls",1.0968302536322814,0.2554629376221791,0.0,0.0,1.748046301408463,9.738205238575276,0.0411050367467381,0.0,0.0,0.0,0.0,0.0,0.0,20.0,"[0.0, 0.0, 0.0, 0.0, 0.0, 0.0, 0.25, 0.54, 0.82, 1.1, 1.36, 1.61, 1.93, 2.51, 3.24, 4.32, 5.79, 7.74, 10.97]",Active,True,Active,4259305.0,1,2.0,2.0,2026-09-15 17:18:27,,
474,94,00-0040198,Ollie Gordon II,RB,MIA,SF,0.0,2026_02_MIA_SF,2026-09-20 16:25:00,2.074023606119788,0.0,5.323468900695577,2.675282062359053,-0.6012584562392655,D,13,1.8998850634995037,16.0,4,,False,3.0,"https://static.www.nfl.com/image/upload/f_auto,q_auto/league/bv33rgypaauv7sealwkr",0.4341518502696634,4.056735211746044,0.0,0.0,10.542149626638077,1.6162695516854535,0.015355039622611,0.0,0.0,0.0,0.0,0.0,0.0,29.5,"[0.0, 0.0, 0.0, 0.0, 0.0, 0.0, 0.18, 0.45, 0.69, 0.95, 1.2, 1.52, 1.86, 2.36, 2.99, 3.86, 5.32, 7.1, 10.53]",Active,True,Active,4711533.0,0,0.0,,2026-09-15 17:18:27,,
475,95,00-0033376,Patrick Ricard,RB,NYG,LA,0.0,2026_02_NYG_LA,2026-09-21 20:15:00,2.063629911176076,0.0,5.313075205751865,2.510450479896289,-0.4468205687202129,D,26,-2.1278209076653165,20.75,4,,False,,"https://static.www.nfl.com/image/upload/f_auto,q_auto/league/nm7ezh46zd5bdxaxz6a9",0.7065383850756705,0.08663464062961,0.0,0.0,0.2599039218888302,0.98015906999771,0.0269149980872488,0.0,0.0,0.0,0.0,0.0,0.0,27.75,"[0.0, 0.0, 0.0, 0.0, 0.0, 0.0, 0.17, 0.44, 0.68, 0.94, 1.19, 1.51, 1.85, 2.35, 2.98, 3.85, 5.31, 7.09, 10.52]",Active,True,Active,2975417.0,1,0.0,0.0,2026-09-15 17:18:27,,
476,85,00-0035289,Gardner Minshew,QB,ARI,SEA,1.0,2026_02_SEA_ARI,2026-09-20 16:25:00,2.018097259613372,0.0,9.040794607531703,3.1833704017732263,-1.1652731421598546,D,30,-4.627887111943783,18.5,3,,False,2.0,"https://static.www.nfl.com/image/upload/f_auto,q_auto/league/knlacyr7rqfkcxiriudj",0.0,1.4352200750238049,3.566165848252953,9.967138121795587,0.896568221090778,0.0,0.0,0.0,0.0,0.0,0.0,0.0,0.0,23.0,"[0.0, 0.0, 0.0, 0.0, 0.0, 0.0, 0.0, 0.0, 0.0, 0.0, 0.11, 0.75, 1.55, 2.94, 5.23, 6.78, 9.04, 11.57, 16.31]",Active,True,Active,4038524.0,0,0.0,,2026-09-15 17:18:27,,
477,83,00-0038710,Blake Whiteheart,TE,CLE,TB,0.0,2026_02_CLE_TB,2026-09-20 13:00:00,2.001025213958281,0.0,5.393136165550157,2.1065165528674736,-0.1054913389091924,C,3,6.801184022548157,16.0,2,,False,2.0,"https://static.www.nfl.com/image/upload/f_auto,q_auto/league/senw8edxu2ovkg1dbdxs",0.8107013411237695,0.0,0.0,0.0,0.0,5.507566496402274,0.0336627871895453,0.0,0.0,0.0,0.0,0.0,0.0,24.5,"[0.0, 0.0, 0.0, 0.0, 0.0, 0.0, 0.19, 0.47, 0.74, 1.03, 1.32, 1.67, 2.04, 2.53, 3.23, 4.07, 5.39, 7.11, 9.65]",Active,True,Active,4362018.0,1,2.4,2.4,2026-09-15 17:18:27,,
478,96,00-0036842,Kene Nwangwu,RB,NYJ,GB,1.0,2026_02_GB_NYJ,2026-09-20 13:00:00,1.9908828496548037,0.0,5.240328144230593,1.9018653412571285,0.0890175083976752,C,12,3.032338760448507,20.0,4,,False,4.0,"https://static.www.nfl.com/image/upload/f_auto,q_auto/league/rlnqgz517fsohrndgjrb",0.1432071436712804,1.7903791842731016,0.0,0.0,6.648696008716098,0.0,0.0065094156214218,0.0,0.0,0.0,0.0,0.0,0.0,24.5,"[0.0, 0.0, 0.0, 0.0, 0.0, 0.0, 0.1, 0.37, 0.61, 0.86, 1.12, 1.43, 1.77, 2.28, 2.91, 3.78, 5.24, 7.01, 10.45]",Active,True,Active,4035537.0,0,0.0,,2026-09-15 17:18:27,,
479,84,00-0040081,Jake Briningstool,TE,KC,IND,1.0,2026_02_IND_KC,2026-09-20 20:20:00,1.958987840187846,0.0,5.351098791779722,1.5994718385533748,0.3595160016344711,B,9,1.796237783937545,27.0,2,,True,4.0,"https://static.www.nfl.com/image/upload/f_auto,q_auto/league/q7n84oth87v1glz5a5sz",1.0,0.0,0.0,0.0,0.0,9.0,0.04,0.0,0.0,0.0,0.0,0.0,0.0,20.5,"[0.0, 0.0, 0.0, 0.0, 0.0, 0.0, 0.15, 0.42, 0.7, 0.99, 1.28, 1.63, 1.99, 2.48, 3.18, 4.03, 5.35, 7.07, 9.61]",Active,True,Active,4431196.0,1,1.9,1.9,2026-09-15 17:18:27,,
480,97,00-0036727,Adam Prentice,RB,DEN,JAX,1.0,2026_02_JAX_DEN,2026-09-20 16:05:00,1.8832124040646836,0.0,5.132657698640473,1.9797558096903252,-0.096543405625642,C,30,-4.289422922778532,23.5,4,,False,,"https://static.www.nfl.com/image/upload/f_auto,q_auto/league/xuvyqidnso9ga1dfefoy",0.5838349480531935,0.7602248712509136,0.0,0.0,3.064161711040844,3.3085528744712227,0.0156448606349899,0.0,0.0,0.0,0.0,0.0,0.0,21.0,"[0.0, 0.0, 0.0, 0.0, 0.0, 0.0, 0.0, 0.26, 0.5, 0.76, 1.01, 1.32, 1.67, 2.17, 2.8, 3.67, 5.13, 6.91, 10.34]",Active,True,Active,3929914.0,0,0.0,,2026-09-15 17:18:27,,
481,152,00-0040718,Travis Hunter,WR,JAX,DEN,0.0,2026_02_JAX_DEN,2026-09-20 16:05:00,1.8756152123914944,0.0,5.573433125208628,2.7540648308768167,-0.8784496184853221,D,30,-9.235683288448875,21.0,2,,True,5.0,"https://static.www.nfl.com/image/upload/f_auto,q_auto/league/absw1gfqoiztajjagmf6",0.0,0.0,0.0,0.0,0.0,0.0,0.0,0.0,0.0,0.0,0.0,0.0,0.0,23.5,"[0.0, 0.0, 0.0, 0.0, 0.0, 0.0, 0.03, 0.32, 0.61, 0.88, 1.14, 1.39, 1.71, 2.29, 3.02, 4.1, 5.57, 7.52, 10.75]",Active,True,Active,4685415.0,0,0.0,,2026-09-15 17:18:27,,
482,153,00-0041106,C.J. Williams,WR,JAX,DEN,0.0,2026_02_JAX_DEN,2026-09-20 16:05:00,1.8756152123914944,0.0,5.573433125208628,2.7540648308768167,-0.8784496184853221,D,30,-9.235683288448875,21.0,2,,True,6.0,"https://static.www.nfl.com/image/upload/f_auto,q_auto/league/svmb2citno2f6zqc9qbm",0.0,0.0,0.0,0.0,0.0,0.0,0.0,0.0,0.0,0.0,0.0,0.0,0.0,23.5,"[0.0, 0.0, 0.0, 0.0, 0.0, 0.0, 0.03, 0.32, 0.61, 0.88, 1.14, 1.39, 1.71, 2.29, 3.02, 4.1, 5.57, 7.52, 10.75]",Active,True,Active,5085024.0,0,0.0,,2026-09-15 17:18:27,,
483,85,00-0041524,Will Kacmarek,TE,MIA,SF,0.0,2026_02_MIA_SF,2026-09-20 16:25:00,1.8340720176854968,0.0,5.226182969277373,3.192423551149938,-1.3583515334644412,F,32,-6.500651164614436,16.0,2,,True,2.0,"https://static.www.nfl.com/image/upload/f_auto,q_auto/league/erqascuieblamkhf2vbs",1.0,0.0,0.0,0.0,0.0,0.0,0.037037037037037,0.0,0.0,0.0,0.0,0.0,0.0,29.5,"[0.0, 0.0, 0.0, 0.0, 0.0, 0.0, 0.02, 0.3, 0.57, 0.86, 1.15, 1.51, 1.87, 2.36, 3.06, 3.91, 5.23, 6.95, 9.49]",Active,True,Active,4880236.0,1,0.0,0.0,2026-09-15 17:18:27,,
484,154,00-0040075,LaJohntay Wester,WR,BAL,NO,1.0,2026_02_NO_BAL,2026-09-20 13:00:00,1.8167433449651436,0.0,5.514561257782277,1.385738980667531,0.4310043642976122,B,23,-2.343227167802405,27.5,2,,False,6.0,"https://static.www.nfl.com/image/upload/f_auto,q_auto/league/t6cyhtqoihm88xppswud",0.6335820756181124,0.0,0.0,0.0,0.0,4.751865567135844,0.0263992531507546,0.0,0.0,0.0,0.0,0.0,0.0,19.0,"[0.0, 0.0, 0.0, 0.0, 0.0, 0.0, 0.0, 0.26, 0.55, 0.82, 1.09, 1.33, 1.65, 2.23, 2.96, 4.04, 5.51, 7.47, 10.69]",Active,True,Active,4690143.0,1,3.5,3.5,2026-09-15 17:18:27,,
485,98,00-0034959,Andrew Beck,RB,NYJ,GB,1.0,2026_02_GB_NYJ,2026-09-20 13:00:00,1.802333154739518,0.0,5.051778449315307,1.7133156463418429,0.0890175083976752,C,12,3.032338760448507,20.0,4,,False,,"https://static.www.nfl.com/image/upload/f_auto,q_auto/league/zv8xb3nfxamq7sqa1xqt",0.8748233591825024,0.123863557928786,0.0,0.0,0.6193177896439301,4.346178961212213,0.0329504976293024,0.0,0.0,0.0,0.0,0.0,0.0,24.5,"[0.0, 0.0, 0.0, 0.0, 0.0, 0.0, 0.0, 0.18, 0.42, 0.67, 0.93, 1.24, 1.59, 2.09, 2.72, 3.59, 5.05, 6.82, 10.26]",Active,True,Active,3125107.0,0,0.0,,2026-09-15 17:18:27,,
486,86,00-0037755,Jelani Woods,TE,NYJ,GB,1.0,2026_02_GB_NYJ,2026-09-20 13:00:00,1.799847463950356,0.0,5.191958415542232,1.849652750262516,-0.0498052863121603,C,8,2.6796858763286537,20.0,2,,True,4.0,"https://static.www.nfl.com/image/upload/f_auto,q_auto/league/bnezem4laynlarqnpyc5",1.4783526912503056,0.0,0.0,0.0,0.0,2.0865892349987782,0.0444398720013871,0.0,0.0,0.0,0.0,0.0,0.0,24.5,"[0.0, 0.0, 0.0, 0.0, 0.0, 0.0, 0.0, 0.26, 0.54, 0.83, 1.12, 1.47, 1.83, 2.32, 3.03, 3.87, 5.19, 6.91, 9.45]",Active,True,Active,4241410.0,0,0.0,,2026-09-15 17:18:27,,
487,99,00-0040886,Nicholas Singleton,RB,TEN,PHI,1.0,2026_02_PHI_TEN,2026-09-20 13:00:00,1.7952336494721528,0.0,5.044678944047942,2.153754490854079,-0.3585208413819261,C,15,1.5859714878510949,16.25,4,,True,4.0,"https://static.www.nfl.com/image/upload/f_auto,q_auto/league/ztwqbc0s69cbz5ow0r0q",0.0,0.0,0.0,0.0,0.0,0.0,0.0,0.0,0.0,0.0,0.0,0.0,0.0,23.25,"[0.0, 0.0, 0.0, 0.0, 0.0, 0.0, 0.0, 0.17, 0.41, 0.67, 0.93, 1.24, 1.58, 2.08, 2.72, 3.58, 5.04, 6.82, 10.25]",Active,True,Active,4685555.0,0,0.0,,2026-09-15 17:18:27,,
488,100,00-0039746,Will Shipley,RB,PHI,TEN,0.0,2026_02_PHI_TEN,2026-09-20 13:00:00,1.786386592475659,0.0,5.035831887051448,1.6412733559291892,0.1451132365464698,C,9,3.17945343942622,23.25,4,,False,3.0,"https://static.www.nfl.com/image/upload/f_auto,q_auto/league/pvpaepncsdfgzdubkuhg",0.9568903600054308,1.1876809991153936,0.0,0.0,2.8657664882307867,5.606890034416421,0.0351954408903849,0.0,0.0,0.0,0.0,0.0,0.0,16.25,"[0.0, 0.0, 0.0, 0.0, 0.0, 0.0, 0.0, 0.16, 0.4, 0.66, 0.92, 1.23, 1.57, 2.07, 2.71, 3.58, 5.04, 6.81, 10.24]",Active,True,Active,4431545.0,1,2.2,2.2,2026-09-15 17:18:27,,
489,87,00-0039814,Erick All,TE,CIN,HOU,0.0,2026_02_CIN_HOU,2026-09-20 13:00:00,1.762702607726417,0.0,5.154813559318293,1.8940582961598589,-0.1313556884334419,C,15,-0.6616652477521382,22.0,2,,True,3.0,"https://static.www.nfl.com/image/upload/f_auto,q_auto/league/ifkhcxze7lnxkpzjvsmk",0.0,0.0,0.0,0.0,0.0,0.0,0.0,0.0,0.0,0.0,0.0,0.0,0.0,24.5,"[0.0, 0.0, 0.0, 0.0, 0.0, 0.0, 0.0, 0.23, 0.5, 0.79, 1.08, 1.43, 1.8, 2.29, 2.99, 3.83, 5.15, 6.87, 9.42]",Active,True,Active,4427834.0,0,0.0,,2026-09-15 17:18:27,,
490,155,00-0038640,Jalen Brooks,WR,ARI,SEA,1.0,2026_02_SEA_ARI,2026-09-20 16:25:00,1.7393551914084595,0.0,5.437173104225593,2.3628351448245564,-0.6234799534160969,D,31,-9.511779482215054,18.5,2,,False,4.0,"https://static.www.nfl.com/image/upload/f_auto,q_auto/league/xeg0tvg6klf0afgddkq6",1.1416139939506833,0.0,0.0,0.0,0.0,9.596629842647378,0.0280828056074032,0.0,0.0,0.0,0.0,0.0,0.0,23.0,"[0.0, 0.0, 0.0, 0.0, 0.0, 0.0, 0.0, 0.18, 0.47, 0.75, 1.01, 1.26, 1.57, 2.15, 2.88, 3.96, 5.44, 7.39, 10.61]",Active,True,Active,4692835.0,0,0.0,,2026-09-15 17:18:27,,
491,88,00-0036590,Quintin Morris,TE,JAX,DEN,0.0,2026_02_JAX_DEN,2026-09-20 16:05:00,1.7344620008964835,0.0,5.12657295248836,1.8562838777103303,-0.121821876813847,C,14,0.2151350830441153,21.0,2,,False,3.0,"https://static.www.nfl.com/image/upload/f_auto,q_auto/league/auqtvapzdtpdxg6myw6b",0.9039972135574884,0.0,0.0,0.0,0.0,3.504428570725844,0.0374725842444261,0.0,0.0,0.0,0.0,0.0,0.0,23.5,"[0.0, 0.0, 0.0, 0.0, 0.0, 0.0, 0.0, 0.2, 0.47, 0.76, 1.05, 1.41, 1.77, 2.26, 2.96, 3.81, 5.13, 6.85, 9.39]",Active,True,Active,4244049.0,1,0.0,0.0,2026-09-15 17:18:27,,
492,156,00-0041070,Reggie Virgil,WR,ARI,SEA,1.0,2026_02_SEA_ARI,2026-09-20 16:25:00,1.7174939431288736,0.0,5.415311855946007,2.7540648308768167,-1.0365708877479431,F,31,-9.511779482215054,18.5,2,,True,7.0,"https://static.www.nfl.com/image/upload/f_auto,q_auto/league/hmaylhc9nc2zmqjdw1ib",0.0,0.0,0.0,0.0,0.0,0.0,0.0,0.0,0.0,0.0,0.0,0.0,0.0,23.0,"[0.0, 0.0, 0.0, 0.0, 0.0, 0.0, 0.0, 0.16, 0.45, 0.72, 0.99, 1.24, 1.55, 2.13, 2.86, 3.94, 5.42, 7.37, 10.59]",Active,True,Active,4869132.0,0,0.0,,2026-09-15 17:18:27,,
493,157,00-0040621,Montorie Foster Jr,WR,SEA,ARI,0.0,2026_02_SEA_ARI,2026-09-20 16:25:00,1.707989761341734,0.0,5.405807674158868,1.992164465762404,-0.2841747044206699,C,19,-1.2448508455267375,23.0,2,,True,5.0,"https://static.www.nfl.com/image/upload/f_auto,q_auto/league/qkyl0pfhi4pmzdtodu9k",0.0,0.0,0.0,0.0,0.0,0.0,0.0,0.0,0.0,0.0,0.0,0.0,0.0,18.5,"[0.0, 0.0, 0.0, 0.0, 0.0, 0.0, 0.0, 0.15, 0.44, 0.71, 0.98, 1.23, 1.54, 2.12, 2.85, 3.93, 5.41, 7.36, 10.58]",Active,True,Active,4600597.0,1,0.0,0.0,2026-09-15 17:18:27,,
494,89,00-0038498,E.J. Jenkins,TE,PHI,TEN,0.0,2026_02_PHI_TEN,2026-09-20 13:00:00,1.6951578934724283,0.0,5.087268845064305,1.707992381478566,-0.0128344880061375,C,21,-1.173489155247301,23.25,2,,True,3.0,"https://static.www.nfl.com/image/upload/f_auto,q_auto/league/jmhuk0gcnyotcjhdxo6v",0.0,0.0,0.0,0.0,0.0,0.0,0.0,0.0,0.0,0.0,0.0,0.0,0.0,16.25,"[0.0, 0.0, 0.0, 0.0, 0.0, 0.0, 0.0, 0.16, 0.43, 0.72, 1.01, 1.37, 1.73, 2.22, 2.92, 3.77, 5.09, 6.81, 9.35]",Active,True,Active,4248557.0,0,0.0,,2026-09-15 17:18:27,,
495,90,00-0038783,Nate Adkins,TE,DEN,JAX,1.0,2026_02_JAX_DEN,2026-09-20 16:05:00,1.6936068378300035,0.0,5.08571778942188,1.7472375670155245,-0.0536307291855209,C,24,-1.5977230026046545,23.5,2,,False,3.0,"https://static.www.nfl.com/image/upload/f_auto,q_auto/league/hedaw0ksq5qdzp9uhe3w",0.9481866038958848,0.0,0.0,0.0,0.0,3.791464026151764,0.0251968448107731,0.0,0.0,0.0,0.0,0.0,0.0,21.0,"[0.0, 0.0, 0.0, 0.0, 0.0, 0.0, 0.0, 0.16, 0.43, 0.72, 1.01, 1.36, 1.73, 2.22, 2.92, 3.76, 5.09, 6.81, 9.35]",Active,True,Active,4383440.0,1,0.0,0.0,2026-09-15 17:18:27,,
496,86,00-0040673,Jalen Milroe,QB,SEA,ARI,0.0,2026_02_SEA_ARI,2026-09-20 16:25:00,1.6714645404531483,0.0,8.694161888371482,2.5376848985942297,-0.8662203581410814,D,22,-1.5817148455611565,23.0,3,,True,3.0,"https://static.www.nfl.com/image/upload/f_auto,q_auto/league/hohqoqpdyquxn1sr1fm2",0.0,1.0,0.0,0.0,1.302406884864705,0.0,0.0,0.0,0.0,0.0,0.0,0.0,0.0,18.5,"[0.0, 0.0, 0.0, 0.0, 0.0, 0.0, 0.0, 0.0, 0.0, 0.0, 0.0, 0.41, 1.2, 2.6, 4.88, 6.43, 8.69, 11.22, 15.96]",Active,True,Active,4432734.0,0,0.0,,2026-09-15 17:18:27,,
497,158,00-0036463,Chris Blair,WR,ATL,CAR,1.0,2026_02_CAR_ATL,2026-09-20 13:00:00,1.6253158112540451,0.0,5.3231337240711785,1.7498598835332015,-0.1245440722791564,C,7,2.917006468558417,20.5,2,,True,5.0,"https://static.www.nfl.com/image/upload/f_auto,q_auto/league/gfkhv6k1wr45fnhl0p1d",0.0,0.0,0.0,0.0,0.0,0.0,0.0,0.0,0.0,0.0,0.0,0.0,0.0,23.0,"[0.0, 0.0, 0.0, 0.0, 0.0, 0.0, 0.0, 0.07, 0.36, 0.63, 0.89, 1.14, 1.46, 2.04, 2.77, 3.85, 5.32, 7.27, 10.5]",Active,True,Active,4369886.0,1,0.0,0.0,2026-09-15 17:18:27,,
498,91,00-0040215,Gavin Bartholomew,TE,MIN,CHI,0.0,2026_02_MIN_CHI,2026-09-20 13:00:00,1.6192441858521194,0.0,5.011355137443996,1.8940582961598589,-0.2748141103077395,D,22,-1.2319521021171689,21.5,2,,True,3.0,"https://static.www.nfl.com/image/upload/f_auto,q_auto/league/vezjblfvo9gduiyonlum",0.0,0.0,0.0,0.0,0.0,0.0,0.0,0.0,0.0,0.0,0.0,0.0,0.0,27.0,"[0.0, 0.0, 0.0, 0.0, 0.0, 0.0, 0.0, 0.08, 0.36, 0.65, 0.94, 1.29, 1.65, 2.14, 2.85, 3.69, 5.01, 6.73, 9.27]",Active,True,Active,4708049.0,0,0.0,,2026-09-15 17:18:27,,
499,159,00-0040582,Arian Smith,WR,NYJ,GB,1.0,2026_02_GB_NYJ,2026-09-20 13:00:00,1.582120951169948,0.0,5.2799388639870815,1.7016048380355846,-0.1194838868656367,C,9,2.266288651925167,20.0,2,,False,5.0,"https://static.www.nfl.com/image/upload/f_auto,q_auto/league/asywvwrn6zhlidxothqn",1.162287838960134,0.2271310098643533,0.0,0.0,1.0134659085212727,2.370284960890322,0.044594778726537,0.0,0.0,0.0,0.0,0.0,0.0,24.5,"[0.0, 0.0, 0.0, 0.0, 0.0, 0.0, 0.0, 0.03, 0.31, 0.59, 0.85, 1.1, 1.42, 2.0, 2.72, 3.81, 5.28, 7.23, 10.45]",Active,True,Active,4429105.0,1,0.0,0.0,2026-09-15 17:18:27,,
500,92,00-0041314,Tanner Arkin,TE,NE,PIT,1.0,2026_02_PIT_NE,2026-09-20 13:00:00,1.5729822927529216,0.0,4.965093244344798,1.8940582961598589,-0.3210760034069373,D,31,-3.6738201177053993,23.0,2,,True,3.0,"https://static.www.nfl.com/image/upload/f_auto,q_auto/league/vgc4lne9seywphzadlav",0.0,0.0,0.0,0.0,0.0,0.0,0.0,0.0,0.0,0.0,0.0,0.0,0.0,18.5,"[0.0, 0.0, 0.0, 0.0, 0.0, 0.0, 0.0, 0.04, 0.31, 0.6, 0.89, 1.24, 1.61, 2.1, 2.8, 3.64, 4.97, 6.68, 9.23]",Active,True,Active,,0,0.0,,2026-09-15 17:18:27,,
501,160,00-0039920,Malachi Corley,WR,CLE,TB,0.0,2026_02_CLE_TB,2026-09-20 13:00:00,1.5633626287507996,0.0,5.261180541567933,2.5102466784303523,-0.9468840496795528,D,28,-8.752293208640241,16.0,2,,False,6.0,"https://static.www.nfl.com/image/upload/f_auto,q_auto/league/lay1p8pvwrglmqorc6ev",0.8602597657675445,0.7953133827627383,0.0,0.0,6.945441355649106,4.903289244770254,0.0361557712209707,0.0,0.0,0.0,0.0,0.0,0.0,24.5,"[0.0, 0.0, 0.0, 0.0, 0.0, 0.0, 0.0, 0.01, 0.29, 0.57, 0.83, 1.08, 1.4, 1.98, 2.71, 3.79, 5.26, 7.21, 10.44]",Active,True,Active,4613104.0,1,0.0,0.0,2026-09-15 17:18:27,,
502,93,00-0040887,Josh Cuevas,TE,BAL,NO,1.0,2026_02_NO_BAL,2026-09-20 13:00:00,1.5322785239939756,0.0,4.924389475585851,1.1972439021241104,0.3350346218698652,B,17,-0.9378762163706332,27.5,2,,True,4.0,"https://static.www.nfl.com/image/upload/f_auto,q_auto/league/maktufaiogxfm5ewjsi9",0.0,0.0,0.0,0.0,0.0,0.0,0.0,0.0,0.0,0.0,0.0,0.0,0.0,19.0,"[0.0, 0.0, 0.0, 0.0, 0.0, 0.0, 0.0, 0.0, 0.27, 0.56, 0.85, 1.2, 1.57, 2.06, 2.76, 3.6, 4.92, 6.64, 9.18]",Active,True,Active,4876132.0,0,0.0,,2026-09-15 17:18:27,,
503,94,00-0037311,Ko Kieft,TE,TB,CLE,1.0,2026_02_CLE_TB,2026-09-20 13:00:00,1.5166286111764695,0.0,4.908739562768345,1.4468622219869718,0.0697663891894977,C,23,-1.5253660225060928,24.5,2,,True,3.0,"https://static.www.nfl.com/image/upload/f_auto,q_auto/league/whd4f9mav6qqckqltqwu",0.0,0.0,0.0,0.0,0.0,0.0,0.0,0.0,0.0,0.0,0.0,0.0,0.0,16.0,"[0.0, 0.0, 0.0, 0.0, 0.0, 0.0, 0.0, 0.0, 0.26, 0.55, 0.83, 1.19, 1.55, 2.04, 2.74, 3.59, 4.91, 6.63, 9.17]",Active,True,Active,4034779.0,0,0.0,,2026-09-15 17:18:27,,
504,101,00-0039603,British Brooks,RB,HOU,CIN,1.0,2026_02_CIN_HOU,2026-09-20 13:00:00,1.514128822424495,0.0,4.763574117000284,1.2135507260539544,0.3005780963705406,C,17,0.1656555727829828,24.5,4,,False,3.0,"https://static.www.nfl.com/image/upload/f_auto,q_auto/league/jethzcwj6oeitvdprnk8",0.0,2.1626941359238145,0.0,0.0,10.004192911126484,0.0,0.0,0.0,0.0,0.0,0.0,0.0,0.0,22.0,"[0.0, 0.0, 0.0, 0.0, 0.0, 0.0, 0.0, 0.0, 0.13, 0.39, 0.64, 0.96, 1.3, 1.8, 2.43, 3.3, 4.76, 6.54, 9.97]",Active,True,Active,4373273.0,0,0.0,,2026-09-15 17:18:27,,
505,95,00-0031484,Chris Manhertz,TE,NYG,LA,0.0,2026_02_NYG_LA,2026-09-21 20:15:00,1.5074683752139275,0.0,4.899579326805804,1.8713970962569049,-0.3639287210429769,D,29,-2.6673490803285627,20.75,2,,False,,"https://static.www.nfl.com/image/upload/f_auto,q_auto/league/bw0kytk1nwrdln9t3wzg",0.5018709170128464,0.0,0.0,0.0,0.0,1.529534969900724,0.0161386848976933,0.0,0.0,0.0,0.0,0.0,0.0,27.75,"[0.0, 0.0, 0.0, 0.0, 0.0, 0.0, 0.0, 0.0, 0.25, 0.54, 0.82, 1.18, 1.54, 2.03, 2.73, 3.58, 4.9, 6.62, 9.16]",Active,True,Active,2531358.0,0,0.0,,2026-09-15 17:18:27,,
506,96,00-0041041,Oscar Delp,TE,NO,BAL,0.0,2026_02_NO_BAL,2026-09-20 13:00:00,1.4964078254760664,0.0,4.888518777067943,1.8940582961598589,-0.3976504706837924,D,16,-0.677426290365125,19.0,2,,True,3.0,"https://static.www.nfl.com/image/upload/f_auto,q_auto/league/a7tu8cb3rnd5ncgbtok5",0.0,0.0,0.0,0.0,0.0,0.0,0.0,0.0,0.0,0.0,0.0,0.0,0.0,27.5,"[0.0, 0.0, 0.0, 0.0, 0.0, 0.0, 0.0, 0.0, 0.24, 0.53, 0.81, 1.17, 1.53, 2.02, 2.72, 3.57, 4.89, 6.61, 9.15]",Active,True,Active,4702559.0,0,0.0,,2026-09-15 17:18:27,,
507,97,00-0033576,Eric Saubert,TE,SEA,ARI,0.0,2026_02_SEA_ARI,2026-09-20 16:25:00,1.4729130670256216,0.0,4.865024018617498,1.298571177699345,0.1743418893262767,C,11,1.5827795954035444,23.0,2,,False,2.0,"https://static.www.nfl.com/image/upload/f_auto,q_auto/league/czzieyox5rht6ae3g5tx",0.5211579137943166,0.0,0.0,0.0,0.0,2.023798249486921,0.0200924284217631,0.0,0.0,0.0,0.0,0.0,0.0,18.5,"[0.0, 0.0, 0.0, 0.0, 0.0, 0.0, 0.0, 0.0, 0.21, 0.5, 0.79, 1.14, 1.51, 2.0, 2.7, 3.54, 4.87, 6.58, 9.13]",Active,True,Active,2975863.0,1,0.0,0.0,2026-09-15 17:18:27,,
508,87,00-0041565,Drew Allar,QB,PIT,NE,0.0,2026_02_PIT_NE,2026-09-20 13:00:00,1.456571777130487,0.0,8.479269125048821,2.179651851851852,-0.723080074721365,D,29,-3.406400910232919,18.5,3,,True,4.0,"https://static.www.nfl.com/image/upload/f_auto,q_auto/league/sphuqnfrtzwsgeugeycz",0.0,0.0,0.0,0.0,0.0,0.0,0.0,0.0,0.0,0.0,0.0,0.0,0.0,23.0,"[0.0, 0.0, 0.0, 0.0, 0.0, 0.0, 0.0, 0.0, 0.0, 0.0, 0.0, 0.19, 0.99, 2.38, 4.67, 6.21, 8.48, 11.01, 15.75]",Active,True,Active,4714771.0,0,0.0,,2026-09-15 17:18:27,,
509,161,00-0041132,Deion Burks,WR,IND,KC,0.0,2026_02_IND_KC,2026-09-20 20:20:00,1.4352857269852444,0.0,5.133103639802378,2.7540648308768167,-1.3187791038915724,F,32,-15.12194552389023,20.5,2,,True,6.0,"https://static.www.nfl.com/image/upload/f_auto,q_auto/league/mbejyq733jilg3bkpzur",0.0,0.0,0.0,0.0,0.0,0.0,0.0,0.0,0.0,0.0,0.0,0.0,0.0,27.0,"[0.0, 0.0, 0.0, 0.0, 0.0, 0.0, 0.0, 0.0, 0.17, 0.44, 0.7, 0.95, 1.27, 1.85, 2.58, 3.66, 5.13, 7.08, 10.31]",Active,True,Active,4683151.0,0,0.0,,2026-09-15 17:18:27,,
510,162,00-0041397,Kaden Wetjen,WR,PIT,NE,0.0,2026_02_PIT_NE,2026-09-20 13:00:00,1.4351933692956615,0.0,5.133011282112795,2.258657486794436,-0.8234641174987742,D,16,-0.5789951616366913,18.5,2,,True,6.0,"https://static.www.nfl.com/image/upload/f_auto,q_auto/league/s44clgjdvd1tuslyqimk",0.0,0.0,0.0,0.0,0.0,0.0,0.0,0.0,0.0,0.0,0.0,0.0,0.0,23.0,"[0.0, 0.0, 0.0, 0.0, 0.0, 0.0, 0.0, 0.0, 0.17, 0.44, 0.7, 0.95, 1.27, 1.85, 2.58, 3.66, 5.13, 7.08, 10.31]",Active,True,Active,5081338.0,1,0.0,0.0,2026-09-15 17:18:27,,
511,98,00-0040598,Mark Redman,TE,GB,NYJ,0.0,2026_02_GB_NYJ,2026-09-20 13:00:00,1.4034659167383927,0.0,4.795576868330269,1.1972439021241104,0.2062220146142823,C,13,0.2718030344261973,24.5,2,,True,4.0,"https://static.www.nfl.com/image/upload/f_auto,q_auto/league/m20wrukxvkgbvs70qpai",0.0,0.0,0.0,0.0,0.0,0.0,0.0,0.0,0.0,0.0,0.0,0.0,0.0,20.0,"[0.0, 0.0, 0.0, 0.0, 0.0, 0.0, 0.0, 0.0, 0.14, 0.43, 0.72, 1.07, 1.44, 1.93, 2.63, 3.47, 4.8, 6.51, 9.06]",Active,True,Active,,0,0.0,,2026-09-15 17:18:27,,
512,99,00-0041131,Carsen Ryan,TE,CLE,TB,0.0,2026_02_CLE_TB,2026-09-20 13:00:00,1.3732709321605785,0.0,4.765381883752454,1.5585291928211924,-0.1852582606606141,C,3,6.801184022548157,16.0,2,,True,3.0,"https://static.www.nfl.com/image/upload/f_auto,q_auto/league/qiqiqjw4vyhv2xpxt2np",0.0,0.0,0.0,0.0,0.0,0.0,0.0,0.0,0.0,0.0,0.0,0.0,0.0,24.5,"[0.0, 0.0, 0.0, 0.0, 0.0, 0.0, 0.0, 0.0, 0.11, 0.4, 0.69, 1.04, 1.41, 1.9, 2.6, 3.44, 4.77, 6.48, 9.03]",Active,True,Active,4685540.0,1,0.0,0.0,2026-09-15 17:18:27,,
513,102,00-0041081,Max Bredeson,RB,MIN,CHI,0.0,2026_02_MIN_CHI,2026-09-20 13:00:00,1.3496128002959284,0.0,4.599058094871718,1.2555269896769896,0.0940858106189388,C,5,6.204857693453305,21.5,4,,True,,"https://static.www.nfl.com/image/upload/f_auto,q_auto/league/fl3inwpzgb7fgzpaezw1",0.0,0.0,0.0,0.0,0.0,0.0,0.0,0.0,0.0,0.0,0.0,0.0,0.0,27.0,"[0.0, 0.0, 0.0, 0.0, 0.0, 0.0, 0.0, 0.0, 0.0, 0.22, 0.48, 0.79, 1.13, 1.63, 2.27, 3.14, 4.6, 6.37, 9.81]",Active,True,Active,4878695.0,0,0.0,,2026-09-15 17:18:27,,
514,100,00-0040058,Nick Kallerup,TE,SEA,ARI,0.0,2026_02_SEA_ARI,2026-09-20 16:25:00,1.3356565633288549,0.0,4.727767514920731,1.1613146740025782,0.1743418893262767,C,11,1.5827795954035444,23.0,2,,False,4.0,"https://static.www.nfl.com/image/upload/f_auto,q_auto/league/eetx8ba2ztsmk9wabbzp",0.2185049957001034,0.0,0.0,0.0,0.0,0.0,0.0182087496416752,0.0,0.0,0.0,0.0,0.0,0.0,18.5,"[0.0, 0.0, 0.0, 0.0, 0.0, 0.0, 0.0, 0.0, 0.08, 0.36, 0.65, 1.01, 1.37, 1.86, 2.56, 3.41, 4.73, 6.45, 8.99]",Active,True,Active,4569547.0,0,0.0,,2026-09-15 17:18:27,,
515,103,00-0036187,Reggie Gilliam,RB,NE,PIT,1.0,2026_02_PIT_NE,2026-09-20 13:00:00,1.33150185533151,0.0,4.580947149907299,0.968185723736382,0.3633161315951279,B,11,3.059380643587325,23.0,4,,False,,"https://static.www.nfl.com/image/upload/f_auto,q_auto/league/jjntivnnkczvlclkiwwm",0.2226589294701096,0.2701483354335445,0.0,0.0,0.540296670867089,3.146801213275664,0.0075611012232479,0.0,0.0,0.0,0.0,0.0,0.0,18.5,"[0.0, 0.0, 0.0, 0.0, 0.0, 0.0, 0.0, 0.0, 0.0, 0.2, 0.46, 0.77, 1.12, 1.62, 2.25, 3.12, 4.58, 6.35, 9.79]",Active,True,Active,4039505.0,0,0.0,,2026-09-15 17:18:27,,
516,101,00-0039050,Payne Durham,TE,TB,CLE,1.0,2026_02_CLE_TB,2026-09-20 13:00:00,1.3298215322626872,0.0,4.721932483854563,1.2816185337545187,0.0482029985081684,C,23,-1.5253660225060928,24.5,2,,False,2.0,"https://static.www.nfl.com/image/upload/f_auto,q_auto/league/emibbexzjbzvopbvo1at",0.5322705640624549,0.0,0.0,0.0,0.0,1.5354020560943706,0.0186319556841342,0.0,0.0,0.0,0.0,0.0,0.0,16.0,"[0.0, 0.0, 0.0, 0.0, 0.0, 0.0, 0.0, 0.0, 0.07, 0.36, 0.65, 1.0, 1.36, 1.85, 2.56, 3.4, 4.72, 6.44, 8.98]",Active,True,Active,4372505.0,0,0.0,,2026-09-15 17:18:27,,
517,163,00-0038840,Brycen Tremayne,WR,CAR,ATL,0.0,2026_02_CAR_ATL,2026-09-20 13:00:00,1.3000178331611243,0.0,4.997835745978258,1.2968684716630392,0.0031493614980853,C,14,1.0107708755247298,23.0,2,,False,5.0,"https://static.www.nfl.com/image/upload/f_auto,q_auto/league/isc094ihkf69vzrlkiql",0.7097526861209367,0.0,0.0,0.0,0.0,5.659436802807599,0.0225916357652942,0.0,0.0,0.0,0.0,0.0,0.0,20.5,"[0.0, 0.0, 0.0, 0.0, 0.0, 0.0, 0.0, 0.0, 0.03, 0.31, 0.57, 0.82, 1.13, 1.71, 2.44, 3.52, 5.0, 6.95, 10.17]",Active,True,Active,4360763.0,1,0.0,0.0,2026-09-15 17:18:27,,
518,104,00-0041490,Eli Heidenreich,RB,PIT,NE,0.0,2026_02_PIT_NE,2026-09-20 13:00:00,1.2592261171341783,0.0,4.508671411709968,2.3192516983146017,-1.0600255811804231,F,24,-1.6019997993454522,18.5,4,,True,3.0,"https://static.www.nfl.com/image/upload/f_auto,q_auto/league/jhiyjb8jmjyzehmrrjoy",0.0,0.0,0.0,0.0,0.0,0.0,0.0,0.0,0.0,0.0,0.0,0.0,0.0,23.0,"[0.0, 0.0, 0.0, 0.0, 0.0, 0.0, 0.0, 0.0, 0.0, 0.13, 0.39, 0.7, 1.04, 1.54, 2.18, 3.05, 4.51, 6.28, 9.72]",Active,True,Active,5081508.0,1,0.0,0.0,2026-09-15 17:18:27,,
519,102,00-0040390,Jackson Meeks,TE,DET,BUF,0.0,2026_02_DET_BUF,2026-09-17 20:15:00,1.2166271879991033,0.0,4.608738139590979,1.1972439021241104,0.0193832858749929,C,28,-2.358746375945474,24.5,2,,True,4.0,"https://static.www.nfl.com/image/upload/f_auto,q_auto/league/ot3dsyhfhos9epmkqdip",0.0,0.0,0.0,0.0,0.0,0.0,0.0,0.0,0.0,0.0,0.0,0.0,0.0,29.0,"[0.0, 0.0, 0.0, 0.0, 0.0, 0.0, 0.0, 0.0, 0.0, 0.25, 0.53, 0.89, 1.25, 1.74, 2.44, 3.29, 4.61, 6.33, 8.87]",Active,True,Active,4602788.0,0,0.0,,2026-09-15 17:18:27,,
520,103,00-0040225,Thomas Fidone II,TE,NYG,LA,0.0,2026_02_NYG_LA,2026-09-21 20:15:00,1.203113293843459,0.0,4.595224245435335,1.6861588081753172,-0.4830455143318581,D,29,-2.6673490803285627,20.75,2,,True,3.0,"https://static.www.nfl.com/image/upload/f_auto,q_auto/league/vbaqpkcxcfwh9dhzescy",0.0,0.0,0.0,0.0,0.0,0.0,0.0,0.0,0.0,0.0,0.0,0.0,0.0,27.75,"[0.0, 0.0, 0.0, 0.0, 0.0, 0.0, 0.0, 0.0, 0.0, 0.23, 0.52, 0.87, 1.24, 1.73, 2.43, 3.27, 4.6, 6.31, 8.86]",Active,True,Active,4590292.0,0,0.0,,2026-09-15 17:18:27,,
521,104,00-0041133,Dallen Bentley,TE,DEN,JAX,1.0,2026_02_JAX_DEN,2026-09-20 16:05:00,1.1485915189364824,0.0,4.540702470528359,1.1972439021241104,-0.0486523831876279,C,24,-1.5977230026046545,23.5,2,,True,4.0,"https://static.www.nfl.com/image/upload/f_auto,q_auto/league/vaiszquqlgric9cfbwjf",0.0,0.0,0.0,0.0,0.0,0.0,0.0,0.0,0.0,0.0,0.0,0.0,0.0,21.0,"[0.0, 0.0, 0.0, 0.0, 0.0, 0.0, 0.0, 0.0, 0.0, 0.18, 0.47, 0.82, 1.18, 1.67, 2.37, 3.22, 4.54, 6.26, 8.8]",Active,True,Active,5159802.0,0,0.0,,2026-09-15 17:18:27,,
522,105,00-0041094,Bauer Sharp,TE,TB,CLE,1.0,2026_02_CLE_TB,2026-09-20 13:00:00,1.1442370649864495,0.0,4.536348016578326,1.0831722972607962,0.0610647677256535,C,23,-1.5253660225060928,24.5,2,,True,4.0,"https://static.www.nfl.com/image/upload/f_auto,q_auto/league/xqj8rk6okp7eobbv5hps",0.0,0.0,0.0,0.0,0.0,0.0,0.0,0.0,0.0,0.0,0.0,0.0,0.0,16.0,"[0.0, 0.0, 0.0, 0.0, 0.0, 0.0, 0.0, 0.0, 0.0, 0.17, 0.46, 0.82, 1.18, 1.67, 2.37, 3.22, 4.54, 6.26, 8.8]",Active,True,Active,4890373.0,1,0.0,0.0,2026-09-15 17:18:27,,
523,106,00-0037292,Andrew Ogletree,TE,IND,KC,0.0,2026_02_IND_KC,2026-09-20 20:20:00,1.1435864939776677,0.0,4.535697445569544,1.1143811404580992,0.0292053535195684,C,7,2.848939866835318,20.5,2,,False,3.0,"https://static.www.nfl.com/image/upload/f_auto,q_auto/league/wvcrk0ygv3coprxj4cnt",0.7858951953372247,0.0,0.0,0.0,0.0,2.109247103732585,0.0260874731133842,0.0,0.0,0.0,0.0,0.0,0.0,27.0,"[0.0, 0.0, 0.0, 0.0, 0.0, 0.0, 0.0, 0.0, 0.0, 0.17, 0.46, 0.81, 1.18, 1.67, 2.37, 3.21, 4.54, 6.26, 8.8]",Active,True,Active,4722908.0,1,0.0,0.0,2026-09-15 17:18:27,,
524,107,00-0033757,Robert Tonyan,TE,PIT,NE,0.0,2026_02_PIT_NE,2026-09-20 13:00:00,1.122609109670636,0.0,4.514720061262512,1.6992364999708371,-0.5766273903002013,D,26,-1.7388710625805737,18.5,2,,True,3.0,"https://static.www.nfl.com/image/upload/f_auto,q_auto/league/m8h8rzmxq4sjywitqnyb",0.5216473087496946,0.0,0.0,0.0,0.0,0.5216473087496946,0.0121313327616208,0.0,0.0,0.0,0.0,0.0,0.0,23.0,"[0.0, 0.0, 0.0, 0.0, 0.0, 0.0, 0.0, 0.0, 0.0, 0.15, 0.44, 0.79, 1.16, 1.65, 2.35, 3.19, 4.51, 6.23, 8.77]",Active,True,Active,2975674.0,0,0.0,,2026-09-15 17:18:27,,
525,108,00-0041116,Jack Endries,TE,CIN,HOU,0.0,2026_02_CIN_HOU,2026-09-20 13:00:00,1.1142133020073652,0.0,4.506324253599241,1.1972439021241104,-0.0830306001167451,C,15,-0.6616652477521382,22.0,2,,True,4.0,"https://static.www.nfl.com/image/upload/f_auto,q_auto/league/wxtev9zj048yzxk8ebfu",0.0,0.0,0.0,0.0,0.0,0.0,0.0,0.0,0.0,0.0,0.0,0.0,0.0,24.5,"[0.0, 0.0, 0.0, 0.0, 0.0, 0.0, 0.0, 0.0, 0.0, 0.14, 0.43, 0.79, 1.15, 1.64, 2.34, 3.19, 4.51, 6.23, 8.77]",Active,True,Active,5085189.0,0,0.0,,2026-09-15 17:18:27,,
526,164,00-0035544,Tom Kennedy,WR,DET,BUF,0.0,2026_02_DET_BUF,2026-09-17 20:15:00,1.108928932181259,0.0,4.8067468449983926,0.9441459238634496,0.1647830083178094,C,11,1.7504780414516543,24.5,2,,False,4.0,"https://static.www.nfl.com/image/upload/f_auto,q_auto/league/cbpuzvde5zqalmkjo0dv",0.2943896765422396,0.0,0.0,0.0,0.0,2.6495070888801564,0.0109033213534162,0.0,0.0,0.0,0.0,0.0,0.0,29.0,"[0.0, 0.0, 0.0, 0.0, 0.0, 0.0, 0.0, 0.0, 0.0, 0.12, 0.38, 0.63, 0.94, 1.52, 2.25, 3.33, 4.81, 6.76, 9.98]",Active,True,Active,3126997.0,1,0.0,0.0,2026-09-15 17:18:27,,
527,109,00-0041084,Tanner Koziol,TE,JAX,DEN,0.0,2026_02_JAX_DEN,2026-09-20 16:05:00,1.0841925682109337,0.0,4.47630351980281,1.1972439021241104,-0.1130513339131766,C,14,0.2151350830441153,21.0,2,,True,4.0,"https://static.www.nfl.com/image/upload/f_auto,q_auto/league/yx0na9fufgv3snuyecbd",0.0,0.0,0.0,0.0,0.0,0.0,0.0,0.0,0.0,0.0,0.0,0.0,0.0,23.5,"[0.0, 0.0, 0.0, 0.0, 0.0, 0.0, 0.0, 0.0, 0.0, 0.11, 0.4, 0.76, 1.12, 1.61, 2.31, 3.16, 4.48, 6.2, 8.74]",Active,True,Active,4917427.0,0,0.0,,2026-09-15 17:18:27,,
528,105,00-0039021,Roschon Johnson,RB,CHI,MIN,1.0,2026_02_MIN_CHI,2026-09-20 13:00:00,1.0426752836814464,0.0,4.292120578257236,0.5556365682118338,0.4870387154696125,B,22,-0.4244433873627045,27.0,4,,False,3.0,"https://static.www.nfl.com/image/upload/f_auto,q_auto/league/xbham6uvckkshpntb8oj",0.0,0.1995265125523891,0.0,0.0,1.7175714168001646,0.0,0.0,0.0,0.0,0.0,0.0,0.0,0.0,21.5,"[0.0, 0.0, 0.0, 0.0, 0.0, 0.0, 0.0, 0.0, 0.0, 0.0, 0.17, 0.48, 0.83, 1.33, 1.96, 2.83, 4.29, 6.07, 9.5]",Active,True,Active,4426386.0,1,0.0,0.0,2026-09-15 17:18:27,,
529,110,00-0039518,Treyton Welch,TE,NO,BAL,0.0,2026_02_NO_BAL,2026-09-20 13:00:00,1.0192019077257186,0.0,4.4113128593175945,1.3356629206477146,-0.316461012921996,D,16,-0.677426290365125,19.0,2,,True,4.0,"https://static.www.nfl.com/image/upload/f_auto,q_auto/league/rutsetwerjfsym9ohqrs",0.0,0.0,0.0,0.0,0.0,0.0,0.0,0.0,0.0,0.0,0.0,0.0,0.0,27.5,"[0.0, 0.0, 0.0, 0.0, 0.0, 0.0, 0.0, 0.0, 0.0, 0.05, 0.34, 0.69, 1.05, 1.54, 2.25, 3.09, 4.41, 6.13, 8.67]",Active,True,Active,,1,0.0,0.0,2026-09-15 17:18:27,,
530,106,00-0037304,Connor Heyward,RB,LV,LAC,0.0,2026_02_LV_LAC,2026-09-20 16:05:00,1.0125963422751942,0.0,4.262041636850984,1.5741635877989495,-0.5615672455237553,D,23,-0.494684076020096,18.25,4,,False,,"https://static.www.nfl.com/image/upload/f_auto,q_auto/league/nbbhxtutzvbj0ejljyyp",0.1801498098982627,1.277329067069214,0.0,0.0,3.1931540083244445,0.8203923371817626,0.0050453513594372,0.0,0.0,0.0,0.0,0.0,0.0,25.25,"[0.0, 0.0, 0.0, 0.0, 0.0, 0.0, 0.0, 0.0, 0.0, 0.0, 0.14, 0.45, 0.8, 1.3, 1.93, 2.8, 4.26, 6.04, 9.47]",Active,True,Active,4241961.0,1,0.1,0.1,2026-09-15 17:18:27,,
531,165,00-0038573,Derius Davis,WR,LAC,LV,1.0,2026_02_LV_LAC,2026-09-20 16:05:00,0.9820898641785618,0.0,4.679907776995695,0.7049188769626271,0.2771709872159347,C,18,-0.5956184210171277,25.25,2,,False,6.0,"https://static.www.nfl.com/image/upload/f_auto,q_auto/league/ykmeihbr6903smvblzgc",0.5291085154171457,0.0720507773810398,0.0,0.0,0.177013368764178,0.7139980457883502,0.0186640885470458,0.0,0.0,0.0,0.0,0.0,0.0,18.25,"[0.0, 0.0, 0.0, 0.0, 0.0, 0.0, 0.0, 0.0, 0.0, 0.0, 0.25, 0.5, 0.82, 1.4, 2.12, 3.21, 4.68, 6.63, 9.85]",Active,True,Active,4362477.0,1,0.0,0.0,2026-09-15 17:18:27,,
532,111,00-0039686,Colson Yankoff,TE,WAS,DAL,0.0,2026_02_WAS_DAL,2026-09-20 16:25:00,0.9569041494870776,0.0,4.349015101078954,0.3415327216049562,0.6153714278821214,B,1,7.413806721963579,23.0,2,,False,4.0,"https://static.www.nfl.com/image/upload/f_auto,q_auto/league/cgsxdjqy6l2zuqaftbd6",0.2318334266317943,0.0,0.0,0.0,0.0,1.3619353925707338,0.0083535587477889,0.0,0.0,0.0,0.0,0.0,0.0,27.5,"[0.0, 0.0, 0.0, 0.0, 0.0, 0.0, 0.0, 0.0, 0.0, 0.0, 0.27, 0.63, 0.99, 1.48, 2.18, 3.03, 4.35, 6.07, 8.61]",Active,True,Active,4361088.0,1,0.0,0.0,2026-09-15 17:18:27,,
533,107,00-0041436,DJ Herman,RB,MIA,SF,0.0,2026_02_MIA_SF,2026-09-20 16:25:00,0.8692955017158673,0.0,4.1187407962916565,1.2555269896769896,-0.3862314879611223,D,13,1.8998850634995037,16.0,4,,True,,"https://static.www.nfl.com/image/upload/f_auto,q_auto/league/snacspvu9hic30y1vd8m",0.0,0.0,0.0,0.0,0.0,0.0,0.0,0.0,0.0,0.0,0.0,0.0,0.0,29.5,"[0.0, 0.0, 0.0, 0.0, 0.0, 0.0, 0.0, 0.0, 0.0, 0.0, 0.0, 0.31, 0.65, 1.15, 1.79, 2.66, 4.12, 5.89, 9.33]",Active,True,Active,,0,0.0,,2026-09-15 17:18:27,,
534,108,00-0031595,Michael Burton,RB,CLE,TB,0.0,2026_02_CLE_TB,2026-09-20 13:00:00,0.8431766148018973,0.0,4.092621909377686,1.2555269896769896,-0.4123503748750923,D,16,0.8183587553488274,16.0,4,,True,,"https://static.www.nfl.com/image/upload/f_auto,q_auto/league/ibyeabk3yu68mgipxklr",0.0,0.0,0.0,0.0,0.0,0.0,0.0,0.0,0.0,0.0,0.0,0.0,0.0,24.5,"[0.0, 0.0, 0.0, 0.0, 0.0, 0.0, 0.0, 0.0, 0.0, 0.0, 0.0, 0.28, 0.63, 1.13, 1.76, 2.63, 4.09, 5.87, 9.3]",Active,True,Active,2515270.0,0,0.0,,2026-09-15 17:18:27,,
535,109,00-0038896,Jacob Saylors,RB,DET,BUF,0.0,2026_02_DET_BUF,2026-09-17 20:15:00,0.8265754584119991,0.0,4.076020752987788,0.2175980287619507,0.6089774296500483,B,3,8.27505973190486,24.5,4,,False,3.0,"https://static.www.nfl.com/image/upload/f_auto,q_auto/league/wunm6abfmikwaewmwkp7",0.0,0.0962566483552704,0.0,0.0,0.5294115659539874,0.0,0.0,0.0,0.0,0.0,0.0,0.0,0.0,29.0,"[0.0, 0.0, 0.0, 0.0, 0.0, 0.0, 0.0, 0.0, 0.0, 0.0, 0.0, 0.27, 0.61, 1.11, 1.75, 2.62, 4.08, 5.85, 9.28]",Active,True,Active,4383429.0,1,0.0,0.0,2026-09-15 17:18:27,,
536,110,00-0038488,Brady Russell,RB,SEA,ARI,0.0,2026_02_SEA_ARI,2026-09-20 16:25:00,0.8216228826502743,0.0,4.071068177226064,1.0753613087151337,-0.2537384260648592,C,27,-2.291407534767114,23.0,4,,False,,"https://static.www.nfl.com/image/upload/f_auto,q_auto/league/vfz3osmr3fgeoyu5us80",0.7091952373738851,0.0,0.0,0.0,0.0,6.5060303270781565,0.0288839810496762,0.0,0.0,0.0,0.0,0.0,0.0,18.5,"[0.0, 0.0, 0.0, 0.0, 0.0, 0.0, 0.0, 0.0, 0.0, 0.0, 0.0, 0.26, 0.61, 1.11, 1.74, 2.61, 4.07, 5.84, 9.28]",Active,True,Active,4243176.0,1,4.0,4.0,2026-09-15 17:18:27,,
537,112,00-0036876,Kylen Granson,TE,TEN,PHI,1.0,2026_02_PHI_TEN,2026-09-20 13:00:00,0.7883171434972498,0.0,4.180428095089126,1.6553305348120864,-0.8670133913148366,F,30,-3.115081255583778,16.25,2,,False,3.0,"https://static.www.nfl.com/image/upload/f_auto,q_auto/league/ysbxmdw4da30q3kjb571",0.9119191470422184,0.0,0.0,0.0,0.0,4.504038481943064,0.0300927106112393,0.0,0.0,0.0,0.0,0.0,0.0,23.25,"[0.0, 0.0, 0.0, 0.0, 0.0, 0.0, 0.0, 0.0, 0.0, 0.0, 0.11, 0.46, 0.82, 1.31, 2.01, 2.86, 4.18, 5.9, 8.44]",Active,True,Active,4039160.0,0,0.0,,2026-09-15 17:18:27,,
538,166,00-0038090,Skyy Moore,WR,GB,NYJ,0.0,2026_02_GB_NYJ,2026-09-20 13:00:00,0.7171749045833096,0.0,4.414992817400443,0.6575810164186633,0.0595938881646462,C,20,-1.6410024811260728,24.5,2,,False,4.0,"https://static.www.nfl.com/image/upload/f_auto,q_auto/league/id9k0aylvgyq8lulabe3",0.5633376183598511,0.145431260025444,0.0,0.0,0.7881230966917762,3.0141769681652906,0.0162096712989473,0.0,0.0,0.0,0.0,0.0,0.0,20.0,"[0.0, 0.0, 0.0, 0.0, 0.0, 0.0, 0.0, 0.0, 0.0, 0.0, 0.0, 0.24, 0.55, 1.13, 1.86, 2.94, 4.41, 6.37, 9.59]",Active,True,Active,4430191.0,1,0.0,0.0,2026-09-15 17:18:27,,
539,167,00-0035021,Ashton Dulin,WR,IND,KC,0.0,2026_02_IND_KC,2026-09-20 20:20:00,0.6715628350880376,0.0,4.369380747905171,1.3999327198103997,-0.7283698847223619,D,32,-15.12194552389023,20.5,2,,False,4.0,"https://static.www.nfl.com/image/upload/f_auto,q_auto/league/ux55cx0r9iwqwmfmaip6",0.9083796106582032,0.141416784219533,0.0,0.0,2.2405664216164687,6.032122712419164,0.0298626111077141,0.0,0.0,0.0,0.0,0.0,0.0,27.0,"[0.0, 0.0, 0.0, 0.0, 0.0, 0.0, 0.0, 0.0, 0.0, 0.0, 0.0, 0.19, 0.51, 1.08, 1.81, 2.9, 4.37, 6.32, 9.54]",Active,True,Active,4061956.0,1,0.0,0.0,2026-09-15 17:18:27,,
540,168,00-0040154,Tai Felton,WR,MIN,CHI,0.0,2026_02_MIN_CHI,2026-09-20 13:00:00,0.6674094921889289,0.0,4.365227405006062,0.6234274276618326,0.0439820645270963,C,4,6.798931620172071,21.5,2,,False,4.0,"https://static.www.nfl.com/image/upload/f_auto,q_auto/league/pyritorbaz2enqayclln",0.27967372578765,0.0,0.0,0.0,0.0,2.271827685854592,0.0120619364751006,0.0,0.0,0.0,0.0,0.0,0.0,27.0,"[0.0, 0.0, 0.0, 0.0, 0.0, 0.0, 0.0, 0.0, 0.0, 0.0, 0.0, 0.19, 0.5, 1.08, 1.81, 2.89, 4.37, 6.32, 9.54]",Active,True,Active,4565185.0,0,0.0,,2026-09-15 17:18:27,,
541,169,00-0039589,Kameron Johnson,WR,TB,CLE,1.0,2026_02_CLE_TB,2026-09-20 13:00:00,0.6560908052890371,0.0,4.353908718106171,0.3475389316822745,0.3085518736067625,C,8,2.65197766108747,24.5,2,,False,6.0,"https://static.www.nfl.com/image/upload/f_auto,q_auto/league/ms7auybbkq1nwbd2ev0d",0.2399081761901062,0.0646023868070571,0.0,0.0,0.4697935918832263,1.867590266835636,0.0085028626167941,0.0,0.0,0.0,0.0,0.0,0.0,16.0,"[0.0, 0.0, 0.0, 0.0, 0.0, 0.0, 0.0, 0.0, 0.0, 0.0, 0.0, 0.17, 0.49, 1.07, 1.8, 2.88, 4.35, 6.31, 9.53]",Active,True,Active,5097554.0,1,0.0,0.0,2026-09-15 17:18:27,,
542,170,00-0036630,Tylan Wallace,WR,CLE,TB,0.0,2026_02_CLE_TB,2026-09-20 13:00:00,0.6425429373326894,0.0,4.340360850149823,1.589426987012244,-0.9468840496795544,D,28,-8.752293208640241,16.0,2,,False,5.0,"https://static.www.nfl.com/image/upload/f_auto,q_auto/league/rifnnpeub6okv41offnd",0.6637317692741724,0.0,0.0,0.0,0.0,3.1048990152790976,0.0264633567870386,0.0,0.0,0.0,0.0,0.0,0.0,24.5,"[0.0, 0.0, 0.0, 0.0, 0.0, 0.0, 0.0, 0.0, 0.0, 0.0, 0.0, 0.16, 0.48, 1.06, 1.78, 2.87, 4.34, 6.29, 9.52]",Active,True,Active,4241424.0,0,0.0,,2026-09-15 17:18:27,,
543,113,00-0041510,Max Klare,TE,LA,NYG,1.0,2026_02_NYG_LA,2026-09-21 20:15:00,0.5899931110663361,0.0,3.982104062658213,0.4634083850931677,0.1265847259731684,C,25,-1.6708501301174985,27.75,2,,True,5.0,,0.0,0.0,0.0,0.0,0.0,0.0,0.0,0.0,0.0,0.0,0.0,0.0,0.0,20.75,"[0.0, 0.0, 0.0, 0.0, 0.0, 0.0, 0.0, 0.0, 0.0, 0.0, 0.0, 0.26, 0.62, 1.12, 1.82, 2.66, 3.98, 5.7, 8.24]",Active,True,Active,4833029.0,0,0.0,,2026-09-15 17:18:27,,
544,171,00-0036862,Ben Skowronek,WR,PIT,NE,0.0,2026_02_PIT_NE,2026-09-20 13:00:00,0.5885012008903612,0.0,4.286319113707495,1.0507328838280312,-0.46223168293767,D,16,-0.5789951616366913,18.5,2,,False,5.0,"https://static.www.nfl.com/image/upload/f_auto,q_auto/league/etozk8ja4u8lpjcvvo6l",0.3171013114058657,0.0,0.0,0.0,0.0,3.515273949954693,0.0114765951278779,0.0,0.0,0.0,0.0,0.0,0.0,23.0,"[0.0, 0.0, 0.0, 0.0, 0.0, 0.0, 0.0, 0.0, 0.0, 0.0, 0.0, 0.11, 0.42, 1.0, 1.73, 2.81, 4.29, 6.24, 9.46]",Active,True,Active,4035656.0,0,0.0,,2026-09-15 17:18:27,,
545,172,00-0038519,Nikko Remigio,WR,KC,IND,1.0,2026_02_IND_KC,2026-09-20 20:20:00,0.5730882145276333,0.0,4.270906127344767,0.0,0.5730882145276333,B,3,7.041391218578065,27.0,2,,False,6.0,"https://static.www.nfl.com/image/upload/f_auto,q_auto/league/n6b1tsy32fswbd0xgsim",0.0285296630826199,0.0311118182019316,0.0,0.0,0.3422300002212478,0.5991229247350195,0.0009837814856075,0.0,0.0,0.0,0.0,0.0,0.0,20.5,"[0.0, 0.0, 0.0, 0.0, 0.0, 0.0, 0.0, 0.0, 0.0, 0.0, 0.0, 0.09, 0.41, 0.99, 1.72, 2.8, 4.27, 6.22, 9.45]",Active,True,Active,4372716.0,1,0.0,0.0,2026-09-15 17:18:27,,
546,114,00-0036556,Brevin Jordan,TE,HOU,CIN,1.0,2026_02_CIN_HOU,2026-09-20 13:00:00,0.5345582407286609,0.0,3.926669192320537,0.4634083850931677,0.0711498556354931,C,10,1.7632031912476902,24.5,2,,True,5.0,"https://static.www.nfl.com/image/upload/f_auto,q_auto/league/rn42gehfbeflx2px8njx",0.0,0.0,0.0,0.0,0.0,0.0,0.0,0.0,0.0,0.0,0.0,0.0,0.0,22.0,"[0.0, 0.0, 0.0, 0.0, 0.0, 0.0, 0.0, 0.0, 0.0, 0.0, 0.0, 0.21, 0.57, 1.06, 1.76, 2.61, 3.93, 5.65, 8.19]",Active,True,Active,4362504.0,0,0.0,,2026-09-15 17:18:27,,
547,115,00-0041579,Seydou Traore,TE,MIA,SF,0.0,2026_02_MIA_SF,2026-09-20 16:25:00,0.5151965471588877,0.0,3.907307498750764,1.8940582961598589,-1.3788617490009711,F,32,-6.500651164614436,16.0,2,,True,3.0,"https://static.www.nfl.com/image/upload/f_auto,q_auto/league/kzpmm2zoctywb276zqt4",0.0,0.0,0.0,0.0,0.0,0.0,0.0,0.0,0.0,0.0,0.0,0.0,0.0,29.5,"[0.0, 0.0, 0.0, 0.0, 0.0, 0.0, 0.0, 0.0, 0.0, 0.0, 0.0, 0.19, 0.55, 1.04, 1.74, 2.59, 3.91, 5.63, 8.17]",Active,True,Active,4714379.0,0,0.0,,2026-09-15 17:18:27,,
548,116,00-0041398,Riley Nowakowski,TE,PIT,NE,0.0,2026_02_PIT_NE,2026-09-20 13:00:00,0.4694699440222224,0.0,3.8615808956140985,0.7569806758757768,-0.2875107318535543,D,26,-1.7388710625805737,18.5,2,,True,,"https://static.www.nfl.com/image/upload/f_auto,q_auto/league/nhyd8plaetjoosbq1btb",0.0,0.0,0.0,0.0,0.0,0.0,0.0,0.0,0.0,0.0,0.0,0.0,0.0,23.0,"[0.0, 0.0, 0.0, 0.0, 0.0, 0.0, 0.0, 0.0, 0.0, 0.0, 0.0, 0.14, 0.5, 0.99, 1.7, 2.54, 3.86, 5.58, 8.12]",Active,True,Active,4693370.0,1,0.0,0.0,2026-09-15 17:18:27,,
549,117,00-0036825,Feleipe Franks,TE,CAR,ATL,0.0,2026_02_CAR_ATL,2026-09-20 13:00:00,0.4267092142115318,0.0,3.818820165803408,0.1332919954304037,0.2934172187811281,B,5,3.1571219363472025,23.0,2,,False,4.0,"https://static.www.nfl.com/image/upload/f_auto,q_auto/league/nbn1wxlh6los4y2am3ro",0.0,0.1270680994738419,0.0,0.0,0.2541361989476839,0.0,0.0,0.0,0.0,0.0,0.0,0.0,0.0,20.5,"[0.0, 0.0, 0.0, 0.0, 0.0, 0.0, 0.0, 0.0, 0.0, 0.0, 0.0, 0.1, 0.46, 0.95, 1.65, 2.5, 3.82, 5.54, 8.08]",Active,True,Active,4034948.0,1,0.0,0.0,2026-09-15 17:18:27,,
550,118,00-0041077,Justin Joly,TE,MIA,SF,0.0,2026_02_MIA_SF,2026-09-20 16:25:00,0.325658363172849,0.0,3.717769314764725,1.1972439021241104,-0.8715855389512613,F,32,-6.500651164614436,16.0,2,,True,4.0,"https://static.www.nfl.com/image/upload/f_auto,q_auto/league/vglffv5obtvktndulobu",0.0,0.0,0.0,0.0,0.0,0.0,0.0,0.0,0.0,0.0,0.0,0.0,0.0,29.5,"[0.0, 0.0, 0.0, 0.0, 0.0, 0.0, 0.0, 0.0, 0.0, 0.0, 0.0, 0.0, 0.36, 0.85, 1.55, 2.4, 3.72, 5.44, 7.98]",Active,True,Active,4912052.0,0,0.0,,2026-09-15 17:18:27,,
551,173,00-0038824,Ryan Miller,WR,MIA,SF,0.0,2026_02_MIA_SF,2026-09-20 16:25:00,0.3020380061917045,0.0,3.999855919008838,1.2530216865157993,-0.9509836803240947,D,29,-8.884472444101899,16.0,2,,False,6.0,"https://static.www.nfl.com/image/upload/f_auto,q_auto/league/cyn2sjaozsadlvgarg6p",0.3597216379947759,0.0,0.0,0.0,0.0,3.1887383694701934,0.0101861347133395,0.0,0.0,0.0,0.0,0.0,0.0,29.5,"[0.0, 0.0, 0.0, 0.0, 0.0, 0.0, 0.0, 0.0, 0.0, 0.0, 0.0, 0.0, 0.14, 0.72, 1.44, 2.53, 4.0, 5.95, 9.17]",Active,True,Active,4369466.0,0,0.0,,2026-09-15 17:18:27,,
552,119,00-0039648,David Martin-Robinson,TE,TEN,PHI,1.0,2026_02_PHI_TEN,2026-09-20 13:00:00,0.3004551440915506,0.0,3.6925660956834263,1.1674685354063865,-0.8670133913148357,F,30,-3.115081255583778,16.25,2,,False,4.0,"https://static.www.nfl.com/image/upload/f_auto,q_auto/league/imh2h5q6jmoqno5xlpwm",0.6865296999991545,0.0,0.0,0.0,0.0,3.6408133080922314,0.0214604258993429,0.0,0.0,0.0,0.0,0.0,0.0,23.25,"[0.0, 0.0, 0.0, 0.0, 0.0, 0.0, 0.0, 0.0, 0.0, 0.0, 0.0, 0.0, 0.33, 0.83, 1.53, 2.37, 3.69, 5.41, 7.95]",Active,True,Active,4360978.0,0,0.0,,2026-09-15 17:18:27,,
553,174,00-0040534,Ke'Shawn Williams,WR,CIN,HOU,0.0,2026_02_CIN_HOU,2026-09-20 13:00:00,0.2384832823648661,0.0,3.936301195182,0.3772522823747515,-0.1387690000098853,C,17,-0.5838288884168957,22.0,2,,False,6.0,"https://static.www.nfl.com/image/upload/f_auto,q_auto/league/r7enwgccqv93feuoeurz",0.123863557928786,0.248657551143185,0.0,0.0,1.3292508928773632,0.6193177896439301,0.0037534411493571,0.0,0.0,0.0,0.0,0.0,0.0,24.5,"[0.0, 0.0, 0.0, 0.0, 0.0, 0.0, 0.0, 0.0, 0.0, 0.0, 0.0, 0.0, 0.07, 0.65, 1.38, 2.46, 3.94, 5.89, 9.11]",Active,True,Active,4570738.0,0,0.0,,2026-09-15 17:18:27,,
554,175,00-0032951,Laquon Treadwell,WR,IND,KC,0.0,2026_02_IND_KC,2026-09-20 20:20:00,0.191366180736173,0.0,3.889184093553306,0.9197360654585348,-0.7283698847223619,D,32,-15.12194552389023,20.5,2,,False,5.0,"https://static.www.nfl.com/image/upload/f_auto,q_auto/league/xspi3oy2wlnszorzn6vk",0.4455922026457256,0.0,0.0,0.0,0.0,0.0,0.0153652483670939,0.0,0.0,0.0,0.0,0.0,0.0,27.0,"[0.0, 0.0, 0.0, 0.0, 0.0, 0.0, 0.0, 0.0, 0.0, 0.0, 0.0, 0.0, 0.03, 0.6, 1.33, 2.42, 3.89, 5.84, 9.06]",Active,True,Active,3051889.0,1,0.0,0.0,2026-09-15 17:18:27,,
555,120,00-0038564,Cameron Latu,TE,NE,PIT,1.0,2026_02_PIT_NE,2026-09-20 13:00:00,0.148055096123179,0.0,3.540166047715055,0.4068918650367532,-0.2588367689135742,C,31,-3.6738201177053993,23.0,2,,False,4.0,"https://static.www.nfl.com/image/upload/f_auto,q_auto/league/hquihmithkmhoncvkqwt",0.0,0.0,0.0,0.0,0.0,0.0,0.0,0.0,0.0,0.0,0.0,0.0,0.0,18.5,"[0.0, 0.0, 0.0, 0.0, 0.0, 0.0, 0.0, 0.0, 0.0, 0.0, 0.0, 0.0, 0.18, 0.67, 1.37, 2.22, 3.54, 5.26, 7.8]",Active,True,Active,4372026.0,0,0.0,,2026-09-15 17:18:27,,
556,111,00-0040208,Tahj Brooks,RB,CIN,HOU,0.0,2026_02_CIN_HOU,2026-09-20 13:00:00,0.1330508308796139,0.0,3.382496125455403,0.7525285542569664,-0.6194777233773525,D,32,-6.290049988347434,22.0,4,,False,3.0,"https://static.www.nfl.com/image/upload/f_auto,q_auto/league/s89clgkij0ytcmrkdydt",0.1511863124306728,1.0122532190600333,0.0,0.0,2.7532063669518974,0.7682641598382853,0.0045227370718704,0.0,0.0,0.0,0.0,0.0,0.0,24.5,"[0.0, 0.0, 0.0, 0.0, 0.0, 0.0, 0.0, 0.0, 0.0, 0.0, 0.0, 0.0, 0.0, 0.42, 1.05, 1.92, 3.38, 5.16, 8.59]",Active,True,Active,4429299.0,1,0.0,0.0,2026-09-15 17:18:27,,
557,176,00-0037093,Dareke Young,WR,LV,LAC,0.0,2026_02_LV_LAC,2026-09-20 16:05:00,0.0493634957542248,0.0,3.7471814085713584,0.5842796558186736,-0.5349161600644488,D,21,-2.1771954798177937,18.25,2,,False,5.0,"https://static.www.nfl.com/image/upload/f_auto,q_auto/league/xd0585sr1fy1wpry0ued",0.156662988237078,0.0,0.0,0.0,0.0,2.2182708936725737,0.0060569214326081,0.0,0.0,0.0,0.0,0.0,0.0,25.25,"[0.0, 0.0, 0.0, 0.0, 0.0, 0.0, 0.0, 0.0, 0.0, 0.0, 0.0, 0.0, 0.0, 0.46, 1.19, 2.27, 3.75, 5.7, 8.92]",Active,True,Active,4401805.0,1,0.0,0.0,2026-09-15 17:18:27,,
558,88,00-0039164,Anthony Richardson,QB,IND,KC,0.0,2026_02_IND_KC,2026-09-20 20:20:00,0.0,0.0,7.022697347918334,3.541046007995343,-3.541046007995343,F,31,-5.743671520277861,20.5,3,,True,2.0,"https://static.www.nfl.com/image/upload/f_auto,q_auto/league/wrddeyklfcgk9qybgofq",0.5216473087496946,1.913410765001221,1.0432946174993891,4.694825778747251,-0.4783526912503054,4.694825778747251,0.0168273325403127,0.0,0.0,0.0,0.0,0.0,0.0,27.0,"[0.0, 0.0, 0.0, 0.0, 0.0, 0.0, 0.0, 0.0, 0.0, 0.0, 0.0, 0.0, 0.0, 0.92, 3.21, 4.76, 7.02, 9.55, 14.29]",Active,True,Active,4429084.0,0,0.0,,2026-09-15 17:18:27,,
559,112,00-0039407,Dylan Laube,RB,LV,LAC,0.0,2026_02_LV_LAC,2026-09-20 16:05:00,0.0,0.0,3.249445294575789,0.4870605052084542,-0.4870605052084542,D,23,-0.494684076020096,18.25,4,,False,3.0,"https://static.www.nfl.com/image/upload/f_auto,q_auto/league/lpizdza73bgksstymv5t",0.0955922199253091,0.2478739251972256,0.0,0.0,0.3739188272488969,0.3826028006892445,0.0036650192793428,0.0,0.0,0.0,0.0,0.0,0.0,25.25,"[0.0, 0.0, 0.0, 0.0, 0.0, 0.0, 0.0, 0.0, 0.0, 0.0, 0.0, 0.0, 0.0, 0.28, 0.92, 1.79, 3.25, 5.02, 8.46]",Active,True,Active,4366963.0,1,0.0,0.0,2026-09-15 17:18:27,,
560,113,00-0037594,Julius Chestnut,RB,TEN,PHI,1.0,2026_02_PHI_TEN,2026-09-20 13:00:00,0.0,0.0,3.249445294575789,0.3219408250195696,-0.3219408250195696,C,15,1.5859714878510949,16.25,4,,False,3.0,"https://static.www.nfl.com/image/upload/f_auto,q_auto/league/bkhv6hpjogvs5b31wwrs",0.075002149123458,0.5272709095761576,0.0,0.0,1.5772526710013812,0.0,0.0026173139226771,0.0,0.0,0.0,0.0,0.0,0.0,23.25,"[0.0, 0.0, 0.0, 0.0, 0.0, 0.0, 0.0, 0.0, 0.0, 0.0, 0.0, 0.0, 0.0, 0.28, 0.92, 1.79, 3.25, 5.02, 8.46]",Active,True,Active,4367567.0,0,0.0,,2026-09-15 17:18:27,,
561,177,00-0036331,Devin Duvernay,WR,ARI,SEA,1.0,2026_02_SEA_ARI,2026-09-20 16:25:00,0.0,0.0,3.6978179128171336,0.1769952794645295,-0.1769952794645295,C,31,-9.511779482215054,18.5,2,,False,6.0,"https://static.www.nfl.com/image/upload/f_auto,q_auto/league/tj3t166iwsxbnyzxcyyl",0.1777314016591153,0.0,0.0,0.0,0.0,1.0971077740109,0.0052236256796453,0.0,0.0,0.0,0.0,0.0,0.0,23.0,"[0.0, 0.0, 0.0, 0.0, 0.0, 0.0, 0.0, 0.0, 0.0, 0.0, 0.0, 0.0, 0.0, 0.41, 1.14, 2.22, 3.7, 5.65, 8.87]",Active,True,Active,4039050.0,1,0.0,0.0,2026-09-15 17:18:27,,
562,178,00-0040506,Myles Price,WR,MIN,CHI,0.0,2026_02_MIN_CHI,2026-09-20 13:00:00,0.0,0.0,3.6978179128171336,0.0,0.0,C,4,6.798931620172071,21.5,2,,False,5.0,"https://static.www.nfl.com/image/upload/f_auto,q_auto/league/yi2pgwujy0lv9l3m3sig",0.0,0.0,0.0,0.0,0.0,0.0,0.0,0.0,0.0,0.0,0.0,0.0,0.0,27.0,"[0.0, 0.0, 0.0, 0.0, 0.0, 0.0, 0.0, 0.0, 0.0, 0.0, 0.0, 0.0, 0.0, 0.41, 1.14, 2.22, 3.7, 5.65, 8.87]",Active,True,Active,4430656.0,1,0.0,0.0,2026-09-15 17:18:27,,
563,179,00-0036646,Simi Fehoko,WR,ARI,SEA,1.0,2026_02_SEA_ARI,2026-09-20 16:25:00,0.0,0.0,3.6978179128171336,0.3494235224707536,-0.3494235224707536,C,31,-9.511779482215054,18.5,2,,False,5.0,"https://static.www.nfl.com/image/upload/f_auto,q_auto/league/eep30drknwucjdj6tivh",0.0,0.0,0.0,0.0,0.0,0.0,0.0,0.0,0.0,0.0,0.0,0.0,0.0,23.0,"[0.0, 0.0, 0.0, 0.0, 0.0, 0.0, 0.0, 0.0, 0.0, 0.0, 0.0, 0.0, 0.0, 0.41, 1.14, 2.22, 3.7, 5.65, 8.87]",Active,True,Active,4360739.0,1,0.0,0.0,2026-09-15 17:18:27,,
564,32,00-0038905,Blake Grupe,K,NYJ,GB,1.0,2026_02_GB_NYJ,2026-09-20 13:00:00,0.0,0.0,0.0,0.0,0.0,C,21,-0.55690887749775,20.0,2,,False,2.0,"https://static.www.nfl.com/image/upload/f_auto,q_auto/league/de3vz6xjjo9paba6encd",0.0,0.0,0.0,0.0,0.0,0.0,0.0,2.230928391186729,1.6785814404201218,0.5026967217920313,0.0,0.0,0.0,24.5,"[0.0, 0.0, 0.0, 0.0, 0.0, 0.0, 0.0, 0.0, 0.0, 0.0, 0.0, 0.0, 0.0, 0.0, 0.0, 0.0, 0.0, 0.0, 0.0]",Backup,False,Active,4259619.0,0,0.0,,2026-09-15 17:18:27,,
565,33,00-0038562,Jake Moody,K,BAL,NO,1.0,2026_02_NO_BAL,2026-09-20 13:00:00,0.0,0.0,0.0,0.0,0.0,C,10,0.4680611561297916,27.5,2,,False,,"https://static.www.nfl.com/image/upload/f_auto,q_auto/league/apt7uakuwoxlpsjp5lp5",0.0,0.0,0.0,0.0,0.0,0.0,0.0,2.4227166454192464,1.842244492685856,0.2938211980349134,0.0,0.0,0.0,19.0,"[0.0, 0.0, 0.0, 0.0, 0.0, 0.0, 0.0, 0.0, 0.0, 0.0, 0.0, 0.0, 0.0, 0.0, 0.0, 0.0, 0.0, 0.0, 0.0]",Practice squad,False,Practice squad,4372066.0,0,0.0,,2026-09-15 17:18:27,,
566,34,00-0039229,Charlie Smyth,K,NO,BAL,0.0,2026_02_NO_BAL,2026-09-20 13:00:00,0.0,0.0,0.0,0.0,0.0,C,22,-0.9456163653630024,19.0,2,,False,,"https://static.www.nfl.com/image/upload/f_auto,q_auto/league/yv9x4ywdfecxioletyol",0.0,0.0,0.0,0.0,0.0,0.0,0.0,2.743606471896459,2.254737854822231,0.6803771552009303,0.0,0.0,0.0,27.5,"[0.0, 0.0, 0.0, 0.0, 0.0, 0.0, 0.0, 0.0, 0.0, 0.0, 0.0, 0.0, 0.0, 0.0, 0.0, 0.0, 0.0, 0.0, 0.0]",Practice squad,False,Practice squad,5208518.0,0,0.0,,2026-09-15 17:18:27,,
567,35,00-0034794,Jason Sanders,K,NYJ,GB,1.0,2026_02_GB_NYJ,2026-09-20 13:00:00,0.0,0.0,0.0,0.0,0.0,C,21,-0.55690887749775,20.0,2,,True,1.0,"https://static.www.nfl.com/image/upload/f_auto,q_auto/league/k3ldptfygihmqgl2eir6",0.0,0.0,0.0,0.0,0.0,0.0,0.0,4.0,2.0,2.0,0.0,0.0,0.0,24.5,"[0.0, 0.0, 0.0, 0.0, 0.0, 0.0, 0.0, 0.0, 0.0, 0.0, 0.0, 0.0, 0.0, 0.0, 0.0, 0.0, 0.0, 0.0, 0.0]",Practice squad,False,Practice squad,3124679.0,1,14.0,14.0,2026-09-15 17:18:27,,
568,36,00-0041582,Kansei Matsuzawa,K,LV,LAC,0.0,2026_02_LV_LAC,2026-09-20 16:05:00,0.0,0.0,0.0,0.0,0.0,C,3,3.387917676445624,18.25,2,,True,,"https://static.www.nfl.com/image/upload/f_auto,q_auto/league/juovdeicuriiauham1my",0.0,0.0,0.0,0.0,0.0,0.0,0.0,0.0,0.0,0.0,0.0,0.0,0.0,25.25,"[0.0, 0.0, 0.0, 0.0, 0.0, 0.0, 0.0, 0.0, 0.0, 0.0, 0.0, 0.0, 0.0, 0.0, 0.0, 0.0, 0.0, 0.0, 0.0]",Practice squad,False,Practice squad,5158921.0,0,0.0,,2026-09-15 17:18:27,,
569,37,00-0040003,Lenny Krieg,K,GB,NYJ,0.0,2026_02_GB_NYJ,2026-09-20 13:00:00,0.0,0.0,0.0,0.0,0.0,C,19,-0.0995747990610586,24.5,2,,True,,"https://static.www.nfl.com/image/upload/f_auto,q_auto/league/gxhpy5ntqhgmcwwzn9do",0.0,0.0,0.0,0.0,0.0,0.0,0.0,0.0,0.0,0.0,0.0,0.0,0.0,20.0,"[0.0, 0.0, 0.0, 0.0, 0.0, 0.0, 0.0, 0.0, 0.0, 0.0, 0.0, 0.0, 0.0, 0.0, 0.0, 0.0, 0.0, 0.0, 0.0]",Practice squad,False,Practice squad,5277116.0,0,0.0,,2026-09-15 17:18:27,,
570,89,00-0040704,Dillon Gabriel,QB,CLE,TB,0.0,2026_02_CLE_TB,2026-09-20 13:00:00,0.0,0.0,0.0,0.0,0.0,C,11,1.2925422694668751,16.0,3,,False,4.0,"https://static.www.nfl.com/image/upload/f_auto,q_auto/league/szpyvusef9jvoctbnkbk",0.0,1.421848382411572,17.358124047651746,88.10075859943977,9.025083168786251,0.0,0.0,0.0,0.0,0.0,0.0,0.0,0.0,24.5,"[0.0, 0.0, 0.0, 0.0, 0.0, 0.0, 0.0, 0.0, 0.0, 0.0, 0.0, 0.0, 0.0, 0.0, 0.0, 0.0, 0.0, 0.0, 0.0]",Reserve/IR,False,Reserve/IR,4427238.0,0,0.0,,2026-09-15 17:18:27,,
571,90,00-0040494,Max Brosmer,QB,MIN,CHI,0.0,2026_02_MIN_CHI,2026-09-20 13:00:00,0.0,0.0,0.0,0.0,0.0,C,1,6.786991987113825,21.5,3,,False,,"https://static.www.nfl.com/image/upload/f_auto,q_auto/league/fpveluufmy7buwrhpiny",0.0,1.0542214202603368,10.691491560264078,49.47659517025961,1.9583106315663543,0.0,0.0,0.0,0.0,0.0,0.0,0.0,0.0,27.0,"[0.0, 0.0, 0.0, 0.0, 0.0, 0.0, 0.0, 0.0, 0.0, 0.0, 0.0, 0.0, 0.0, 0.0, 0.0, 0.0, 0.0, 0.0, 0.0]",Practice squad,False,Practice squad,4573398.0,0,0.0,,2026-09-15 17:18:27,,
572,91,00-0033319,Nick Mullens,QB,JAX,DEN,0.0,2026_02_JAX_DEN,2026-09-20 16:05:00,0.0,0.0,0.0,0.0,0.0,C,13,1.0946953212857289,21.0,3,,False,,"https://static.www.nfl.com/image/upload/f_auto,q_auto/league/haxwyajgngz6quuyqg19",0.0,3.0,0.3810811248433991,2.4846549191301635,-2.517253232693232,0.0,0.0,0.0,0.0,0.0,0.0,0.0,0.0,23.5,"[0.0, 0.0, 0.0, 0.0, 0.0, 0.0, 0.0, 0.0, 0.0, 0.0, 0.0, 0.0, 0.0, 0.0, 0.0, 0.0, 0.0, 0.0, 0.0]",Practice squad,False,Practice squad,3059989.0,1,-0.3,-0.3,2026-09-15 17:18:27,,
573,92,00-0039398,Joe Milton III,QB,DAL,WAS,1.0,2026_02_WAS_DAL,2026-09-20 16:25:00,0.0,0.0,0.0,0.0,0.0,C,7,3.9408070996962703,27.5,3,,False,,"https://static.www.nfl.com/image/upload/f_auto,q_auto/league/tsj9lobse1gxzanf39dt",0.0,1.3933113808011737,6.249102896414386,46.32306220192989,14.00366848529936,0.0,0.0,0.0,0.0,0.0,0.0,0.0,0.0,23.0,"[0.0, 0.0, 0.0, 0.0, 0.0, 0.0, 0.0, 0.0, 0.0, 0.0, 0.0, 0.0, 0.0, 0.0, 0.0, 0.0, 0.0, 0.0, 0.0]",Practice squad,False,Practice squad,4360698.0,0,0.0,,2026-09-15 17:18:27,,
574,93,00-0037324,Chris Oladokun,QB,KC,IND,1.0,2026_02_IND_KC,2026-09-20 20:20:00,0.0,0.0,0.0,0.0,0.0,C,6,4.026471143335463,27.0,3,,True,,"https://static.www.nfl.com/image/upload/f_auto,q_auto/league/zlcmvcyi6laaklmjv1j2",0.0,1.6374053324031206,18.357599324981635,76.81994768697973,5.791840431745014,0.0,0.0,0.0,0.0,0.0,0.0,0.0,0.0,20.5,"[0.0, 0.0, 0.0, 0.0, 0.0, 0.0, 0.0, 0.0, 0.0, 0.0, 0.0, 0.0, 0.0, 0.0, 0.0, 0.0, 0.0, 0.0, 0.0]",Reserve/IR,False,Reserve/IR,4044111.0,0,0.0,,2026-09-15 17:18:27,,
575,94,00-0026300,Josh Johnson,QB,CIN,HOU,0.0,2026_02_CIN_HOU,2026-09-20 13:00:00,0.0,0.0,0.0,0.0,0.0,C,5,4.204018078605831,22.0,3,,True,,"https://static.www.nfl.com/image/upload/f_auto,q_auto/league/sijqkai2yy1cbw3rwndh",0.0,4.233258117005829,18.368741545990527,126.4459510642982,19.641767804167504,0.0,0.0,0.0,0.0,0.0,0.0,0.0,0.0,24.5,"[0.0, 0.0, 0.0, 0.0, 0.0, 0.0, 0.0, 0.0, 0.0, 0.0, 0.0, 0.0, 0.0, 0.0, 0.0, 0.0, 0.0, 0.0, 0.0]",Practice squad,False,Practice squad,11394.0,0,0.0,,2026-09-15 17:18:27,,
576,95,00-0039577,Kedon Slovis,QB,GB,NYJ,0.0,2026_02_GB_NYJ,2026-09-20 13:00:00,0.0,0.0,0.0,0.0,0.0,C,9,2.326097739324878,24.5,3,,True,,"https://static.www.nfl.com/image/upload/f_auto,q_auto/league/hkvrcpwl9tm41jr3b0x3",0.0,0.0,1.0,-1.0432946174993891,0.0,0.0,0.0,0.0,0.0,0.0,0.0,0.0,0.0,20.0,"[0.0, 0.0, 0.0, 0.0, 0.0, 0.0, 0.0, 0.0, 0.0, 0.0, 0.0, 0.0, 0.0, 0.0, 0.0, 0.0, 0.0, 0.0, 0.0]",Practice squad,False,Practice squad,4428512.0,0,0.0,,2026-09-15 17:18:27,,
577,96,00-0036679,Shane Buechele,QB,BUF,DET,1.0,2026_02_DET_BUF,2026-09-17 20:15:00,0.0,0.0,0.0,0.0,0.0,C,4,4.2979295877142425,29.0,3,,True,,"https://static.www.nfl.com/image/upload/f_auto,q_auto/league/kmbuzxucmmytpuoy8yfc",0.0,1.0,13.999999999999998,88.0,4.0,0.0,0.0,0.0,0.0,0.0,0.0,0.0,0.0,24.5,"[0.0, 0.0, 0.0, 0.0, 0.0, 0.0, 0.0, 0.0, 0.0, 0.0, 0.0, 0.0, 0.0, 0.0, 0.0, 0.0, 0.0, 0.0, 0.0]",Practice squad,False,Practice squad,4039034.0,0,0.0,,2026-09-15 17:18:27,,
578,97,00-0039534,Carter Bradley,QB,JAX,DEN,0.0,2026_02_JAX_DEN,2026-09-20 16:05:00,0.0,0.0,0.0,0.0,0.0,C,13,1.0946953212857289,21.0,3,,True,,"https://static.www.nfl.com/image/upload/f_auto,q_auto/league/ystkos8c5gnjtsgxg7vg",0.0,0.0,0.0,0.0,0.0,0.0,0.0,0.0,0.0,0.0,0.0,0.0,0.0,23.5,"[0.0, 0.0, 0.0, 0.0, 0.0, 0.0, 0.0, 0.0, 0.0, 0.0, 0.0, 0.0, 0.0, 0.0, 0.0, 0.0, 0.0, 0.0, 0.0]",Reserve/IR,False,Reserve/IR,4362260.0,0,0.0,,2026-09-15 17:18:27,,
579,98,00-0037327,Skylar Thompson,QB,BAL,NO,1.0,2026_02_NO_BAL,2026-09-20 13:00:00,0.0,0.0,0.0,0.0,0.0,C,19,-0.5099946304405306,27.5,3,,True,4.0,"https://static.www.nfl.com/image/upload/f_auto,q_auto/league/estx7utxpnqif0lto9cq",0.0,0.0,0.0,0.0,0.0,0.0,0.0,0.0,0.0,0.0,0.0,0.0,0.0,19.0,"[0.0, 0.0, 0.0, 0.0, 0.0, 0.0, 0.0, 0.0, 0.0, 0.0, 0.0, 0.0, 0.0, 0.0, 0.0, 0.0, 0.0, 0.0, 0.0]",Reserve/IR,False,Reserve/IR,4036419.0,0,0.0,,2026-09-15 17:18:27,,
580,99,00-0038108,Bailey Zappe,QB,NYJ,GB,1.0,2026_02_GB_NYJ,2026-09-20 13:00:00,0.0,0.0,0.0,0.0,0.0,C,28,-3.0713529091181315,20.0,3,,True,,"https://static.www.nfl.com/image/upload/f_auto,q_auto/league/b6ntwwdcbjnzv2gml8tk",0.0,0.0,0.0,0.0,0.0,0.0,0.0,0.0,0.0,0.0,0.0,0.0,0.0,24.5,"[0.0, 0.0, 0.0, 0.0, 0.0, 0.0, 0.0, 0.0, 0.0, 0.0, 0.0, 0.0, 0.0, 0.0, 0.0, 0.0, 0.0, 0.0, 0.0]",Practice squad,False,Practice squad,4250360.0,0,0.0,,2026-09-15 17:18:27,,
581,100,00-0038391,Sean Clifford,QB,CIN,HOU,0.0,2026_02_CIN_HOU,2026-09-20 13:00:00,0.0,0.0,0.0,0.0,0.0,C,5,4.204018078605831,22.0,3,,True,,"https://static.www.nfl.com/image/upload/f_auto,q_auto/league/v0tmzl4x5qf2fo2yimqf",0.0,0.0,0.0,0.0,0.0,0.0,0.0,0.0,0.0,0.0,0.0,0.0,0.0,24.5,"[0.0, 0.0, 0.0, 0.0, 0.0, 0.0, 0.0, 0.0, 0.0, 0.0, 0.0, 0.0, 0.0, 0.0, 0.0, 0.0, 0.0, 0.0, 0.0]",Practice squad,False,Practice squad,4259592.0,0,0.0,,2026-09-15 17:18:27,,
582,101,00-0038550,Hendon Hooker,QB,TEN,PHI,1.0,2026_02_PHI_TEN,2026-09-20 13:00:00,0.0,0.0,0.0,0.0,0.0,C,17,0.547293111359371,16.25,3,,True,,"https://static.www.nfl.com/image/upload/f_auto,q_auto/league/jq92ol8hm5n7byqhpcps",0.0,0.0,0.0,0.0,0.0,0.0,0.0,0.0,0.0,0.0,0.0,0.0,0.0,23.25,"[0.0, 0.0, 0.0, 0.0, 0.0, 0.0, 0.0, 0.0, 0.0, 0.0, 0.0, 0.0, 0.0, 0.0, 0.0, 0.0, 0.0, 0.0, 0.0]",Practice squad,False,Practice squad,4240858.0,0,0.0,,2026-09-15 17:18:27,,
583,102,00-0038998,Jake Haener,QB,NYG,LA,0.0,2026_02_NYG_LA,2026-09-21 20:15:00,0.0,0.0,0.0,0.0,0.0,C,8,2.704118974639344,20.75,3,,True,,"https://static.www.nfl.com/image/upload/f_auto,q_auto/league/jfxyp1qkekty7jwh5kcr",0.0,0.0,0.0,0.0,0.0,0.0,0.0,0.0,0.0,0.0,0.0,0.0,0.0,27.75,"[0.0, 0.0, 0.0, 0.0, 0.0, 0.0, 0.0, 0.0, 0.0, 0.0, 0.0, 0.0, 0.0, 0.0, 0.0, 0.0, 0.0, 0.0, 0.0]",Practice squad,False,Practice squad,4243322.0,0,0.0,,2026-09-15 17:18:27,,
584,103,00-0035282,Easton Stick,QB,TB,CLE,1.0,2026_02_CLE_TB,2026-09-20 13:00:00,0.0,0.0,0.0,0.0,0.0,C,26,-2.08728141085324,24.5,3,,True,,"https://static.www.nfl.com/image/upload/f_auto,q_auto/league/rspxeh6kxzfr7ftkcywh",0.0,0.0,0.0,0.0,0.0,0.0,0.0,0.0,0.0,0.0,0.0,0.0,0.0,16.0,"[0.0, 0.0, 0.0, 0.0, 0.0, 0.0, 0.0, 0.0, 0.0, 0.0, 0.0, 0.0, 0.0, 0.0, 0.0, 0.0, 0.0, 0.0, 0.0]",Practice squad,False,Practice squad,3120590.0,0,0.0,,2026-09-15 17:18:27,,
585,104,00-0039677,Sam Hartman,QB,WAS,DAL,0.0,2026_02_WAS_DAL,2026-09-20 16:25:00,0.0,0.0,0.0,0.0,0.0,C,2,6.541743028808408,23.0,3,,True,,"https://static.www.nfl.com/image/upload/f_auto,q_auto/league/mvpbrqp3o04zla5lzf7u",0.0,0.0,0.0,0.0,0.0,0.0,0.0,0.0,0.0,0.0,0.0,0.0,0.0,27.5,"[0.0, 0.0, 0.0, 0.0, 0.0, 0.0, 0.0, 0.0, 0.0, 0.0, 0.0, 0.0, 0.0, 0.0, 0.0, 0.0, 0.0, 0.0, 0.0]",Practice squad,False,Practice squad,4361994.0,0,0.0,,2026-09-15 17:18:27,,
586,105,00-0040211,Graham Mertz,QB,HOU,CIN,1.0,2026_02_CIN_HOU,2026-09-20 13:00:00,0.0,0.0,0.0,0.0,0.0,C,20,-0.7098575419652445,24.5,3,,True,3.0,"https://static.www.nfl.com/image/upload/f_auto,q_auto/league/v5l7nuj0z669orqxga16",0.0,0.0,0.0,0.0,0.0,0.0,0.0,0.0,0.0,0.0,0.0,0.0,0.0,22.0,"[0.0, 0.0, 0.0, 0.0, 0.0, 0.0, 0.0, 0.0, 0.0, 0.0, 0.0, 0.0, 0.0, 0.0, 0.0, 0.0, 0.0, 0.0, 0.0]",Reserve/IR,False,Reserve/IR,4426335.0,0,0.0,,2026-09-15 17:18:27,,
587,106,00-0040464,DJ Uiagalelei,QB,LAC,LV,1.0,2026_02_LV_LAC,2026-09-20 16:05:00,0.0,0.0,0.0,0.0,0.0,C,15,0.6907042166017388,25.25,3,,True,,"https://static.www.nfl.com/image/upload/f_auto,q_auto/league/uxkbvrw5eu41udzsesnu",0.0,0.0,0.0,0.0,0.0,0.0,0.0,0.0,0.0,0.0,0.0,0.0,0.0,18.25,"[0.0, 0.0, 0.0, 0.0, 0.0, 0.0, 0.0, 0.0, 0.0, 0.0, 0.0, 0.0, 0.0, 0.0, 0.0, 0.0, 0.0, 0.0, 0.0]",Practice squad,False,Practice squad,4429020.0,0,0.0,,2026-09-15 17:18:27,,
588,107,00-0041156,Mark Gronowski,QB,HOU,CIN,1.0,2026_02_CIN_HOU,2026-09-20 13:00:00,0.0,0.0,0.0,0.0,0.0,C,20,-0.7098575419652445,24.5,3,,True,,"https://static.www.nfl.com/image/upload/f_auto,q_auto/league/yqbrulccgmwxaboyy3dx",0.0,0.0,0.0,0.0,0.0,0.0,0.0,0.0,0.0,0.0,0.0,0.0,0.0,22.0,"[0.0, 0.0, 0.0, 0.0, 0.0, 0.0, 0.0, 0.0, 0.0, 0.0, 0.0, 0.0, 0.0, 0.0, 0.0, 0.0, 0.0, 0.0, 0.0]",Practice squad,False,Practice squad,4695400.0,0,0.0,,2026-09-15 17:18:27,,
589,108,00-0041203,Joey Aguilar,QB,JAX,DEN,0.0,2026_02_JAX_DEN,2026-09-20 16:05:00,0.0,0.0,0.0,0.0,0.0,C,13,1.0946953212857289,21.0,3,,True,,"https://static.www.nfl.com/image/upload/f_auto,q_auto/league/ftafwh4qrzhpxp8kq0ca",0.0,0.0,0.0,0.0,0.0,0.0,0.0,0.0,0.0,0.0,0.0,0.0,0.0,23.5,"[0.0, 0.0, 0.0, 0.0, 0.0, 0.0, 0.0, 0.0, 0.0, 0.0, 0.0, 0.0, 0.0, 0.0, 0.0, 0.0, 0.0, 0.0, 0.0]",Practice squad,False,Practice squad,,0,0.0,,2026-09-15 17:18:27,,
590,109,00-0041414,Matthew Caldwell,QB,LA,NYG,1.0,2026_02_NYG_LA,2026-09-21 20:15:00,0.0,0.0,0.0,0.0,0.0,C,24,-1.847586799916532,27.75,3,,True,4.0,,0.0,0.0,0.0,0.0,0.0,0.0,0.0,0.0,0.0,0.0,0.0,0.0,0.0,20.75,"[0.0, 0.0, 0.0, 0.0, 0.0, 0.0, 0.0, 0.0, 0.0, 0.0, 0.0, 0.0, 0.0, 0.0, 0.0, 0.0, 0.0, 0.0, 0.0]",Reserve/IR,False,Reserve/IR,,0,0.0,,2026-09-15 17:18:27,,
591,110,00-0041453,Luke Altmyer,QB,DET,BUF,0.0,2026_02_DET_BUF,2026-09-17 20:15:00,0.0,0.0,0.0,0.0,0.0,C,18,0.2982201562836386,24.5,3,,True,,"https://static.www.nfl.com/image/upload/f_auto,q_auto/league/eriopmdwcfjude1cptvi",0.0,0.0,0.0,0.0,0.0,0.0,0.0,0.0,0.0,0.0,0.0,0.0,0.0,29.0,"[0.0, 0.0, 0.0, 0.0, 0.0, 0.0, 0.0, 0.0, 0.0, 0.0, 0.0, 0.0, 0.0, 0.0, 0.0, 0.0, 0.0, 0.0, 0.0]",Practice squad,False,Practice squad,4597679.0,0,0.0,,2026-09-15 17:18:27,,
592,114,00-0040644,Trevor Etienne,RB,CAR,ATL,0.0,2026_02_CAR_ATL,2026-09-20 13:00:00,0.0,0.0,0.0,0.0,0.0,C,29,-3.150319898751325,23.0,4,,False,4.0,"https://static.www.nfl.com/image/upload/f_auto,q_auto/league/pcuzq84x7ia5yvmikltb",0.128483686859794,0.8296601642433612,0.0,0.0,3.7504500677547634,0.5636024462483653,0.0051646271259408,0.0,0.0,0.0,0.0,0.0,0.0,20.5,"[0.0, 0.0, 0.0, 0.0, 0.0, 0.0, 0.0, 0.0, 0.0, 0.0, 0.0, 0.0, 0.0, 0.0, 0.0, 0.0, 0.0, 0.0, 0.0]",Reserve/IR,False,Reserve/IR,4685350.0,0,0.0,,2026-09-15 17:18:27,,
593,115,00-0039165,Zach Charbonnet,RB,SEA,ARI,0.0,2026_02_SEA_ARI,2026-09-20 16:25:00,0.0,0.0,0.0,0.0,0.0,C,27,-2.291407534767114,23.0,4,,False,4.0,"https://static.www.nfl.com/image/upload/f_auto,q_auto/league/cuuyog0lpxfaj0y0huvp",1.60174353274309,11.003369107403616,0.0,0.0,47.26926102736634,9.393174875422584,0.0557820313848383,0.0,0.0,0.0,0.0,0.0,0.0,18.5,"[0.0, 0.0, 0.0, 0.0, 0.0, 0.0, 0.0, 0.0, 0.0, 0.0, 0.0, 0.0, 0.0, 0.0, 0.0, 0.0, 0.0, 0.0, 0.0]",Reserve/IR,False,Reserve/IR,4426385.0,0,0.0,,2026-09-15 17:18:27,,
594,116,00-0035700,Josh Jacobs,RB,GB,NYJ,0.0,2026_02_GB_NYJ,2026-09-20 13:00:00,0.0,0.0,0.0,0.0,0.0,C,20,-0.0483694790179377,24.5,4,,False,4.0,"https://static.www.nfl.com/image/upload/f_auto,q_auto/league/uceokxeo0uqrqms3e3vl",2.729938478372893,14.899384719273842,0.0,0.0,57.96295604252302,14.481471287146809,0.0912966568999231,0.0,0.0,0.0,0.0,0.0,0.0,20.0,"[0.0, 0.0, 0.0, 0.0, 0.0, 0.0, 0.0, 0.0, 0.0, 0.0, 0.0, 0.0, 0.0, 0.0, 0.0, 0.0, 0.0, 0.0, 0.0]",Exempt,False,Exempt,4047365.0,0,0.0,,2026-09-15 17:18:27,,
595,117,00-0033955,Jeremy McNichols,RB,WAS,DAL,0.0,2026_02_WAS_DAL,2026-09-20 16:25:00,0.0,0.0,0.0,0.0,0.0,C,21,-0.3613180133035657,23.0,4,,False,4.0,"https://static.www.nfl.com/image/upload/f_auto,q_auto/league/xcrgrtlk6ukrshtlnr5e",1.957964061855729,2.7162079325779582,0.0,0.0,10.539368184362402,11.823310624577536,0.0821477492116639,0.0,0.0,0.0,0.0,0.0,0.0,27.5,"[0.0, 0.0, 0.0, 0.0, 0.0, 0.0, 0.0, 0.0, 0.0, 0.0, 0.0, 0.0, 0.0, 0.0, 0.0, 0.0, 0.0, 0.0, 0.0]",Reserve/IR,False,Reserve/IR,3127586.0,0,0.0,,2026-09-15 17:18:27,,
596,118,00-0033854,Dare Ogunbowale,RB,LV,LAC,0.0,2026_02_LV_LAC,2026-09-20 16:05:00,0.0,0.0,0.0,0.0,0.0,C,23,-0.494684076020096,18.25,4,,False,,"https://static.www.nfl.com/image/upload/f_auto,q_auto/league/bsm0k0jkytuiej2riudv",1.066226011085073,0.9497269340567353,0.0,0.0,1.5595527509077332,5.987747798273163,0.0358765951990846,0.0,0.0,0.0,0.0,0.0,0.0,25.25,"[0.0, 0.0, 0.0, 0.0, 0.0, 0.0, 0.0, 0.0, 0.0, 0.0, 0.0, 0.0, 0.0, 0.0, 0.0, 0.0, 0.0, 0.0, 0.0]",Practice squad,False,Practice squad,2983509.0,0,0.0,,2026-09-15 17:18:27,,
597,119,00-0036924,Michael Carter,RB,TEN,PHI,1.0,2026_02_PHI_TEN,2026-09-20 13:00:00,0.0,0.0,0.0,0.0,0.0,C,15,1.5859714878510949,16.25,4,,False,,"https://static.www.nfl.com/image/upload/f_auto,q_auto/league/cwqrxzouk4gkhfziyqre",3.5248342033119195,7.206478032319148,0.0,0.0,27.50091708362352,20.722956990157414,0.0948861154279747,0.0,0.0,0.0,0.0,0.0,0.0,23.25,"[0.0, 0.0, 0.0, 0.0, 0.0, 0.0, 0.0, 0.0, 0.0, 0.0, 0.0, 0.0, 0.0, 0.0, 0.0, 0.0, 0.0, 0.0, 0.0]",Practice squad,False,Practice squad,4240657.0,0,0.0,,2026-09-15 17:18:27,,
598,120,00-0037197,Isiah Pacheco,RB,DET,BUF,0.0,2026_02_DET_BUF,2026-09-17 20:15:00,0.0,0.0,0.0,0.0,0.0,C,3,8.27505973190486,24.5,4,,False,4.0,"https://static.www.nfl.com/image/upload/f_auto,q_auto/league/hkqb4imkum3vxxkwuetl",1.938720881583883,9.140691588164936,0.0,0.0,34.98718422352207,8.45146149945983,0.0703326546724498,0.0,0.0,0.0,0.0,0.0,0.0,29.0,"[0.0, 0.0, 0.0, 0.0, 0.0, 0.0, 0.0, 0.0, 0.0, 0.0, 0.0, 0.0, 0.0, 0.0, 0.0, 0.0, 0.0, 0.0, 0.0]",Reserve/IR,False,Reserve/IR,4361529.0,0,0.0,,2026-09-15 17:18:27,,
599,121,00-0037617,Hassan Haskins,RB,NE,PIT,1.0,2026_02_PIT_NE,2026-09-20 13:00:00,0.0,0.0,0.0,0.0,0.0,C,11,3.059380643587325,23.0,4,,False,,"https://static.www.nfl.com/image/upload/f_auto,q_auto/league/n9jwsfxyo1xppmhscpik",0.3128425367336219,1.4050438803506178,0.0,0.0,3.967765142444808,0.9935660323465664,0.0072798784379447,0.0,0.0,0.0,0.0,0.0,0.0,18.5,"[0.0, 0.0, 0.0, 0.0, 0.0, 0.0, 0.0, 0.0, 0.0, 0.0, 0.0, 0.0, 0.0, 0.0, 0.0, 0.0, 0.0, 0.0, 0.0]",Practice squad,False,Practice squad,4372071.0,0,0.0,,2026-09-15 17:18:27,,
600,122,00-0038440,Zavier Scott,RB,CHI,MIN,1.0,2026_02_MIN_CHI,2026-09-20 13:00:00,0.0,0.0,0.0,0.0,0.0,C,22,-0.4244433873627045,27.0,4,,False,,"https://static.www.nfl.com/image/upload/f_auto,q_auto/league/z8sqpgdoyuv5rask15vn",1.23485262986117,2.602506636383932,0.0,0.0,9.41704716902942,7.480814357501467,0.0386213973874041,0.0,0.0,0.0,0.0,0.0,0.0,21.5,"[0.0, 0.0, 0.0, 0.0, 0.0, 0.0, 0.0, 0.0, 0.0, 0.0, 0.0, 0.0, 0.0, 0.0, 0.0, 0.0, 0.0, 0.0, 0.0]",Practice squad,False,Practice squad,4257364.0,0,0.0,,2026-09-15 17:18:27,,
601,123,00-0037120,Tyler Goodson,RB,ATL,CAR,1.0,2026_02_CAR_ATL,2026-09-20 13:00:00,0.0,0.0,0.0,0.0,0.0,C,1,12.644916609943568,20.5,4,,False,,"https://static.www.nfl.com/image/upload/f_auto,q_auto/league/zqmesi6fwv82lhfzlht6",0.2419065260087438,0.9175201044778952,0.0,0.0,2.5330816625515675,0.6812118166924145,0.0057855898318034,0.0,0.0,0.0,0.0,0.0,0.0,23.0,"[0.0, 0.0, 0.0, 0.0, 0.0, 0.0, 0.0, 0.0, 0.0, 0.0, 0.0, 0.0, 0.0, 0.0, 0.0, 0.0, 0.0, 0.0, 0.0]",Practice squad,False,Practice squad,4429676.0,0,0.0,,2026-09-15 17:18:27,,
602,124,00-0037563,Malik Davis,RB,DAL,WAS,1.0,2026_02_WAS_DAL,2026-09-20 16:25:00,0.0,0.0,0.0,0.0,0.0,C,18,0.1518324106292128,27.5,4,,False,4.0,"https://static.www.nfl.com/image/upload/f_auto,q_auto/league/zvranxxyt8qeihn8c2q9",0.6476814085982713,6.353638073044008,0.0,0.0,30.10220981082152,1.9267579800304548,0.0182778701763453,0.0,0.0,0.0,0.0,0.0,0.0,23.0,"[0.0, 0.0, 0.0, 0.0, 0.0, 0.0, 0.0, 0.0, 0.0, 0.0, 0.0, 0.0, 0.0, 0.0, 0.0, 0.0, 0.0, 0.0, 0.0]",Reserve/IR,False,Reserve/IR,4240603.0,0,0.0,,2026-09-15 17:18:27,,
603,125,00-0038794,Jaleel McLaughlin,RB,CLE,TB,0.0,2026_02_CLE_TB,2026-09-20 13:00:00,0.0,0.0,0.0,0.0,0.0,C,16,0.8183587553488274,16.0,4,,False,,"https://static.www.nfl.com/image/upload/f_auto,q_auto/league/jlzkji7mfkcmkyz2tygj",0.9590806271853124,4.590067558929199,0.0,0.0,22.91343735127493,3.210445568364992,0.0329017841294226,0.0,0.0,0.0,0.0,0.0,0.0,24.5,"[0.0, 0.0, 0.0, 0.0, 0.0, 0.0, 0.0, 0.0, 0.0, 0.0, 0.0, 0.0, 0.0, 0.0, 0.0, 0.0, 0.0, 0.0, 0.0]",Practice squad,False,Practice squad,4722893.0,0,0.0,,2026-09-15 17:18:27,,
604,126,00-0040202,Devin Neal,RB,NO,BAL,0.0,2026_02_NO_BAL,2026-09-20 13:00:00,0.0,0.0,0.0,0.0,0.0,C,10,3.125787143374265,19.0,4,,False,,"https://static.www.nfl.com/image/upload/f_auto,q_auto/league/set0xwgpkp0k3bofcpzn",2.2057207331876847,7.343568658862364,0.0,0.0,26.56593742321151,12.575632705810325,0.0646982714010264,0.0,0.0,0.0,0.0,0.0,0.0,27.5,"[0.0, 0.0, 0.0, 0.0, 0.0, 0.0, 0.0, 0.0, 0.0, 0.0, 0.0, 0.0, 0.0, 0.0, 0.0, 0.0, 0.0, 0.0, 0.0]",Reserve/IR,False,Reserve/IR,4682652.0,0,0.0,,2026-09-15 17:18:27,,
605,127,00-0035594,Travis Homer,RB,PIT,NE,0.0,2026_02_PIT_NE,2026-09-20 13:00:00,0.0,0.0,0.0,0.0,0.0,C,24,-1.6019997993454522,18.5,4,,False,,"https://static.www.nfl.com/image/upload/f_auto,q_auto/league/dyyclvfaagspov2ydf3i",0.0,0.1173740077220853,0.0,0.0,-0.2347480154441707,0.0,0.0,0.0,0.0,0.0,0.0,0.0,0.0,23.0,"[0.0, 0.0, 0.0, 0.0, 0.0, 0.0, 0.0, 0.0, 0.0, 0.0, 0.0, 0.0, 0.0, 0.0, 0.0, 0.0, 0.0, 0.0, 0.0]",Practice squad,False,Practice squad,4037457.0,0,0.0,,2026-09-15 17:18:27,,
606,128,00-0039363,Isaac Guerendo,RB,SF,MIA,1.0,2026_02_MIA_SF,2026-09-20 16:25:00,0.0,0.0,0.0,0.0,0.0,C,2,8.811680565102481,29.5,4,,False,4.0,"https://static.www.nfl.com/image/upload/f_auto,q_auto/league/uy1bdu0dokosyzl4ohmi",0.0,0.0,0.0,0.0,0.0,0.0,0.0,0.0,0.0,0.0,0.0,0.0,0.0,16.0,"[0.0, 0.0, 0.0, 0.0, 0.0, 0.0, 0.0, 0.0, 0.0, 0.0, 0.0, 0.0, 0.0, 0.0, 0.0, 0.0, 0.0, 0.0, 0.0]",Reserve/IR,False,Reserve/IR,4372561.0,0,0.0,,2026-09-15 17:18:27,,
607,129,00-0036425,DeeJay Dallas,RB,MIN,CHI,0.0,2026_02_MIN_CHI,2026-09-20 13:00:00,0.0,0.0,0.0,0.0,0.0,C,5,6.204857693453305,21.5,4,,False,,"https://static.www.nfl.com/image/upload/f_auto,q_auto/league/qrvemj4m3g2mqlbgy352",0.5933431990549743,0.3191782030661731,0.0,0.0,2.3593758042005297,0.4809919702835206,0.0239492140566788,0.0,0.0,0.0,0.0,0.0,0.0,27.0,"[0.0, 0.0, 0.0, 0.0, 0.0, 0.0, 0.0, 0.0, 0.0, 0.0, 0.0, 0.0, 0.0, 0.0, 0.0, 0.0, 0.0, 0.0, 0.0]",Practice squad,False,Practice squad,4240631.0,1,1.1,1.1,2026-09-15 17:18:27,,
608,130,00-0037745,Velus Jones Jr.,RB,SEA,ARI,0.0,2026_02_SEA_ARI,2026-09-20 16:25:00,0.0,0.0,0.0,0.0,0.0,C,27,-2.291407534767114,23.0,4,,False,,"https://static.www.nfl.com/image/upload/f_auto,q_auto/league/d4y5fxivhcxk34q7stpb",0.0,1.979312515991041,0.0,0.0,8.054840447680695,0.0,0.0,0.0,0.0,0.0,0.0,0.0,0.0,18.5,"[0.0, 0.0, 0.0, 0.0, 0.0, 0.0, 0.0, 0.0, 0.0, 0.0, 0.0, 0.0, 0.0, 0.0, 0.0, 0.0, 0.0, 0.0, 0.0]",Practice squad,False,Practice squad,4035693.0,0,0.0,,2026-09-15 17:18:27,,
609,131,00-0038397,Evan Hull,RB,ARI,SEA,1.0,2026_02_SEA_ARI,2026-09-20 16:25:00,0.0,0.0,0.0,0.0,0.0,C,25,-2.113915679799043,18.5,4,,False,,"https://static.www.nfl.com/image/upload/f_auto,q_auto/league/xyyujk9mvvzegaiefp51",0.1447644767164912,3.0856827543496403,0.0,0.0,7.796383924303273,0.8685868602989477,0.0072382238358245,0.0,0.0,0.0,0.0,0.0,0.0,23.0,"[0.0, 0.0, 0.0, 0.0, 0.0, 0.0, 0.0, 0.0, 0.0, 0.0, 0.0, 0.0, 0.0, 0.0, 0.0, 0.0, 0.0, 0.0, 0.0]",Practice squad,False,Practice squad,4569609.0,0,0.0,,2026-09-15 17:18:27,,
610,132,00-0037258,Dameon Pierce,RB,PHI,TEN,0.0,2026_02_PHI_TEN,2026-09-20 13:00:00,0.0,0.0,0.0,0.0,0.0,C,9,3.17945343942622,23.25,4,,False,,"https://static.www.nfl.com/image/upload/f_auto,q_auto/league/oai3defivyfyofxxh4ux",0.1669235072854968,2.719252101593704,0.0,0.0,7.017931299875056,0.0,0.006182352121685,0.0,0.0,0.0,0.0,0.0,0.0,16.25,"[0.0, 0.0, 0.0, 0.0, 0.0, 0.0, 0.0, 0.0, 0.0, 0.0, 0.0, 0.0, 0.0, 0.0, 0.0, 0.0, 0.0, 0.0, 0.0]",Practice squad,False,Practice squad,4360238.0,0,0.0,,2026-09-15 17:18:27,,
611,133,00-0038040,Zamir White,RB,NO,BAL,0.0,2026_02_NO_BAL,2026-09-20 13:00:00,0.0,0.0,0.0,0.0,0.0,C,10,3.125787143374265,19.0,4,,False,,"https://static.www.nfl.com/image/upload/f_auto,q_auto/league/jzthyqk2ld52f31ka1ir",1.1791728593075956,2.3099048801299187,0.0,0.0,6.3562245884523865,4.70482456138725,0.0364834995068139,0.0,0.0,0.0,0.0,0.0,0.0,27.5,"[0.0, 0.0, 0.0, 0.0, 0.0, 0.0, 0.0, 0.0, 0.0, 0.0, 0.0, 0.0, 0.0, 0.0, 0.0, 0.0, 0.0, 0.0, 0.0]",Practice squad,False,Practice squad,4361777.0,0,0.0,,2026-09-15 17:18:27,,
612,134,00-0035567,Craig Reynolds,RB,WAS,DAL,0.0,2026_02_WAS_DAL,2026-09-20 16:25:00,0.0,0.0,0.0,0.0,0.0,C,21,-0.3613180133035657,23.0,4,,False,,"https://static.www.nfl.com/image/upload/f_auto,q_auto/league/f5zuttg3hinfqgronrsg",0.0,0.5460941263753193,0.0,0.0,0.728125501833759,0.0,0.0,0.0,0.0,0.0,0.0,0.0,0.0,27.5,"[0.0, 0.0, 0.0, 0.0, 0.0, 0.0, 0.0, 0.0, 0.0, 0.0, 0.0, 0.0, 0.0, 0.0, 0.0, 0.0, 0.0, 0.0, 0.0]",Practice squad,False,Practice squad,4421446.0,0,0.0,,2026-09-15 17:18:27,,
613,135,00-0039373,Audric Estimé,RB,NO,BAL,0.0,2026_02_NO_BAL,2026-09-20 13:00:00,0.0,0.0,0.0,0.0,0.0,C,10,3.125787143374265,19.0,4,,False,4.0,"https://static.www.nfl.com/image/upload/f_auto,q_auto/league/lcoend1mysjfhl8f4rrt",2.736921062734882,10.027395102264842,0.0,0.0,42.83071791852611,21.4905442321293,0.0772431518969403,0.0,0.0,0.0,0.0,0.0,0.0,27.5,"[0.0, 0.0, 0.0, 0.0, 0.0, 0.0, 0.0, 0.0, 0.0, 0.0, 0.0, 0.0, 0.0, 0.0, 0.0, 0.0, 0.0, 0.0, 0.0]",Reserve/IR,False,Reserve/IR,4569682.0,0,0.0,,2026-09-15 17:18:27,,
614,136,00-0040586,Jaydon Blue,RB,PHI,TEN,0.0,2026_02_PHI_TEN,2026-09-20 13:00:00,0.0,0.0,0.0,0.0,0.0,C,9,3.17945343942622,23.25,4,,False,,"https://static.www.nfl.com/image/upload/f_auto,q_auto/league/lscygdlqczomp0l9oykv",0.1985066225251213,8.112166374096962,0.0,0.0,28.3110650272955,0.992533112625607,0.006616887417504,0.0,0.0,0.0,0.0,0.0,0.0,16.25,"[0.0, 0.0, 0.0, 0.0, 0.0, 0.0, 0.0, 0.0, 0.0, 0.0, 0.0, 0.0, 0.0, 0.0, 0.0, 0.0, 0.0, 0.0, 0.0]",Practice squad,False,Practice squad,4685279.0,0,0.0,,2026-09-15 17:18:27,,
615,137,00-0040649,Robbie Ouzts,RB,SEA,ARI,0.0,2026_02_SEA_ARI,2026-09-20 16:25:00,0.0,0.0,0.0,0.0,0.0,C,27,-2.291407534767114,23.0,4,,False,,"https://static.www.nfl.com/image/upload/f_auto,q_auto/league/kdykjwqk5xcnrfbtp47o",0.2360654878820337,0.0,0.0,0.0,0.0,0.0,0.0147540929926271,0.0,0.0,0.0,0.0,0.0,0.0,18.5,"[0.0, 0.0, 0.0, 0.0, 0.0, 0.0, 0.0, 0.0, 0.0, 0.0, 0.0, 0.0, 0.0, 0.0, 0.0, 0.0, 0.0, 0.0, 0.0]",Reserve/IR,False,Reserve/IR,4691688.0,0,0.0,,2026-09-15 17:18:27,,
616,138,00-0039405,Jawhar Jordan,RB,HOU,CIN,1.0,2026_02_CIN_HOU,2026-09-20 13:00:00,0.0,0.0,0.0,0.0,0.0,C,17,0.1656555727829828,24.5,4,,False,,"https://static.www.nfl.com/image/upload/f_auto,q_auto/league/mdov6nge0ui6pc3kx0l2",1.6284169285849652,10.347406918021155,0.0,0.0,44.90253290361439,7.765368513329937,0.0518494570977497,0.0,0.0,0.0,0.0,0.0,0.0,22.0,"[0.0, 0.0, 0.0, 0.0, 0.0, 0.0, 0.0, 0.0, 0.0, 0.0, 0.0, 0.0, 0.0, 0.0, 0.0, 0.0, 0.0, 0.0, 0.0]",Practice squad,False,Practice squad,4429939.0,0,0.0,,2026-09-15 17:18:27,,
617,139,00-0039921,Trey Benson,RB,ARI,SEA,1.0,2026_02_SEA_ARI,2026-09-20 16:25:00,0.0,0.0,0.0,0.0,0.0,C,25,-2.113915679799043,18.5,4,,False,5.0,"https://static.www.nfl.com/image/upload/f_auto,q_auto/league/liruc5jotnsi4ue9p9yx",4.104413709086336,7.328288453915645,0.0,0.0,39.24419458647895,16.182053362203103,0.1307132452966559,0.0,0.0,0.0,0.0,0.0,0.0,23.0,"[0.0, 0.0, 0.0, 0.0, 0.0, 0.0, 0.0, 0.0, 0.0, 0.0, 0.0, 0.0, 0.0, 0.0, 0.0, 0.0, 0.0, 0.0, 0.0]",Reserve/IR,False,Reserve/IR,4429275.0,0,0.0,,2026-09-15 17:18:27,,
618,140,00-0040205,Kalel Mullings,RB,TEN,PHI,1.0,2026_02_PHI_TEN,2026-09-20 13:00:00,0.0,0.0,0.0,0.0,0.0,C,15,1.5859714878510949,16.25,4,,False,,"https://static.www.nfl.com/image/upload/f_auto,q_auto/league/jv2phcl7aihai00wkqgb",0.0,0.7814950042998965,0.0,0.0,1.8483078475618269,0.0,0.0,0.0,0.0,0.0,0.0,0.0,0.0,23.25,"[0.0, 0.0, 0.0, 0.0, 0.0, 0.0, 0.0, 0.0, 0.0, 0.0, 0.0, 0.0, 0.0, 0.0, 0.0, 0.0, 0.0, 0.0, 0.0]",Practice squad,False,Practice squad,4429121.0,0,0.0,,2026-09-15 17:18:27,,
619,141,00-0036984,Trey Sermon,RB,ATL,CAR,1.0,2026_02_CAR_ATL,2026-09-20 13:00:00,0.0,0.0,0.0,0.0,0.0,C,1,12.644916609943568,20.5,4,,True,3.0,"https://static.www.nfl.com/image/upload/f_auto,q_auto/league/eqhl3xiczodsyqlmsxvr",0.0,0.0,0.0,0.0,0.0,0.0,0.0,0.0,0.0,0.0,0.0,0.0,0.0,23.0,"[0.0, 0.0, 0.0, 0.0, 0.0, 0.0, 0.0, 0.0, 0.0, 0.0, 0.0, 0.0, 0.0, 0.0, 0.0, 0.0, 0.0, 0.0, 0.0]",Reserve/IR,False,Reserve/IR,4241401.0,0,0.0,,2026-09-15 17:18:27,,
620,142,00-0037276,Ty Chandler,RB,NO,BAL,0.0,2026_02_NO_BAL,2026-09-20 13:00:00,0.0,0.0,0.0,0.0,0.0,C,10,3.125787143374265,19.0,4,,True,5.0,"https://static.www.nfl.com/image/upload/f_auto,q_auto/league/dmprsfd75phecgmbkf4l",1.4503786703875183,5.953452109584342,0.0,0.0,16.319695984267245,3.988541343565675,0.0483459556795839,0.0,0.0,0.0,0.0,0.0,0.0,27.5,"[0.0, 0.0, 0.0, 0.0, 0.0, 0.0, 0.0, 0.0, 0.0, 0.0, 0.0, 0.0, 0.0, 0.0, 0.0, 0.0, 0.0, 0.0, 0.0]",Reserve/IR,False,Reserve/IR,4242431.0,0,0.0,,2026-09-15 17:18:27,,
621,143,00-0039471,Frank Gore Jr.,RB,BUF,DET,1.0,2026_02_DET_BUF,2026-09-17 20:15:00,0.0,0.0,0.0,0.0,0.0,C,14,1.80419798440645,29.0,4,,True,,"https://static.www.nfl.com/image/upload/f_auto,q_auto/league/qzf7faowlqoh5nengpq5",0.1569451358369698,0.6719049799286152,0.0,0.0,2.0157149397858456,0.9416708150218194,0.0044841467381991,0.0,0.0,0.0,0.0,0.0,0.0,24.5,"[0.0, 0.0, 0.0, 0.0, 0.0, 0.0, 0.0, 0.0, 0.0, 0.0, 0.0, 0.0, 0.0, 0.0, 0.0, 0.0, 0.0, 0.0, 0.0]",Practice squad,False,Practice squad,4429805.0,1,0.3,0.3,2026-09-15 17:18:27,,
622,144,00-0040429,Josh Williams,RB,TB,CLE,1.0,2026_02_CLE_TB,2026-09-20 13:00:00,0.0,0.0,0.0,0.0,0.0,C,19,0.1355825074321297,24.5,4,,True,,"https://static.www.nfl.com/image/upload/f_auto,q_auto/league/c2zxbiz8153usfggosvv",0.0,0.6845995369376596,0.0,0.0,1.882648726578564,0.0,0.0,0.0,0.0,0.0,0.0,0.0,0.0,16.0,"[0.0, 0.0, 0.0, 0.0, 0.0, 0.0, 0.0, 0.0, 0.0, 0.0, 0.0, 0.0, 0.0, 0.0, 0.0, 0.0, 0.0, 0.0, 0.0]",Practice squad,False,Practice squad,4568024.0,1,0.0,0.0,2026-09-15 17:18:27,,
623,145,00-0033553,James Conner,RB,ARI,SEA,1.0,2026_02_SEA_ARI,2026-09-20 16:25:00,0.0,0.0,0.0,0.0,0.0,C,25,-2.113915679799043,18.5,4,,True,4.0,"https://static.www.nfl.com/image/upload/f_auto,q_auto/league/ka8wlhtteg8hsowsdofk",3.002497671307624,10.579715220978573,0.0,0.0,31.173386769699093,12.948456766969096,0.0980140280884555,0.0,0.0,0.0,0.0,0.0,0.0,23.0,"[0.0, 0.0, 0.0, 0.0, 0.0, 0.0, 0.0, 0.0, 0.0, 0.0, 0.0, 0.0, 0.0, 0.0, 0.0, 0.0, 0.0, 0.0, 0.0]",Reserve/IR,False,Reserve/IR,3045147.0,0,0.0,,2026-09-15 17:18:27,,
624,146,00-0037329,Brittain Brown,RB,CHI,MIN,1.0,2026_02_MIN_CHI,2026-09-20 13:00:00,0.0,0.0,0.0,0.0,0.0,C,22,-0.4244433873627045,27.0,4,,True,4.0,"https://static.www.nfl.com/image/upload/f_auto,q_auto/league/xo28viloq6rjkgca3gpz",0.4783526912503054,2.3917634562515278,0.0,0.0,17.6990495762613,0.0,0.0140691968014795,0.0,0.0,0.0,0.0,0.0,0.0,21.5,"[0.0, 0.0, 0.0, 0.0, 0.0, 0.0, 0.0, 0.0, 0.0, 0.0, 0.0, 0.0, 0.0, 0.0, 0.0, 0.0, 0.0, 0.0, 0.0]",Reserve/IR,False,Reserve/IR,4036032.0,0,0.0,,2026-09-15 17:18:27,,
625,147,00-0040547,Nate Carter,RB,KC,IND,1.0,2026_02_IND_KC,2026-09-20 20:20:00,0.0,0.0,0.0,0.0,0.0,C,6,5.822443313944017,27.0,4,,True,,"https://static.www.nfl.com/image/upload/f_auto,q_auto/league/c7wg2qvjvd8diaaujwpt",0.0,4.391763456251526,0.0,0.0,29.30728612000977,0.0,0.0,0.0,0.0,0.0,0.0,0.0,0.0,20.5,"[0.0, 0.0, 0.0, 0.0, 0.0, 0.0, 0.0, 0.0, 0.0, 0.0, 0.0, 0.0, 0.0, 0.0, 0.0, 0.0, 0.0, 0.0, 0.0]",Practice squad,False,Practice squad,4605841.0,0,0.0,,2026-09-15 17:18:27,,
626,148,00-0038409,Lew Nichols III,RB,PIT,NE,0.0,2026_02_PIT_NE,2026-09-20 13:00:00,0.0,0.0,0.0,0.0,0.0,C,24,-1.6019997993454522,18.5,4,,True,,"https://static.www.nfl.com/image/upload/f_auto,q_auto/league/plqg1yngo8vvs8ths7aw",0.0,0.0,0.0,0.0,0.0,0.0,0.0,0.0,0.0,0.0,0.0,0.0,0.0,23.0,"[0.0, 0.0, 0.0, 0.0, 0.0, 0.0, 0.0, 0.0, 0.0, 0.0, 0.0, 0.0, 0.0, 0.0, 0.0, 0.0, 0.0, 0.0, 0.0]",Practice squad,False,Practice squad,4428119.0,0,0.0,,2026-09-15 17:18:27,,
627,149,00-0039266,Kendall Milton,RB,CIN,HOU,0.0,2026_02_CIN_HOU,2026-09-20 13:00:00,0.0,0.0,0.0,0.0,0.0,C,32,-6.290049988347434,22.0,4,,True,,"https://static.www.nfl.com/image/upload/f_auto,q_auto/league/zz9yrqh5ep6o5hvtwzkq",0.0,2.0,0.0,0.0,2.0,0.0,0.0,0.0,0.0,0.0,0.0,0.0,0.0,24.5,"[0.0, 0.0, 0.0, 0.0, 0.0, 0.0, 0.0, 0.0, 0.0, 0.0, 0.0, 0.0, 0.0, 0.0, 0.0, 0.0, 0.0, 0.0, 0.0]",Practice squad,False,Practice squad,4429012.0,0,0.0,,2026-09-15 17:18:27,,
628,150,00-0040067,Jacardia Wright,RB,SEA,ARI,0.0,2026_02_SEA_ARI,2026-09-20 16:25:00,0.0,0.0,0.0,0.0,0.0,C,27,-2.291407534767114,23.0,4,,True,,"https://static.www.nfl.com/image/upload/f_auto,q_auto/league/tp3d97gujpw7fkvn7gno",0.0,5.0,0.0,0.0,20.0,0.0,0.0,0.0,0.0,0.0,0.0,0.0,0.0,18.5,"[0.0, 0.0, 0.0, 0.0, 0.0, 0.0, 0.0, 0.0, 0.0, 0.0, 0.0, 0.0, 0.0, 0.0, 0.0, 0.0, 0.0, 0.0, 0.0]",Practice squad,False,Practice squad,4428943.0,0,0.0,,2026-09-15 17:18:27,,
629,151,00-0040039,Amar Johnson,RB,LAC,LV,1.0,2026_02_LV_LAC,2026-09-20 16:05:00,0.0,0.0,0.0,0.0,0.0,C,28,-3.108890259660829,25.25,4,,True,,"https://static.www.nfl.com/image/upload/f_auto,q_auto/league/qw1s7luuaia2f08p19aq",1.0,2.0,0.0,0.0,8.0,0.0,0.0416666666666666,0.0,0.0,0.0,0.0,0.0,0.0,18.25,"[0.0, 0.0, 0.0, 0.0, 0.0, 0.0, 0.0, 0.0, 0.0, 0.0, 0.0, 0.0, 0.0, 0.0, 0.0, 0.0, 0.0, 0.0, 0.0]",Practice squad,False,Practice squad,4878878.0,0,0.0,,2026-09-15 17:18:27,,
630,152,00-0040021,Phil Mafah,RB,NYG,LA,0.0,2026_02_NYG_LA,2026-09-21 20:15:00,0.0,0.0,0.0,0.0,0.0,C,26,-2.1278209076653165,20.75,4,,True,,"https://static.www.nfl.com/image/upload/f_auto,q_auto/league/r91conel40ilon72blzb",2.0,5.0,0.0,0.0,18.0,11.0,0.0869565217391304,0.0,0.0,0.0,0.0,0.0,0.0,27.75,"[0.0, 0.0, 0.0, 0.0, 0.0, 0.0, 0.0, 0.0, 0.0, 0.0, 0.0, 0.0, 0.0, 0.0, 0.0, 0.0, 0.0, 0.0, 0.0]",Practice squad,False,Practice squad,4431562.0,0,0.0,,2026-09-15 17:18:27,,
631,153,00-0040568,Lan Larison,RB,NE,PIT,1.0,2026_02_PIT_NE,2026-09-20 13:00:00,0.0,0.0,0.0,0.0,0.0,C,11,3.059380643587325,23.0,4,,True,,"https://static.www.nfl.com/image/upload/f_auto,q_auto/league/dfvjypx4regh68bhrrlt",2.0,0.0,0.0,0.0,0.0,9.0,0.064516129032258,0.0,0.0,0.0,0.0,0.0,0.0,18.5,"[0.0, 0.0, 0.0, 0.0, 0.0, 0.0, 0.0, 0.0, 0.0, 0.0, 0.0, 0.0, 0.0, 0.0, 0.0, 0.0, 0.0, 0.0, 0.0]",Practice squad,False,Practice squad,4698253.0,1,2.9,2.9,2026-09-15 17:18:27,,
632,154,00-0040692,Jarquez Hunter,RB,MIA,SF,0.0,2026_02_MIA_SF,2026-09-20 16:25:00,0.0,0.0,0.0,0.0,0.0,C,13,1.8998850634995037,16.0,4,,True,,"https://static.www.nfl.com/image/upload/f_auto,q_auto/league/pqqxp2q7mkpnqbahu25c",0.0,0.0,0.0,0.0,0.0,0.0,0.0,0.0,0.0,0.0,0.0,0.0,0.0,29.5,"[0.0, 0.0, 0.0, 0.0, 0.0, 0.0, 0.0, 0.0, 0.0, 0.0, 0.0, 0.0, 0.0, 0.0, 0.0, 0.0, 0.0, 0.0, 0.0]",Practice squad,False,Practice squad,4710341.0,0,0.0,,2026-09-15 17:18:27,,
633,155,00-0041326,CJ Donaldson,RB,NO,BAL,0.0,2026_02_NO_BAL,2026-09-20 13:00:00,0.0,0.0,0.0,0.0,0.0,C,10,3.125787143374265,19.0,4,,True,,"https://static.www.nfl.com/image/upload/f_auto,q_auto/league/lwl0pyoz7mbjcne0stsx",2.0,2.0,0.0,0.0,4.0,-2.0,0.0384615384615384,0.0,0.0,0.0,0.0,0.0,0.0,27.5,"[0.0, 0.0, 0.0, 0.0, 0.0, 0.0, 0.0, 0.0, 0.0, 0.0, 0.0, 0.0, 0.0, 0.0, 0.0, 0.0, 0.0, 0.0, 0.0]",Practice squad,False,Practice squad,5081999.0,1,1.2,1.2,2026-09-15 17:18:27,,
634,156,00-0040964,EJ Smith,RB,KC,IND,1.0,2026_02_IND_KC,2026-09-20 20:20:00,0.0,0.0,0.0,0.0,0.0,C,6,5.822443313944017,27.0,4,,True,,"https://static.www.nfl.com/image/upload/f_auto,q_auto/league/cbrhecognbp6bxwgtqyh",0.0,0.0,0.0,0.0,0.0,0.0,0.0,0.0,0.0,0.0,0.0,0.0,0.0,20.5,"[0.0, 0.0, 0.0, 0.0, 0.0, 0.0, 0.0, 0.0, 0.0, 0.0, 0.0, 0.0, 0.0, 0.0, 0.0, 0.0, 0.0, 0.0, 0.0]",Reserve/IR,False,Reserve/IR,4430825.0,0,0.0,,2026-09-15 17:18:27,,
635,157,00-0040937,Dominic Richardson,RB,NYJ,GB,1.0,2026_02_GB_NYJ,2026-09-20 13:00:00,0.0,0.0,0.0,0.0,0.0,C,12,3.032338760448507,20.0,4,,True,,"https://static.www.nfl.com/image/upload/f_auto,q_auto/league/o3embvhnbegqqvltpyug",0.0,0.0,0.0,0.0,0.0,0.0,0.0,0.0,0.0,0.0,0.0,0.0,0.0,24.5,"[0.0, 0.0, 0.0, 0.0, 0.0, 0.0, 0.0, 0.0, 0.0, 0.0, 0.0, 0.0, 0.0, 0.0, 0.0, 0.0, 0.0, 0.0, 0.0]",Reserve/IR,False,Reserve/IR,4430689.0,0,0.0,,2026-09-15 17:18:27,,
636,158,00-0041585,Grant Finley,RB,NYG,LA,0.0,2026_02_NYG_LA,2026-09-21 20:15:00,0.0,0.0,0.0,0.0,0.0,C,26,-2.1278209076653165,20.75,4,,True,,,0.0,0.0,0.0,0.0,0.0,0.0,0.0,0.0,0.0,0.0,0.0,0.0,0.0,27.75,"[0.0, 0.0, 0.0, 0.0, 0.0, 0.0, 0.0, 0.0, 0.0, 0.0, 0.0, 0.0, 0.0, 0.0, 0.0, 0.0, 0.0, 0.0, 0.0]",Practice squad,False,Practice squad,,0,0.0,,2026-09-15 17:18:27,,
637,159,00-0037509,Sincere McCormick,RB,SF,MIA,1.0,2026_02_MIA_SF,2026-09-20 16:25:00,0.0,0.0,0.0,0.0,0.0,C,2,8.811680565102481,29.5,4,,True,,"https://static.www.nfl.com/image/upload/f_auto,q_auto/league/t2e5ffjyc1iimyxufxjs",0.0,0.0,0.0,0.0,0.0,0.0,0.0,0.0,0.0,0.0,0.0,0.0,0.0,16.0,"[0.0, 0.0, 0.0, 0.0, 0.0, 0.0, 0.0, 0.0, 0.0, 0.0, 0.0, 0.0, 0.0, 0.0, 0.0, 0.0, 0.0, 0.0, 0.0]",Practice squad,False,Practice squad,4430104.0,0,0.0,,2026-09-15 17:18:27,,
638,160,00-0036020,Salvon Ahmed,RB,CHI,MIN,1.0,2026_02_MIN_CHI,2026-09-20 13:00:00,0.0,0.0,0.0,0.0,0.0,C,22,-0.4244433873627045,27.0,4,,True,,"https://static.www.nfl.com/image/upload/f_auto,q_auto/league/nbqkon8x1bkphihywnkw",0.0,0.0,0.0,0.0,0.0,0.0,0.0,0.0,0.0,0.0,0.0,0.0,0.0,21.5,"[0.0, 0.0, 0.0, 0.0, 0.0, 0.0, 0.0, 0.0, 0.0, 0.0, 0.0, 0.0, 0.0, 0.0, 0.0, 0.0, 0.0, 0.0, 0.0]",Practice squad,False,Practice squad,4243315.0,0,0.0,,2026-09-15 17:18:27,,
639,161,00-0035924,Jonathan Ward,RB,BAL,NO,1.0,2026_02_NO_BAL,2026-09-20 13:00:00,0.0,0.0,0.0,0.0,0.0,C,7,4.401906436986384,27.5,4,,True,,"https://static.www.nfl.com/image/upload/f_auto,q_auto/league/yct3a4xznwcxjvn4iosk",0.0,0.0,0.0,0.0,0.0,0.0,0.0,0.0,0.0,0.0,0.0,0.0,0.0,19.0,"[0.0, 0.0, 0.0, 0.0, 0.0, 0.0, 0.0, 0.0, 0.0, 0.0, 0.0, 0.0, 0.0, 0.0, 0.0, 0.0, 0.0, 0.0, 0.0]",Practice squad,False,Practice squad,4039274.0,0,0.0,,2026-09-15 17:18:27,,
640,162,00-0038098,Pierre Strong,RB,GB,NYJ,0.0,2026_02_GB_NYJ,2026-09-20 13:00:00,0.0,0.0,0.0,0.0,0.0,C,20,-0.0483694790179377,24.5,4,,True,,"https://static.www.nfl.com/image/upload/f_auto,q_auto/league/aa0nufst85vutgor1fqv",0.0,0.0,0.0,0.0,0.0,0.0,0.0,0.0,0.0,0.0,0.0,0.0,0.0,20.0,"[0.0, 0.0, 0.0, 0.0, 0.0, 0.0, 0.0, 0.0, 0.0, 0.0, 0.0, 0.0, 0.0, 0.0, 0.0, 0.0, 0.0, 0.0, 0.0]",Practice squad,False,Practice squad,4249836.0,0,0.0,,2026-09-15 17:18:27,,
641,163,00-0038614,Scott Matlock,RB,LAC,LV,1.0,2026_02_LV_LAC,2026-09-20 16:05:00,0.0,0.0,0.0,0.0,0.0,C,28,-3.108890259660829,25.25,4,,True,,"https://static.www.nfl.com/image/upload/f_auto,q_auto/league/biif35k2hwpqmhlxn0sa",0.0,0.0,0.0,0.0,0.0,0.0,0.0,0.0,0.0,0.0,0.0,0.0,0.0,18.25,"[0.0, 0.0, 0.0, 0.0, 0.0, 0.0, 0.0, 0.0, 0.0, 0.0, 0.0, 0.0, 0.0, 0.0, 0.0, 0.0, 0.0, 0.0, 0.0]",Reserve/IR,False,Reserve/IR,4373684.0,0,0.0,,2026-09-15 17:18:27,,
642,164,00-0038930,Carlos Washington,RB,MIA,SF,0.0,2026_02_MIA_SF,2026-09-20 16:25:00,0.0,0.0,0.0,0.0,0.0,C,13,1.8998850634995037,16.0,4,,True,,"https://static.www.nfl.com/image/upload/f_auto,q_auto/league/oc9zhtjhrxq5vxr1qkak",0.0,0.0,0.0,0.0,0.0,0.0,0.0,0.0,0.0,0.0,0.0,0.0,0.0,29.5,"[0.0, 0.0, 0.0, 0.0, 0.0, 0.0, 0.0, 0.0, 0.0, 0.0, 0.0, 0.0, 0.0, 0.0, 0.0, 0.0, 0.0, 0.0, 0.0]",Practice squad,False,Practice squad,4248425.0,0,0.0,,2026-09-15 17:18:27,,
643,165,00-0039244,Chris Collier,RB,LV,LAC,0.0,2026_02_LV_LAC,2026-09-20 16:05:00,0.0,0.0,0.0,0.0,0.0,C,23,-0.494684076020096,18.25,4,,True,4.0,"https://static.www.nfl.com/image/upload/f_auto,q_auto/league/ljfhyvlszo4qs63fo4ow",0.0,0.0,0.0,0.0,0.0,0.0,0.0,0.0,0.0,0.0,0.0,0.0,0.0,25.25,"[0.0, 0.0, 0.0, 0.0, 0.0, 0.0, 0.0, 0.0, 0.0, 0.0, 0.0, 0.0, 0.0, 0.0, 0.0, 0.0, 0.0, 0.0, 0.0]",Reserve/IR,False,Reserve/IR,4698191.0,0,0.0,,2026-09-15 17:18:27,,
644,166,00-0039325,Carson Steele,RB,PHI,TEN,0.0,2026_02_PHI_TEN,2026-09-20 13:00:00,0.0,0.0,0.0,0.0,0.0,C,9,3.17945343942622,23.25,4,,True,,"https://static.www.nfl.com/image/upload/f_auto,q_auto/league/q6dciqten6frfdm1takb",0.0,0.0,0.0,0.0,0.0,0.0,0.0,0.0,0.0,0.0,0.0,0.0,0.0,16.25,"[0.0, 0.0, 0.0, 0.0, 0.0, 0.0, 0.0, 0.0, 0.0, 0.0, 0.0, 0.0, 0.0, 0.0, 0.0, 0.0, 0.0, 0.0, 0.0]",Practice squad,False,Practice squad,4714365.0,0,0.0,,2026-09-15 17:18:27,,
645,167,00-0039703,Cody Schrader,RB,DEN,JAX,1.0,2026_02_JAX_DEN,2026-09-20 16:05:00,0.0,0.0,0.0,0.0,0.0,C,30,-4.289422922778532,23.5,4,,True,,"https://static.www.nfl.com/image/upload/f_auto,q_auto/league/snrwsjepuvkatdjjokp8",0.0,0.0,0.0,0.0,0.0,0.0,0.0,0.0,0.0,0.0,0.0,0.0,0.0,21.0,"[0.0, 0.0, 0.0, 0.0, 0.0, 0.0, 0.0, 0.0, 0.0, 0.0, 0.0, 0.0, 0.0, 0.0, 0.0, 0.0, 0.0, 0.0, 0.0]",Practice squad,False,Practice squad,4391845.0,0,0.0,,2026-09-15 17:18:27,,
646,168,00-0039652,Jabari Small,RB,DET,BUF,0.0,2026_02_DET_BUF,2026-09-17 20:15:00,0.0,0.0,0.0,0.0,0.0,C,3,8.27505973190486,24.5,4,,True,,"https://static.www.nfl.com/image/upload/f_auto,q_auto/league/jevnypgyk9xm7tcfldvi",0.0,0.0,0.0,0.0,0.0,0.0,0.0,0.0,0.0,0.0,0.0,0.0,0.0,29.0,"[0.0, 0.0, 0.0, 0.0, 0.0, 0.0, 0.0, 0.0, 0.0, 0.0, 0.0, 0.0, 0.0, 0.0, 0.0, 0.0, 0.0, 0.0, 0.0]",Practice squad,False,Practice squad,4432545.0,0,0.0,,2026-09-15 17:18:27,,
647,169,00-0040260,Ahmani Marshall,RB,CAR,ATL,0.0,2026_02_CAR_ATL,2026-09-20 13:00:00,0.0,0.0,0.0,0.0,0.0,C,29,-3.150319898751325,23.0,4,,True,,"https://static.www.nfl.com/image/upload/f_auto,q_auto/league/rmzxp0obmznym5hv5ndh",0.0,0.0,0.0,0.0,0.0,0.0,0.0,0.0,0.0,0.0,0.0,0.0,0.0,20.5,"[0.0, 0.0, 0.0, 0.0, 0.0, 0.0, 0.0, 0.0, 0.0, 0.0, 0.0, 0.0, 0.0, 0.0, 0.0, 0.0, 0.0, 0.0, 0.0]",Practice squad,False,Practice squad,4432374.0,0,0.0,,2026-09-15 17:18:27,,
648,170,00-0040394,Anthony Tyus III,RB,CAR,ATL,0.0,2026_02_CAR_ATL,2026-09-20 13:00:00,0.0,0.0,0.0,0.0,0.0,C,29,-3.150319898751325,23.0,4,,True,,"https://static.www.nfl.com/image/upload/f_auto,q_auto/league/ycph0v6jfxwkcycuztk0",0.0,0.0,0.0,0.0,0.0,0.0,0.0,0.0,0.0,0.0,0.0,0.0,0.0,20.5,"[0.0, 0.0, 0.0, 0.0, 0.0, 0.0, 0.0, 0.0, 0.0, 0.0, 0.0, 0.0, 0.0, 0.0, 0.0, 0.0, 0.0, 0.0, 0.0]",Practice squad,False,Practice squad,,0,0.0,,2026-09-15 17:18:27,,
649,171,00-0040567,Brock Lampe,RB,BUF,DET,1.0,2026_02_DET_BUF,2026-09-17 20:15:00,0.0,0.0,0.0,0.0,0.0,C,14,1.80419798440645,29.0,4,,True,,"https://static.www.nfl.com/image/upload/f_auto,q_auto/league/qjprz2xsfvwi0zqrpyh1",0.0,0.0,0.0,0.0,0.0,0.0,0.0,0.0,0.0,0.0,0.0,0.0,0.0,24.5,"[0.0, 0.0, 0.0, 0.0, 0.0, 0.0, 0.0, 0.0, 0.0, 0.0, 0.0, 0.0, 0.0, 0.0, 0.0, 0.0, 0.0, 0.0, 0.0]",Practice squad,False,Practice squad,,0,0.0,,2026-09-15 17:18:27,,
650,172,00-0040601,Jordan Waters,RB,LA,NYG,1.0,2026_02_NYG_LA,2026-09-21 20:15:00,0.0,0.0,0.0,0.0,0.0,C,8,3.9147536476897673,27.75,4,,True,,"https://static.www.nfl.com/image/upload/f_auto,q_auto/league/wszz5ts7eqzjgiuwep45",0.0,0.0,0.0,0.0,0.0,0.0,0.0,0.0,0.0,0.0,0.0,0.0,0.0,20.75,"[0.0, 0.0, 0.0, 0.0, 0.0, 0.0, 0.0, 0.0, 0.0, 0.0, 0.0, 0.0, 0.0, 0.0, 0.0, 0.0, 0.0, 0.0, 0.0]",Practice squad,False,Practice squad,,0,0.0,,2026-09-15 17:18:27,,
651,173,00-0040888,Adam Randall,RB,BAL,NO,1.0,2026_02_NO_BAL,2026-09-20 13:00:00,0.0,0.0,0.0,0.0,0.0,C,7,4.401906436986384,27.5,4,,True,4.0,"https://static.www.nfl.com/image/upload/f_auto,q_auto/league/cdr4vibcb4jxp8nswxl9",0.0,0.0,0.0,0.0,0.0,0.0,0.0,0.0,0.0,0.0,0.0,0.0,0.0,19.0,"[0.0, 0.0, 0.0, 0.0, 0.0, 0.0, 0.0, 0.0, 0.0, 0.0, 0.0, 0.0, 0.0, 0.0, 0.0, 0.0, 0.0, 0.0, 0.0]",Reserve/IR,False,Reserve/IR,4685526.0,0,0.0,,2026-09-15 17:18:27,,
652,174,00-0040959,Jaydn Ott,RB,KC,IND,1.0,2026_02_IND_KC,2026-09-20 20:20:00,0.0,0.0,0.0,0.0,0.0,C,6,5.822443313944017,27.0,4,,True,,"https://static.www.nfl.com/image/upload/f_auto,q_auto/league/ywfb4a8vkz1eubb43o8i",0.0,0.0,0.0,0.0,0.0,0.0,0.0,0.0,0.0,0.0,0.0,0.0,0.0,20.5,"[0.0, 0.0, 0.0, 0.0, 0.0, 0.0, 0.0, 0.0, 0.0, 0.0, 0.0, 0.0, 0.0, 0.0, 0.0, 0.0, 0.0, 0.0, 0.0]",Practice squad,False,Practice squad,4685489.0,0,0.0,,2026-09-15 17:18:27,,
653,175,00-0040998,Roman Hemby,RB,LV,LAC,0.0,2026_02_LV_LAC,2026-09-20 16:05:00,0.0,0.0,0.0,0.0,0.0,C,23,-0.494684076020096,18.25,4,,True,,"https://static.www.nfl.com/image/upload/f_auto,q_auto/league/n8js64cgcfhkllrvxw5x",0.0,0.0,0.0,0.0,0.0,0.0,0.0,0.0,0.0,0.0,0.0,0.0,0.0,25.25,"[0.0, 0.0, 0.0, 0.0, 0.0, 0.0, 0.0, 0.0, 0.0, 0.0, 0.0, 0.0, 0.0, 0.0, 0.0, 0.0, 0.0, 0.0, 0.0]",Practice squad,False,Practice squad,4688835.0,0,0.0,,2026-09-15 17:18:27,,
654,176,00-0041139,Damon Bankston,RB,GB,NYJ,0.0,2026_02_GB_NYJ,2026-09-20 13:00:00,0.0,0.0,0.0,0.0,0.0,C,20,-0.0483694790179377,24.5,4,,True,,"https://static.www.nfl.com/image/upload/f_auto,q_auto/league/pfbet5qlrhpv0qaxqbax",0.0,0.0,0.0,0.0,0.0,0.0,0.0,0.0,0.0,0.0,0.0,0.0,0.0,20.0,"[0.0, 0.0, 0.0, 0.0, 0.0, 0.0, 0.0, 0.0, 0.0, 0.0, 0.0, 0.0, 0.0, 0.0, 0.0, 0.0, 0.0, 0.0, 0.0]",Practice squad,False,Practice squad,,0,0.0,,2026-09-15 17:18:27,,
655,177,00-0041191,Cash Jones,RB,ATL,CAR,1.0,2026_02_CAR_ATL,2026-09-20 13:00:00,0.0,0.0,0.0,0.0,0.0,C,1,12.644916609943568,20.5,4,,True,,"https://static.www.nfl.com/image/upload/f_auto,q_auto/league/w8owngxypixljzcnwyiv",0.0,0.0,0.0,0.0,0.0,0.0,0.0,0.0,0.0,0.0,0.0,0.0,0.0,23.0,"[0.0, 0.0, 0.0, 0.0, 0.0, 0.0, 0.0, 0.0, 0.0, 0.0, 0.0, 0.0, 0.0, 0.0, 0.0, 0.0, 0.0, 0.0, 0.0]",Practice squad,False,Practice squad,4881826.0,0,0.0,,2026-09-15 17:18:27,,
656,178,00-0041178,Robert Henry Jr.,RB,WAS,DAL,0.0,2026_02_WAS_DAL,2026-09-20 16:25:00,0.0,0.0,0.0,0.0,0.0,C,21,-0.3613180133035657,23.0,4,,True,,"https://static.www.nfl.com/image/upload/f_auto,q_auto/league/aehybugrdkpwoegwc10v",0.0,0.0,0.0,0.0,0.0,0.0,0.0,0.0,0.0,0.0,0.0,0.0,0.0,27.5,"[0.0, 0.0, 0.0, 0.0, 0.0, 0.0, 0.0, 0.0, 0.0, 0.0, 0.0, 0.0, 0.0, 0.0, 0.0, 0.0, 0.0, 0.0, 0.0]",Practice squad,False,Practice squad,5151317.0,0,0.0,,2026-09-15 17:18:27,,
657,179,00-0041239,Chip Trayanum,RB,NYJ,GB,1.0,2026_02_GB_NYJ,2026-09-20 13:00:00,0.0,0.0,0.0,0.0,0.0,C,12,3.032338760448507,20.0,4,,True,5.0,"https://static.www.nfl.com/image/upload/f_auto,q_auto/league/hdagffadajptx8nxfs8w",0.0,0.0,0.0,0.0,0.0,0.0,0.0,0.0,0.0,0.0,0.0,0.0,0.0,24.5,"[0.0, 0.0, 0.0, 0.0, 0.0, 0.0, 0.0, 0.0, 0.0, 0.0, 0.0, 0.0, 0.0, 0.0, 0.0, 0.0, 0.0, 0.0, 0.0]",Reserve/IR,False,Reserve/IR,4430893.0,0,0.0,,2026-09-15 17:18:27,,
658,180,00-0041241,Kentrel Bullock,RB,CIN,HOU,0.0,2026_02_CIN_HOU,2026-09-20 13:00:00,0.0,0.0,0.0,0.0,0.0,C,32,-6.290049988347434,22.0,4,,True,,"https://static.www.nfl.com/image/upload/f_auto,q_auto/league/knfwlw5u1poz75qfyuy5",0.0,0.0,0.0,0.0,0.0,0.0,0.0,0.0,0.0,0.0,0.0,0.0,0.0,24.5,"[0.0, 0.0, 0.0, 0.0, 0.0, 0.0, 0.0, 0.0, 0.0, 0.0, 0.0, 0.0, 0.0, 0.0, 0.0, 0.0, 0.0, 0.0, 0.0]",Practice squad,False,Practice squad,,0,0.0,,2026-09-15 17:18:27,,
659,181,00-0041217,J'Mari Taylor,RB,JAX,DEN,0.0,2026_02_JAX_DEN,2026-09-20 16:05:00,0.0,0.0,0.0,0.0,0.0,C,4,6.330813326986267,21.0,4,,True,,"https://static.www.nfl.com/image/upload/f_auto,q_auto/league/bllauluwnbc34h7uzuom",0.0,0.0,0.0,0.0,0.0,0.0,0.0,0.0,0.0,0.0,0.0,0.0,0.0,23.5,"[0.0, 0.0, 0.0, 0.0, 0.0, 0.0, 0.0, 0.0, 0.0, 0.0, 0.0, 0.0, 0.0, 0.0, 0.0, 0.0, 0.0, 0.0, 0.0]",Practice squad,False,Practice squad,4713118.0,0,0.0,,2026-09-15 17:18:27,,
660,182,00-0041277,Davon Booth,RB,IND,KC,0.0,2026_02_IND_KC,2026-09-20 20:20:00,0.0,0.0,0.0,0.0,0.0,C,31,-4.661314209049643,20.5,4,,True,,"https://static.www.nfl.com/image/upload/f_auto,q_auto/league/ddzlehyaaedbtx8lh9vv",0.0,0.0,0.0,0.0,0.0,0.0,0.0,0.0,0.0,0.0,0.0,0.0,0.0,27.0,"[0.0, 0.0, 0.0, 0.0, 0.0, 0.0, 0.0, 0.0, 0.0, 0.0, 0.0, 0.0, 0.0, 0.0, 0.0, 0.0, 0.0, 0.0, 0.0]",Practice squad,False,Practice squad,5153650.0,0,0.0,,2026-09-15 17:18:27,,
661,183,00-0041323,Myles Montgomery,RB,NE,PIT,1.0,2026_02_PIT_NE,2026-09-20 13:00:00,0.0,0.0,0.0,0.0,0.0,C,11,3.059380643587325,23.0,4,,True,4.0,"https://static.www.nfl.com/image/upload/f_auto,q_auto/league/x2iwklhxz7it7m1hsdwy",0.0,0.0,0.0,0.0,0.0,0.0,0.0,0.0,0.0,0.0,0.0,0.0,0.0,18.5,"[0.0, 0.0, 0.0, 0.0, 0.0, 0.0, 0.0, 0.0, 0.0, 0.0, 0.0, 0.0, 0.0, 0.0, 0.0, 0.0, 0.0, 0.0, 0.0]",Reserve/IR,False,Reserve/IR,4676889.0,0,0.0,,2026-09-15 17:18:27,,
662,184,00-0041312,Noah Whittington,RB,HOU,CIN,1.0,2026_02_CIN_HOU,2026-09-20 13:00:00,0.0,0.0,0.0,0.0,0.0,C,17,0.1656555727829828,24.5,4,,True,,"https://static.www.nfl.com/image/upload/f_auto,q_auto/league/ofifs3fbgpnv6qtcjain",0.0,0.0,0.0,0.0,0.0,0.0,0.0,0.0,0.0,0.0,0.0,0.0,0.0,22.0,"[0.0, 0.0, 0.0, 0.0, 0.0, 0.0, 0.0, 0.0, 0.0, 0.0, 0.0, 0.0, 0.0, 0.0, 0.0, 0.0, 0.0, 0.0, 0.0]",Practice squad,False,Practice squad,4432631.0,0,0.0,,2026-09-15 17:18:27,,
663,185,00-0041376,Gregory Desrosiers,RB,LAC,LV,1.0,2026_02_LV_LAC,2026-09-20 16:05:00,0.0,0.0,0.0,0.0,0.0,C,28,-3.108890259660829,25.25,4,,True,,"https://static.www.nfl.com/image/upload/f_auto,q_auto/league/serg5wdxgoemdropu4vs",0.0,0.0,0.0,0.0,0.0,0.0,0.0,0.0,0.0,0.0,0.0,0.0,0.0,18.25,"[0.0, 0.0, 0.0, 0.0, 0.0, 0.0, 0.0, 0.0, 0.0, 0.0, 0.0, 0.0, 0.0, 0.0, 0.0, 0.0, 0.0, 0.0, 0.0]",Practice squad,False,Practice squad,,0,0.0,,2026-09-15 17:18:27,,
664,186,00-0041415,Dean Connors,RB,LA,NYG,1.0,2026_02_NYG_LA,2026-09-21 20:15:00,0.0,0.0,0.0,0.0,0.0,C,8,3.9147536476897673,27.75,4,,True,,"https://static.www.nfl.com/image/upload/f_auto,q_auto/league/fgsgqkdsnliwujjtvvw3",0.0,0.0,0.0,0.0,0.0,0.0,0.0,0.0,0.0,0.0,0.0,0.0,0.0,20.75,"[0.0, 0.0, 0.0, 0.0, 0.0, 0.0, 0.0, 0.0, 0.0, 0.0, 0.0, 0.0, 0.0, 0.0, 0.0, 0.0, 0.0, 0.0, 0.0]",Practice squad,False,Practice squad,5082269.0,0,0.0,,2026-09-15 17:18:27,,
665,187,00-0041486,Anderson Castle,RB,IND,KC,0.0,2026_02_IND_KC,2026-09-20 20:20:00,0.0,0.0,0.0,0.0,0.0,C,31,-4.661314209049643,20.5,4,,True,,"https://static.www.nfl.com/image/upload/f_auto,q_auto/league/sxtze52r5ruogs7lmyjh",0.0,0.0,0.0,0.0,0.0,0.0,0.0,0.0,0.0,0.0,0.0,0.0,0.0,27.0,"[0.0, 0.0, 0.0, 0.0, 0.0, 0.0, 0.0, 0.0, 0.0, 0.0, 0.0, 0.0, 0.0, 0.0, 0.0, 0.0, 0.0, 0.0, 0.0]",Practice squad,False,Practice squad,,0,0.0,,2026-09-15 17:18:27,,
666,188,NOID_NYJ_AlJayHenderson,Al-Jay Henderson,RB,NYJ,GB,1.0,2026_02_GB_NYJ,2026-09-20 13:00:00,0.0,0.0,0.0,0.0,0.0,C,12,3.032338760448507,20.0,4,,True,,,0.0,0.0,0.0,0.0,0.0,0.0,0.0,0.0,0.0,0.0,0.0,0.0,0.0,24.5,"[0.0, 0.0, 0.0, 0.0, 0.0, 0.0, 0.0, 0.0, 0.0, 0.0, 0.0, 0.0, 0.0, 0.0, 0.0, 0.0, 0.0, 0.0, 0.0]",Practice squad,False,Practice squad,,0,0.0,,2026-09-15 17:18:27,,
667,121,00-0039144,Luke Musgrave,TE,GB,NYJ,0.0,2026_02_GB_NYJ,2026-09-20 13:00:00,0.0,0.0,0.0,0.0,0.0,C,13,0.2718030344261973,24.5,2,,False,5.0,"https://static.www.nfl.com/image/upload/f_auto,q_auto/league/jchchyfhiycpvm5zzn2y",2.589687706439699,0.0,0.0,0.0,0.0,20.603792871252235,0.0903214876978999,0.0,0.0,0.0,0.0,0.0,0.0,20.0,"[0.0, 0.0, 0.0, 0.0, 0.0, 0.0, 0.0, 0.0, 0.0, 0.0, 0.0, 0.0, 0.0, 0.0, 0.0, 0.0, 0.0, 0.0, 0.0]",Reserve/IR,False,Reserve/IR,4428085.0,0,0.0,,2026-09-15 17:18:27,,
668,122,00-0038720,Julian Hill,TE,NE,PIT,1.0,2026_02_PIT_NE,2026-09-20 13:00:00,0.0,0.0,0.0,0.0,0.0,C,31,-3.6738201177053993,23.0,2,,False,5.0,"https://static.www.nfl.com/image/upload/f_auto,q_auto/league/idjirwpxilfybc74zhwr",1.7910071053125003,0.0,0.0,0.0,0.0,12.967754032896424,0.0675900806931839,0.0,0.0,0.0,0.0,0.0,0.0,18.5,"[0.0, 0.0, 0.0, 0.0, 0.0, 0.0, 0.0, 0.0, 0.0, 0.0, 0.0, 0.0, 0.0, 0.0, 0.0, 0.0, 0.0, 0.0, 0.0]",Reserve/IR,False,Reserve/IR,4365395.0,0,0.0,,2026-09-15 17:18:27,,
669,123,00-0034613,Tanner Hudson,TE,CIN,HOU,0.0,2026_02_CIN_HOU,2026-09-20 13:00:00,0.0,0.0,0.0,0.0,0.0,C,15,-0.6616652477521382,22.0,2,,False,,"https://static.www.nfl.com/image/upload/f_auto,q_auto/league/pyl2bpjw0vy4idcseama",1.837784978497659,0.0,0.0,0.0,0.0,12.202171016597832,0.0506625479048101,0.0,0.0,0.0,0.0,0.0,0.0,24.5,"[0.0, 0.0, 0.0, 0.0, 0.0, 0.0, 0.0, 0.0, 0.0, 0.0, 0.0, 0.0, 0.0, 0.0, 0.0, 0.0, 0.0, 0.0, 0.0]",Practice squad,False,Practice squad,3050481.0,1,1.4,1.4,2026-09-15 17:18:27,,
670,124,00-0037086,Grant Calcaterra,TE,PHI,TEN,0.0,2026_02_PHI_TEN,2026-09-20 13:00:00,0.0,0.0,0.0,0.0,0.0,C,21,-1.173489155247301,23.25,2,,False,4.0,"https://static.www.nfl.com/image/upload/f_auto,q_auto/league/inpyxw55sxo96shrt4si",1.490125443189861,0.0,0.0,0.0,0.0,8.808280206192542,0.0553333263898423,0.0,0.0,0.0,0.0,0.0,0.0,16.25,"[0.0, 0.0, 0.0, 0.0, 0.0, 0.0, 0.0, 0.0, 0.0, 0.0, 0.0, 0.0, 0.0, 0.0, 0.0, 0.0, 0.0, 0.0, 0.0]",Reserve/IR,False,Reserve/IR,4241374.0,0,0.0,,2026-09-15 17:18:27,,
671,125,00-0037475,Stone Smartt,TE,NO,BAL,0.0,2026_02_NO_BAL,2026-09-20 13:00:00,0.0,0.0,0.0,0.0,0.0,C,16,-0.677426290365125,19.0,2,,False,,"https://static.www.nfl.com/image/upload/f_auto,q_auto/league/g8mtiyojkmj8vwzmg0ez",1.710731937812997,0.0,0.0,0.0,0.0,10.068136137287745,0.051734855597885,0.0,0.0,0.0,0.0,0.0,0.0,27.5,"[0.0, 0.0, 0.0, 0.0, 0.0, 0.0, 0.0, 0.0, 0.0, 0.0, 0.0, 0.0, 0.0, 0.0, 0.0, 0.0, 0.0, 0.0, 0.0]",Practice squad,False,Practice squad,4250764.0,0,0.0,,2026-09-15 17:18:27,,
672,126,00-0038643,Brayden Willis,TE,SF,MIA,1.0,2026_02_MIA_SF,2026-09-20 16:25:00,0.0,0.0,0.0,0.0,0.0,C,6,2.904903570504116,29.5,2,,False,,"https://static.www.nfl.com/image/upload/f_auto,q_auto/league/sdifjifrgrvunhiigdub",0.132749610461431,0.0,0.0,0.0,0.0,0.0,0.0034934108016166,0.0,0.0,0.0,0.0,0.0,0.0,16.0,"[0.0, 0.0, 0.0, 0.0, 0.0, 0.0, 0.0, 0.0, 0.0, 0.0, 0.0, 0.0, 0.0, 0.0, 0.0, 0.0, 0.0, 0.0, 0.0]",Practice squad,False,Practice squad,4360290.0,0,0.0,,2026-09-15 17:18:27,,
673,127,00-0040509,Ben Yurosek,TE,MIN,CHI,0.0,2026_02_MIN_CHI,2026-09-20 13:00:00,0.0,0.0,0.0,0.0,0.0,C,22,-1.2319521021171689,21.5,2,,False,4.0,"https://static.www.nfl.com/image/upload/f_auto,q_auto/league/q6ea6dqd4nn27aeihiv7",0.5204614488714528,0.0,0.0,0.0,0.0,2.6318848832736226,0.0173487149623817,0.0,0.0,0.0,0.0,0.0,0.0,27.0,"[0.0, 0.0, 0.0, 0.0, 0.0, 0.0, 0.0, 0.0, 0.0, 0.0, 0.0, 0.0, 0.0, 0.0, 0.0, 0.0, 0.0, 0.0, 0.0]",Reserve/IR,False,Reserve/IR,4433959.0,0,0.0,,2026-09-15 17:18:27,,
674,128,00-0039305,Jack Westover,TE,WAS,DAL,0.0,2026_02_WAS_DAL,2026-09-20 16:25:00,0.0,0.0,0.0,0.0,0.0,C,1,7.413806721963579,23.0,2,,False,,"https://static.www.nfl.com/image/upload/f_auto,q_auto/league/zpo5vbntn8b9hih2fi66",0.6345698701893817,0.0,0.0,0.0,0.0,1.88852390305627,0.025843760541624,0.0,0.0,0.0,0.0,0.0,0.0,27.5,"[0.0, 0.0, 0.0, 0.0, 0.0, 0.0, 0.0, 0.0, 0.0, 0.0, 0.0, 0.0, 0.0, 0.0, 0.0, 0.0, 0.0, 0.0, 0.0]",Practice squad,False,Practice squad,4361100.0,0,0.0,,2026-09-15 17:18:27,,
675,129,00-0033439,Pharaoh Brown,TE,IND,KC,0.0,2026_02_IND_KC,2026-09-20 20:20:00,0.0,0.0,0.0,0.0,0.0,C,7,2.848939866835318,20.5,2,,False,,"https://static.www.nfl.com/image/upload/f_auto,q_auto/league/hfgg6gr7aiyzmdzh4iww",0.4329460136978165,0.0,0.0,0.0,0.0,0.2164730068489082,0.0113933161499425,0.0,0.0,0.0,0.0,0.0,0.0,27.0,"[0.0, 0.0, 0.0, 0.0, 0.0, 0.0, 0.0, 0.0, 0.0, 0.0, 0.0, 0.0, 0.0, 0.0, 0.0, 0.0, 0.0, 0.0, 0.0]",Practice squad,False,Practice squad,2971281.0,0,0.0,,2026-09-15 17:18:27,,
676,130,00-0037282,James Mitchell,TE,DAL,WAS,1.0,2026_02_WAS_DAL,2026-09-20 16:25:00,0.0,0.0,0.0,0.0,0.0,C,2,6.987738089631992,27.5,2,,True,,"https://static.www.nfl.com/image/upload/f_auto,q_auto/league/q8b9goebgmuwusl6vqdc",1.3049045561723285,0.0,0.0,0.0,0.0,8.840885993468296,0.0411712342058706,0.0,0.0,0.0,0.0,0.0,0.0,23.0,"[0.0, 0.0, 0.0, 0.0, 0.0, 0.0, 0.0, 0.0, 0.0, 0.0, 0.0, 0.0, 0.0, 0.0, 0.0, 0.0, 0.0, 0.0, 0.0]",Practice squad,False,Practice squad,4361988.0,0,0.0,,2026-09-15 17:18:27,,
677,131,00-0037340,Zaire Mitchell-Paden,TE,HOU,CIN,1.0,2026_02_CIN_HOU,2026-09-20 13:00:00,0.0,0.0,0.0,0.0,0.0,C,10,1.7632031912476902,24.5,2,,True,,"https://static.www.nfl.com/image/upload/f_auto,q_auto/league/kx728asxtg6ykmh1yblc",1.0,0.0,0.0,0.0,0.0,6.07382767504869,0.0414604359999917,0.0,0.0,0.0,0.0,0.0,0.0,22.0,"[0.0, 0.0, 0.0, 0.0, 0.0, 0.0, 0.0, 0.0, 0.0, 0.0, 0.0, 0.0, 0.0, 0.0, 0.0, 0.0, 0.0, 0.0, 0.0]",Practice squad,False,Practice squad,4876006.0,0,0.0,,2026-09-15 17:18:27,,
678,132,00-0039737,Tip Reiman,TE,ARI,SEA,1.0,2026_02_SEA_ARI,2026-09-20 16:25:00,0.0,0.0,0.0,0.0,0.0,C,18,-1.0937770456780598,18.5,2,,True,4.0,"https://static.www.nfl.com/image/upload/f_auto,q_auto/league/yfi3fqch6kzqrcvuptal",1.6650015524615849,0.0,0.0,0.0,0.0,5.70905177156962,0.0519387429178048,0.0,0.0,0.0,0.0,0.0,0.0,23.0,"[0.0, 0.0, 0.0, 0.0, 0.0, 0.0, 0.0, 0.0, 0.0, 0.0, 0.0, 0.0, 0.0, 0.0, 0.0, 0.0, 0.0, 0.0, 0.0]",Reserve/IR,False,Reserve/IR,4696700.0,0,0.0,,2026-09-15 17:18:27,,
679,133,00-0040488,Carter Runyon,TE,LV,LAC,0.0,2026_02_LV_LAC,2026-09-20 16:05:00,0.0,0.0,0.0,0.0,0.0,C,12,0.842669575491275,18.25,2,,True,4.0,"https://static.www.nfl.com/image/upload/f_auto,q_auto/league/q8knlo3npxhjxiyyx4h6",0.3049045561723282,0.0,0.0,0.0,0.0,0.9147136685169848,0.017935562127784,0.0,0.0,0.0,0.0,0.0,0.0,25.25,"[0.0, 0.0, 0.0, 0.0, 0.0, 0.0, 0.0, 0.0, 0.0, 0.0, 0.0, 0.0, 0.0, 0.0, 0.0, 0.0, 0.0, 0.0, 0.0]",Reserve/IR,False,Reserve/IR,5155825.0,0,0.0,,2026-09-15 17:18:27,,
680,134,00-0037031,Nikola Kalinic,TE,CHI,MIN,1.0,2026_02_MIN_CHI,2026-09-20 13:00:00,0.0,0.0,0.0,0.0,0.0,C,20,-1.1555138007102328,27.0,2,,True,4.0,"https://static.www.nfl.com/image/upload/f_auto,q_auto/league/monk9ruop1ec5bfysiwl",0.0,0.0,0.0,0.0,0.0,0.0,0.0,0.0,0.0,0.0,0.0,0.0,0.0,21.5,"[0.0, 0.0, 0.0, 0.0, 0.0, 0.0, 0.0, 0.0, 0.0, 0.0, 0.0, 0.0, 0.0, 0.0, 0.0, 0.0, 0.0, 0.0, 0.0]",Reserve/IR,False,Reserve/IR,4916349.0,0,0.0,,2026-09-15 17:18:27,,
681,135,00-0037277,Teagan Quitoriano,TE,ARI,SEA,1.0,2026_02_SEA_ARI,2026-09-20 16:25:00,0.0,0.0,0.0,0.0,0.0,C,18,-1.0937770456780598,18.5,2,,True,,"https://static.www.nfl.com/image/upload/f_auto,q_auto/league/adwepaexueevxdcqjhyf",0.0,0.0,0.0,0.0,0.0,0.0,0.0,0.0,0.0,0.0,0.0,0.0,0.0,23.0,"[0.0, 0.0, 0.0, 0.0, 0.0, 0.0, 0.0, 0.0, 0.0, 0.0, 0.0, 0.0, 0.0, 0.0, 0.0, 0.0, 0.0, 0.0, 0.0]",Practice squad,False,Practice squad,4374045.0,0,0.0,,2026-09-15 17:18:27,,
682,136,00-0037539,Lucas Krull,TE,DEN,JAX,1.0,2026_02_JAX_DEN,2026-09-20 16:05:00,0.0,0.0,0.0,0.0,0.0,C,24,-1.5977230026046545,23.5,2,,True,,"https://static.www.nfl.com/image/upload/f_auto,q_auto/league/eolvpkk5jjmipuqmf5v6",2.0,0.0,0.0,0.0,0.0,7.564941926249085,0.0712175377731979,0.0,0.0,0.0,0.0,0.0,0.0,21.0,"[0.0, 0.0, 0.0, 0.0, 0.0, 0.0, 0.0, 0.0, 0.0, 0.0, 0.0, 0.0, 0.0, 0.0, 0.0, 0.0, 0.0, 0.0, 0.0]",Practice squad,False,Practice squad,4360231.0,0,0.0,,2026-09-15 17:18:27,,
683,137,00-0039631,Cam Grandy,TE,MIN,CHI,0.0,2026_02_MIN_CHI,2026-09-20 13:00:00,0.0,0.0,0.0,0.0,0.0,C,22,-1.2319521021171689,21.5,2,,True,,"https://static.www.nfl.com/image/upload/f_auto,q_auto/league/uay5dmniqx1baal3q3uu",1.0,0.0,0.0,0.0,0.0,3.3917634562515278,0.0352255129730167,0.0,0.0,0.0,0.0,0.0,0.0,27.0,"[0.0, 0.0, 0.0, 0.0, 0.0, 0.0, 0.0, 0.0, 0.0, 0.0, 0.0, 0.0, 0.0, 0.0, 0.0, 0.0, 0.0, 0.0, 0.0]",Practice squad,False,Practice squad,4700712.0,0,0.0,,2026-09-15 17:18:27,,
684,138,00-0036423,Albert Okwuegbunam,TE,LV,LAC,0.0,2026_02_LV_LAC,2026-09-20 16:05:00,0.0,0.0,0.0,0.0,0.0,C,12,0.842669575491275,18.25,2,,True,,"https://static.www.nfl.com/image/upload/f_auto,q_auto/league/ivyip7mtbv6i0wbnlrph",6.0,0.0,0.0,0.0,0.0,36.0,0.1666666666666666,0.0,0.0,0.0,0.0,0.0,0.0,25.25,"[0.0, 0.0, 0.0, 0.0, 0.0, 0.0, 0.0, 0.0, 0.0, 0.0, 0.0, 0.0, 0.0, 0.0, 0.0, 0.0, 0.0, 0.0, 0.0]",Practice squad,False,Practice squad,4035115.0,0,0.0,,2026-09-15 17:18:27,,
685,139,00-0036534,Shane Zylstra,TE,NE,PIT,1.0,2026_02_PIT_NE,2026-09-20 13:00:00,0.0,0.0,0.0,0.0,0.0,C,31,-3.6738201177053993,23.0,2,,True,,"https://static.www.nfl.com/image/upload/f_auto,q_auto/league/jxq0fpgw6dzavqabgl1j",5.0,0.0,0.0,0.0,0.0,20.0,0.0961538461538461,0.0,0.0,0.0,0.0,0.0,0.0,18.5,"[0.0, 0.0, 0.0, 0.0, 0.0, 0.0, 0.0, 0.0, 0.0, 0.0, 0.0, 0.0, 0.0, 0.0, 0.0, 0.0, 0.0, 0.0, 0.0]",Practice squad,False,Practice squad,4608362.0,0,0.0,,2026-09-15 17:18:27,,
686,140,00-0037317,Nick Muse,TE,ATL,CAR,1.0,2026_02_CAR_ATL,2026-09-20 13:00:00,0.0,0.0,0.0,0.0,0.0,C,27,-2.029369306144404,20.5,2,,True,,"https://static.www.nfl.com/image/upload/f_auto,q_auto/league/cdidnsvt1we5d7ffnjbo",0.0,0.0,0.0,0.0,0.0,0.0,0.0,0.0,0.0,0.0,0.0,0.0,0.0,23.0,"[0.0, 0.0, 0.0, 0.0, 0.0, 0.0, 0.0, 0.0, 0.0, 0.0, 0.0, 0.0, 0.0, 0.0, 0.0, 0.0, 0.0, 0.0, 0.0]",Practice squad,False,Practice squad,4249624.0,1,0.0,0.0,2026-09-15 17:18:27,,
687,141,00-0038394,Will Mallory,TE,IND,KC,0.0,2026_02_IND_KC,2026-09-20 20:20:00,0.0,0.0,0.0,0.0,0.0,C,7,2.848939866835318,20.5,2,,True,4.0,"https://static.www.nfl.com/image/upload/f_auto,q_auto/league/sl1pkiox1hucg9sxttfi",1.0,0.0,0.0,0.0,0.0,16.0,0.0344827586206896,0.0,0.0,0.0,0.0,0.0,0.0,27.0,"[0.0, 0.0, 0.0, 0.0, 0.0, 0.0, 0.0, 0.0, 0.0, 0.0, 0.0, 0.0, 0.0, 0.0, 0.0, 0.0, 0.0, 0.0, 0.0]",Reserve/IR,False,Reserve/IR,4362523.0,0,0.0,,2026-09-15 17:18:27,,
688,142,00-0038735,Princeton Fant,TE,DAL,WAS,1.0,2026_02_WAS_DAL,2026-09-20 16:25:00,0.0,0.0,0.0,0.0,0.0,C,2,6.987738089631992,27.5,2,,True,4.0,"https://static.www.nfl.com/image/upload/f_auto,q_auto/league/dh67wj7xhek86nhyucig",0.0,0.0,0.0,0.0,0.0,0.0,0.0,0.0,0.0,0.0,0.0,0.0,0.0,23.0,"[0.0, 0.0, 0.0, 0.0, 0.0, 0.0, 0.0, 0.0, 0.0, 0.0, 0.0, 0.0, 0.0, 0.0, 0.0, 0.0, 0.0, 0.0, 0.0]",Reserve/IR,False,Reserve/IR,4242442.0,0,0.0,,2026-09-15 17:18:27,,
689,143,00-0039489,Hayden Rucci,TE,JAX,DEN,0.0,2026_02_JAX_DEN,2026-09-20 16:05:00,0.0,0.0,0.0,0.0,0.0,C,14,0.2151350830441153,21.0,2,,True,,"https://static.www.nfl.com/image/upload/f_auto,q_auto/league/vkscrzclmd0tboxpi8lk",0.0,0.0,0.0,0.0,0.0,0.0,0.0,0.0,0.0,0.0,0.0,0.0,0.0,23.5,"[0.0, 0.0, 0.0, 0.0, 0.0, 0.0, 0.0, 0.0, 0.0, 0.0, 0.0, 0.0, 0.0, 0.0, 0.0, 0.0, 0.0, 0.0, 0.0]",Practice squad,False,Practice squad,4428396.0,0,0.0,,2026-09-15 17:18:27,,
690,144,00-0040244,Moliki Matavao,TE,NO,BAL,0.0,2026_02_NO_BAL,2026-09-20 13:00:00,0.0,0.0,0.0,0.0,0.0,C,16,-0.677426290365125,19.0,2,,True,5.0,"https://static.www.nfl.com/image/upload/f_auto,q_auto/league/sloxqlvfyoufh2bb3zku",2.0,0.0,0.0,0.0,0.0,10.0,0.074074074074074,0.0,0.0,0.0,0.0,0.0,0.0,27.5,"[0.0, 0.0, 0.0, 0.0, 0.0, 0.0, 0.0, 0.0, 0.0, 0.0, 0.0, 0.0, 0.0, 0.0, 0.0, 0.0, 0.0, 0.0, 0.0]",Reserve/IR,False,Reserve/IR,4432731.0,0,0.0,,2026-09-15 17:18:27,,
691,145,00-0040628,Drake Dabney,TE,GB,NYJ,0.0,2026_02_GB_NYJ,2026-09-20 13:00:00,0.0,0.0,0.0,0.0,0.0,C,13,0.2718030344261973,24.5,2,,True,,"https://static.www.nfl.com/image/upload/f_auto,q_auto/league/olsiufbauh2x6pshrygm",2.0,0.0,0.0,0.0,0.0,3.0,0.2,0.0,0.0,0.0,0.0,0.0,0.0,20.0,"[0.0, 0.0, 0.0, 0.0, 0.0, 0.0, 0.0, 0.0, 0.0, 0.0, 0.0, 0.0, 0.0, 0.0, 0.0, 0.0, 0.0, 0.0, 0.0]",Practice squad,False,Practice squad,4429466.0,0,0.0,,2026-09-15 17:18:27,,
692,146,00-0040702,Mitch Van Vooren,TE,DAL,WAS,1.0,2026_02_WAS_DAL,2026-09-20 16:25:00,0.0,0.0,0.0,0.0,0.0,C,2,6.987738089631992,27.5,2,,True,,,0.0,0.0,0.0,0.0,0.0,0.0,0.0,0.0,0.0,0.0,0.0,0.0,0.0,23.0,"[0.0, 0.0, 0.0, 0.0, 0.0, 0.0, 0.0, 0.0, 0.0, 0.0, 0.0, 0.0, 0.0, 0.0, 0.0, 0.0, 0.0, 0.0, 0.0]",Practice squad,False,Practice squad,,0,0.0,,2026-09-15 17:18:27,,
693,147,00-0040552,Joshua Simon,TE,WAS,DAL,0.0,2026_02_WAS_DAL,2026-09-20 16:25:00,0.0,0.0,0.0,0.0,0.0,C,1,7.413806721963579,23.0,2,,True,,"https://static.www.nfl.com/image/upload/f_auto,q_auto/league/odhcpm4qqmp9nn7b8j7v",0.0,0.0,0.0,0.0,0.0,0.0,0.0,0.0,0.0,0.0,0.0,0.0,0.0,27.5,"[0.0, 0.0, 0.0, 0.0, 0.0, 0.0, 0.0, 0.0, 0.0, 0.0, 0.0, 0.0, 0.0, 0.0, 0.0, 0.0, 0.0, 0.0, 0.0]",Practice squad,False,Practice squad,4430482.0,0,0.0,,2026-09-15 17:18:27,,
694,148,00-0040504,Bryson Nesbit,TE,MIN,CHI,0.0,2026_02_MIN_CHI,2026-09-20 13:00:00,0.0,0.0,0.0,0.0,0.0,C,22,-1.2319521021171689,21.5,2,,True,,"https://static.www.nfl.com/image/upload/f_auto,q_auto/league/xv1e25hi4dhzfzni0gui",0.0,0.0,0.0,0.0,0.0,0.0,0.0,0.0,0.0,0.0,0.0,0.0,0.0,27.0,"[0.0, 0.0, 0.0, 0.0, 0.0, 0.0, 0.0, 0.0, 0.0, 0.0, 0.0, 0.0, 0.0, 0.0, 0.0, 0.0, 0.0, 0.0, 0.0]",Reserve/IR,False,Reserve/IR,,0,0.0,,2026-09-15 17:18:27,,
695,149,00-0039263,McCallan Castles,TE,GB,NYJ,0.0,2026_02_GB_NYJ,2026-09-20 13:00:00,0.0,0.0,0.0,0.0,0.0,C,13,0.2718030344261973,24.5,2,,True,,"https://static.www.nfl.com/image/upload/f_auto,q_auto/league/r3amk2t7xokcd4rsohns",0.0,0.0,0.0,0.0,0.0,0.0,0.0,0.0,0.0,0.0,0.0,0.0,0.0,20.0,"[0.0, 0.0, 0.0, 0.0, 0.0, 0.0, 0.0, 0.0, 0.0, 0.0, 0.0, 0.0, 0.0, 0.0, 0.0, 0.0, 0.0, 0.0, 0.0]",Reserve/IR,False,Reserve/IR,4372741.0,0,0.0,,2026-09-15 17:18:27,,
696,150,00-0041577,Connor Hulstein,TE,NYJ,GB,1.0,2026_02_GB_NYJ,2026-09-20 13:00:00,0.0,0.0,0.0,0.0,0.0,C,8,2.6796858763286537,20.0,2,,True,,,0.0,0.0,0.0,0.0,0.0,0.0,0.0,0.0,0.0,0.0,0.0,0.0,0.0,24.5,"[0.0, 0.0, 0.0, 0.0, 0.0, 0.0, 0.0, 0.0, 0.0, 0.0, 0.0, 0.0, 0.0, 0.0, 0.0, 0.0, 0.0, 0.0, 0.0]",Reserve/IR,False,Reserve/IR,,0,0.0,,2026-09-15 17:18:27,,
697,151,00-0037078,Cole Turner,TE,MIA,SF,0.0,2026_02_MIA_SF,2026-09-20 16:25:00,0.0,0.0,0.0,0.0,0.0,C,32,-6.500651164614436,16.0,2,,True,5.0,"https://static.www.nfl.com/image/upload/f_auto,q_auto/league/tuoxojttzngaook6qbde",0.0,0.0,0.0,0.0,0.0,0.0,0.0,0.0,0.0,0.0,0.0,0.0,0.0,29.5,"[0.0, 0.0, 0.0, 0.0, 0.0, 0.0, 0.0, 0.0, 0.0, 0.0, 0.0, 0.0, 0.0, 0.0, 0.0, 0.0, 0.0, 0.0, 0.0]",Reserve/IR,False,Reserve/IR,4361438.0,0,0.0,,2026-09-15 17:18:27,,
698,152,00-0038145,Thomas Odukoya,TE,KC,IND,1.0,2026_02_IND_KC,2026-09-20 20:20:00,0.0,0.0,0.0,0.0,0.0,C,9,1.796237783937545,27.0,2,,True,,"https://static.www.nfl.com/image/upload/f_auto,q_auto/league/q1orevkdiqpclldhtauj",0.0,0.0,0.0,0.0,0.0,0.0,0.0,0.0,0.0,0.0,0.0,0.0,0.0,20.5,"[0.0, 0.0, 0.0, 0.0, 0.0, 0.0, 0.0, 0.0, 0.0, 0.0, 0.0, 0.0, 0.0, 0.0, 0.0, 0.0, 0.0, 0.0, 0.0]",Exempt,False,Exempt,,0,0.0,,2026-09-15 17:18:27,,
699,153,00-0039023,Joel Wilson,TE,TEN,PHI,1.0,2026_02_PHI_TEN,2026-09-20 13:00:00,0.0,0.0,0.0,0.0,0.0,C,30,-3.115081255583778,16.25,2,,True,,"https://static.www.nfl.com/image/upload/f_auto,q_auto/league/cshaunf0zeexbjo7ofiv",0.0,0.0,0.0,0.0,0.0,0.0,0.0,0.0,0.0,0.0,0.0,0.0,0.0,23.25,"[0.0, 0.0, 0.0, 0.0, 0.0, 0.0, 0.0, 0.0, 0.0, 0.0, 0.0, 0.0, 0.0, 0.0, 0.0, 0.0, 0.0, 0.0, 0.0]",Practice squad,False,Practice squad,,0,0.0,,2026-09-15 17:18:27,,
700,154,00-0039275,Messiah Swinson,TE,CLE,TB,0.0,2026_02_CLE_TB,2026-09-20 13:00:00,0.0,0.0,0.0,0.0,0.0,C,3,6.801184022548157,16.0,2,,True,,"https://static.www.nfl.com/image/upload/f_auto,q_auto/league/xmkhcrh5fbfetx1wxk2z",0.0,0.0,0.0,0.0,0.0,0.0,0.0,0.0,0.0,0.0,0.0,0.0,0.0,24.5,"[0.0, 0.0, 0.0, 0.0, 0.0, 0.0, 0.0, 0.0, 0.0, 0.0, 0.0, 0.0, 0.0, 0.0, 0.0, 0.0, 0.0, 0.0, 0.0]",Practice squad,False,Practice squad,,0,0.0,,2026-09-15 17:18:27,,
701,155,00-0035345,Chris Myarick,TE,LV,LAC,0.0,2026_02_LV_LAC,2026-09-20 16:05:00,0.0,0.0,0.0,0.0,0.0,C,12,0.842669575491275,18.25,2,,True,,"https://static.www.nfl.com/image/upload/f_auto,q_auto/league/zyedrh1lvylrutfof4ld",0.0,0.0,0.0,0.0,0.0,0.0,0.0,0.0,0.0,0.0,0.0,0.0,0.0,25.25,"[0.0, 0.0, 0.0, 0.0, 0.0, 0.0, 0.0, 0.0, 0.0, 0.0, 0.0, 0.0, 0.0, 0.0, 0.0, 0.0, 0.0, 0.0, 0.0]",Practice squad,False,Practice squad,3138744.0,0,0.0,,2026-09-15 17:18:27,,
702,156,00-0039550,Shawn Bowman,TE,ARI,SEA,1.0,2026_02_SEA_ARI,2026-09-20 16:25:00,0.0,0.0,0.0,0.0,0.0,C,18,-1.0937770456780598,18.5,2,,True,,"https://static.www.nfl.com/image/upload/f_auto,q_auto/league/fsmfihfrlibes4ihhauy",0.0,0.0,0.0,0.0,0.0,0.0,0.0,0.0,0.0,0.0,0.0,0.0,0.0,23.0,"[0.0, 0.0, 0.0, 0.0, 0.0, 0.0, 0.0, 0.0, 0.0, 0.0, 0.0, 0.0, 0.0, 0.0, 0.0, 0.0, 0.0, 0.0, 0.0]",Practice squad,False,Practice squad,,0,0.0,,2026-09-15 17:18:27,,
703,157,00-0039843,Qadir Ismail,TE,CHI,MIN,1.0,2026_02_MIN_CHI,2026-09-20 13:00:00,0.0,0.0,0.0,0.0,0.0,C,20,-1.1555138007102328,27.0,2,,True,,"https://static.www.nfl.com/image/upload/f_auto,q_auto/league/j8bnryrjhs5ojoxmeson",0.0,0.0,0.0,0.0,0.0,0.0,0.0,0.0,0.0,0.0,0.0,0.0,0.0,21.5,"[0.0, 0.0, 0.0, 0.0, 0.0, 0.0, 0.0, 0.0, 0.0, 0.0, 0.0, 0.0, 0.0, 0.0, 0.0, 0.0, 0.0, 0.0, 0.0]",Practice squad,False,Practice squad,,0,0.0,,2026-09-15 17:18:27,,
704,158,00-0039936,Thomas Yassmin,TE,GB,NYJ,0.0,2026_02_GB_NYJ,2026-09-20 13:00:00,0.0,0.0,0.0,0.0,0.0,C,13,0.2718030344261973,24.5,2,,True,6.0,"https://static.www.nfl.com/image/upload/f_auto,q_auto/league/dojmdkrk14lr14g8wr3o",0.0,0.0,0.0,0.0,0.0,0.0,0.0,0.0,0.0,0.0,0.0,0.0,0.0,20.0,"[0.0, 0.0, 0.0, 0.0, 0.0, 0.0, 0.0, 0.0, 0.0, 0.0, 0.0, 0.0, 0.0, 0.0, 0.0, 0.0, 0.0, 0.0, 0.0]",Reserve/IR,False,Reserve/IR,,0,0.0,,2026-09-15 17:18:27,,
705,159,00-0040094,Tre Watson,TE,MIA,SF,0.0,2026_02_MIA_SF,2026-09-20 16:25:00,0.0,0.0,0.0,0.0,0.0,C,32,-6.500651164614436,16.0,2,,True,,"https://static.www.nfl.com/image/upload/f_auto,q_auto/league/ugdci6mdpfinji42u1om",0.0,0.0,0.0,0.0,0.0,0.0,0.0,0.0,0.0,0.0,0.0,0.0,0.0,29.5,"[0.0, 0.0, 0.0, 0.0, 0.0, 0.0, 0.0, 0.0, 0.0, 0.0, 0.0, 0.0, 0.0, 0.0, 0.0, 0.0, 0.0, 0.0, 0.0]",Practice squad,False,Practice squad,,0,0.0,,2026-09-15 17:18:27,,
706,160,00-0040240,Caleb Lohner,TE,DEN,JAX,1.0,2026_02_JAX_DEN,2026-09-20 16:05:00,0.0,0.0,0.0,0.0,0.0,C,24,-1.5977230026046545,23.5,2,,True,5.0,"https://static.www.nfl.com/image/upload/f_auto,q_auto/league/larx1n07ooq73y5gy3av",0.0,0.0,0.0,0.0,0.0,0.0,0.0,0.0,0.0,0.0,0.0,0.0,0.0,21.0,"[0.0, 0.0, 0.0, 0.0, 0.0, 0.0, 0.0, 0.0, 0.0, 0.0, 0.0, 0.0, 0.0, 0.0, 0.0, 0.0, 0.0, 0.0, 0.0]",Reserve/IR,False,Reserve/IR,4432208.0,0,0.0,,2026-09-15 17:18:27,,
707,161,00-0035039,Stephen Carlson,TE,CHI,MIN,1.0,2026_02_MIN_CHI,2026-09-20 13:00:00,0.0,0.0,0.0,0.0,0.0,C,20,-1.1555138007102328,27.0,2,,True,,"https://static.www.nfl.com/image/upload/f_auto,q_auto/league/i54p7n9yfpyytifzv7rz",0.0,0.0,0.0,0.0,0.0,0.0,0.0,0.0,0.0,0.0,0.0,0.0,0.0,21.5,"[0.0, 0.0, 0.0, 0.0, 0.0, 0.0, 0.0, 0.0, 0.0, 0.0, 0.0, 0.0, 0.0, 0.0, 0.0, 0.0, 0.0, 0.0, 0.0]",Practice squad,False,Practice squad,3948283.0,0,0.0,,2026-09-15 17:18:27,,
708,162,00-0040331,Patrick Herbert,TE,LAC,LV,1.0,2026_02_LV_LAC,2026-09-20 16:05:00,0.0,0.0,0.0,0.0,0.0,C,19,-1.1252041114523927,25.25,2,,True,,"https://static.www.nfl.com/image/upload/f_auto,q_auto/league/ozp6mlkzvpqbvuldsm32",0.0,0.0,0.0,0.0,0.0,0.0,0.0,0.0,0.0,0.0,0.0,0.0,0.0,18.25,"[0.0, 0.0, 0.0, 0.0, 0.0, 0.0, 0.0, 0.0, 0.0, 0.0, 0.0, 0.0, 0.0, 0.0, 0.0, 0.0, 0.0, 0.0, 0.0]",Practice squad,False,Practice squad,,0,0.0,,2026-09-15 17:18:27,,
709,163,00-0040566,CJ Dippre,TE,TB,CLE,1.0,2026_02_CLE_TB,2026-09-20 13:00:00,0.0,0.0,0.0,0.0,0.0,C,23,-1.5253660225060928,24.5,2,,True,,"https://static.www.nfl.com/image/upload/f_auto,q_auto/league/azvsbbacjbgiyr3hmgdi",0.0,0.0,0.0,0.0,0.0,0.0,0.0,0.0,0.0,0.0,0.0,0.0,0.0,16.0,"[0.0, 0.0, 0.0, 0.0, 0.0, 0.0, 0.0, 0.0, 0.0, 0.0, 0.0, 0.0, 0.0, 0.0, 0.0, 0.0, 0.0, 0.0, 0.0]",Practice squad,False,Practice squad,4596545.0,0,0.0,,2026-09-15 17:18:27,,
710,164,00-0040697,Thomas Gordon,TE,DET,BUF,0.0,2026_02_DET_BUF,2026-09-17 20:15:00,0.0,0.0,0.0,0.0,0.0,C,28,-2.358746375945474,24.5,2,,True,,"https://static.www.nfl.com/image/upload/f_auto,q_auto/league/xjwwmrgezlioppxjmkod",0.0,0.0,0.0,0.0,0.0,0.0,0.0,0.0,0.0,0.0,0.0,0.0,0.0,29.0,"[0.0, 0.0, 0.0, 0.0, 0.0, 0.0, 0.0, 0.0, 0.0, 0.0, 0.0, 0.0, 0.0, 0.0, 0.0, 0.0, 0.0, 0.0, 0.0]",Practice squad,False,Practice squad,,0,0.0,,2026-09-15 17:18:27,,
711,165,00-0040853,Carson Towt,TE,IND,KC,0.0,2026_02_IND_KC,2026-09-20 20:20:00,0.0,0.0,0.0,0.0,0.0,C,7,2.848939866835318,20.5,2,,True,5.0,"https://static.www.nfl.com/image/upload/f_auto,q_auto/league/nwppu7wrirz6adoxgzij",0.0,0.0,0.0,0.0,0.0,0.0,0.0,0.0,0.0,0.0,0.0,0.0,0.0,27.0,"[0.0, 0.0, 0.0, 0.0, 0.0, 0.0, 0.0, 0.0, 0.0, 0.0, 0.0, 0.0, 0.0, 0.0, 0.0, 0.0, 0.0, 0.0, 0.0]",Reserve/IR,False,Reserve/IR,,0,0.0,,2026-09-15 17:18:27,,
712,166,00-0040901,Jaren Kanak,TE,TEN,PHI,1.0,2026_02_PHI_TEN,2026-09-20 13:00:00,0.0,0.0,0.0,0.0,0.0,C,30,-3.115081255583778,16.25,2,,True,5.0,"https://static.www.nfl.com/image/upload/f_auto,q_auto/league/nbrbfq68ghrvt2dsieej",0.0,0.0,0.0,0.0,0.0,0.0,0.0,0.0,0.0,0.0,0.0,0.0,0.0,23.25,"[0.0, 0.0, 0.0, 0.0, 0.0, 0.0, 0.0, 0.0, 0.0, 0.0, 0.0, 0.0, 0.0, 0.0, 0.0, 0.0, 0.0, 0.0, 0.0]",Reserve/IR,False,Reserve/IR,4877034.0,0,0.0,,2026-09-15 17:18:27,,
713,167,00-0040955,John Michael Gyllenborg,TE,KC,IND,1.0,2026_02_IND_KC,2026-09-20 20:20:00,0.0,0.0,0.0,0.0,0.0,C,9,1.796237783937545,27.0,2,,True,5.0,,0.0,0.0,0.0,0.0,0.0,0.0,0.0,0.0,0.0,0.0,0.0,0.0,0.0,20.5,"[0.0, 0.0, 0.0, 0.0, 0.0, 0.0, 0.0, 0.0, 0.0, 0.0, 0.0, 0.0, 0.0, 0.0, 0.0, 0.0, 0.0, 0.0, 0.0]",Reserve/IR,False,Reserve/IR,4708490.0,0,0.0,,2026-09-15 17:18:27,,
714,168,00-0040938,DJ Rogers,TE,DAL,WAS,1.0,2026_02_WAS_DAL,2026-09-20 16:25:00,0.0,0.0,0.0,0.0,0.0,C,2,6.987738089631992,27.5,2,,True,5.0,"https://static.www.nfl.com/image/upload/f_auto,q_auto/league/wzblmzyldhnpb4kvraci",0.0,0.0,0.0,0.0,0.0,0.0,0.0,0.0,0.0,0.0,0.0,0.0,0.0,23.0,"[0.0, 0.0, 0.0, 0.0, 0.0, 0.0, 0.0, 0.0, 0.0, 0.0, 0.0, 0.0, 0.0, 0.0, 0.0, 0.0, 0.0, 0.0, 0.0]",Reserve/IR,False,Reserve/IR,,0,0.0,,2026-09-15 17:18:27,,
715,169,00-0040939,Michael Trigg,TE,DAL,WAS,1.0,2026_02_WAS_DAL,2026-09-20 16:25:00,0.0,0.0,0.0,0.0,0.0,C,2,6.987738089631992,27.5,2,,True,,"https://static.www.nfl.com/image/upload/f_auto,q_auto/league/raym87favdz33uhkgvv2",0.0,0.0,0.0,0.0,0.0,0.0,0.0,0.0,0.0,0.0,0.0,0.0,0.0,23.0,"[0.0, 0.0, 0.0, 0.0, 0.0, 0.0, 0.0, 0.0, 0.0, 0.0, 0.0, 0.0, 0.0, 0.0, 0.0, 0.0, 0.0, 0.0, 0.0]",Practice squad,False,Practice squad,4594749.0,0,0.0,,2026-09-15 17:18:27,,
716,170,00-0041016,Patrick Gurd,TE,LV,LAC,0.0,2026_02_LV_LAC,2026-09-20 16:05:00,0.0,0.0,0.0,0.0,0.0,C,12,0.842669575491275,18.25,2,,True,,"https://static.www.nfl.com/image/upload/f_auto,q_auto/league/agjazc5duhqepvcd82yf",0.0,0.0,0.0,0.0,0.0,0.0,0.0,0.0,0.0,0.0,0.0,0.0,0.0,25.25,"[0.0, 0.0, 0.0, 0.0, 0.0, 0.0, 0.0, 0.0, 0.0, 0.0, 0.0, 0.0, 0.0, 0.0, 0.0, 0.0, 0.0, 0.0, 0.0]",Practice squad,False,Practice squad,,0,0.0,,2026-09-15 17:18:27,,
717,171,00-0041087,Joe Royer,TE,CLE,TB,0.0,2026_02_CLE_TB,2026-09-20 13:00:00,0.0,0.0,0.0,0.0,0.0,C,3,6.801184022548157,16.0,2,,True,4.0,,0.0,0.0,0.0,0.0,0.0,0.0,0.0,0.0,0.0,0.0,0.0,0.0,0.0,24.5,"[0.0, 0.0, 0.0, 0.0, 0.0, 0.0, 0.0, 0.0, 0.0, 0.0, 0.0, 0.0, 0.0, 0.0, 0.0, 0.0, 0.0, 0.0, 0.0]",Reserve/IR,False,Reserve/IR,4565859.0,0,0.0,,2026-09-15 17:18:27,,
718,172,00-0041170,Hayden Large,TE,CHI,MIN,1.0,2026_02_MIN_CHI,2026-09-20 13:00:00,0.0,0.0,0.0,0.0,0.0,C,20,-1.1555138007102328,27.0,2,,True,5.0,"https://static.www.nfl.com/image/upload/f_auto,q_auto/league/gbhffvvzh3nnzpno5hhw",0.0,0.0,0.0,0.0,0.0,0.0,0.0,0.0,0.0,0.0,0.0,0.0,0.0,21.5,"[0.0, 0.0, 0.0, 0.0, 0.0, 0.0, 0.0, 0.0, 0.0, 0.0, 0.0, 0.0, 0.0, 0.0, 0.0, 0.0, 0.0, 0.0, 0.0]",Reserve/IR,False,Reserve/IR,,0,0.0,,2026-09-15 17:18:27,,
719,173,00-0041195,Jack Velling,TE,ATL,CAR,1.0,2026_02_CAR_ATL,2026-09-20 13:00:00,0.0,0.0,0.0,0.0,0.0,C,27,-2.029369306144404,20.5,2,,True,,"https://static.www.nfl.com/image/upload/f_auto,q_auto/league/wotouog19khzog4kfwmq",0.0,0.0,0.0,0.0,0.0,0.0,0.0,0.0,0.0,0.0,0.0,0.0,0.0,23.0,"[0.0, 0.0, 0.0, 0.0, 0.0, 0.0, 0.0, 0.0, 0.0, 0.0, 0.0, 0.0, 0.0, 0.0, 0.0, 0.0, 0.0, 0.0, 0.0]",Practice squad,False,Practice squad,,0,0.0,,2026-09-15 17:18:27,,
720,174,00-0041252,Kenny Fletcher Jr.,TE,IND,KC,0.0,2026_02_IND_KC,2026-09-20 20:20:00,0.0,0.0,0.0,0.0,0.0,C,7,2.848939866835318,20.5,2,,True,,"https://static.www.nfl.com/image/upload/f_auto,q_auto/league/bkvuyl1uu3e21tet01iz",0.0,0.0,0.0,0.0,0.0,0.0,0.0,0.0,0.0,0.0,0.0,0.0,0.0,27.0,"[0.0, 0.0, 0.0, 0.0, 0.0, 0.0, 0.0, 0.0, 0.0, 0.0, 0.0, 0.0, 0.0, 0.0, 0.0, 0.0, 0.0, 0.0, 0.0]",Practice squad,False,Practice squad,,0,0.0,,2026-09-15 17:18:27,,
721,175,00-0041263,Lake McRee,TE,PIT,NE,0.0,2026_02_PIT_NE,2026-09-20 13:00:00,0.0,0.0,0.0,0.0,0.0,C,26,-1.7388710625805737,18.5,2,,True,,"https://static.www.nfl.com/image/upload/f_auto,q_auto/league/z44mxfva1mljsixo7c2l",0.0,0.0,0.0,0.0,0.0,0.0,0.0,0.0,0.0,0.0,0.0,0.0,0.0,23.0,"[0.0, 0.0, 0.0, 0.0, 0.0, 0.0, 0.0, 0.0, 0.0, 0.0, 0.0, 0.0, 0.0, 0.0, 0.0, 0.0, 0.0, 0.0, 0.0]",Practice squad,False,Practice squad,,0,0.0,,2026-09-15 17:18:27,,
722,176,00-0041366,Jameson Geers,TE,ARI,SEA,1.0,2026_02_SEA_ARI,2026-09-20 16:25:00,0.0,0.0,0.0,0.0,0.0,C,18,-1.0937770456780598,18.5,2,,True,5.0,"https://static.www.nfl.com/image/upload/f_auto,q_auto/league/c8jeabzy38oouigdr214",0.0,0.0,0.0,0.0,0.0,0.0,0.0,0.0,0.0,0.0,0.0,0.0,0.0,23.0,"[0.0, 0.0, 0.0, 0.0, 0.0, 0.0, 0.0, 0.0, 0.0, 0.0, 0.0, 0.0, 0.0, 0.0, 0.0, 0.0, 0.0, 0.0, 0.0]",Reserve/IR,False,Reserve/IR,,0,0.0,,2026-09-15 17:18:27,,
723,177,00-0041357,Khalil Dinkins,TE,SF,MIA,1.0,2026_02_MIA_SF,2026-09-20 16:25:00,0.0,0.0,0.0,0.0,0.0,C,6,2.904903570504116,29.5,2,,True,,"https://static.www.nfl.com/image/upload/f_auto,q_auto/league/txukjdrzl6um3k3t0t31",0.0,0.0,0.0,0.0,0.0,0.0,0.0,0.0,0.0,0.0,0.0,0.0,0.0,16.0,"[0.0, 0.0, 0.0, 0.0, 0.0, 0.0, 0.0, 0.0, 0.0, 0.0, 0.0, 0.0, 0.0, 0.0, 0.0, 0.0, 0.0, 0.0, 0.0]",Practice squad,False,Practice squad,4699678.0,0,0.0,,2026-09-15 17:18:27,,
724,178,00-0032394,Nick Vannett,TE,BAL,NO,1.0,2026_02_NO_BAL,2026-09-20 13:00:00,0.0,0.0,0.0,0.0,0.0,C,17,-0.9378762163706332,27.5,2,,True,,"https://static.www.nfl.com/image/upload/f_auto,q_auto/league/srrlkx2mydsb8gfco6fp",0.0,0.0,0.0,0.0,0.0,0.0,0.0,0.0,0.0,0.0,0.0,0.0,0.0,19.0,"[0.0, 0.0, 0.0, 0.0, 0.0, 0.0, 0.0, 0.0, 0.0, 0.0, 0.0, 0.0, 0.0, 0.0, 0.0, 0.0, 0.0, 0.0, 0.0]",Practice squad,False,Practice squad,2576399.0,0,0.0,,2026-09-15 17:18:27,,
725,179,00-0041384,Evan Svoboda,TE,LAC,LV,1.0,2026_02_LV_LAC,2026-09-20 16:05:00,0.0,0.0,0.0,0.0,0.0,C,19,-1.1252041114523927,25.25,2,,True,,"https://static.www.nfl.com/image/upload/f_auto,q_auto/league/oiypi2ljtijzyh5mpi3f",0.0,0.0,0.0,0.0,0.0,0.0,0.0,0.0,0.0,0.0,0.0,0.0,0.0,18.25,"[0.0, 0.0, 0.0, 0.0, 0.0, 0.0, 0.0, 0.0, 0.0, 0.0, 0.0, 0.0, 0.0, 0.0, 0.0, 0.0, 0.0, 0.0, 0.0]",Practice squad,False,Practice squad,,0,0.0,,2026-09-15 17:18:27,,
726,180,00-0041422,Dan Villari,TE,LA,NYG,1.0,2026_02_NYG_LA,2026-09-21 20:15:00,0.0,0.0,0.0,0.0,0.0,C,25,-1.6708501301174985,27.75,2,,True,,"https://static.www.nfl.com/image/upload/f_auto,q_auto/league/q6dostpr0u6fu0yygyua",0.0,0.0,0.0,0.0,0.0,0.0,0.0,0.0,0.0,0.0,0.0,0.0,0.0,20.75,"[0.0, 0.0, 0.0, 0.0, 0.0, 0.0, 0.0, 0.0, 0.0, 0.0, 0.0, 0.0, 0.0, 0.0, 0.0, 0.0, 0.0, 0.0, 0.0]",Practice squad,False,Practice squad,4608858.0,0,0.0,,2026-09-15 17:18:27,,
727,181,00-0041483,Eli Stowers,TE,PHI,TEN,0.0,2026_02_PHI_TEN,2026-09-20 13:00:00,0.0,0.0,0.0,0.0,0.0,C,21,-1.173489155247301,23.25,2,,True,5.0,"https://static.www.nfl.com/image/upload/f_auto,q_auto/league/c9rjqit3q5tm9hzkm5ay",0.0,0.0,0.0,0.0,0.0,0.0,0.0,0.0,0.0,0.0,0.0,0.0,0.0,16.25,"[0.0, 0.0, 0.0, 0.0, 0.0, 0.0, 0.0, 0.0, 0.0, 0.0, 0.0, 0.0, 0.0, 0.0, 0.0, 0.0, 0.0, 0.0, 0.0]",Reserve/IR,False,Reserve/IR,4431574.0,0,0.0,,2026-09-15 17:18:27,,
728,180,00-0040130,Jayden Higgins,WR,HOU,CIN,1.0,2026_02_CIN_HOU,2026-09-20 13:00:00,0.0,0.0,0.0,0.0,0.0,C,25,-3.4488555694062257,24.5,2,,False,7.0,"https://static.www.nfl.com/image/upload/f_auto,q_auto/league/s3zuo0ysm9ncxr9o4420",4.815615585169176,0.0,0.0,0.0,0.0,36.82127573088946,0.1429099164100093,0.0,0.0,0.0,0.0,0.0,0.0,22.0,"[0.0, 0.0, 0.0, 0.0, 0.0, 0.0, 0.0, 0.0, 0.0, 0.0, 0.0, 0.0, 0.0, 0.0, 0.0, 0.0, 0.0, 0.0, 0.0]",Reserve/IR,False,Reserve/IR,4877706.0,0,0.0,,2026-09-15 17:18:27,,
729,181,00-0035676,A.J. Brown,WR,NE,PIT,1.0,2026_02_PIT_NE,2026-09-20 13:00:00,0.0,0.0,0.0,0.0,0.0,C,24,-3.3810864789248005,23.0,2,,False,6.0,"https://static.www.nfl.com/image/upload/f_auto,q_auto/league/qfhvjyssf0lwsh0kienp",6.93290299520897,0.0,0.0,0.0,0.0,54.74054122425088,0.2376419774270636,0.0,0.0,0.0,0.0,0.0,0.0,18.5,"[0.0, 0.0, 0.0, 0.0, 0.0, 0.0, 0.0, 0.0, 0.0, 0.0, 0.0, 0.0, 0.0, 0.0, 0.0, 0.0, 0.0, 0.0, 0.0]",Reserve/IR,False,Reserve/IR,4047646.0,1,5.6,5.6,2026-09-15 17:18:27,,
730,182,00-0035645,Gunner Olszewski,WR,NYG,LA,0.0,2026_02_NYG_LA,2026-09-21 20:15:00,0.0,0.0,0.0,0.0,0.0,C,2,10.344414980932957,20.75,2,,False,6.0,"https://static.www.nfl.com/image/upload/f_auto,q_auto/league/q6fs5e2eotgeh47xeo74",1.289365983705344,0.0,0.1889106142084952,2.5822281698858784,0.0,14.663633754899738,0.0406207371112702,0.0,0.0,0.0,0.0,0.0,0.0,27.75,"[0.0, 0.0, 0.0, 0.0, 0.0, 0.0, 0.0, 0.0, 0.0, 0.0, 0.0, 0.0, 0.0, 0.0, 0.0, 0.0, 0.0, 0.0, 0.0]",Reserve/IR,False,Reserve/IR,4424106.0,0,0.0,,2026-09-15 17:18:27,,
731,183,00-0037837,Calvin Austin III,WR,NYG,LA,0.0,2026_02_NYG_LA,2026-09-21 20:15:00,0.0,0.0,0.0,0.0,0.0,C,2,10.344414980932957,20.75,2,,False,5.0,"https://static.www.nfl.com/image/private/f_auto,q_auto/league/qlt6ztqcbu0uzad6aavt",3.954101500035865,0.0,0.0,0.0,0.0,22.893778172657097,0.1264056164740159,0.0,0.0,0.0,0.0,0.0,0.0,27.75,"[0.0, 0.0, 0.0, 0.0, 0.0, 0.0, 0.0, 0.0, 0.0, 0.0, 0.0, 0.0, 0.0, 0.0, 0.0, 0.0, 0.0, 0.0, 0.0]",Reserve/IR,False,Reserve/IR,4243389.0,0,0.0,,2026-09-15 17:18:27,,
732,184,00-0036415,Van Jefferson,WR,WAS,DAL,0.0,2026_02_WAS_DAL,2026-09-20 16:25:00,0.0,0.0,0.0,0.0,0.0,C,6,3.337332649879808,23.0,2,,False,,"https://static.www.nfl.com/image/upload/f_auto,q_auto/league/inwxk1xlvzculj8m3pah",3.742589994687066,0.0,0.0,0.0,0.0,26.550959013059032,0.1225733285270977,0.0,0.0,0.0,0.0,0.0,0.0,27.5,"[0.0, 0.0, 0.0, 0.0, 0.0, 0.0, 0.0, 0.0, 0.0, 0.0, 0.0, 0.0, 0.0, 0.0, 0.0, 0.0, 0.0, 0.0, 0.0]",Practice squad,False,Practice squad,3930066.0,0,0.0,,2026-09-15 17:18:27,,
733,185,00-0038576,Charlie Jones,WR,NYG,LA,0.0,2026_02_NYG_LA,2026-09-21 20:15:00,0.0,0.0,0.0,0.0,0.0,C,2,10.344414980932957,20.75,2,,False,,"https://static.www.nfl.com/image/upload/f_auto,q_auto/league/poy4ph18jx211xbe6ajt",0.0910755564510187,0.0,0.0,0.0,0.0,0.0,0.0026786928367946,0.0,0.0,0.0,0.0,0.0,0.0,27.75,"[0.0, 0.0, 0.0, 0.0, 0.0, 0.0, 0.0, 0.0, 0.0, 0.0, 0.0, 0.0, 0.0, 0.0, 0.0, 0.0, 0.0, 0.0, 0.0]",Practice squad,False,Practice squad,4257188.0,0,0.0,,2026-09-15 17:18:27,,
734,186,00-0033375,Tim Patrick,WR,NYJ,GB,1.0,2026_02_GB_NYJ,2026-09-20 13:00:00,0.0,0.0,0.0,0.0,0.0,C,9,2.266288651925167,20.0,2,,False,6.0,"https://static.www.nfl.com/image/upload/f_auto,q_auto/league/hw06t7n00cfpt7euljza",1.8214702618472776,0.0,0.0,0.0,0.0,13.409609733838185,0.0611011738109475,0.0,0.0,0.0,0.0,0.0,0.0,24.5,"[0.0, 0.0, 0.0, 0.0, 0.0, 0.0, 0.0, 0.0, 0.0, 0.0, 0.0, 0.0, 0.0, 0.0, 0.0, 0.0, 0.0, 0.0, 0.0]",Reserve/IR,False,Reserve/IR,3134353.0,0,0.0,,2026-09-15 17:18:27,,
735,187,00-0036182,Nick Westbrook-Ikhine,WR,IND,KC,0.0,2026_02_IND_KC,2026-09-20 20:20:00,0.0,0.0,0.0,0.0,0.0,C,32,-15.12194552389023,20.5,2,,False,,"https://static.www.nfl.com/image/upload/f_auto,q_auto/league/cyczwxlgfksrmurbb1ez",1.3515450701820069,0.0,0.0,0.0,0.0,5.958311773304733,0.0456583135238331,0.0,0.0,0.0,0.0,0.0,0.0,27.0,"[0.0, 0.0, 0.0, 0.0, 0.0, 0.0, 0.0, 0.0, 0.0, 0.0, 0.0, 0.0, 0.0, 0.0, 0.0, 0.0, 0.0, 0.0, 0.0]",Practice squad,False,Practice squad,3929785.0,0,0.0,,2026-09-15 17:18:27,,
736,188,00-0035500,Greg Dortch,WR,BUF,DET,1.0,2026_02_DET_BUF,2026-09-17 20:15:00,0.0,0.0,0.0,0.0,0.0,C,1,10.404026716232757,29.0,2,,False,,"https://static.www.nfl.com/image/upload/f_auto,q_auto/league/pylafoddjiqh4rhjlhpf",2.022462041766476,0.4303839481345876,0.0,0.0,0.6499226051308753,13.313700847244537,0.0480915286156896,0.0,0.0,0.0,0.0,0.0,0.0,24.5,"[0.0, 0.0, 0.0, 0.0, 0.0, 0.0, 0.0, 0.0, 0.0, 0.0, 0.0, 0.0, 0.0, 0.0, 0.0, 0.0, 0.0, 0.0, 0.0]",Practice squad,False,Practice squad,4037235.0,1,0.0,0.0,2026-09-15 17:18:27,,
737,189,00-0034775,Christian Kirk,WR,SF,MIA,1.0,2026_02_MIA_SF,2026-09-20 16:25:00,0.0,0.0,0.0,0.0,0.0,C,13,1.025375931952282,29.5,2,,False,7.0,"https://static.www.nfl.com/image/upload/f_auto,q_auto/league/ffp75mtwnqgrv0qz0txz",5.187658886833779,0.0,0.0,0.0,0.0,33.48013655665445,0.1564158924811998,0.0,0.0,0.0,0.0,0.0,0.0,16.0,"[0.0, 0.0, 0.0, 0.0, 0.0, 0.0, 0.0, 0.0, 0.0, 0.0, 0.0, 0.0, 0.0, 0.0, 0.0, 0.0, 0.0, 0.0, 0.0]",Reserve/IR,False,Reserve/IR,3895856.0,0,0.0,,2026-09-15 17:18:27,,
738,190,00-0038679,Tyrell Shavers,WR,BUF,DET,1.0,2026_02_DET_BUF,2026-09-17 20:15:00,0.0,0.0,0.0,0.0,0.0,C,1,10.404026716232757,29.0,2,,False,6.0,"https://static.www.nfl.com/image/upload/f_auto,q_auto/league/r9nabownt8mbqlj730su",2.159580216172417,0.0,0.0,0.0,0.0,23.775545912956645,0.0775812943421809,0.0,0.0,0.0,0.0,0.0,0.0,24.5,"[0.0, 0.0, 0.0, 0.0, 0.0, 0.0, 0.0, 0.0, 0.0, 0.0, 0.0, 0.0, 0.0, 0.0, 0.0, 0.0, 0.0, 0.0, 0.0]",Reserve/IR,False,Reserve/IR,4241476.0,0,0.0,,2026-09-15 17:18:27,,
739,191,00-0038979,Cedric Tillman,WR,NO,BAL,0.0,2026_02_NO_BAL,2026-09-20 13:00:00,0.0,0.0,0.0,0.0,0.0,C,15,-0.5013475420510421,19.0,2,,False,,"https://static.www.nfl.com/image/upload/f_auto,q_auto/league/xust9v3gob1qqwhziugh",2.784231117477615,0.0,0.0,0.0,0.0,21.871619048802145,0.0957199139112605,0.0,0.0,0.0,0.0,0.0,0.0,27.5,"[0.0, 0.0, 0.0, 0.0, 0.0, 0.0, 0.0, 0.0, 0.0, 0.0, 0.0, 0.0, 0.0, 0.0, 0.0, 0.0, 0.0, 0.0, 0.0]",Practice squad,False,Practice squad,4369863.0,0,0.0,,2026-09-15 17:18:27,,
740,192,00-0035359,David Sills,WR,TB,CLE,1.0,2026_02_CLE_TB,2026-09-20 13:00:00,0.0,0.0,0.0,0.0,0.0,C,8,2.65197766108747,24.5,2,,False,7.0,"https://static.www.nfl.com/image/upload/f_auto,q_auto/league/g0jd9yaq2yhw05ktamlh",3.146447649895196,0.0,0.0,0.0,0.0,17.931864123054034,0.1072495279466111,0.0,0.0,0.0,0.0,0.0,0.0,16.0,"[0.0, 0.0, 0.0, 0.0, 0.0, 0.0, 0.0, 0.0, 0.0, 0.0, 0.0, 0.0, 0.0, 0.0, 0.0, 0.0, 0.0, 0.0, 0.0]",Reserve/IR,False,Reserve/IR,3871102.0,0,0.0,,2026-09-15 17:18:27,,
741,193,00-0040009,Savion Williams,WR,GB,NYJ,0.0,2026_02_GB_NYJ,2026-09-20 13:00:00,0.0,0.0,0.0,0.0,0.0,C,20,-1.6410024811260728,24.5,2,,False,7.0,"https://static.www.nfl.com/image/upload/f_auto,q_auto/league/snmedlu4ra62snufe1qg",0.8128617838444132,0.9084327025811838,0.0,0.0,2.749612418309964,6.977883288380445,0.025484198355009,0.0,0.0,0.0,0.0,0.0,0.0,20.0,"[0.0, 0.0, 0.0, 0.0, 0.0, 0.0, 0.0, 0.0, 0.0, 0.0, 0.0, 0.0, 0.0, 0.0, 0.0, 0.0, 0.0, 0.0, 0.0]",Reserve/IR,False,Reserve/IR,4431487.0,0,0.0,,2026-09-15 17:18:27,,
742,194,00-0035602,Alex Bachman,WR,LA,NYG,1.0,2026_02_NYG_LA,2026-09-21 20:15:00,0.0,0.0,0.0,0.0,0.0,C,27,-6.225112076595758,27.75,2,,False,,"https://static.www.nfl.com/image/upload/f_auto,q_auto/league/xebxem8tzjm0yyygaklg",0.2323068541040122,0.0,0.0,0.0,0.0,0.8981361609587756,0.0086041686132379,0.0,0.0,0.0,0.0,0.0,0.0,20.75,"[0.0, 0.0, 0.0, 0.0, 0.0, 0.0, 0.0, 0.0, 0.0, 0.0, 0.0, 0.0, 0.0, 0.0, 0.0, 0.0, 0.0, 0.0, 0.0]",Practice squad,False,Practice squad,3919510.0,0,0.0,,2026-09-15 17:18:27,,
743,195,00-0039816,Anthony Gould,WR,IND,KC,0.0,2026_02_IND_KC,2026-09-20 20:20:00,0.0,0.0,0.0,0.0,0.0,C,32,-15.12194552389023,20.5,2,,False,,"https://static.www.nfl.com/image/upload/f_auto,q_auto/league/irctulz9pij3tzpokih0",0.2305860276724309,0.0,0.0,0.0,0.0,0.6917580830172929,0.0067368058379691,0.0,0.0,0.0,0.0,0.0,0.0,27.0,"[0.0, 0.0, 0.0, 0.0, 0.0, 0.0, 0.0, 0.0, 0.0, 0.0, 0.0, 0.0, 0.0, 0.0, 0.0, 0.0, 0.0, 0.0, 0.0]",Practice squad,False,Practice squad,4429684.0,0,0.0,,2026-09-15 17:18:27,,
744,196,00-0040581,Dont'e Thornton Jr.,WR,LV,LAC,0.0,2026_02_LV_LAC,2026-09-20 16:05:00,0.0,0.0,0.0,0.0,0.0,C,21,-2.1771954798177937,18.25,2,,False,6.0,"https://static.www.nfl.com/image/upload/f_auto,q_auto/league/hlxztd3lpjaxtzojuxwh",2.572758818966108,0.0,0.0,0.0,0.0,10.328854396734371,0.0957500082154768,0.0,0.0,0.0,0.0,0.0,0.0,25.25,"[0.0, 0.0, 0.0, 0.0, 0.0, 0.0, 0.0, 0.0, 0.0, 0.0, 0.0, 0.0, 0.0, 0.0, 0.0, 0.0, 0.0, 0.0, 0.0]",Reserve/IR,False,Reserve/IR,4432775.0,0,0.0,,2026-09-15 17:18:27,,
745,197,00-0032398,Chris Moore,WR,BAL,NO,1.0,2026_02_NO_BAL,2026-09-20 13:00:00,0.0,0.0,0.0,0.0,0.0,C,23,-2.343227167802405,27.5,2,,False,,"https://static.www.nfl.com/image/upload/f_auto,q_auto/league/o0s29hnpztyxqotqdx8h",2.156315162697128,0.0499833051625258,0.0,0.0,0.449849746462733,31.740631597474124,0.0856439159683999,0.0,0.0,0.0,0.0,0.0,0.0,19.0,"[0.0, 0.0, 0.0, 0.0, 0.0, 0.0, 0.0, 0.0, 0.0, 0.0, 0.0, 0.0, 0.0, 0.0, 0.0, 0.0, 0.0, 0.0, 0.0]",Practice squad,False,Practice squad,2576581.0,1,6.3,6.3,2026-09-15 17:18:27,,
746,198,00-0039916,Ricky Pearsall,WR,SF,MIA,1.0,2026_02_MIA_SF,2026-09-20 16:25:00,0.0,0.0,0.0,0.0,0.0,C,13,1.025375931952282,29.5,2,,False,9.0,"https://static.www.nfl.com/image/upload/f_auto,q_auto/league/rrv2qhkjqagb8ibzwakv",5.275925117732161,0.1728663142399588,0.0,0.0,-0.0838888025339237,49.03043129753912,0.1659737007055861,0.0,0.0,0.0,0.0,0.0,0.0,16.0,"[0.0, 0.0, 0.0, 0.0, 0.0, 0.0, 0.0, 0.0, 0.0, 0.0, 0.0, 0.0, 0.0, 0.0, 0.0, 0.0, 0.0, 0.0, 0.0]",Reserve/IR,False,Reserve/IR,4428209.0,0,0.0,,2026-09-15 17:18:27,,
747,199,00-0035891,Cody White,WR,LV,LAC,0.0,2026_02_LV_LAC,2026-09-20 16:05:00,0.0,0.0,0.0,0.0,0.0,C,21,-2.1771954798177937,18.25,2,,False,,"https://static.www.nfl.com/image/upload/f_auto,q_auto/league/qaxlehtrp722qleo48sc",0.6907321653074238,0.0,0.0,0.0,0.0,6.189620817474046,0.0253312232093996,0.0,0.0,0.0,0.0,0.0,0.0,25.25,"[0.0, 0.0, 0.0, 0.0, 0.0, 0.0, 0.0, 0.0, 0.0, 0.0, 0.0, 0.0, 0.0, 0.0, 0.0, 0.0, 0.0, 0.0, 0.0]",Practice squad,False,Practice squad,4241983.0,1,0.0,0.0,2026-09-15 17:18:27,,
748,200,00-0034854,KhaDarel Hodge,WR,SF,MIA,1.0,2026_02_MIA_SF,2026-09-20 16:25:00,0.0,0.0,0.0,0.0,0.0,C,13,1.025375931952282,29.5,2,,False,,"https://static.www.nfl.com/image/upload/f_auto,q_auto/league/r6vyxamrbb62lcccap2r",0.7154730057207704,0.0,0.0,0.0,0.0,2.202998054643803,0.0234331428259699,0.0,0.0,0.0,0.0,0.0,0.0,16.0,"[0.0, 0.0, 0.0, 0.0, 0.0, 0.0, 0.0, 0.0, 0.0, 0.0, 0.0, 0.0, 0.0, 0.0, 0.0, 0.0, 0.0, 0.0, 0.0]",Practice squad,False,Practice squad,3047876.0,1,0.0,0.0,2026-09-15 17:18:27,,
749,201,00-0037132,Britain Covey,WR,PHI,TEN,0.0,2026_02_PHI_TEN,2026-09-20 13:00:00,0.0,0.0,0.0,0.0,0.0,C,10,1.784084003456483,23.25,2,,False,,"https://static.www.nfl.com/image/upload/f_auto,q_auto/league/jgvgr3prtme8ua28bfxi",0.3900085360411383,0.0,0.0,0.0,0.0,1.9500426802056916,0.0114708392953275,0.0,0.0,0.0,0.0,0.0,0.0,16.25,"[0.0, 0.0, 0.0, 0.0, 0.0, 0.0, 0.0, 0.0, 0.0, 0.0, 0.0, 0.0, 0.0, 0.0, 0.0, 0.0, 0.0, 0.0, 0.0]",Practice squad,False,Practice squad,3926231.0,1,0.0,0.0,2026-09-15 17:18:27,,
750,202,00-0038752,Jake Bobo,WR,SEA,ARI,0.0,2026_02_SEA_ARI,2026-09-20 16:25:00,0.0,0.0,0.0,0.0,0.0,C,19,-1.2448508455267375,23.0,2,,False,7.0,"https://static.www.nfl.com/image/upload/f_auto,q_auto/league/esyfp5hwdtepk2ypsru4",0.6421526892168612,0.0,0.0,0.0,0.0,6.6825002061785845,0.0251603328650504,0.0,0.0,0.0,0.0,0.0,0.0,18.5,"[0.0, 0.0, 0.0, 0.0, 0.0, 0.0, 0.0, 0.0, 0.0, 0.0, 0.0, 0.0, 0.0, 0.0, 0.0, 0.0, 0.0, 0.0, 0.0]",Reserve/IR,False,Reserve/IR,4360405.0,0,0.0,,2026-09-15 17:18:27,,
751,203,00-0038839,Mitchell Tinsley,WR,HOU,CIN,1.0,2026_02_CIN_HOU,2026-09-20 13:00:00,0.0,0.0,0.0,0.0,0.0,C,25,-3.4488555694062257,24.5,2,,False,,"https://static.www.nfl.com/image/upload/f_auto,q_auto/league/t4h8qtzndtvf6is6naew",3.133864059242422,0.0,0.0,0.0,0.0,14.532559524609134,0.0858519488314299,0.0,0.0,0.0,0.0,0.0,0.0,22.0,"[0.0, 0.0, 0.0, 0.0, 0.0, 0.0, 0.0, 0.0, 0.0, 0.0, 0.0, 0.0, 0.0, 0.0, 0.0, 0.0, 0.0, 0.0, 0.0]",Practice squad,False,Practice squad,4690070.0,0,0.0,,2026-09-15 17:18:27,,
752,204,00-0039623,Mason Tipton,WR,NO,BAL,0.0,2026_02_NO_BAL,2026-09-20 13:00:00,0.0,0.0,0.0,0.0,0.0,C,15,-0.5013475420510421,19.0,2,,False,6.0,"https://static.www.nfl.com/image/upload/f_auto,q_auto/league/jcloxjivlxbcveled5lr",2.322206984770591,0.563578440249502,0.0,0.0,2.5461587613883303,10.717015204221427,0.0587925670180796,0.0,0.0,0.0,0.0,0.0,0.0,27.5,"[0.0, 0.0, 0.0, 0.0, 0.0, 0.0, 0.0, 0.0, 0.0, 0.0, 0.0, 0.0, 0.0, 0.0, 0.0, 0.0, 0.0, 0.0, 0.0]",Reserve/IR,False,Reserve/IR,4573697.0,0,0.0,,2026-09-15 17:18:27,,
753,205,00-0037487,Deven Thompkins,WR,LV,LAC,0.0,2026_02_LV_LAC,2026-09-20 16:05:00,0.0,0.0,0.0,0.0,0.0,C,21,-2.1771954798177937,18.25,2,,False,,"https://static.www.nfl.com/image/upload/f_auto,q_auto/league/hohgyaldfuylxqwnb8i2",0.3657413031047064,0.1183434356882487,0.0,0.0,0.5917171784412436,3.238116747742556,0.0122441472144198,0.0,0.0,0.0,0.0,0.0,0.0,25.25,"[0.0, 0.0, 0.0, 0.0, 0.0, 0.0, 0.0, 0.0, 0.0, 0.0, 0.0, 0.0, 0.0, 0.0, 0.0, 0.0, 0.0, 0.0, 0.0]",Practice squad,False,Practice squad,4374187.0,0,0.0,,2026-09-15 17:18:27,,
754,206,00-0034407,Ray-Ray McCloud,WR,CHI,MIN,1.0,2026_02_MIN_CHI,2026-09-20 13:00:00,0.0,0.0,0.0,0.0,0.0,C,5,6.449201294093939,27.0,2,,False,,"https://static.www.nfl.com/image/upload/f_auto,q_auto/league/nvwn3sdihyyd2itjt7vy",2.2746571030491003,0.0,0.0,0.0,0.0,9.661162636619672,0.067952112063879,0.0,0.0,0.0,0.0,0.0,0.0,21.5,"[0.0, 0.0, 0.0, 0.0, 0.0, 0.0, 0.0, 0.0, 0.0, 0.0, 0.0, 0.0, 0.0, 0.0, 0.0, 0.0, 0.0, 0.0, 0.0]",Reserve/IR,False,Reserve/IR,3728262.0,0,0.0,,2026-09-15 17:18:27,,
755,207,00-0036841,Austin Trammell,WR,JAX,DEN,0.0,2026_02_JAX_DEN,2026-09-20 16:05:00,0.0,0.0,0.0,0.0,0.0,C,30,-9.235683288448875,21.0,2,,False,,"https://static.www.nfl.com/image/upload/f_auto,q_auto/league/vpkcobp7jdqvk8qwhhtg",1.6480099656535796,0.0,0.0,0.0,0.0,6.829495888213667,0.0658571074163646,0.0,0.0,0.0,0.0,0.0,0.0,23.5,"[0.0, 0.0, 0.0, 0.0, 0.0, 0.0, 0.0, 0.0, 0.0, 0.0, 0.0, 0.0, 0.0, 0.0, 0.0, 0.0, 0.0, 0.0, 0.0]",Practice squad,False,Practice squad,4244856.0,0,0.0,,2026-09-15 17:18:27,,
756,208,00-0038496,Xavier Gipson,WR,PHI,TEN,0.0,2026_02_PHI_TEN,2026-09-20 13:00:00,0.0,0.0,0.0,0.0,0.0,C,10,1.784084003456483,23.25,2,,False,,"https://static.www.nfl.com/image/upload/f_auto,q_auto/league/o81mvslx374ouca313mw",0.3625946675968795,0.0,0.0,0.0,0.0,1.0877840027906387,0.0135802247949038,0.0,0.0,0.0,0.0,0.0,0.0,16.25,"[0.0, 0.0, 0.0, 0.0, 0.0, 0.0, 0.0, 0.0, 0.0, 0.0, 0.0, 0.0, 0.0, 0.0, 0.0, 0.0, 0.0, 0.0, 0.0]",Practice squad,False,Practice squad,4427278.0,0,0.0,,2026-09-15 17:18:27,,
757,209,00-0038938,Jalin Hyatt,WR,NYG,LA,0.0,2026_02_NYG_LA,2026-09-21 20:15:00,0.0,0.0,0.0,0.0,0.0,C,2,10.344414980932957,20.75,2,,False,,"https://static.www.nfl.com/image/upload/f_auto,q_auto/league/fqgvjckxe03pr4eup6m7",2.2356110806208336,0.0,0.0,0.0,0.0,5.840249495437771,0.0744162205324652,0.0,0.0,0.0,0.0,0.0,0.0,27.75,"[0.0, 0.0, 0.0, 0.0, 0.0, 0.0, 0.0, 0.0, 0.0, 0.0, 0.0, 0.0, 0.0, 0.0, 0.0, 0.0, 0.0, 0.0, 0.0]",Practice squad,False,Practice squad,4692590.0,0,0.0,,2026-09-15 17:18:27,,
758,210,00-0038953,Dylan Drummond,WR,ATL,CAR,1.0,2026_02_CAR_ATL,2026-09-20 13:00:00,0.0,0.0,0.0,0.0,0.0,C,7,2.917006468558417,20.5,2,,False,,"https://static.www.nfl.com/image/upload/f_auto,q_auto/league/xyexcy7ur9nscytyhinx",1.6218761679066338,0.0,0.0,0.0,0.0,6.138988825221273,0.0621124037140811,0.0,0.0,0.0,0.0,0.0,0.0,23.0,"[0.0, 0.0, 0.0, 0.0, 0.0, 0.0, 0.0, 0.0, 0.0, 0.0, 0.0, 0.0, 0.0, 0.0, 0.0, 0.0, 0.0, 0.0, 0.0]",Practice squad,False,Practice squad,4363551.0,0,0.0,,2026-09-15 17:18:27,,
759,211,00-0034419,Braxton Berrios,WR,NYG,LA,0.0,2026_02_NYG_LA,2026-09-21 20:15:00,0.0,0.0,0.0,0.0,0.0,C,2,10.344414980932957,20.75,2,,False,,"https://static.www.nfl.com/image/upload/f_auto,q_auto/league/striwxmn9t0ixherw7l8",0.7322826495051578,0.0,0.0,0.0,0.0,3.50344368925448,0.0180811044062509,0.0,0.0,0.0,0.0,0.0,0.0,27.75,"[0.0, 0.0, 0.0, 0.0, 0.0, 0.0, 0.0, 0.0, 0.0, 0.0, 0.0, 0.0, 0.0, 0.0, 0.0, 0.0, 0.0, 0.0, 0.0]",Practice squad,False,Practice squad,3123075.0,1,0.0,0.0,2026-09-15 17:18:27,,
760,212,00-0037231,Kevin Austin Jr.,WR,NO,BAL,0.0,2026_02_NO_BAL,2026-09-20 13:00:00,0.0,0.0,0.0,0.0,0.0,C,15,-0.5013475420510421,19.0,2,,False,,"https://static.www.nfl.com/image/upload/f_auto,q_auto/league/fh2yaqaxkornxeb7d9ie",4.879554677335904,0.0,0.0,0.0,0.0,29.57117400335918,0.1486773569273612,0.0,0.0,0.0,0.0,0.0,0.0,27.5,"[0.0, 0.0, 0.0, 0.0, 0.0, 0.0, 0.0, 0.0, 0.0, 0.0, 0.0, 0.0, 0.0, 0.0, 0.0, 0.0, 0.0, 0.0, 0.0]",Practice squad,False,Practice squad,4372758.0,0,0.0,,2026-09-15 17:18:27,,
761,213,00-0039394,Casey Washington,WR,CAR,ATL,0.0,2026_02_CAR_ATL,2026-09-20 13:00:00,0.0,0.0,0.0,0.0,0.0,C,14,1.0107708755247298,23.0,2,,False,,"https://static.www.nfl.com/image/upload/f_auto,q_auto/league/wkoysykj4htld4yajljn",2.6136599167183934,0.0,0.0,0.0,0.0,18.548750187614036,0.077551842198633,0.0,0.0,0.0,0.0,0.0,0.0,20.5,"[0.0, 0.0, 0.0, 0.0, 0.0, 0.0, 0.0, 0.0, 0.0, 0.0, 0.0, 0.0, 0.0, 0.0, 0.0, 0.0, 0.0, 0.0, 0.0]",Practice squad,False,Practice squad,4428796.0,0,0.0,,2026-09-15 17:18:27,,
762,214,00-0035298,Scott Miller,WR,CHI,MIN,1.0,2026_02_MIN_CHI,2026-09-20 13:00:00,0.0,0.0,0.0,0.0,0.0,C,5,6.449201294093939,27.0,2,,False,,"https://static.www.nfl.com/image/upload/f_auto,q_auto/league/mlx2xhjvzt6pqwgoloqa",2.931916774025726,0.0,0.0,0.0,0.0,12.946322769264274,0.0804597119947438,0.0,0.0,0.0,0.0,0.0,0.0,21.5,"[0.0, 0.0, 0.0, 0.0, 0.0, 0.0, 0.0, 0.0, 0.0, 0.0, 0.0, 0.0, 0.0, 0.0, 0.0, 0.0, 0.0, 0.0, 0.0]",Practice squad,False,Practice squad,3914397.0,0,0.0,,2026-09-15 17:18:27,,
763,215,00-0036959,Michael Bandy,WR,DEN,JAX,1.0,2026_02_JAX_DEN,2026-09-20 16:05:00,0.0,0.0,0.0,0.0,0.0,C,22,-2.210540900172221,23.5,2,,False,,"https://static.www.nfl.com/image/upload/f_auto,q_auto/league/bcashgwve9ean9pq8egb",1.045084533875791,0.0,0.0,0.0,0.0,12.660156740584094,0.0298639348342509,0.0,0.0,0.0,0.0,0.0,0.0,21.0,"[0.0, 0.0, 0.0, 0.0, 0.0, 0.0, 0.0, 0.0, 0.0, 0.0, 0.0, 0.0, 0.0, 0.0, 0.0, 0.0, 0.0, 0.0, 0.0]",Practice squad,False,Practice squad,4034704.0,0,0.0,,2026-09-15 17:18:27,,
764,216,00-0040432,Beaux Collins,WR,ATL,CAR,1.0,2026_02_CAR_ATL,2026-09-20 13:00:00,0.0,0.0,0.0,0.0,0.0,C,7,2.917006468558417,20.5,2,,False,6.0,"https://static.www.nfl.com/image/upload/f_auto,q_auto/league/fypzpyhv2bsvlcwp2ppo",1.5414237004865428,0.0,0.0,0.0,0.0,6.768556295688034,0.0519640483887389,0.0,0.0,0.0,0.0,0.0,0.0,23.0,"[0.0, 0.0, 0.0, 0.0, 0.0, 0.0, 0.0, 0.0, 0.0, 0.0, 0.0, 0.0, 0.0, 0.0, 0.0, 0.0, 0.0, 0.0, 0.0]",Reserve/IR,False,Reserve/IR,4431210.0,0,0.0,,2026-09-15 17:18:27,,
765,217,00-0034487,Trent Sherfield,WR,BUF,DET,1.0,2026_02_DET_BUF,2026-09-17 20:15:00,0.0,0.0,0.0,0.0,0.0,C,1,10.404026716232757,29.0,2,,False,,"https://static.www.nfl.com/image/upload/f_auto,q_auto/league/iiig88xbj5zeau59ifvv",1.259847695550202,0.0,0.0,0.0,0.0,5.268074582664195,0.0347243710003041,0.0,0.0,0.0,0.0,0.0,0.0,24.5,"[0.0, 0.0, 0.0, 0.0, 0.0, 0.0, 0.0, 0.0, 0.0, 0.0, 0.0, 0.0, 0.0, 0.0, 0.0, 0.0, 0.0, 0.0, 0.0]",Practice squad,False,Practice squad,3122168.0,0,0.0,,2026-09-15 17:18:27,,
766,218,00-0038590,Justin Shorter,WR,LV,LAC,0.0,2026_02_LV_LAC,2026-09-20 16:05:00,0.0,0.0,0.0,0.0,0.0,C,21,-2.1771954798177937,18.25,2,,True,7.0,"https://static.www.nfl.com/image/upload/f_auto,q_auto/league/htymyxoyw1hh52zoo3lb",0.0,0.0,0.0,0.0,0.0,0.0,0.0,0.0,0.0,0.0,0.0,0.0,0.0,25.25,"[0.0, 0.0, 0.0, 0.0, 0.0, 0.0, 0.0, 0.0, 0.0, 0.0, 0.0, 0.0, 0.0, 0.0, 0.0, 0.0, 0.0, 0.0, 0.0]",Reserve/IR,False,Reserve/IR,4361426.0,0,0.0,,2026-09-15 17:18:27,,
767,219,00-0040311,Theo Wease Jr.,WR,LAC,LV,1.0,2026_02_LV_LAC,2026-09-20 16:05:00,0.0,0.0,0.0,0.0,0.0,C,18,-0.5956184210171277,25.25,2,,True,,"https://static.www.nfl.com/image/upload/f_auto,q_auto/league/iykujtgwn2x1ymy7jdxw",3.365092338904503,0.0,0.0,0.0,0.0,46.65866007431712,0.1327100282475597,0.0,0.0,0.0,0.0,0.0,0.0,18.25,"[0.0, 0.0, 0.0, 0.0, 0.0, 0.0, 0.0, 0.0, 0.0, 0.0, 0.0, 0.0, 0.0, 0.0, 0.0, 0.0, 0.0, 0.0, 0.0]",Practice squad,False,Practice squad,4426535.0,0,0.0,,2026-09-15 17:18:27,,
768,220,00-0033589,David Moore,WR,CAR,ATL,0.0,2026_02_CAR_ATL,2026-09-20 13:00:00,0.0,0.0,0.0,0.0,0.0,C,14,1.0107708755247298,23.0,2,,True,,"https://static.www.nfl.com/image/upload/f_auto,q_auto/league/iyawzolvibsds35fwapv",0.3325007762307923,0.3625946675968796,0.0,0.0,4.351136011162555,1.6625038811539616,0.0138541990096163,0.0,0.0,0.0,0.0,0.0,0.0,20.5,"[0.0, 0.0, 0.0, 0.0, 0.0, 0.0, 0.0, 0.0, 0.0, 0.0, 0.0, 0.0, 0.0, 0.0, 0.0, 0.0, 0.0, 0.0, 0.0]",Practice squad,False,Practice squad,4212909.0,0,0.0,,2026-09-15 17:18:27,,
769,221,00-0040352,Coleman Owen,WR,IND,KC,0.0,2026_02_IND_KC,2026-09-20 20:20:00,0.0,0.0,0.0,0.0,0.0,C,32,-15.12194552389023,20.5,2,,True,,"https://static.www.nfl.com/image/upload/f_auto,q_auto/league/cjnhiftygnypqumwfphq",0.5216473087496946,0.0,0.0,0.0,0.0,0.0,0.0144902030208248,0.0,0.0,0.0,0.0,0.0,0.0,27.0,"[0.0, 0.0, 0.0, 0.0, 0.0, 0.0, 0.0, 0.0, 0.0, 0.0, 0.0, 0.0, 0.0, 0.0, 0.0, 0.0, 0.0, 0.0, 0.0]",Reserve/IR,False,Reserve/IR,4578436.0,0,0.0,,2026-09-15 17:18:27,,
770,222,00-0039650,Bryce Oliver,WR,CLE,TB,0.0,2026_02_CLE_TB,2026-09-20 13:00:00,0.0,0.0,0.0,0.0,0.0,C,28,-8.752293208640241,16.0,2,,True,,"https://static.www.nfl.com/image/upload/f_auto,q_auto/league/bdsenkkodb8gbdvtivvr",0.4783526912503054,0.0,0.0,0.0,0.0,3.826821530002443,0.0191341076500122,0.0,0.0,0.0,0.0,0.0,0.0,24.5,"[0.0, 0.0, 0.0, 0.0, 0.0, 0.0, 0.0, 0.0, 0.0, 0.0, 0.0, 0.0, 0.0, 0.0, 0.0, 0.0, 0.0, 0.0, 0.0]",Practice squad,False,Practice squad,4362617.0,0,0.0,,2026-09-15 17:18:27,,
771,223,00-0036497,Tim Jones,WR,JAX,DEN,0.0,2026_02_JAX_DEN,2026-09-20 16:05:00,0.0,0.0,0.0,0.0,0.0,C,30,-9.235683288448875,21.0,2,,True,,"https://static.www.nfl.com/image/upload/f_auto,q_auto/league/rgthh35tnl9dbi7jshxv",0.4783526912503054,0.0,0.0,0.0,0.0,7.175290368754581,0.0144955360984941,0.0,0.0,0.0,0.0,0.0,0.0,23.5,"[0.0, 0.0, 0.0, 0.0, 0.0, 0.0, 0.0, 0.0, 0.0, 0.0, 0.0, 0.0, 0.0, 0.0, 0.0, 0.0, 0.0, 0.0, 0.0]",Practice squad,False,Practice squad,4245131.0,0,0.0,,2026-09-15 17:18:27,,
772,224,00-0037380,Kaden Davis,WR,CHI,MIN,1.0,2026_02_MIN_CHI,2026-09-20 13:00:00,0.0,0.0,0.0,0.0,0.0,C,5,6.449201294093939,27.0,2,,True,,"https://static.www.nfl.com/image/upload/f_auto,q_auto/league/j4pxqpw02oztmctolcdr",0.0,0.0,0.0,0.0,0.0,0.0,0.0,0.0,0.0,0.0,0.0,0.0,0.0,21.5,"[0.0, 0.0, 0.0, 0.0, 0.0, 0.0, 0.0, 0.0, 0.0, 0.0, 0.0, 0.0, 0.0, 0.0, 0.0, 0.0, 0.0, 0.0, 0.0]",Practice squad,False,Practice squad,5065495.0,1,0.0,0.0,2026-09-15 17:18:27,,
773,225,00-0038647,Ronnie Bell,WR,LV,LAC,0.0,2026_02_LV_LAC,2026-09-20 16:05:00,0.0,0.0,0.0,0.0,0.0,C,21,-2.1771954798177937,18.25,2,,True,,"https://static.www.nfl.com/image/upload/f_auto,q_auto/league/oc0bqykntgi6uiczr7zc",2.0865892349987782,0.0,0.0,0.0,0.0,11.997888101242976,0.0613702716176111,0.0,0.0,0.0,0.0,0.0,0.0,25.25,"[0.0, 0.0, 0.0, 0.0, 0.0, 0.0, 0.0, 0.0, 0.0, 0.0, 0.0, 0.0, 0.0, 0.0, 0.0, 0.0, 0.0, 0.0, 0.0]",Practice squad,False,Practice squad,4372063.0,0,0.0,,2026-09-15 17:18:27,,
774,226,00-0038740,Jalen Moreno-Cropper,WR,NO,BAL,0.0,2026_02_NO_BAL,2026-09-20 13:00:00,0.0,0.0,0.0,0.0,0.0,C,15,-0.5013475420510421,19.0,2,,True,,"https://static.www.nfl.com/image/upload/f_auto,q_auto/league/key7qkukzlgva9oz7k2r",0.0,0.0,0.0,0.0,0.0,0.0,0.0,0.0,0.0,0.0,0.0,0.0,0.0,27.5,"[0.0, 0.0, 0.0, 0.0, 0.0, 0.0, 0.0, 0.0, 0.0, 0.0, 0.0, 0.0, 0.0, 0.0, 0.0, 0.0, 0.0, 0.0, 0.0]",Practice squad,False,Practice squad,4426990.0,0,0.0,,2026-09-15 17:18:27,,
775,227,00-0040241,Dominic Lovett,WR,DET,BUF,0.0,2026_02_DET_BUF,2026-09-17 20:15:00,0.0,0.0,0.0,0.0,0.0,C,11,1.7504780414516543,24.5,2,,True,,"https://static.www.nfl.com/image/upload/f_auto,q_auto/league/ccplcgivzomevih1erpl",0.0,0.0,0.0,0.0,0.0,0.0,0.0,0.0,0.0,0.0,0.0,0.0,0.0,29.0,"[0.0, 0.0, 0.0, 0.0, 0.0, 0.0, 0.0, 0.0, 0.0, 0.0, 0.0, 0.0, 0.0, 0.0, 0.0, 0.0, 0.0, 0.0, 0.0]",Practice squad,False,Practice squad,4596439.0,0,0.0,,2026-09-15 17:18:27,,
776,228,00-0040522,Xavier Restrepo,WR,TEN,PHI,1.0,2026_02_PHI_TEN,2026-09-20 13:00:00,0.0,0.0,0.0,0.0,0.0,C,26,-4.974358287905835,16.25,2,,True,,"https://static.www.nfl.com/image/upload/f_auto,q_auto/league/w4onu90fxjmlkmkchcg1",3.3917634562515278,0.0,0.0,0.0,0.0,20.26187960375336,0.0904335811240996,0.0,0.0,0.0,0.0,0.0,0.0,23.25,"[0.0, 0.0, 0.0, 0.0, 0.0, 0.0, 0.0, 0.0, 0.0, 0.0, 0.0, 0.0, 0.0, 0.0, 0.0, 0.0, 0.0, 0.0, 0.0]",Practice squad,False,Practice squad,4431353.0,0,0.0,,2026-09-15 17:18:27,,
777,229,00-0039710,Jeshaun Jones,WR,MIN,CHI,0.0,2026_02_MIN_CHI,2026-09-20 13:00:00,0.0,0.0,0.0,0.0,0.0,C,4,6.798931620172071,21.5,2,,True,6.0,"https://static.www.nfl.com/image/upload/f_auto,q_auto/league/pwlziiyhd7ectylkejgc",0.0,0.0,0.0,0.0,0.0,0.0,0.0,0.0,0.0,0.0,0.0,0.0,0.0,27.0,"[0.0, 0.0, 0.0, 0.0, 0.0, 0.0, 0.0, 0.0, 0.0, 0.0, 0.0, 0.0, 0.0, 0.0, 0.0, 0.0, 0.0, 0.0, 0.0]",Reserve/IR,False,Reserve/IR,4360637.0,0,0.0,,2026-09-15 17:18:27,,
778,230,00-0041004,Chase Roberts,WR,LV,LAC,0.0,2026_02_LV_LAC,2026-09-20 16:05:00,0.0,0.0,0.0,0.0,0.0,C,21,-2.1771954798177937,18.25,2,,True,,"https://static.www.nfl.com/image/upload/f_auto,q_auto/league/bqncmkjxb7rcvfuhe1ss",0.0,0.0,0.0,0.0,0.0,0.0,0.0,0.0,0.0,0.0,0.0,0.0,0.0,25.25,"[0.0, 0.0, 0.0, 0.0, 0.0, 0.0, 0.0, 0.0, 0.0, 0.0, 0.0, 0.0, 0.0, 0.0, 0.0, 0.0, 0.0, 0.0, 0.0]",Reserve/IR,False,Reserve/IR,4714388.0,0,0.0,,2026-09-15 17:18:27,,
779,231,00-0040498,Dontae Fleming,WR,MIN,CHI,0.0,2026_02_MIN_CHI,2026-09-20 13:00:00,0.0,0.0,0.0,0.0,0.0,C,4,6.798931620172071,21.5,2,,True,,"https://static.www.nfl.com/image/upload/f_auto,q_auto/league/z31bqmrgzn9t5wsqtqoy",0.0,0.0,0.0,0.0,0.0,0.0,0.0,0.0,0.0,0.0,0.0,0.0,0.0,27.0,"[0.0, 0.0, 0.0, 0.0, 0.0, 0.0, 0.0, 0.0, 0.0, 0.0, 0.0, 0.0, 0.0, 0.0, 0.0, 0.0, 0.0, 0.0, 0.0]",Reserve/IR,False,Reserve/IR,,0,0.0,,2026-09-15 17:18:27,,
780,232,00-0041374,Sincere Brown,WR,LAC,LV,1.0,2026_02_LV_LAC,2026-09-20 16:05:00,0.0,0.0,0.0,0.0,0.0,C,18,-0.5956184210171277,25.25,2,,True,,"https://static.www.nfl.com/image/upload/f_auto,q_auto/league/tczbze6iof5vyvxp9omu",0.0,0.0,0.0,0.0,0.0,0.0,0.0,0.0,0.0,0.0,0.0,0.0,0.0,18.25,"[0.0, 0.0, 0.0, 0.0, 0.0, 0.0, 0.0, 0.0, 0.0, 0.0, 0.0, 0.0, 0.0, 0.0, 0.0, 0.0, 0.0, 0.0, 0.0]",Reserve/IR,False,Reserve/IR,,0,0.0,,2026-09-15 17:18:27,,
781,233,00-0036387,Jalen Reagor,WR,MIA,SF,0.0,2026_02_MIA_SF,2026-09-20 16:25:00,0.0,0.0,0.0,0.0,0.0,C,29,-8.884472444101899,16.0,2,,True,,"https://static.www.nfl.com/image/upload/f_auto,q_auto/league/r55ywr41a014zd9zmvc1",0.0,0.0,0.0,0.0,0.0,0.0,0.0,0.0,0.0,0.0,0.0,0.0,0.0,29.5,"[0.0, 0.0, 0.0, 0.0, 0.0, 0.0, 0.0, 0.0, 0.0, 0.0, 0.0, 0.0, 0.0, 0.0, 0.0, 0.0, 0.0, 0.0, 0.0]",Practice squad,False,Practice squad,4241802.0,0,0.0,,2026-09-15 17:18:27,,
782,234,00-0036345,K.J. Osborn,WR,TEN,PHI,1.0,2026_02_PHI_TEN,2026-09-20 13:00:00,0.0,0.0,0.0,0.0,0.0,C,26,-4.974358287905835,16.25,2,,True,,"https://static.www.nfl.com/image/upload/f_auto,q_auto/league/ytgf9lftpnc3hqg81vhj",0.0,0.0,0.0,0.0,0.0,0.0,0.0,0.0,0.0,0.0,0.0,0.0,0.0,23.25,"[0.0, 0.0, 0.0, 0.0, 0.0, 0.0, 0.0, 0.0, 0.0, 0.0, 0.0, 0.0, 0.0, 0.0, 0.0, 0.0, 0.0, 0.0, 0.0]",Practice squad,False,Practice squad,3916566.0,0,0.0,,2026-09-15 17:18:27,,
783,235,00-0036775,Brandon Smith,WR,PIT,NE,0.0,2026_02_PIT_NE,2026-09-20 13:00:00,0.0,0.0,0.0,0.0,0.0,C,16,-0.5789951616366913,18.5,2,,True,,"https://static.www.nfl.com/image/upload/f_auto,q_auto/league/h4ezdffu0biwqoxn7bql",0.0,0.0,0.0,0.0,0.0,0.0,0.0,0.0,0.0,0.0,0.0,0.0,0.0,23.0,"[0.0, 0.0, 0.0, 0.0, 0.0, 0.0, 0.0, 0.0, 0.0, 0.0, 0.0, 0.0, 0.0, 0.0, 0.0, 0.0, 0.0, 0.0, 0.0]",Practice squad,False,Practice squad,4240577.0,0,0.0,,2026-09-15 17:18:27,,
784,236,00-0036635,Ihmir Smith-Marsette,WR,ARI,SEA,1.0,2026_02_SEA_ARI,2026-09-20 16:25:00,0.0,0.0,0.0,0.0,0.0,C,31,-9.511779482215054,18.5,2,,True,,"https://static.www.nfl.com/image/upload/f_auto,q_auto/league/mnfsun286mv5azpa8zaw",0.0,0.0,0.0,0.0,0.0,0.0,0.0,0.0,0.0,0.0,0.0,0.0,0.0,23.0,"[0.0, 0.0, 0.0, 0.0, 0.0, 0.0, 0.0, 0.0, 0.0, 0.0, 0.0, 0.0, 0.0, 0.0, 0.0, 0.0, 0.0, 0.0, 0.0]",Practice squad,False,Practice squad,4240573.0,0,0.0,,2026-09-15 17:18:27,,
785,237,00-0037156,Irvin Charles,WR,SEA,ARI,0.0,2026_02_SEA_ARI,2026-09-20 16:25:00,0.0,0.0,0.0,0.0,0.0,C,19,-1.2448508455267375,23.0,2,,True,6.0,"https://static.www.nfl.com/image/upload/f_auto,q_auto/league/heeyyjyf5prqas5tmwvk",0.0,0.0,0.0,0.0,0.0,0.0,0.0,0.0,0.0,0.0,0.0,0.0,0.0,18.5,"[0.0, 0.0, 0.0, 0.0, 0.0, 0.0, 0.0, 0.0, 0.0, 0.0, 0.0, 0.0, 0.0, 0.0, 0.0, 0.0, 0.0, 0.0, 0.0]",Reserve/IR,False,Reserve/IR,3929636.0,0,0.0,,2026-09-15 17:18:27,,
786,238,00-0037382,Brandon Johnson,WR,PIT,NE,0.0,2026_02_PIT_NE,2026-09-20 13:00:00,0.0,0.0,0.0,0.0,0.0,C,16,-0.5789951616366913,18.5,2,,True,,"https://static.www.nfl.com/image/upload/f_auto,q_auto/league/pjdx1jdr9snczoeyevli",0.0,0.0,0.0,0.0,0.0,0.0,0.0,0.0,0.0,0.0,0.0,0.0,0.0,23.0,"[0.0, 0.0, 0.0, 0.0, 0.0, 0.0, 0.0, 0.0, 0.0, 0.0, 0.0, 0.0, 0.0, 0.0, 0.0, 0.0, 0.0, 0.0, 0.0]",Practice squad,False,Practice squad,4035198.0,0,0.0,,2026-09-15 17:18:27,,
787,239,00-0037828,Danny Gray,WR,PHI,TEN,0.0,2026_02_PHI_TEN,2026-09-20 13:00:00,0.0,0.0,0.0,0.0,0.0,C,10,1.784084003456483,23.25,2,,True,,"https://static.www.nfl.com/image/upload/f_auto,q_auto/league/qu9ojb3kaf3rhjotlycy",0.0,0.0,0.0,0.0,0.0,0.0,0.0,0.0,0.0,0.0,0.0,0.0,0.0,16.25,"[0.0, 0.0, 0.0, 0.0, 0.0, 0.0, 0.0, 0.0, 0.0, 0.0, 0.0, 0.0, 0.0, 0.0, 0.0, 0.0, 0.0, 0.0, 0.0]",Practice squad,False,Practice squad,4689546.0,0,0.0,,2026-09-15 17:18:27,,
788,240,00-0038181,Lucky Jackson,WR,DET,BUF,0.0,2026_02_DET_BUF,2026-09-17 20:15:00,0.0,0.0,0.0,0.0,0.0,C,11,1.7504780414516543,24.5,2,,True,,"https://static.www.nfl.com/image/upload/f_auto,q_auto/league/xa9o8zlctwgga8wh5apl",0.0,0.0,0.0,0.0,0.0,0.0,0.0,0.0,0.0,0.0,0.0,0.0,0.0,29.0,"[0.0, 0.0, 0.0, 0.0, 0.0, 0.0, 0.0, 0.0, 0.0, 0.0, 0.0, 0.0, 0.0, 0.0, 0.0, 0.0, 0.0, 0.0, 0.0]",Practice squad,False,Practice squad,3915802.0,0,0.0,,2026-09-15 17:18:27,,
789,241,00-0038977,Tank Dell,WR,HOU,CIN,1.0,2026_02_CIN_HOU,2026-09-20 13:00:00,0.0,0.0,0.0,0.0,0.0,C,25,-3.4488555694062257,24.5,2,,True,6.0,"https://static.www.nfl.com/image/upload/f_auto,q_auto/league/dzjep37g7fqdweqtncso",0.0,0.0,0.0,0.0,0.0,0.0,0.0,0.0,0.0,0.0,0.0,0.0,0.0,22.0,"[0.0, 0.0, 0.0, 0.0, 0.0, 0.0, 0.0, 0.0, 0.0, 0.0, 0.0, 0.0, 0.0, 0.0, 0.0, 0.0, 0.0, 0.0, 0.0]",Reserve/IR,False,Reserve/IR,4366031.0,0,0.0,,2026-09-15 17:18:27,,
790,242,00-0039052,Trey Palmer,WR,NO,BAL,0.0,2026_02_NO_BAL,2026-09-20 13:00:00,0.0,0.0,0.0,0.0,0.0,C,15,-0.5013475420510421,19.0,2,,True,,"https://static.www.nfl.com/image/upload/f_auto,q_auto/league/cdtzofb5u510xjh08qr4",0.0,0.0,0.0,0.0,0.0,0.0,0.0,0.0,0.0,0.0,0.0,0.0,0.0,27.5,"[0.0, 0.0, 0.0, 0.0, 0.0, 0.0, 0.0, 0.0, 0.0, 0.0, 0.0, 0.0, 0.0, 0.0, 0.0, 0.0, 0.0, 0.0, 0.0]",Practice squad,False,Practice squad,4426407.0,0,0.0,,2026-09-15 17:18:27,,
791,243,00-0035589,Gary Jennings,WR,LAC,LV,1.0,2026_02_LV_LAC,2026-09-20 16:05:00,0.0,0.0,0.0,0.0,0.0,C,18,-0.5956184210171277,25.25,2,,True,,"https://static.www.nfl.com/image/private/f_auto,q_auto/league/kfmi1ueidfxfixmaggov",0.0,0.0,0.0,0.0,0.0,0.0,0.0,0.0,0.0,0.0,0.0,0.0,0.0,18.25,"[0.0, 0.0, 0.0, 0.0, 0.0, 0.0, 0.0, 0.0, 0.0, 0.0, 0.0, 0.0, 0.0, 0.0, 0.0, 0.0, 0.0, 0.0, 0.0]",Practice squad,False,Practice squad,3916071.0,0,0.0,,2026-09-15 17:18:27,,
792,244,00-0039236,Johnny Wilson,WR,PHI,TEN,0.0,2026_02_PHI_TEN,2026-09-20 13:00:00,0.0,0.0,0.0,0.0,0.0,C,10,1.784084003456483,23.25,2,,True,7.0,"https://static.www.nfl.com/image/upload/f_auto,q_auto/league/azz7slr16byvcvbnaifa",0.0,0.0,0.0,0.0,0.0,0.0,0.0,0.0,0.0,0.0,0.0,0.0,0.0,16.25,"[0.0, 0.0, 0.0, 0.0, 0.0, 0.0, 0.0, 0.0, 0.0, 0.0, 0.0, 0.0, 0.0, 0.0, 0.0, 0.0, 0.0, 0.0, 0.0]",Reserve/IR,False,Reserve/IR,4686104.0,0,0.0,,2026-09-15 17:18:27,,
793,245,00-0039329,Julian Hicks,WR,SEA,ARI,0.0,2026_02_SEA_ARI,2026-09-20 16:25:00,0.0,0.0,0.0,0.0,0.0,C,19,-1.2448508455267375,23.0,2,,True,,"https://static.www.nfl.com/image/upload/f_auto,q_auto/league/knvt0zhyvozokeadswgf",0.0,0.0,0.0,0.0,0.0,0.0,0.0,0.0,0.0,0.0,0.0,0.0,0.0,18.5,"[0.0, 0.0, 0.0, 0.0, 0.0, 0.0, 0.0, 0.0, 0.0, 0.0, 0.0, 0.0, 0.0, 0.0, 0.0, 0.0, 0.0, 0.0, 0.0]",Practice squad,False,Practice squad,,0,0.0,,2026-09-15 17:18:27,,
794,246,00-0039386,Bub Means,WR,CLE,TB,0.0,2026_02_CLE_TB,2026-09-20 13:00:00,0.0,0.0,0.0,0.0,0.0,C,28,-8.752293208640241,16.0,2,,True,,"https://static.www.nfl.com/image/upload/f_auto,q_auto/league/nnqvulr4up0nwhmipksq",0.0,0.0,0.0,0.0,0.0,0.0,0.0,0.0,0.0,0.0,0.0,0.0,0.0,24.5,"[0.0, 0.0, 0.0, 0.0, 0.0, 0.0, 0.0, 0.0, 0.0, 0.0, 0.0, 0.0, 0.0, 0.0, 0.0, 0.0, 0.0, 0.0, 0.0]",Practice squad,False,Practice squad,4427985.0,0,0.0,,2026-09-15 17:18:27,,
795,247,00-0039626,Cole Burgess,WR,PIT,NE,0.0,2026_02_PIT_NE,2026-09-20 13:00:00,0.0,0.0,0.0,0.0,0.0,C,16,-0.5789951616366913,18.5,2,,True,7.0,"https://static.www.nfl.com/image/upload/f_auto,q_auto/league/vlp9c4lmddujjj46gz6p",0.0,0.0,0.0,0.0,0.0,0.0,0.0,0.0,0.0,0.0,0.0,0.0,0.0,23.0,"[0.0, 0.0, 0.0, 0.0, 0.0, 0.0, 0.0, 0.0, 0.0, 0.0, 0.0, 0.0, 0.0, 0.0, 0.0, 0.0, 0.0, 0.0, 0.0]",Reserve/IR,False,Reserve/IR,5192448.0,0,0.0,,2026-09-15 17:18:27,,
796,248,00-0035045,D.J. Montgomery,WR,IND,KC,0.0,2026_02_IND_KC,2026-09-20 20:20:00,0.0,0.0,0.0,0.0,0.0,C,32,-15.12194552389023,20.5,2,,True,7.0,"https://static.www.nfl.com/image/upload/f_auto,q_auto/league/tpo0g9pqvia4lh2noq33",0.0,0.0,0.0,0.0,0.0,0.0,0.0,0.0,0.0,0.0,0.0,0.0,0.0,27.0,"[0.0, 0.0, 0.0, 0.0, 0.0, 0.0, 0.0, 0.0, 0.0, 0.0, 0.0, 0.0, 0.0, 0.0, 0.0, 0.0, 0.0, 0.0, 0.0]",Reserve/IR,False,Reserve/IR,4249030.0,0,0.0,,2026-09-15 17:18:27,,
797,249,00-0040049,Josh Kelly,WR,HOU,CIN,1.0,2026_02_CIN_HOU,2026-09-20 13:00:00,0.0,0.0,0.0,0.0,0.0,C,25,-3.4488555694062257,24.5,2,,True,,"https://static.www.nfl.com/image/upload/f_auto,q_auto/league/wkhsgcxyw5v9dtaqycui",0.0,0.0,0.0,0.0,0.0,0.0,0.0,0.0,0.0,0.0,0.0,0.0,0.0,22.0,"[0.0, 0.0, 0.0, 0.0, 0.0, 0.0, 0.0, 0.0, 0.0, 0.0, 0.0, 0.0, 0.0, 0.0, 0.0, 0.0, 0.0, 0.0, 0.0]",Practice squad,False,Practice squad,,0,0.0,,2026-09-15 17:18:27,,
798,250,00-0040120,Jimmy Holiday,WR,KC,IND,1.0,2026_02_IND_KC,2026-09-20 20:20:00,0.0,0.0,0.0,0.0,0.0,C,3,7.041391218578065,27.0,2,,True,8.0,"https://static.www.nfl.com/image/upload/f_auto,q_auto/league/yk1s0zu3wukxx2plsfpd",0.0,0.0,0.0,0.0,0.0,0.0,0.0,0.0,0.0,0.0,0.0,0.0,0.0,20.5,"[0.0, 0.0, 0.0, 0.0, 0.0, 0.0, 0.0, 0.0, 0.0, 0.0, 0.0, 0.0, 0.0, 0.0, 0.0, 0.0, 0.0, 0.0, 0.0]",Reserve/IR,False,Reserve/IR,,0,0.0,,2026-09-15 17:18:27,,
799,251,00-0040099,Xavier Guillory,WR,BAL,NO,1.0,2026_02_NO_BAL,2026-09-20 13:00:00,0.0,0.0,0.0,0.0,0.0,C,23,-2.343227167802405,27.5,2,,True,,"https://static.www.nfl.com/image/upload/f_auto,q_auto/league/p9cbbzkdpk6nrhamjntb",0.0,0.0,0.0,0.0,0.0,0.0,0.0,0.0,0.0,0.0,0.0,0.0,0.0,19.0,"[0.0, 0.0, 0.0, 0.0, 0.0, 0.0, 0.0, 0.0, 0.0, 0.0, 0.0, 0.0, 0.0, 0.0, 0.0, 0.0, 0.0, 0.0, 0.0]",Practice squad,False,Practice squad,,0,0.0,,2026-09-15 17:18:27,,
800,252,00-0040323,Chandler Brayboy,WR,NE,PIT,1.0,2026_02_PIT_NE,2026-09-20 13:00:00,0.0,0.0,0.0,0.0,0.0,C,24,-3.3810864789248005,23.0,2,,True,,"https://static.www.nfl.com/image/upload/f_auto,q_auto/league/m1dlnwcwdqve38sso7al",0.0,0.0,0.0,0.0,0.0,0.0,0.0,0.0,0.0,0.0,0.0,0.0,0.0,18.5,"[0.0, 0.0, 0.0, 0.0, 0.0, 0.0, 0.0, 0.0, 0.0, 0.0, 0.0, 0.0, 0.0, 0.0, 0.0, 0.0, 0.0, 0.0, 0.0]",Practice squad,False,Practice squad,,0,0.0,,2026-09-15 17:18:27,,
801,253,00-0040298,Andrew Armstrong,WR,KC,IND,1.0,2026_02_IND_KC,2026-09-20 20:20:00,0.0,0.0,0.0,0.0,0.0,C,3,7.041391218578065,27.0,2,,True,,"https://static.www.nfl.com/image/upload/f_auto,q_auto/league/hkw32xqnimm6dvx2qfvl",0.0,0.0,0.0,0.0,0.0,0.0,0.0,0.0,0.0,0.0,0.0,0.0,0.0,20.5,"[0.0, 0.0, 0.0, 0.0, 0.0, 0.0, 0.0, 0.0, 0.0, 0.0, 0.0, 0.0, 0.0, 0.0, 0.0, 0.0, 0.0, 0.0, 0.0]",Practice squad,False,Practice squad,5093923.0,0,0.0,,2026-09-15 17:18:27,,
802,254,00-0040265,Ja'Seem Reed,WR,CAR,ATL,0.0,2026_02_CAR_ATL,2026-09-20 13:00:00,0.0,0.0,0.0,0.0,0.0,C,14,1.0107708755247298,23.0,2,,True,,"https://static.www.nfl.com/image/upload/f_auto,q_auto/league/uh29rkmiggnca0qq7vil",0.0,0.0,0.0,0.0,0.0,0.0,0.0,0.0,0.0,0.0,0.0,0.0,0.0,20.5,"[0.0, 0.0, 0.0, 0.0, 0.0, 0.0, 0.0, 0.0, 0.0, 0.0, 0.0, 0.0, 0.0, 0.0, 0.0, 0.0, 0.0, 0.0, 0.0]",Practice squad,False,Practice squad,4876995.0,0,0.0,,2026-09-15 17:18:27,,
803,255,00-0040275,JP Richardson,WR,CHI,MIN,1.0,2026_02_MIN_CHI,2026-09-20 13:00:00,0.0,0.0,0.0,0.0,0.0,C,5,6.449201294093939,27.0,2,,True,,"https://static.www.nfl.com/image/upload/f_auto,q_auto/league/wsnuaqx6jbadrinmo1z2",0.0,0.0,0.0,0.0,0.0,0.0,0.0,0.0,0.0,0.0,0.0,0.0,0.0,21.5,"[0.0, 0.0, 0.0, 0.0, 0.0, 0.0, 0.0, 0.0, 0.0, 0.0, 0.0, 0.0, 0.0, 0.0, 0.0, 0.0, 0.0, 0.0, 0.0]",Practice squad,False,Practice squad,4685183.0,0,0.0,,2026-09-15 17:18:27,,
804,256,00-0040375,Jordan Moore,WR,CIN,HOU,0.0,2026_02_CIN_HOU,2026-09-20 13:00:00,0.0,0.0,0.0,0.0,0.0,C,17,-0.5838288884168957,22.0,2,,True,,"https://static.www.nfl.com/image/upload/f_auto,q_auto/league/mgod5tukhxuqm5kyy7zh",0.0,0.0,0.0,0.0,0.0,0.0,0.0,0.0,0.0,0.0,0.0,0.0,0.0,24.5,"[0.0, 0.0, 0.0, 0.0, 0.0, 0.0, 0.0, 0.0, 0.0, 0.0, 0.0, 0.0, 0.0, 0.0, 0.0, 0.0, 0.0, 0.0, 0.0]",Practice squad,False,Practice squad,4594444.0,0,0.0,,2026-09-15 17:18:27,,
805,257,00-0040361,Stephen Gosnell,WR,BUF,DET,1.0,2026_02_DET_BUF,2026-09-17 20:15:00,0.0,0.0,0.0,0.0,0.0,C,1,10.404026716232757,29.0,2,,True,,"https://static.www.nfl.com/image/upload/f_auto,q_auto/league/csh3lsy1zg3c5z2o5evs",0.0,0.0,0.0,0.0,0.0,0.0,0.0,0.0,0.0,0.0,0.0,0.0,0.0,24.5,"[0.0, 0.0, 0.0, 0.0, 0.0, 0.0, 0.0, 0.0, 0.0, 0.0, 0.0, 0.0, 0.0, 0.0, 0.0, 0.0, 0.0, 0.0, 0.0]",Practice squad,False,Practice squad,,0,0.0,,2026-09-15 17:18:27,,
806,258,00-0040419,Garrett Greene,WR,TB,CLE,1.0,2026_02_CLE_TB,2026-09-20 13:00:00,0.0,0.0,0.0,0.0,0.0,C,8,2.65197766108747,24.5,2,,True,,"https://static.www.nfl.com/image/upload/f_auto,q_auto/league/ryxqb4ioarar7jduttfu",0.0,0.0,0.0,0.0,0.0,0.0,0.0,0.0,0.0,0.0,0.0,0.0,0.0,16.0,"[0.0, 0.0, 0.0, 0.0, 0.0, 0.0, 0.0, 0.0, 0.0, 0.0, 0.0, 0.0, 0.0, 0.0, 0.0, 0.0, 0.0, 0.0, 0.0]",Practice squad,False,Practice squad,,0,0.0,,2026-09-15 17:18:27,,
807,259,00-0040405,Jamaal Pritchett,WR,NYJ,GB,1.0,2026_02_GB_NYJ,2026-09-20 13:00:00,0.0,0.0,0.0,0.0,0.0,C,9,2.266288651925167,20.0,2,,True,,"https://static.www.nfl.com/image/upload/f_auto,q_auto/league/cskrvfgcpvpezccsdfky",0.0,0.0,0.0,0.0,0.0,0.0,0.0,0.0,0.0,0.0,0.0,0.0,0.0,24.5,"[0.0, 0.0, 0.0, 0.0, 0.0, 0.0, 0.0, 0.0, 0.0, 0.0, 0.0, 0.0, 0.0, 0.0, 0.0, 0.0, 0.0, 0.0, 0.0]",Practice squad,False,Practice squad,4892576.0,0,0.0,,2026-09-15 17:18:27,,
808,260,00-0040438,Antwane Wells Jr.,WR,ATL,CAR,1.0,2026_02_CAR_ATL,2026-09-20 13:00:00,0.0,0.0,0.0,0.0,0.0,C,7,2.917006468558417,20.5,2,,True,,"https://static.www.nfl.com/image/upload/f_auto,q_auto/league/mijumyvz5ifhbq2xzlx6",0.0,0.0,0.0,0.0,0.0,0.0,0.0,0.0,0.0,0.0,0.0,0.0,0.0,23.0,"[0.0, 0.0, 0.0, 0.0, 0.0, 0.0, 0.0, 0.0, 0.0, 0.0, 0.0, 0.0, 0.0, 0.0, 0.0, 0.0, 0.0, 0.0, 0.0]",Practice squad,False,Practice squad,4696062.0,0,0.0,,2026-09-15 17:18:27,,
809,261,00-0040558,Isaiah Neyor,WR,GB,NYJ,0.0,2026_02_GB_NYJ,2026-09-20 13:00:00,0.0,0.0,0.0,0.0,0.0,C,20,-1.6410024811260728,24.5,2,,True,,"https://static.www.nfl.com/image/upload/f_auto,q_auto/league/kpmodyntguke9pmvxeyw",0.0,0.0,0.0,0.0,0.0,0.0,0.0,0.0,0.0,0.0,0.0,0.0,0.0,20.0,"[0.0, 0.0, 0.0, 0.0, 0.0, 0.0, 0.0, 0.0, 0.0, 0.0, 0.0, 0.0, 0.0, 0.0, 0.0, 0.0, 0.0, 0.0, 0.0]",Practice squad,False,Practice squad,4428116.0,0,0.0,,2026-09-15 17:18:27,,
810,262,00-0040597,Brennan Presley,WR,LA,NYG,1.0,2026_02_NYG_LA,2026-09-21 20:15:00,0.0,0.0,0.0,0.0,0.0,C,27,-6.225112076595758,27.75,2,,True,,"https://static.www.nfl.com/image/upload/f_auto,q_auto/league/v5cydesy5zo4njavqwxb",0.0,0.0,0.0,0.0,0.0,0.0,0.0,0.0,0.0,0.0,0.0,0.0,0.0,20.75,"[0.0, 0.0, 0.0, 0.0, 0.0, 0.0, 0.0, 0.0, 0.0, 0.0, 0.0, 0.0, 0.0, 0.0, 0.0, 0.0, 0.0, 0.0, 0.0]",Practice squad,False,Practice squad,4431342.0,0,0.0,,2026-09-15 17:18:27,,
811,263,00-0040570,Jeremiah Webb,WR,NE,PIT,1.0,2026_02_PIT_NE,2026-09-20 13:00:00,0.0,0.0,0.0,0.0,0.0,C,24,-3.3810864789248005,23.0,2,,True,7.0,"https://static.www.nfl.com/image/upload/f_auto,q_auto/league/dfay1nwxlijuhxbqcids",0.0,0.0,0.0,0.0,0.0,0.0,0.0,0.0,0.0,0.0,0.0,0.0,0.0,18.5,"[0.0, 0.0, 0.0, 0.0, 0.0, 0.0, 0.0, 0.0, 0.0, 0.0, 0.0, 0.0, 0.0, 0.0, 0.0, 0.0, 0.0, 0.0, 0.0]",Reserve/IR,False,Reserve/IR,,0,0.0,,2026-09-15 17:18:27,,
812,264,00-0040618,Max Hurleman,WR,PIT,NE,0.0,2026_02_PIT_NE,2026-09-20 13:00:00,0.0,0.0,0.0,0.0,0.0,C,16,-0.5789951616366913,18.5,2,,True,,"https://static.www.nfl.com/image/upload/f_auto,q_auto/league/axybwbw7inp1vu7xxf0t",0.0,0.0,0.0,0.0,0.0,0.0,0.0,0.0,0.0,0.0,0.0,0.0,0.0,23.0,"[0.0, 0.0, 0.0, 0.0, 0.0, 0.0, 0.0, 0.0, 0.0, 0.0, 0.0, 0.0, 0.0, 0.0, 0.0, 0.0, 0.0, 0.0, 0.0]",Practice squad,False,Practice squad,,0,0.0,,2026-09-15 17:18:27,,
813,265,00-0040633,Kyrese Rowan,WR,NO,BAL,0.0,2026_02_NO_BAL,2026-09-20 13:00:00,0.0,0.0,0.0,0.0,0.0,C,15,-0.5013475420510421,19.0,2,,True,,,0.0,0.0,0.0,0.0,0.0,0.0,0.0,0.0,0.0,0.0,0.0,0.0,0.0,27.5,"[0.0, 0.0, 0.0, 0.0, 0.0, 0.0, 0.0, 0.0, 0.0, 0.0, 0.0, 0.0, 0.0, 0.0, 0.0, 0.0, 0.0, 0.0, 0.0]",Practice squad,False,Practice squad,,0,0.0,,2026-09-15 17:18:27,,
814,266,00-0040653,Ricky White III,WR,SEA,ARI,0.0,2026_02_SEA_ARI,2026-09-20 16:25:00,0.0,0.0,0.0,0.0,0.0,C,19,-1.2448508455267375,23.0,2,,True,,"https://static.www.nfl.com/image/upload/f_auto,q_auto/league/sgtcxvsg5m0s6rdizjfb",0.0,0.0,0.0,0.0,0.0,0.0,0.0,0.0,0.0,0.0,0.0,0.0,0.0,18.5,"[0.0, 0.0, 0.0, 0.0, 0.0, 0.0, 0.0, 0.0, 0.0, 0.0, 0.0, 0.0, 0.0, 0.0, 0.0, 0.0, 0.0, 0.0, 0.0]",Practice squad,False,Practice squad,4431479.0,0,0.0,,2026-09-15 17:18:27,,
815,267,00-0040753,Will Sheppard,WR,MIA,SF,0.0,2026_02_MIA_SF,2026-09-20 16:25:00,0.0,0.0,0.0,0.0,0.0,C,29,-8.884472444101899,16.0,2,,True,,"https://static.www.nfl.com/image/upload/f_auto,q_auto/league/vwyhqfyyxngoljurvrjx",0.0,0.0,0.0,0.0,0.0,0.0,0.0,0.0,0.0,0.0,0.0,0.0,0.0,29.5,"[0.0, 0.0, 0.0, 0.0, 0.0, 0.0, 0.0, 0.0, 0.0, 0.0, 0.0, 0.0, 0.0, 0.0, 0.0, 0.0, 0.0, 0.0, 0.0]",Practice squad,False,Practice squad,,0,0.0,,2026-09-15 17:18:27,,
816,268,00-0040895,Emmanuel Henderson Jr.,WR,SEA,ARI,0.0,2026_02_SEA_ARI,2026-09-20 16:25:00,0.0,0.0,0.0,0.0,0.0,C,19,-1.2448508455267375,23.0,2,,True,,"https://static.www.nfl.com/image/upload/f_auto,q_auto/league/eje0zmvfl2fetzvpsl6c",0.0,0.0,0.0,0.0,0.0,0.0,0.0,0.0,0.0,0.0,0.0,0.0,0.0,18.5,"[0.0, 0.0, 0.0, 0.0, 0.0, 0.0, 0.0, 0.0, 0.0, 0.0, 0.0, 0.0, 0.0, 0.0, 0.0, 0.0, 0.0, 0.0, 0.0]",Practice squad,False,Practice squad,4685381.0,0,0.0,,2026-09-15 17:18:27,,
817,269,00-0040919,Tyren Montgomery,WR,TEN,PHI,1.0,2026_02_PHI_TEN,2026-09-20 13:00:00,0.0,0.0,0.0,0.0,0.0,C,26,-4.974358287905835,16.25,2,,True,,"https://static.www.nfl.com/image/upload/f_auto,q_auto/league/f9zykws54i2prkwxw3ee",0.0,0.0,0.0,0.0,0.0,0.0,0.0,0.0,0.0,0.0,0.0,0.0,0.0,23.25,"[0.0, 0.0, 0.0, 0.0, 0.0, 0.0, 0.0, 0.0, 0.0, 0.0, 0.0, 0.0, 0.0, 0.0, 0.0, 0.0, 0.0, 0.0, 0.0]",Practice squad,False,Practice squad,5103197.0,0,0.0,,2026-09-15 17:18:27,,
818,270,00-0040900,Anthony Smith,WR,DAL,WAS,1.0,2026_02_WAS_DAL,2026-09-20 16:25:00,0.0,0.0,0.0,0.0,0.0,C,12,1.6744505736197255,27.5,2,,True,,"https://static.www.nfl.com/image/upload/f_auto,q_auto/league/xawxtpjdptmacbcqtlua",0.0,0.0,0.0,0.0,0.0,0.0,0.0,0.0,0.0,0.0,0.0,0.0,0.0,23.0,"[0.0, 0.0, 0.0, 0.0, 0.0, 0.0, 0.0, 0.0, 0.0, 0.0, 0.0, 0.0, 0.0, 0.0, 0.0, 0.0, 0.0, 0.0, 0.0]",Practice squad,False,Practice squad,4685110.0,0,0.0,,2026-09-15 17:18:27,,
819,271,00-0040953,Jeff Caldwell,WR,KC,IND,1.0,2026_02_IND_KC,2026-09-20 20:20:00,0.0,0.0,0.0,0.0,0.0,C,3,7.041391218578065,27.0,2,,True,7.0,"https://static.www.nfl.com/image/upload/f_auto,q_auto/league/nc8rm1ko22poili6r2a8",0.0,0.0,0.0,0.0,0.0,0.0,0.0,0.0,0.0,0.0,0.0,0.0,0.0,20.5,"[0.0, 0.0, 0.0, 0.0, 0.0, 0.0, 0.0, 0.0, 0.0, 0.0, 0.0, 0.0, 0.0, 0.0, 0.0, 0.0, 0.0, 0.0, 0.0]",Reserve/IR,False,Reserve/IR,4885466.0,0,0.0,,2026-09-15 17:18:27,,
820,272,00-0040954,Omari Evans,WR,KC,IND,1.0,2026_02_IND_KC,2026-09-20 20:20:00,0.0,0.0,0.0,0.0,0.0,C,3,7.041391218578065,27.0,2,,True,,"https://static.www.nfl.com/image/upload/f_auto,q_auto/league/q5szmdmukkkusqpfj9m5",0.0,0.0,0.0,0.0,0.0,0.0,0.0,0.0,0.0,0.0,0.0,0.0,0.0,20.5,"[0.0, 0.0, 0.0, 0.0, 0.0, 0.0, 0.0, 0.0, 0.0, 0.0, 0.0, 0.0, 0.0, 0.0, 0.0, 0.0, 0.0, 0.0, 0.0]",Practice squad,False,Practice squad,,0,0.0,,2026-09-15 17:18:27,,
821,273,00-0040934,Jordan Hudson,WR,DAL,WAS,1.0,2026_02_WAS_DAL,2026-09-20 16:25:00,0.0,0.0,0.0,0.0,0.0,C,12,1.6744505736197255,27.5,2,,True,,"https://static.www.nfl.com/image/upload/f_auto,q_auto/league/uwgiczb8bnnacu2g7zln",0.0,0.0,0.0,0.0,0.0,0.0,0.0,0.0,0.0,0.0,0.0,0.0,0.0,23.0,"[0.0, 0.0, 0.0, 0.0, 0.0, 0.0, 0.0, 0.0, 0.0, 0.0, 0.0, 0.0, 0.0, 0.0, 0.0, 0.0, 0.0, 0.0, 0.0]",Practice squad,False,Practice squad,4685409.0,0,0.0,,2026-09-15 17:18:27,,
822,274,00-0040986,Ty Pezza,WR,BAL,NO,1.0,2026_02_NO_BAL,2026-09-20 13:00:00,0.0,0.0,0.0,0.0,0.0,C,23,-2.343227167802405,27.5,2,,True,,,0.0,0.0,0.0,0.0,0.0,0.0,0.0,0.0,0.0,0.0,0.0,0.0,0.0,19.0,"[0.0, 0.0, 0.0, 0.0, 0.0, 0.0, 0.0, 0.0, 0.0, 0.0, 0.0, 0.0, 0.0, 0.0, 0.0, 0.0, 0.0, 0.0, 0.0]",Practice squad,False,Practice squad,,0,0.0,,2026-09-15 17:18:27,,
823,275,00-0040970,Michael Briscoe,WR,MIN,CHI,0.0,2026_02_MIN_CHI,2026-09-20 13:00:00,0.0,0.0,0.0,0.0,0.0,C,4,6.798931620172071,21.5,2,,True,,"https://static.www.nfl.com/image/upload/f_auto,q_auto/league/rrnmno7nkn0o4kilp7je",0.0,0.0,0.0,0.0,0.0,0.0,0.0,0.0,0.0,0.0,0.0,0.0,0.0,27.0,"[0.0, 0.0, 0.0, 0.0, 0.0, 0.0, 0.0, 0.0, 0.0, 0.0, 0.0, 0.0, 0.0, 0.0, 0.0, 0.0, 0.0, 0.0, 0.0]",Practice squad,False,Practice squad,,0,0.0,,2026-09-15 17:18:27,,
824,276,00-0041029,Jordyn Tyson,WR,NO,BAL,0.0,2026_02_NO_BAL,2026-09-20 13:00:00,0.0,0.0,0.0,0.0,0.0,C,15,-0.5013475420510421,19.0,2,,True,5.0,"https://static.www.nfl.com/image/upload/f_auto,q_auto/league/al6fifxstyc6omsenzhd",0.0,0.0,0.0,0.0,0.0,0.0,0.0,0.0,0.0,0.0,0.0,0.0,0.0,27.5,"[0.0, 0.0, 0.0, 0.0, 0.0, 0.0, 0.0, 0.0, 0.0, 0.0, 0.0, 0.0, 0.0, 0.0, 0.0, 0.0, 0.0, 0.0, 0.0]",Reserve/IR,False,Reserve/IR,4880281.0,0,0.0,,2026-09-15 17:18:27,,
825,277,00-0041005,Corey Rucker,WR,LV,LAC,0.0,2026_02_LV_LAC,2026-09-20 16:05:00,0.0,0.0,0.0,0.0,0.0,C,21,-2.1771954798177937,18.25,2,,True,8.0,"https://static.www.nfl.com/image/upload/f_auto,q_auto/league/nabhgywifegiuohtg6fq",0.0,0.0,0.0,0.0,0.0,0.0,0.0,0.0,0.0,0.0,0.0,0.0,0.0,25.25,"[0.0, 0.0, 0.0, 0.0, 0.0, 0.0, 0.0, 0.0, 0.0, 0.0, 0.0, 0.0, 0.0, 0.0, 0.0, 0.0, 0.0, 0.0, 0.0]",Reserve/IR,False,Reserve/IR,,0,0.0,,2026-09-15 17:18:27,,
826,278,00-0041047,Chris Brazzell II,WR,CAR,ATL,0.0,2026_02_CAR_ATL,2026-09-20 13:00:00,0.0,0.0,0.0,0.0,0.0,C,14,1.0107708755247298,23.0,2,,True,7.0,"https://static.www.nfl.com/image/upload/f_auto,q_auto/league/jdmycletwhknhs9oth1f",0.0,0.0,0.0,0.0,0.0,0.0,0.0,0.0,0.0,0.0,0.0,0.0,0.0,20.5,"[0.0, 0.0, 0.0, 0.0, 0.0, 0.0, 0.0, 0.0, 0.0, 0.0, 0.0, 0.0, 0.0, 0.0, 0.0, 0.0, 0.0, 0.0, 0.0]",Reserve/IR,False,Reserve/IR,5091739.0,0,0.0,,2026-09-15 17:18:27,,
827,279,00-0041185,Vinny Anthony II,WR,ATL,CAR,1.0,2026_02_CAR_ATL,2026-09-20 13:00:00,0.0,0.0,0.0,0.0,0.0,C,7,2.917006468558417,20.5,2,,True,,"https://static.www.nfl.com/image/upload/f_auto,q_auto/league/za7sl8mdnvpy1lvo7gva",0.0,0.0,0.0,0.0,0.0,0.0,0.0,0.0,0.0,0.0,0.0,0.0,0.0,23.0,"[0.0, 0.0, 0.0, 0.0, 0.0, 0.0, 0.0, 0.0, 0.0, 0.0, 0.0, 0.0, 0.0, 0.0, 0.0, 0.0, 0.0, 0.0, 0.0]",Practice squad,False,Practice squad,4869816.0,0,0.0,,2026-09-15 17:18:27,,
828,280,00-0041176,Jaden Bradley,WR,WAS,DAL,0.0,2026_02_WAS_DAL,2026-09-20 16:25:00,0.0,0.0,0.0,0.0,0.0,C,6,3.337332649879808,23.0,2,,True,,"https://static.www.nfl.com/image/upload/f_auto,q_auto/league/kr2pi6xguzj2ejtpvsnm",0.0,0.0,0.0,0.0,0.0,0.0,0.0,0.0,0.0,0.0,0.0,0.0,0.0,27.5,"[0.0, 0.0, 0.0, 0.0, 0.0, 0.0, 0.0, 0.0, 0.0, 0.0, 0.0, 0.0, 0.0, 0.0, 0.0, 0.0, 0.0, 0.0, 0.0]",Practice squad,False,Practice squad,,0,0.0,,2026-09-15 17:18:27,,
829,281,00-0041179,Chris Hilton Jr.,WR,GB,NYJ,0.0,2026_02_GB_NYJ,2026-09-20 13:00:00,0.0,0.0,0.0,0.0,0.0,C,20,-1.6410024811260728,24.5,2,,True,,"https://static.www.nfl.com/image/upload/f_auto,q_auto/league/x4c5gmotlioz2xynmtkw",0.0,0.0,0.0,0.0,0.0,0.0,0.0,0.0,0.0,0.0,0.0,0.0,0.0,20.0,"[0.0, 0.0, 0.0, 0.0, 0.0, 0.0, 0.0, 0.0, 0.0, 0.0, 0.0, 0.0, 0.0, 0.0, 0.0, 0.0, 0.0, 0.0, 0.0]",Practice squad,False,Practice squad,4431334.0,0,0.0,,2026-09-15 17:18:27,,
830,282,00-0041248,Noah Thomas,WR,CIN,HOU,0.0,2026_02_CIN_HOU,2026-09-20 13:00:00,0.0,0.0,0.0,0.0,0.0,C,17,-0.5838288884168957,22.0,2,,True,,"https://static.www.nfl.com/image/upload/f_auto,q_auto/league/kafm8ce25xilrai8zsrz",0.0,0.0,0.0,0.0,0.0,0.0,0.0,0.0,0.0,0.0,0.0,0.0,0.0,24.5,"[0.0, 0.0, 0.0, 0.0, 0.0, 0.0, 0.0, 0.0, 0.0, 0.0, 0.0, 0.0, 0.0, 0.0, 0.0, 0.0, 0.0, 0.0, 0.0]",Practice squad,False,Practice squad,4718457.0,0,0.0,,2026-09-15 17:18:27,,
831,283,00-0041216,Trebor Pena,WR,JAX,DEN,0.0,2026_02_JAX_DEN,2026-09-20 16:05:00,0.0,0.0,0.0,0.0,0.0,C,30,-9.235683288448875,21.0,2,,True,,"https://static.www.nfl.com/image/upload/f_auto,q_auto/league/odtp8h91i2q8mjwbtypa",0.0,0.0,0.0,0.0,0.0,0.0,0.0,0.0,0.0,0.0,0.0,0.0,0.0,23.5,"[0.0, 0.0, 0.0, 0.0, 0.0, 0.0, 0.0, 0.0, 0.0, 0.0, 0.0, 0.0, 0.0, 0.0, 0.0, 0.0, 0.0, 0.0, 0.0]",Practice squad,False,Practice squad,4575862.0,0,0.0,,2026-09-15 17:18:27,,
832,284,00-0041220,Michael Wortham,WR,JAX,DEN,0.0,2026_02_JAX_DEN,2026-09-20 16:05:00,0.0,0.0,0.0,0.0,0.0,C,30,-9.235683288448875,21.0,2,,True,,"https://static.www.nfl.com/image/upload/f_auto,q_auto/league/vu5tb8rwe3rwu9vlpzvj",0.0,0.0,0.0,0.0,0.0,0.0,0.0,0.0,0.0,0.0,0.0,0.0,0.0,23.5,"[0.0, 0.0, 0.0, 0.0, 0.0, 0.0, 0.0, 0.0, 0.0, 0.0, 0.0, 0.0, 0.0, 0.0, 0.0, 0.0, 0.0, 0.0, 0.0]",Practice squad,False,Practice squad,,0,0.0,,2026-09-15 17:18:27,,
833,285,00-0041287,Kole Wilson,WR,CLE,TB,0.0,2026_02_CLE_TB,2026-09-20 13:00:00,0.0,0.0,0.0,0.0,0.0,C,28,-8.752293208640241,16.0,2,,True,,"https://static.www.nfl.com/image/upload/f_auto,q_auto/league/zjc32vqzdoq9n5uk90uf",0.0,0.0,0.0,0.0,0.0,0.0,0.0,0.0,0.0,0.0,0.0,0.0,0.0,24.5,"[0.0, 0.0, 0.0, 0.0, 0.0, 0.0, 0.0, 0.0, 0.0, 0.0, 0.0, 0.0, 0.0, 0.0, 0.0, 0.0, 0.0, 0.0, 0.0]",Practice squad,False,Practice squad,,0,0.0,,2026-09-15 17:18:27,,
834,286,00-0041292,Kolbe Katsis,WR,DEN,JAX,1.0,2026_02_JAX_DEN,2026-09-20 16:05:00,0.0,0.0,0.0,0.0,0.0,C,22,-2.210540900172221,23.5,2,,True,,"https://static.www.nfl.com/image/upload/f_auto,q_auto/league/u3bhwno76vnuflla9jjg",0.0,0.0,0.0,0.0,0.0,0.0,0.0,0.0,0.0,0.0,0.0,0.0,0.0,21.0,"[0.0, 0.0, 0.0, 0.0, 0.0, 0.0, 0.0, 0.0, 0.0, 0.0, 0.0, 0.0, 0.0, 0.0, 0.0, 0.0, 0.0, 0.0, 0.0]",Practice squad,False,Practice squad,,0,0.0,,2026-09-15 17:18:27,,
835,287,00-0041293,Dane Key,WR,DEN,JAX,1.0,2026_02_JAX_DEN,2026-09-20 16:05:00,0.0,0.0,0.0,0.0,0.0,C,22,-2.210540900172221,23.5,2,,True,,"https://static.www.nfl.com/image/upload/f_auto,q_auto/league/got8amcmxwu5li8zwcnv",0.0,0.0,0.0,0.0,0.0,0.0,0.0,0.0,0.0,0.0,0.0,0.0,0.0,21.0,"[0.0, 0.0, 0.0, 0.0, 0.0, 0.0, 0.0, 0.0, 0.0, 0.0, 0.0, 0.0, 0.0, 0.0, 0.0, 0.0, 0.0, 0.0, 0.0]",Practice squad,False,Practice squad,4685424.0,0,0.0,,2026-09-15 17:18:27,,
836,288,00-0041267,Malik McClain,WR,NYJ,GB,1.0,2026_02_GB_NYJ,2026-09-20 13:00:00,0.0,0.0,0.0,0.0,0.0,C,9,2.266288651925167,20.0,2,,True,,"https://static.www.nfl.com/image/upload/f_auto,q_auto/league/ekh5mirge1jmayln4tfe",0.0,0.0,0.0,0.0,0.0,0.0,0.0,0.0,0.0,0.0,0.0,0.0,0.0,24.5,"[0.0, 0.0, 0.0, 0.0, 0.0, 0.0, 0.0, 0.0, 0.0, 0.0, 0.0, 0.0, 0.0, 0.0, 0.0, 0.0, 0.0, 0.0, 0.0]",Practice squad,False,Practice squad,,0,0.0,,2026-09-15 17:18:27,,
837,289,00-0041272,Ja'Mori Maclin,WR,BUF,DET,1.0,2026_02_DET_BUF,2026-09-17 20:15:00,0.0,0.0,0.0,0.0,0.0,C,1,10.404026716232757,29.0,2,,True,,"https://static.www.nfl.com/image/upload/f_auto,q_auto/league/pzy27lpwlernu820cyfd",0.0,0.0,0.0,0.0,0.0,0.0,0.0,0.0,0.0,0.0,0.0,0.0,0.0,24.5,"[0.0, 0.0, 0.0, 0.0, 0.0, 0.0, 0.0, 0.0, 0.0, 0.0, 0.0, 0.0, 0.0, 0.0, 0.0, 0.0, 0.0, 0.0, 0.0]",Practice squad,False,Practice squad,4430270.0,0,0.0,,2026-09-15 17:18:27,,
838,290,00-0041257,Eric Rivers Jr.,WR,TB,CLE,1.0,2026_02_CLE_TB,2026-09-20 13:00:00,0.0,0.0,0.0,0.0,0.0,C,8,2.65197766108747,24.5,2,,True,,"https://static.www.nfl.com/image/upload/f_auto,q_auto/league/goritmogduir5z46j8v1",0.0,0.0,0.0,0.0,0.0,0.0,0.0,0.0,0.0,0.0,0.0,0.0,0.0,16.0,"[0.0, 0.0, 0.0, 0.0, 0.0, 0.0, 0.0, 0.0, 0.0, 0.0, 0.0, 0.0, 0.0, 0.0, 0.0, 0.0, 0.0, 0.0, 0.0]",Practice squad,False,Practice squad,4713277.0,0,0.0,,2026-09-15 17:18:27,,
839,291,00-0041318,Kyle Dixon,WR,NE,PIT,1.0,2026_02_PIT_NE,2026-09-20 13:00:00,0.0,0.0,0.0,0.0,0.0,C,24,-3.3810864789248005,23.0,2,,True,,"https://static.www.nfl.com/image/upload/f_auto,q_auto/league/obg1mz6j2ax8fqhig1uj",0.0,0.0,0.0,0.0,0.0,0.0,0.0,0.0,0.0,0.0,0.0,0.0,0.0,18.5,"[0.0, 0.0, 0.0, 0.0, 0.0, 0.0, 0.0, 0.0, 0.0, 0.0, 0.0, 0.0, 0.0, 0.0, 0.0, 0.0, 0.0, 0.0, 0.0]",Practice squad,False,Practice squad,5011554.0,0,0.0,,2026-09-15 17:18:27,,
840,292,00-0041319,Cameron Dorner,WR,NE,PIT,1.0,2026_02_PIT_NE,2026-09-20 13:00:00,0.0,0.0,0.0,0.0,0.0,C,24,-3.3810864789248005,23.0,2,,True,,"https://static.www.nfl.com/image/upload/f_auto,q_auto/league/lzae2vexciqchpaejeis",0.0,0.0,0.0,0.0,0.0,0.0,0.0,0.0,0.0,0.0,0.0,0.0,0.0,18.5,"[0.0, 0.0, 0.0, 0.0, 0.0, 0.0, 0.0, 0.0, 0.0, 0.0, 0.0, 0.0, 0.0, 0.0, 0.0, 0.0, 0.0, 0.0, 0.0]",Practice squad,False,Practice squad,,0,0.0,,2026-09-15 17:18:27,,
841,293,00-0041309,Daniel Sobkowicz,WR,HOU,CIN,1.0,2026_02_CIN_HOU,2026-09-20 13:00:00,0.0,0.0,0.0,0.0,0.0,C,25,-3.4488555694062257,24.5,2,,True,,"https://static.www.nfl.com/image/upload/f_auto,q_auto/league/u5goe2agufae3d8jphi9",0.0,0.0,0.0,0.0,0.0,0.0,0.0,0.0,0.0,0.0,0.0,0.0,0.0,22.0,"[0.0, 0.0, 0.0, 0.0, 0.0, 0.0, 0.0, 0.0, 0.0, 0.0, 0.0, 0.0, 0.0, 0.0, 0.0, 0.0, 0.0, 0.0, 0.0]",Practice squad,False,Practice squad,,0,0.0,,2026-09-15 17:18:27,,
842,294,00-0041368,Harrison Wallace III,WR,ARI,SEA,1.0,2026_02_SEA_ARI,2026-09-20 16:25:00,0.0,0.0,0.0,0.0,0.0,C,31,-9.511779482215054,18.5,2,,True,,"https://static.www.nfl.com/image/upload/f_auto,q_auto/league/mxwpoysyvficq6vgvcdq",0.0,0.0,0.0,0.0,0.0,0.0,0.0,0.0,0.0,0.0,0.0,0.0,0.0,23.0,"[0.0, 0.0, 0.0, 0.0, 0.0, 0.0, 0.0, 0.0, 0.0, 0.0, 0.0, 0.0, 0.0, 0.0, 0.0, 0.0, 0.0, 0.0, 0.0]",Practice squad,False,Practice squad,4699354.0,0,0.0,,2026-09-15 17:18:27,,
843,295,00-0041359,Wesley Grimes,WR,SF,MIA,1.0,2026_02_MIA_SF,2026-09-20 16:25:00,0.0,0.0,0.0,0.0,0.0,C,13,1.025375931952282,29.5,2,,True,,"https://static.www.nfl.com/image/upload/f_auto,q_auto/league/n5hfuzuaxausgstr3cp8",0.0,0.0,0.0,0.0,0.0,0.0,0.0,0.0,0.0,0.0,0.0,0.0,0.0,16.0,"[0.0, 0.0, 0.0, 0.0, 0.0, 0.0, 0.0, 0.0, 0.0, 0.0, 0.0, 0.0, 0.0, 0.0, 0.0, 0.0, 0.0, 0.0, 0.0]",Practice squad,False,Practice squad,,0,0.0,,2026-09-15 17:18:27,,
844,296,00-0041361,Will Pauling,WR,SF,MIA,1.0,2026_02_MIA_SF,2026-09-20 16:25:00,0.0,0.0,0.0,0.0,0.0,C,13,1.025375931952282,29.5,2,,True,,"https://static.www.nfl.com/image/upload/f_auto,q_auto/league/hk2txxjkjk1ycmluu2kn",0.0,0.0,0.0,0.0,0.0,0.0,0.0,0.0,0.0,0.0,0.0,0.0,0.0,16.0,"[0.0, 0.0, 0.0, 0.0, 0.0, 0.0, 0.0, 0.0, 0.0, 0.0, 0.0, 0.0, 0.0, 0.0, 0.0, 0.0, 0.0, 0.0, 0.0]",Practice squad,False,Practice squad,,0,0.0,,2026-09-15 17:18:27,,
845,297,00-0041342,Dillon Bell,WR,MIN,CHI,0.0,2026_02_MIN_CHI,2026-09-20 13:00:00,0.0,0.0,0.0,0.0,0.0,C,4,6.798931620172071,21.5,2,,True,,"https://static.www.nfl.com/image/upload/f_auto,q_auto/league/b9v5ex8bfoum15d8v2gf",0.0,0.0,0.0,0.0,0.0,0.0,0.0,0.0,0.0,0.0,0.0,0.0,0.0,27.0,"[0.0, 0.0, 0.0, 0.0, 0.0, 0.0, 0.0, 0.0, 0.0, 0.0, 0.0, 0.0, 0.0, 0.0, 0.0, 0.0, 0.0, 0.0, 0.0]",Practice squad,False,Practice squad,4712579.0,0,0.0,,2026-09-15 17:18:27,,
846,298,00-0041435,Dean Patterson IV,WR,TB,CLE,1.0,2026_02_CLE_TB,2026-09-20 13:00:00,0.0,0.0,0.0,0.0,0.0,C,8,2.65197766108747,24.5,2,,True,,"https://static.www.nfl.com/image/upload/f_auto,q_auto/league/kgjiwlmhmxnygppjzmph",0.0,0.0,0.0,0.0,0.0,0.0,0.0,0.0,0.0,0.0,0.0,0.0,0.0,16.0,"[0.0, 0.0, 0.0, 0.0, 0.0, 0.0, 0.0, 0.0, 0.0, 0.0, 0.0, 0.0, 0.0, 0.0, 0.0, 0.0, 0.0, 0.0, 0.0]",Practice squad,False,Practice squad,,0,0.0,,2026-09-15 17:18:27,,
847,299,00-0041475,Trayvon Rudolph,WR,MIN,CHI,0.0,2026_02_MIN_CHI,2026-09-20 13:00:00,0.0,0.0,0.0,0.0,0.0,C,4,6.798931620172071,21.5,2,,True,,,0.0,0.0,0.0,0.0,0.0,0.0,0.0,0.0,0.0,0.0,0.0,0.0,0.0,27.0,"[0.0, 0.0, 0.0, 0.0, 0.0, 0.0, 0.0, 0.0, 0.0, 0.0, 0.0, 0.0, 0.0, 0.0, 0.0, 0.0, 0.0, 0.0, 0.0]",Practice squad,False,Practice squad,,0,0.0,,2026-09-15 17:18:27,,
848,300,00-0041467,Lewis Bond,WR,HOU,CIN,1.0,2026_02_CIN_HOU,2026-09-20 13:00:00,0.0,0.0,0.0,0.0,0.0,C,25,-3.4488555694062257,24.5,2,,True,,"https://static.www.nfl.com/image/upload/f_auto,q_auto/league/qm5q5iilnctaitwwscst",0.0,0.0,0.0,0.0,0.0,0.0,0.0,0.0,0.0,0.0,0.0,0.0,0.0,22.0,"[0.0, 0.0, 0.0, 0.0, 0.0, 0.0, 0.0, 0.0, 0.0, 0.0, 0.0, 0.0, 0.0, 0.0, 0.0, 0.0, 0.0, 0.0, 0.0]",Practice squad,False,Practice squad,4683159.0,0,0.0,,2026-09-15 17:18:27,,
849,301,00-0041446,Kendrick Law,WR,DET,BUF,0.0,2026_02_DET_BUF,2026-09-17 20:15:00,0.0,0.0,0.0,0.0,0.0,C,11,1.7504780414516543,24.5,2,,True,6.0,"https://static.www.nfl.com/image/upload/f_auto,q_auto/league/progttkuaumows8eeqsq",0.0,0.0,0.0,0.0,0.0,0.0,0.0,0.0,0.0,0.0,0.0,0.0,0.0,29.0,"[0.0, 0.0, 0.0, 0.0, 0.0, 0.0, 0.0, 0.0, 0.0, 0.0, 0.0, 0.0, 0.0, 0.0, 0.0, 0.0, 0.0, 0.0, 0.0]",Reserve/IR,False,Reserve/IR,4685441.0,0,0.0,,2026-09-15 17:18:27,,
850,302,00-0041451,Brock Rechsteiner,WR,NO,BAL,0.0,2026_02_NO_BAL,2026-09-20 13:00:00,0.0,0.0,0.0,0.0,0.0,C,15,-0.5013475420510421,19.0,2,,True,,,0.0,0.0,0.0,0.0,0.0,0.0,0.0,0.0,0.0,0.0,0.0,0.0,0.0,27.5,"[0.0, 0.0, 0.0, 0.0, 0.0, 0.0, 0.0, 0.0, 0.0, 0.0, 0.0, 0.0, 0.0, 0.0, 0.0, 0.0, 0.0, 0.0, 0.0]",Reserve/IR,False,Reserve/IR,4877738.0,0,0.0,,2026-09-15 17:18:27,,
