overall_rank,pos_rank,player_id,full_name,position,team,opponent_team,home,game_id,kickoff,proj,floor,ceiling,neutral,matchup_pts,matchup_grade,opp_rank,d_idx,implied,tier,injury,limited_history,depth_rank,headshot_url,f_targets,f_carries,f_attempts,f_passing_yards,f_rushing_yards,f_receiving_yards,f_target_share,f_fg_att,f_pat_att,f_fg_made_50plus,f_def_sacks,f_takeaways,f_points_allowed,opp_implied,outcomes,status,available,roster_status,espn_id,season_games,season_points,season_ppg,published_at,actual,actual_source
1,1,00-0039139,Jahmyr Gibbs,RB,DET,CAR,0.0,2026_04_DET_CAR,2026-10-04 20:20:00,23.981792556889047,13.95996478946821,35.163141307253326,23.266967306227567,0.7148252506614803,B,1,6.5587526159608815,27.0,1,,False,1.0,"https://static.www.nfl.com/image/upload/f_auto,q_auto/league/cursejnmmp1i9hnxihkj",6.733635199876004,19.30158931051098,0.0,0.0,91.07644533906848,48.7217238731478,0.1917104343792423,0.0,0.0,0.0,0.0,0.0,0.0,23.5,"[7.95, 10.94, 13.96, 15.29, 16.86, 18.11, 20.57, 21.39, 23.26, 24.38, 26.09, 26.97, 27.89, 29.16, 30.93, 32.5, 35.16, 36.7, 38.8]",Active,True,Active,4429795.0,3,98.3,32.8,2026-10-02 01:47:18,,
2,1,00-0034857,Josh Allen,QB,BUF,NE,1.0,2026_04_NE_BUF,2026-10-04 13:00:00,23.09403578460958,15.4114105777019,32.15152662696475,22.9005808338938,0.1934549507157825,C,30,-4.181593625751074,27.75,1,,False,1.0,"https://static.www.nfl.com/image/upload/f_auto,q_auto/league/mjwbioajzldkq1vzoz2d",0.251202472368511,8.952391584066087,29.06859629628659,251.04258189321456,38.18710401446953,0.251202472368511,0.009661633552635,0.0,0.0,0.0,0.0,0.0,0.0,20.75,"[11.09, 12.95, 15.41, 16.62, 17.51, 18.56, 19.36, 20.31, 20.89, 22.32, 23.4, 24.1, 25.19, 26.72, 28.82, 30.25, 32.15, 34.01, 36.86]",Active,True,Active,3918298.0,3,93.9,31.3,2026-10-02 01:47:18,,
3,1,00-0038543,Jaxon Smith-Njigba,WR,SEA,LAC,1.0,2026_04_LAC_SEA,2026-10-04 16:25:00,22.409613871511223,16.90196318030793,28.409807746220736,22.0720992264737,0.3375146450375261,C,11,3.135787328138708,24.75,1,,False,1.0,"https://static.www.nfl.com/image/upload/f_auto,q_auto/league/yx1xjrupbqdknnjaq4a6",11.245652975234515,0.0805578552634295,0.2479761932440138,3.471666705416194,0.4000480186085954,121.223691189301,0.3773304044085147,0.0,0.0,0.0,0.0,0.0,0.0,17.75,"[13.99, 15.77, 16.9, 17.8, 18.54, 19.2, 19.81, 20.34, 20.85, 21.32, 21.78, 22.28, 23.03, 23.97, 25.18, 26.63, 28.41, 30.87, 34.62]",Active,True,Active,4430878.0,3,104.1,34.7,2026-10-02 01:47:18,,
4,2,00-0038542,Bijan Robinson,RB,ATL,NO,0.0,2026_04_ATL_NO,2026-10-05 20:15:00,22.343653281012845,12.321825513592009,33.52500203137713,22.3895238672824,-0.0458705862695545,C,13,1.3986357387076664,22.5,2,,False,1.0,"https://static.www.nfl.com/image/upload/f_auto,q_auto/league/esii5yb8yn9edboi4mlq",5.423400777498529,20.77330034876023,0.0,0.0,110.74055703577952,39.71768084002677,0.2258309964216364,0.0,0.0,0.0,0.0,0.0,0.0,25.0,"[6.31, 9.3, 12.32, 13.65, 15.23, 16.47, 18.93, 19.75, 21.62, 22.75, 24.45, 25.33, 26.25, 27.52, 29.29, 30.86, 33.53, 35.06, 37.16]",Active,True,Active,4430807.0,3,77.7,25.9,2026-10-02 01:47:18,,
5,2,00-0039150,Bryce Young,QB,CAR,DET,1.0,2026_04_DET_CAR,2026-10-04 20:20:00,20.239184525562425,12.017688580588803,29.06281821248793,17.809218175448507,2.429966350113915,A,2,9.196451136792982,23.5,2,,False,1.0,"https://static.www.nfl.com/image/upload/f_auto,q_auto/league/vcvhmxvxw2a3armle0af",0.0,1.7730043232511334,37.538482361062925,276.276988171398,8.290387867223192,0.0,0.0,0.0,0.0,0.0,0.0,0.0,0.0,27.0,"[6.96, 9.79, 12.02, 13.76, 14.81, 16.06, 17.21, 18.19, 19.27, 20.23, 21.35, 22.35, 23.44, 24.63, 25.94, 27.49, 29.06, 30.84, 34.81]",Active,True,Active,4685720.0,3,69.2,23.1,2026-10-02 01:47:18,,
6,3,00-0038134,Kenneth Walker III,RB,KC,LV,0.0,2026_04_KC_LV,2026-10-04 16:25:00,20.198259580613318,10.46389650079405,31.09615115032675,20.36438942350168,-0.1661298428883633,C,30,-5.053020392484116,26.0,3,,False,1.0,"https://static.www.nfl.com/image/upload/f_auto,q_auto/league/vk6nruaqdewdglofcwwg",4.8859932235894,19.597151767102407,0.0,0.0,103.31105578424884,25.79367374613828,0.1570907897821897,0.0,0.0,0.0,0.0,0.0,0.0,21.5,"[6.99, 8.97, 10.46, 12.3, 13.57, 15.0, 15.9, 16.9, 18.18, 19.13, 20.56, 22.06, 23.42, 25.06, 26.47, 28.92, 31.1, 34.07, 37.26]",Active,True,Active,4567048.0,3,79.2,26.4,2026-10-02 01:47:18,,
7,3,00-0037834,Brock Purdy,QB,SF,DEN,1.0,2026_04_DEN_SF,2026-10-04 16:25:00,20.131989555915087,11.910493610941469,28.955623242840595,19.871337318856646,0.2606522370584407,C,26,-2.2619894548193504,25.25,2,,False,1.0,"https://static.www.nfl.com/image/upload/f_auto,q_auto/league/xs2fyj1sqdgwvt9ihbri",0.0,3.5747779510029423,28.286691620152244,255.83048958331992,28.53644986123317,0.0,0.0,0.0,0.0,0.0,0.0,0.0,0.0,22.25,"[6.85, 9.69, 11.91, 13.66, 14.71, 15.95, 17.1, 18.08, 19.17, 20.12, 21.25, 22.25, 23.34, 24.52, 25.84, 27.38, 28.96, 30.73, 34.71]",Active,True,Active,4361741.0,3,80.9,27.0,2026-10-02 01:47:18,,
8,4,00-0040743,Tyler Shough,QB,NO,ATL,1.0,2026_04_ATL_NO,2026-10-05 20:15:00,19.83162755162829,11.610131606654676,28.6552612385538,18.933330428038182,0.8982971235901118,B,12,0.9369454586797142,25.0,2,,False,1.0,"https://static.www.nfl.com/image/upload/f_auto,q_auto/league/toiafc7qighw86geo7jf",0.0,4.495359845111177,40.43696641309932,284.0946116729771,22.034929987736007,0.0,0.0,0.0,0.0,0.0,0.0,0.0,0.0,22.5,"[6.55, 9.38, 11.61, 13.36, 14.41, 15.65, 16.8, 17.78, 18.87, 19.82, 20.95, 21.95, 23.04, 24.22, 25.53, 27.08, 28.66, 30.43, 34.4]",Active,True,Active,4360689.0,3,69.4,23.1,2026-10-02 01:47:18,,
9,5,00-0039918,Caleb Williams,QB,CHI,NYJ,1.0,2026_04_NYJ_CHI,2026-10-04 13:00:00,19.35300068587688,11.13150474090326,28.176634372802383,18.867646153085715,0.4853545327911632,C,18,-0.0715231497068554,23.5,2,,False,1.0,"https://static.www.nfl.com/image/upload/f_auto,q_auto/league/h4qs11kutwiw7whekmyt",0.0385846398945216,5.848271006913704,31.6472959443145,223.73931258182984,38.3013446685323,0.4244310388397382,0.0011348423498388,0.0,0.0,0.0,0.0,0.0,0.0,20.0,"[6.07, 8.91, 11.13, 12.88, 13.93, 15.17, 16.33, 17.3, 18.39, 19.34, 20.47, 21.47, 22.56, 23.75, 25.06, 26.6, 28.18, 29.95, 33.93]",Active,True,Active,4431611.0,2,45.0,22.5,2026-10-02 01:47:18,,
10,2,00-0037239,Chris Olave,WR,NO,ATL,1.0,2026_04_ATL_NO,2026-10-05 20:15:00,18.94174914135346,8.8313496217432,29.67492532719881,18.52746097823698,0.4142881631164776,C,8,4.995503941979262,25.0,2,,False,1.0,"https://static.www.nfl.com/image/upload/f_auto,q_auto/league/onmxufsprtvglhejg94o",11.33957676492344,0.0163956406095345,0.0115934686568994,0.0,-0.0491869218286036,110.0021508374679,0.2970165234103655,0.0,0.0,0.0,0.0,0.0,0.0,22.5,"[5.21, 7.35, 8.83, 10.4, 11.61, 13.84, 14.93, 16.15, 16.88, 18.28, 19.48, 21.01, 22.5, 23.76, 25.1, 26.79, 29.67, 32.09, 36.03]",Active,True,Active,4361370.0,3,70.5,23.5,2026-10-02 01:47:18,,
11,6,00-0033873,Patrick Mahomes,QB,KC,LV,0.0,2026_04_KC_LV,2026-10-04 16:25:00,18.873623733802376,10.652127788828755,27.69725742072788,18.818959756421386,0.05466397738099,C,16,0.0573425569777799,26.0,2,,False,1.0,"https://static.www.nfl.com/image/upload/f_auto,q_auto/league/wdckwtob1lybvkmxnf7p",0.0306424039293707,3.461027371520661,33.441520279624264,266.83457207406906,17.499846939250986,-0.306424039293708,0.0010566346182541,0.0,0.0,0.0,0.0,0.0,0.0,21.5,"[5.59, 8.43, 10.65, 12.4, 13.45, 14.69, 15.85, 16.82, 17.91, 18.86, 19.99, 20.99, 22.08, 23.27, 24.58, 26.12, 27.7, 29.47, 33.45]",Active,True,Active,3139477.0,3,66.6,22.2,2026-10-02 01:47:18,,
12,7,00-0034796,Lamar Jackson,QB,BAL,TEN,1.0,2026_04_TEN_BAL,2026-10-04 13:00:00,18.804104616721705,10.582608671748083,27.62773830364721,18.09002165504659,0.7140829616751105,B,22,-1.220489698922593,27.0,2,,False,1.0,"https://static.www.nfl.com/image/upload/f_auto,q_auto/league/eno6s5qzl9grbfbfwhoa",0.0,5.442103552771585,24.416717691614853,229.8726031245073,36.79158808246392,0.0,0.0,0.0,0.0,0.0,0.0,0.0,0.0,15.5,"[5.52, 8.36, 10.58, 12.33, 13.38, 14.62, 15.78, 16.75, 17.84, 18.79, 19.92, 20.92, 22.01, 23.2, 24.51, 26.05, 27.63, 29.4, 33.38]",Active,True,Active,3916387.0,3,60.2,20.1,2026-10-02 01:47:18,,
13,8,00-0033106,Jared Goff,QB,DET,CAR,0.0,2026_04_DET_CAR,2026-10-04 20:20:00,18.536205446729884,10.314709501756266,27.35983913365539,18.209058909429924,0.32714653729996,C,13,0.7162506506460085,27.0,2,,False,1.0,"https://static.www.nfl.com/image/upload/f_auto,q_auto/league/kaicbot8qhzrvddilbtp",0.0,2.454347682166251,35.9855446216342,272.0635728179086,4.306888338409177,0.0,0.0,0.0,0.0,0.0,0.0,0.0,0.0,23.5,"[5.25, 8.09, 10.31, 12.06, 13.11, 14.35, 15.51, 16.49, 17.57, 18.53, 19.65, 20.65, 21.74, 22.93, 24.24, 25.79, 27.36, 29.14, 33.11]",Active,True,Active,3046779.0,3,65.6,21.9,2026-10-02 01:47:18,,
14,4,00-0036223,Jonathan Taylor,RB,IND,WAS,0.0,2026_04_IND_WAS,2026-10-04 09:30:00,18.36251369085327,8.628150611034005,29.260405260566703,18.42112713791088,-0.0586134470576098,C,27,-3.472532359859977,26.0,4,,False,1.0,"https://static.www.nfl.com/image/upload/f_auto,q_auto/league/yw46ky6akdm7h7siofu8",3.514852997450544,21.178817680306768,0.0,0.0,85.16021015308476,21.404615062973622,0.1151573188285716,0.0,0.0,0.0,0.0,0.0,0.0,22.5,"[5.15, 7.14, 8.63, 10.47, 11.73, 13.17, 14.07, 15.06, 16.34, 17.29, 18.72, 20.22, 21.59, 23.23, 24.64, 27.08, 29.26, 32.23, 35.42]",Active,True,Active,4242335.0,3,63.5,21.2,2026-10-02 01:47:18,,
15,3,00-0036963,Amon-Ra St. Brown,WR,DET,CAR,0.0,2026_04_DET_CAR,2026-10-04 20:20:00,18.31044049238571,8.20004097277545,29.04361667823106,18.026040066015856,0.2844004263698529,C,26,-2.118979796046264,27.0,2,,False,1.0,"https://static.www.nfl.com/image/upload/f_auto,q_auto/league/fd8nwhm6pvxfyzphzl6i",11.273456420883528,0.0302741579784734,0.0,0.0,0.0871496026884929,78.05044804940503,0.3187909442086642,0.0,0.0,0.0,0.0,0.0,0.0,23.5,"[4.58, 6.72, 8.2, 9.77, 10.98, 13.2, 14.3, 15.52, 16.24, 17.65, 18.85, 20.38, 21.87, 23.13, 24.47, 26.16, 29.04, 31.46, 35.4]",Active,True,Active,4374302.0,3,75.8,25.3,2026-10-02 01:47:18,,
16,9,00-0033077,Dak Prescott,QB,DAL,HOU,0.0,2026_04_DAL_HOU,2026-10-04 13:00:00,18.19542826156956,9.973932316595942,27.019061948495064,18.28069177167072,-0.0852635101011571,C,9,1.4695979608765213,22.75,2,,False,1.0,"https://static.www.nfl.com/image/upload/f_auto,q_auto/league/yvscmqq1qki8zfsemmcd",0.0,3.303986099786945,34.78521248266961,251.31154370628548,16.937482029078502,0.0,0.0,0.0,0.0,0.0,0.0,0.0,0.0,25.75,"[4.91, 7.75, 9.97, 11.72, 12.77, 14.01, 15.17, 16.14, 17.23, 18.19, 19.31, 20.31, 21.4, 22.59, 23.9, 25.44, 27.02, 28.79, 32.77]",Active,True,Active,2577417.0,3,63.1,21.0,2026-10-02 01:47:18,,
17,5,00-0032764,Derrick Henry,RB,BAL,TEN,1.0,2026_04_TEN_BAL,2026-10-04 13:00:00,18.162129609462312,8.427766529643048,29.06002117917575,17.52942418922114,0.632705420241173,B,11,1.7014438494789073,27.0,4,,False,1.0,"https://static.www.nfl.com/image/upload/f_auto,q_auto/league/tm79x0iknqg6hms3ypyt",1.499246523137989,21.21762560312033,0.0096696362931989,0.0,100.36896358275511,10.98438814050056,0.0590897952218473,0.0,0.0,0.0,0.0,0.0,0.0,15.5,"[4.95, 6.94, 8.43, 10.27, 11.53, 12.97, 13.87, 14.86, 16.14, 17.09, 18.52, 20.02, 21.39, 23.03, 24.44, 26.88, 29.06, 32.03, 35.22]",Active,True,Active,3043078.0,3,74.9,25.0,2026-10-02 01:47:18,,
18,4,00-0039075,Puka Nacua,WR,LA,PHI,0.0,2026_04_LA_PHI,2026-10-04 13:00:00,18.01199156318937,7.901592043579111,28.74516774903472,18.032360623305117,-0.020369060115744,C,22,0.1559493449741987,23.0,2,,False,1.0,"https://static.www.nfl.com/image/upload/f_auto,q_auto/league/ipy6qw7hdygdfc8k86ba",10.761092918722996,0.7304513770153139,0.0,0.0,4.775396722721956,99.89632744995592,0.3218732692857483,0.0,0.0,0.0,0.0,0.0,0.0,19.5,"[4.28, 6.42, 7.9, 9.47, 10.69, 12.91, 14.0, 15.22, 15.95, 17.35, 18.55, 20.08, 21.57, 22.83, 24.17, 25.86, 28.75, 31.17, 35.1]",Active,True,Active,4426515.0,1,12.4,12.4,2026-10-02 01:47:18,,
19,6,00-0033280,Christian McCaffrey,RB,SF,DEN,1.0,2026_04_DEN_SF,2026-10-04 16:25:00,17.823147973525497,9.389351212818438,26.338362865283447,17.17665905893545,0.6464889145900479,B,6,4.245985033041277,25.25,4,,False,1.0,"https://static.www.nfl.com/image/upload/f_auto,q_auto/league/st82s2ytyzanatcmkqck",6.000075615091616,13.490135416286645,0.0190667369521647,0.0,59.35572215848093,39.28345236100978,0.2112071839692545,0.0,0.0,0.0,0.0,0.0,0.0,22.25,"[6.51, 8.11, 9.39, 10.6, 11.62, 12.65, 13.56, 14.63, 15.5, 16.55, 17.54, 18.63, 19.83, 21.07, 22.42, 24.38, 26.34, 28.69, 33.37]",Active,True,Active,3117251.0,3,58.0,19.3,2026-10-02 01:47:18,,
20,10,00-0026498,Matthew Stafford,QB,LA,PHI,0.0,2026_04_LA_PHI,2026-10-04 13:00:00,17.82141661880994,9.96178693378624,25.756755571125023,17.562803414975328,0.2586132038346136,C,7,2.9485719615073536,23.0,2,,False,1.0,"https://static.www.nfl.com/image/upload/f_auto,q_auto/league/jwpkjfrkzufdyh8u1mg7",0.0,2.2889537385418324,37.578406822622426,295.8289667195117,3.4053930422415277,0.0,0.0,0.0,0.0,0.0,0.0,0.0,0.0,19.5,"[5.26, 8.11, 9.96, 11.31, 12.51, 13.74, 14.8, 15.79, 16.83, 17.66, 18.67, 19.5, 20.43, 21.55, 22.76, 24.08, 25.76, 27.95, 30.57]",Active,True,Active,12483.0,3,52.0,17.3,2026-10-02 01:47:18,,
21,11,00-0036971,Trevor Lawrence,QB,JAX,CIN,0.0,2026_04_JAX_CIN,2026-10-04 13:00:00,17.646689333885977,9.787059648862275,25.582028286201066,17.1110596999729,0.5356296339130786,B,6,3.309219677725066,24.5,2,,False,1.0,"https://static.www.nfl.com/image/upload/f_auto,q_auto/league/k9uzdernqkx7oquy7dkg",0.0,3.422148704009924,28.699356165054304,214.73457043751185,15.46422763363393,0.0,0.0,0.0,0.0,0.0,0.0,0.0,0.0,27.0,"[5.09, 7.94, 9.79, 11.14, 12.33, 13.56, 14.62, 15.62, 16.65, 17.49, 18.5, 19.33, 20.26, 21.37, 22.58, 23.91, 25.58, 27.77, 30.39]",Active,True,Active,4360310.0,3,52.0,17.3,2026-10-02 01:47:18,,
22,7,00-0037248,James Cook,RB,BUF,NE,1.0,2026_04_NE_BUF,2026-10-04 13:00:00,17.426921005743743,8.993124245036684,25.942135897501693,16.73914735945543,0.6877736462883135,B,12,1.507263443180865,27.75,4,,False,1.0,"https://static.www.nfl.com/image/upload/f_auto,q_auto/league/anjbznqb9i21wzcgrtbs",2.5383782787697475,19.141300707964085,0.0,0.0,109.19667923184028,8.349341889760009,0.0897169598121376,0.0,0.0,0.0,0.0,0.0,0.0,20.75,"[6.12, 7.72, 8.99, 10.2, 11.22, 12.25, 13.16, 14.24, 15.11, 16.15, 17.14, 18.23, 19.44, 20.67, 22.02, 23.99, 25.94, 28.29, 32.97]",Active,True,Active,4379399.0,3,50.2,16.7,2026-10-02 01:47:18,,
23,12,00-0039163,C.J. Stroud,QB,HOU,DAL,1.0,2026_04_DAL_HOU,2026-10-04 13:00:00,16.80078681181705,8.94115712679335,24.736125764132137,15.401257467681926,1.399529344135125,A,8,2.8460034148627256,25.75,2,,False,1.0,"https://static.www.nfl.com/image/upload/f_auto,q_auto/league/tt4zrtxlhifaljhj0rn7",0.0,2.521317644634603,37.38587842969646,248.93392180822588,15.64621445781069,0.0,0.0,0.0,0.0,0.0,0.0,0.0,0.0,22.75,"[4.24, 7.09, 8.94, 10.29, 11.49, 12.72, 13.78, 14.77, 15.81, 16.64, 17.65, 18.48, 19.41, 20.53, 21.74, 23.06, 24.74, 26.93, 29.54]",Active,True,Active,4432577.0,3,45.2,15.1,2026-10-02 01:47:18,,
24,13,00-0039910,Jayden Daniels,QB,WAS,IND,1.0,2026_04_IND_WAS,2026-10-04 09:30:00,16.768321541628758,8.908691856605056,24.703660493943843,15.627240915103291,1.141080626525465,B,4,3.693389417351334,22.5,2,,False,1.0,"https://static.www.nfl.com/image/upload/f_auto,q_auto/league/gfz8k5onuqjrche9ogqc",0.0,6.757030145852737,25.41649721445484,143.74801703786684,46.556798563123,0.0,0.0,0.0,0.0,0.0,0.0,0.0,0.0,26.0,"[4.21, 7.06, 8.91, 10.26, 11.46, 12.69, 13.74, 14.74, 15.77, 16.61, 17.62, 18.45, 19.38, 20.49, 21.7, 23.03, 24.7, 26.89, 29.51]",Active,True,Active,4426348.0,2,32.4,16.2,2026-10-02 01:47:18,,
25,5,00-0036900,Ja'Marr Chase,WR,CIN,JAX,1.0,2026_04_JAX_CIN,2026-10-04 13:00:00,16.65415637287428,7.964491131717153,25.64534900321644,16.192861905538038,0.4612944673362413,C,20,0.2035480746471811,27.0,3,,False,1.0,"https://static.www.nfl.com/image/upload/f_auto,q_auto/league/qya3dtjb5kgofcuj2tuw",9.459802618265634,0.047605230361288,0.0,0.0,0.2398157109656438,71.59000758171288,0.2705308477944177,0.0,0.0,0.0,0.0,0.0,0.0,24.5,"[4.81, 6.63, 7.96, 9.11, 10.33, 11.32, 12.47, 13.45, 14.4, 15.53, 16.57, 17.88, 19.06, 20.21, 21.49, 23.48, 25.65, 28.49, 33.04]",Active,True,Active,4362628.0,3,54.5,18.2,2026-10-02 01:47:18,,
26,8,00-0040122,Ashton Jeanty,RB,LV,KC,1.0,2026_04_KC_LV,2026-10-04 16:25:00,16.633095892611326,8.199299131904267,25.14831078436928,16.63417174220178,-0.0010758495904532,C,16,-0.2547900165685087,21.5,4,,False,1.0,"https://static.www.nfl.com/image/upload/f_auto,q_auto/league/syspis1mntov9kgspb7r",5.018362823195785,19.43519103987434,0.0,0.0,64.80569940467555,29.023206573959488,0.1733290187289503,0.0,0.0,0.0,0.0,0.0,0.0,26.0,"[5.32, 6.92, 8.2, 9.41, 10.43, 11.46, 12.37, 13.44, 14.31, 15.36, 16.35, 17.44, 18.64, 19.88, 21.23, 23.19, 25.15, 27.5, 32.18]",Active,True,Active,4890973.0,3,55.3,18.4,2026-10-02 01:47:18,,
27,14,00-0036389,Jalen Hurts,QB,PHI,LA,1.0,2026_04_LA_PHI,2026-10-04 13:00:00,16.62933847224472,8.769708787221017,24.564677424559804,17.30724305357759,-0.6779045813328715,D,28,-3.0566392191662577,19.5,2,,False,1.0,"https://static.www.nfl.com/image/upload/f_auto,q_auto/league/xow5yvxjeqa6witmofmp",0.0,5.452517092366612,29.092874971478142,202.2945397900216,27.037237040188668,0.0,0.0,0.0,0.0,0.0,0.0,0.0,0.0,23.0,"[4.07, 6.92, 8.77, 10.12, 11.32, 12.55, 13.6, 14.6, 15.64, 16.47, 17.48, 18.31, 19.24, 20.35, 21.57, 22.89, 24.56, 26.75, 29.37]",Active,True,Active,4040715.0,3,53.5,17.8,2026-10-02 01:47:18,,
28,1,00-0037744,Trey McBride,TE,ARI,NYG,0.0,2026_04_ARI_NYG,2026-10-04 13:00:00,16.51350520691716,8.530587975193695,25.37675912906849,16.3374614607852,0.1760437461319597,C,15,0.9160404906024732,23.5,1,,False,1.0,"https://static.www.nfl.com/image/upload/f_auto,q_auto/league/psasp10nn5pcvkli9kil",10.919533652780064,0.0,0.0,0.0,0.0,71.24659028949934,0.3047860915441471,0.0,0.0,0.0,0.0,0.0,0.0,21.0,"[5.27, 6.98, 8.53, 9.61, 10.81, 11.28, 12.61, 14.01, 15.6, 16.31, 17.01, 17.86, 18.78, 20.39, 21.71, 23.12, 25.38, 27.88, 31.29]",Active,True,Active,4361307.0,3,59.1,19.7,2026-10-02 01:47:18,,
29,15,00-0036442,Joe Burrow,QB,CIN,JAX,1.0,2026_04_JAX_CIN,2026-10-04 13:00:00,16.4543866771424,8.594756992118697,24.389725629457484,16.20905018270601,0.2453364944363869,C,29,-3.4545243615511434,27.0,2,,False,1.0,"https://static.www.nfl.com/image/upload/f_auto,q_auto/league/gnnvcgui1cijybukk2w7",0.0,2.4168249857349844,34.13149371908029,245.9297305528656,9.439669709411502,0.0,0.0,0.0,0.0,0.0,0.0,0.0,0.0,24.5,"[3.9, 6.75, 8.59, 9.95, 11.14, 12.37, 13.43, 14.42, 15.46, 16.3, 17.31, 18.14, 19.07, 20.18, 21.39, 22.72, 24.39, 26.58, 29.2]",Active,True,Active,3915511.0,3,52.9,17.6,2026-10-02 01:47:18,,
30,6,00-0036358,CeeDee Lamb,WR,DAL,HOU,0.0,2026_04_DAL_HOU,2026-10-04 13:00:00,16.42444243165602,7.7347771904988925,25.415635061998174,16.294354373653945,0.1300880580020731,C,5,6.176520103495495,22.75,3,,False,1.0,"https://static.www.nfl.com/image/upload/f_auto,q_auto/league/mbblzwtynxr15ovzkevi",8.351295546657678,0.2365246336332034,0.0,0.0,0.0309780112087959,96.92795033519528,0.246264376030616,0.0,0.0,0.0,0.0,0.0,0.0,25.75,"[4.58, 6.4, 7.73, 8.88, 10.1, 11.09, 12.24, 13.22, 14.17, 15.3, 16.34, 17.65, 18.83, 19.98, 21.26, 23.25, 25.42, 28.26, 32.81]",Active,True,Active,4241389.0,3,70.9,23.6,2026-10-02 01:47:18,,
31,16,00-0039732,Bo Nix,QB,DEN,SF,0.0,2026_04_DEN_SF,2026-10-04 16:25:00,16.271063720672437,8.411434035648735,24.20640267298752,16.913662938846187,-0.6425992181737499,D,21,-0.8667822483799028,22.25,2,,False,1.0,"https://static.www.nfl.com/image/upload/f_auto,q_auto/league/zvo9xatffmqn9lnukpgk",0.0176029382097959,4.573049429336943,32.97841397119068,214.07664926974243,10.595109730675745,0.0,0.0004889705058276,0.0,0.0,0.0,0.0,0.0,0.0,25.25,"[3.71, 6.56, 8.41, 9.76, 10.96, 12.19, 13.25, 14.24, 15.28, 16.11, 17.12, 17.95, 18.88, 20.0, 21.21, 22.53, 24.21, 26.4, 29.01]",Active,True,Active,4426338.0,3,43.7,14.6,2026-10-02 01:47:18,,
32,2,00-0039338,Brock Bowers,TE,LV,KC,1.0,2026_04_KC_LV,2026-10-04 16:25:00,15.939898605906349,7.956981374182883,24.80315252805768,15.78655713135429,0.1533414745520591,C,9,3.3157034183401635,21.5,1,,False,1.0,"https://static.www.nfl.com/image/upload/f_auto,q_auto/league/waorceny0ggpaeckaol8",8.998791181975205,0.0973012895619168,0.0,0.0,0.0762381789930144,74.3254689483479,0.3011414941327104,0.0,0.0,0.0,0.0,0.0,0.0,26.0,"[4.69, 6.41, 7.96, 9.04, 10.23, 10.71, 12.03, 13.44, 15.02, 15.73, 16.44, 17.29, 18.2, 19.81, 21.14, 22.55, 24.8, 27.3, 30.72]",Active,True,Active,4432665.0,1,27.6,27.6,2026-10-02 01:47:18,,
33,17,00-0033119,Jacoby Brissett,QB,ARI,NYG,0.0,2026_04_ARI_NYG,2026-10-04 13:00:00,15.88363783415372,8.024008149130019,23.81897678646881,16.04349675938251,-0.1598589252287894,C,14,0.6342749185847647,23.5,2,,False,1.0,"https://static.www.nfl.com/image/upload/f_auto,q_auto/league/qjswiunczrn5xmdiqhlz",0.0,3.328744689113967,38.570720726218205,226.5646499619185,9.138440955902706,0.0,0.0,0.0,0.0,0.0,0.0,0.0,0.0,21.0,"[3.33, 6.18, 8.02, 9.37, 10.57, 11.8, 12.86, 13.85, 14.89, 15.73, 16.74, 17.57, 18.5, 19.61, 20.82, 22.14, 23.82, 26.01, 28.63]",Active,True,Active,2578570.0,3,48.6,16.2,2026-10-02 01:47:18,,
34,18,00-0033537,Deshaun Watson,QB,CLE,PIT,1.0,2026_04_PIT_CLE,2026-10-01 20:15:00,15.775589261586592,7.907989758633804,23.71954822026319,15.887932051472006,-0.1123427898854139,C,15,0.5436730220857069,18.0,2,,True,1.0,"https://static.www.nfl.com/image/private/f_auto,q_auto/league/otfs2docj6eahaebo5xn",0.0,8.14547411421519,27.560763550621378,193.8542508922065,35.21815025348548,0.0,0.0,0.0,0.0,0.0,0.0,0.0,0.0,20.5,"[3.23, 6.06, 7.91, 9.26, 10.47, 11.69, 12.75, 13.74, 14.78, 15.62, 16.63, 17.46, 18.39, 19.51, 20.72, 22.04, 23.72, 25.89, 28.52]",Active,True,Active,3122840.0,4,66.9,16.7,2026-10-01 18:48:49,12.920000000000002,nflverse
35,19,00-0036264,Jordan Love,QB,GB,TB,0.0,2026_04_GB_TB,2026-10-04 13:00:00,15.652284887261391,7.79265520223769,23.58762383957648,16.057026854463555,-0.4047419672021615,C,11,1.0665115684564523,21.0,2,,False,1.0,"https://static.www.nfl.com/image/upload/f_auto,q_auto/league/thz8stjkbjwddxqnozi5",0.0,1.2872088183283623,38.36229976069761,263.9314548487034,3.6964662600283074,0.0,0.0,0.0,0.0,0.0,0.0,0.0,0.0,17.5,"[3.09, 5.94, 7.79, 9.14, 10.34, 11.57, 12.63, 13.62, 14.66, 15.49, 16.51, 17.33, 18.27, 19.38, 20.59, 21.91, 23.59, 25.78, 28.4]",Active,True,Active,4036378.0,3,51.8,17.3,2026-10-02 01:47:18,,
36,7,00-0031381,Davante Adams,WR,LA,PHI,0.0,2026_04_LA_PHI,2026-10-04 13:00:00,15.613389769343256,6.923724528186131,24.60458239968541,15.633758829459,-0.020369060115744,C,22,0.1559493449741987,23.0,3,,False,2.0,"https://static.www.nfl.com/image/upload/f_auto,q_auto/league/tdzluk4xau3arxqk9zsl",9.28713412430348,0.0,0.0,0.0,0.0,102.53877457210928,0.2620221985309325,0.0,0.0,0.0,0.0,0.0,0.0,19.5,"[3.77, 5.59, 6.92, 8.06, 9.29, 10.27, 11.43, 12.4, 13.36, 14.49, 15.53, 16.84, 18.02, 19.17, 20.45, 22.44, 24.6, 27.45, 32.0]",Active,True,Active,16800.0,3,65.8,21.9,2026-10-02 01:47:18,,
37,8,00-0037740,Garrett Wilson,WR,NYJ,CHI,0.0,2026_04_NYJ_CHI,2026-10-04 13:00:00,15.599437270576496,6.9097720294193685,24.59062990091865,15.942757219262576,-0.34331994868608,C,25,-1.4107067457910378,20.0,3,,False,1.0,"https://static.www.nfl.com/image/upload/f_auto,q_auto/league/upxwxmhdd8xluztgqwhe",8.966604086742926,0.0,0.0,0.0,0.0,75.70369461594404,0.3008298607159088,0.0,0.0,0.0,0.0,0.0,0.0,23.5,"[3.75, 5.57, 6.91, 8.05, 9.27, 10.26, 11.42, 12.39, 13.34, 14.48, 15.52, 16.83, 18.01, 19.16, 20.44, 22.42, 24.59, 27.43, 31.99]",Active,True,Active,4569618.0,3,57.3,19.1,2026-10-02 01:47:18,,
38,9,00-0039064,Zay Flowers,WR,BAL,TEN,1.0,2026_04_TEN_BAL,2026-10-04 13:00:00,15.59010354265206,6.900438301494933,24.58129617299421,14.989977387564156,0.6001261550879029,B,7,5.018187571258456,27.0,3,,False,1.0,"https://static.www.nfl.com/image/upload/f_auto,q_auto/league/xzhto2dejy2pflkfx40c",6.340370082651949,0.5283608076349738,0.0,0.0,7.280521641228146,95.3354065997365,0.2883562180513315,0.0,0.0,0.0,0.0,0.0,0.0,15.5,"[3.74, 5.56, 6.9, 8.04, 9.27, 10.25, 11.41, 12.38, 13.33, 14.47, 15.51, 16.82, 18.0, 19.15, 20.43, 22.41, 24.58, 27.42, 31.98]",Active,True,Active,4429615.0,2,41.4,20.7,2026-10-02 01:47:18,,
39,20,00-0036945,Justin Fields,QB,KC,LV,0.0,2026_04_KC_LV,2026-10-04 16:25:00,15.397863946701683,7.5382342616779825,23.33320289901677,15.343199969320697,0.0546639773809882,C,16,0.0573425569777799,26.0,2,,False,2.0,"https://static.www.nfl.com/image/upload/f_auto,q_auto/league/npjrombgxkc5vjkctcgy",0.1532710372085236,7.990094374382617,22.55371178594281,134.81607827115874,41.89936213732519,0.0,0.0058950398926355,0.0,0.0,0.0,0.0,0.0,0.0,21.5,"[2.84, 5.69, 7.54, 8.89, 10.09, 11.31, 12.37, 13.37, 14.4, 15.24, 16.25, 17.08, 18.01, 19.12, 20.33, 21.66, 23.33, 25.52, 28.14]",Active,True,Active,4362887.0,0,0.0,,2026-10-02 01:47:18,,
40,21,00-0035710,Daniel Jones,QB,IND,WAS,0.0,2026_04_IND_WAS,2026-10-04 09:30:00,15.375321309425928,7.515691624402225,23.310660261741013,13.341190243514127,2.034131065911799,A,1,9.491436248094823,26.0,2,,False,1.0,"https://static.www.nfl.com/image/upload/f_auto,q_auto/league/ohvvctuykzwrpqer7xgl",0.0,2.6021019332046293,31.628416949483405,211.17903004907643,8.01870272369826,0.0,0.0,0.0,0.0,0.0,0.0,0.0,0.0,22.5,"[2.82, 5.67, 7.52, 8.87, 10.06, 11.29, 12.35, 13.34, 14.38, 15.22, 16.23, 17.06, 17.99, 19.1, 20.31, 21.64, 23.31, 25.5, 28.12]",Active,True,Active,3917792.0,3,28.3,9.4,2026-10-02 01:47:18,,
41,9,00-0036275,D'Andre Swift,RB,CHI,NYJ,1.0,2026_04_NYJ_CHI,2026-10-04 13:00:00,15.366746060346332,6.932949299639274,23.881960952104283,14.84043241205258,0.5263136482937529,B,5,4.821336155600123,23.5,5,,False,1.0,"https://static.www.nfl.com/image/upload/f_auto,q_auto/league/owpmwzoilitcodc6cmxo",2.8446338170945067,16.833917791793553,0.0,0.0,78.24977020288883,20.74588005711096,0.0909609935591587,0.0,0.0,0.0,0.0,0.0,0.0,20.0,"[4.06, 5.66, 6.93, 8.14, 9.16, 10.19, 11.1, 12.18, 13.05, 14.09, 15.08, 16.17, 17.38, 18.61, 19.96, 21.93, 23.88, 26.23, 30.91]",Active,True,Active,4259545.0,3,56.1,18.7,2026-10-02 01:47:18,,
42,22,00-0029604,Kirk Cousins,QB,LV,KC,1.0,2026_04_KC_LV,2026-10-04 16:25:00,15.150975866967077,7.291346181943374,23.08631481928216,15.830731998461063,-0.6797561314939884,D,31,-4.344938448714376,21.5,2,,False,1.0,"https://static.www.nfl.com/image/upload/f_auto,q_auto/league/za7cynvpwlsro1tsaijk",0.0,3.356111708817883,30.107277595441555,212.4025215139993,-0.1871191385466894,0.0,0.0,0.0,0.0,0.0,0.0,0.0,0.0,26.0,"[2.59, 5.44, 7.29, 8.64, 9.84, 11.07, 12.13, 13.12, 14.16, 14.99, 16.0, 16.83, 17.76, 18.88, 20.09, 21.41, 23.09, 25.28, 27.89]",Active,True,Active,14880.0,3,56.2,18.7,2026-10-02 01:47:18,,
43,10,00-0036912,DeVonta Smith,WR,PHI,LA,1.0,2026_04_LA_PHI,2026-10-04 13:00:00,15.068748929441972,6.379083688284847,24.05994155978413,15.212293403522176,-0.143544474080203,C,10,3.3108720327210457,19.5,3,,False,1.0,"https://static.www.nfl.com/image/upload/f_auto,q_auto/league/k724kq3hyv7jc0y9s03x",8.414572849811139,0.0,0.0,0.0,0.0,72.07622062773241,0.3015011403551817,0.0,0.0,0.0,0.0,0.0,0.0,23.0,"[3.22, 5.04, 6.38, 7.52, 8.74, 9.73, 10.89, 11.86, 12.81, 13.95, 14.99, 16.3, 17.47, 18.63, 19.91, 21.89, 24.06, 26.9, 31.46]",Active,True,Active,4241478.0,3,48.5,16.2,2026-10-02 01:47:18,,
44,23,00-0030565,Geno Smith,QB,NYJ,CHI,0.0,2026_04_NYJ_CHI,2026-10-04 13:00:00,15.02228356079742,7.162653875773718,22.957622513112504,16.18133030927716,-1.1590467484797404,D,24,-1.8887499251225608,20.0,2,,False,1.0,"https://static.www.nfl.com/image/upload/f_auto,q_auto/league/zppfqqcyjfma14jjif3a",0.0,3.694670490866789,32.85921290620017,243.85523221180352,10.246381094320268,0.0,0.0,0.0,0.0,0.0,0.0,0.0,0.0,23.5,"[2.46, 5.31, 7.16, 8.51, 9.71, 10.94, 12.0, 12.99, 14.03, 14.86, 15.88, 16.7, 17.64, 18.75, 19.96, 21.28, 22.96, 25.15, 27.77]",Active,True,Active,15864.0,3,50.9,17.0,2026-10-02 01:47:18,,
45,10,00-0037840,Kyren Williams,RB,LA,PHI,0.0,2026_04_LA_PHI,2026-10-04 13:00:00,14.97973026539396,6.545933504686902,23.49494515715191,15.270879695227144,-0.2911494298331831,C,26,-2.876077649310401,23.0,5,,False,1.0,"https://static.www.nfl.com/image/upload/f_auto,q_auto/league/xti3pek6rmojqchakxpy",3.7583299761355007,13.436171697110876,0.0,0.0,71.90941469444358,30.897824437277837,0.0989315443616362,0.0,0.0,0.0,0.0,0.0,0.0,19.5,"[3.67, 5.27, 6.55, 7.76, 8.77, 9.81, 10.71, 11.79, 12.66, 13.7, 14.69, 15.78, 16.99, 18.23, 19.57, 21.54, 23.49, 25.84, 30.52]",Active,True,Active,4430737.0,3,53.0,17.7,2026-10-02 01:47:18,,
46,11,00-0037238,Drake London,WR,ATL,NO,0.0,2026_04_ATL_NO,2026-10-05 20:15:00,14.958708247405353,6.269043006248225,23.94990087774751,14.999407149210818,-0.0406989018054666,C,17,1.0564467433728515,22.5,3,,False,1.0,"https://static.www.nfl.com/image/upload/f_auto,q_auto/league/mcllowcfrmmdeo4zy3g1",7.13540291647715,0.4676622870975763,0.0,0.0,0.8543355348400363,90.34744238336644,0.2785241778007647,0.0,0.0,0.0,0.0,0.0,0.0,25.0,"[3.11, 4.93, 6.27, 7.41, 8.63, 9.62, 10.78, 11.75, 12.7, 13.84, 14.88, 16.19, 17.36, 18.52, 19.8, 21.78, 23.95, 26.79, 31.35]",Active,True,Active,4426502.0,3,42.8,14.3,2026-10-02 01:47:18,,
47,11,00-0038597,Chase Brown,RB,CIN,JAX,1.0,2026_04_JAX_CIN,2026-10-04 13:00:00,14.94129564421304,6.50749888350598,23.45651053597099,14.754538406706882,0.186757237506157,C,28,-4.853982051261329,27.0,5,,False,1.0,"https://static.www.nfl.com/image/upload/f_auto,q_auto/league/tch3y6jlj7khvyi9jg0c",4.546964401125806,15.57645872075651,0.0,0.0,65.62964825639416,15.641177909935672,0.1322755925842181,0.0,0.0,0.0,0.0,0.0,0.0,24.5,"[3.63, 5.23, 6.51, 7.72, 8.74, 9.77, 10.68, 11.75, 12.62, 13.67, 14.65, 15.75, 16.95, 18.19, 19.54, 21.5, 23.46, 25.81, 30.48]",Active,True,Active,4362238.0,3,38.9,13.0,2026-10-02 01:47:18,,
48,12,00-0038124,Christian Watson,WR,GB,TB,0.0,2026_04_GB_TB,2026-10-04 13:00:00,14.719215587044095,6.029550345886971,23.71040821738625,15.108486405442775,-0.3892708183986784,C,31,-6.215328427008356,21.0,3,,False,1.0,"https://static.www.nfl.com/image/upload/f_auto,q_auto/league/tumeg4d32sirkab2xzu5",8.722765234797047,0.022465692052421,0.0,0.0,0.0673970761572633,84.24327876823439,0.245204836043465,0.0,0.0,0.0,0.0,0.0,0.0,17.5,"[2.87, 4.69, 6.03, 7.17, 8.39, 9.38, 10.54, 11.51, 12.46, 13.6, 14.64, 15.95, 17.12, 18.28, 19.56, 21.54, 23.71, 26.55, 31.11]",Active,True,Active,4248528.0,3,69.4,23.1,2026-10-02 01:47:18,,
49,24,00-0039851,Drake Maye,QB,NE,BUF,0.0,2026_04_NE_BUF,2026-10-04 13:00:00,14.676316726308238,6.816687041284536,22.61165567862332,14.632534182446255,0.0437825438619814,C,5,3.3641032106288,20.75,2,,False,1.0,"https://static.www.nfl.com/image/upload/f_auto,q_auto/league/s1nmoon2xnrc3bnyulv4",0.0300391040929828,5.370515352674561,27.2949247436393,209.9251438153437,28.53899288740853,0.0112043755365952,0.001029564036506,0.0,0.0,0.0,0.0,0.0,0.0,27.75,"[2.12, 4.97, 6.82, 8.17, 9.36, 10.59, 11.65, 12.64, 13.68, 14.52, 15.53, 16.36, 17.29, 18.4, 19.61, 20.94, 22.61, 24.8, 27.42]",Active,True,Active,4431452.0,3,21.6,7.2,2026-10-02 01:47:18,,
50,12,00-0037228,Jaylen Warren,RB,PIT,CLE,0.0,2026_04_PIT_CLE,2026-10-01 20:15:00,14.571011329964753,6.134009374208604,23.08656797934437,14.960799782675096,-0.389788452710345,C,21,-0.9728736619921746,20.5,5,,False,1.0,"https://static.www.nfl.com/image/upload/f_auto,q_auto/league/dkiteytgnxar1mpaxcxv",3.9745345758603774,12.868477264082772,0.0,0.0,69.97191111517043,31.152151359058063,0.1169561161644556,0.0,0.0,0.0,0.0,0.0,0.0,18.0,"[3.26, 4.86, 6.13, 7.34, 8.36, 9.39, 10.3, 11.38, 12.25, 13.3, 14.3, 15.38, 16.58, 17.82, 19.18, 21.13, 23.09, 25.44, 30.12]",Active,True,Active,4569987.0,4,56.2,14.0,2026-10-01 18:48:49,15.600000000000001,nflverse
51,13,00-0036554,Nico Collins,WR,HOU,DAL,1.0,2026_04_DAL_HOU,2026-10-04 13:00:00,14.364378857806464,5.674713616649338,23.35557148814862,14.023492147697349,0.3408867101091175,C,23,0.0416695941580412,25.75,3,,False,1.0,"https://static.www.nfl.com/image/upload/f_auto,q_auto/league/fguybjrn1kwflxm5szwq",8.359434013484348,0.382629412246884,0.0,0.0,2.7081497858583865,71.94240844504665,0.244496157041296,0.0,0.0,0.0,0.0,0.0,0.0,22.75,"[2.52, 4.34, 5.67, 6.82, 8.04, 9.03, 10.18, 11.16, 12.11, 13.24, 14.28, 15.59, 16.77, 17.92, 19.2, 21.19, 23.36, 26.2, 30.75]",Active,True,Active,4258173.0,1,21.2,21.2,2026-10-02 01:47:18,,
52,25,00-0032268,Marcus Mariota,QB,WAS,IND,1.0,2026_04_IND_WAS,2026-10-04 09:30:00,14.299202161722263,6.439572476698561,22.23454111403735,13.158121535196798,1.141080626525465,B,4,3.693389417351334,22.5,2,,False,2.0,"https://static.www.nfl.com/image/upload/f_auto,q_auto/league/grx6m1fmu1odltjo3y31",0.0,3.8799283646948384,23.17942113089101,155.848510641558,15.819691611486077,0.0,0.0,0.0,0.0,0.0,0.0,0.0,0.0,26.0,"[1.74, 4.59, 6.44, 7.79, 8.99, 10.22, 11.27, 12.27, 13.31, 14.14, 15.15, 15.98, 16.91, 18.02, 19.24, 20.56, 22.23, 24.42, 27.04]",Active,True,Active,2576980.0,2,29.2,14.6,2026-10-02 01:47:18,,
53,26,00-0034855,Baker Mayfield,QB,TB,GB,1.0,2026_04_GB_TB,2026-10-04 13:00:00,14.273102599044568,6.413472914020864,22.20844155135965,14.657552878653895,-0.3844502796093305,C,19,-0.3785681188116073,17.5,2,,False,1.0,"https://static.www.nfl.com/image/upload/f_auto,q_auto/league/gjb8e69jtt1ffqf1afue",0.0,3.505238650925755,31.89799186335518,207.67185749197708,21.59827580494433,0.0,0.0,0.0,0.0,0.0,0.0,0.0,0.0,21.0,"[1.72, 4.56, 6.41, 7.76, 8.96, 10.19, 11.25, 12.24, 13.28, 14.12, 15.13, 15.96, 16.89, 18.0, 19.21, 20.53, 22.21, 24.4, 27.02]",Active,True,Active,3052587.0,3,35.1,11.7,2026-10-02 01:47:18,,
54,27,00-0039923,J.J. McCarthy,QB,NYG,ARI,1.0,2026_04_ARI_NYG,2026-10-04 13:00:00,14.128596818403112,6.26896713337941,22.0639357707182,12.952741010096052,1.1758558083070607,B,3,4.818733206339908,21.0,2,,False,2.0,"https://static.www.nfl.com/image/upload/f_auto,q_auto/league/omybnfokapjw6jwb5dd3",0.0,3.5136941617526,23.803059858046304,164.0768286318631,17.001862203454582,0.0,0.0,0.0,0.0,0.0,0.0,0.0,0.0,23.5,"[1.57, 4.42, 6.27, 7.62, 8.82, 10.05, 11.1, 12.1, 13.14, 13.97, 14.98, 15.81, 16.74, 17.85, 19.07, 20.39, 22.06, 24.25, 26.87]",Active,True,Active,4433970.0,0,0.0,,2026-10-02 01:47:18,,
55,14,00-0038606,Parker Washington,WR,JAX,CIN,0.0,2026_04_JAX_CIN,2026-10-04 13:00:00,14.060493373902672,5.370828132745547,23.05168600424483,13.87721139774953,0.1832819761531432,C,13,2.4019137253772267,24.5,3,,False,1.0,"https://static.www.nfl.com/image/upload/f_auto,q_auto/league/yn0hc5xrz5nqeccg8two",7.454470550721819,0.1764934170441773,0.0,0.0,-0.010544813149794,71.0212366309397,0.2735574813339656,0.0,0.0,0.0,0.0,0.0,0.0,27.0,"[2.21, 4.03, 5.37, 6.51, 7.74, 8.72, 9.88, 10.85, 11.8, 12.94, 13.98, 15.29, 16.47, 17.62, 18.9, 20.88, 23.05, 25.89, 30.45]",Active,True,Active,4432620.0,3,49.1,16.4,2026-10-02 01:47:18,,
56,15,00-0038559,Michael Wilson,WR,ARI,NYG,0.0,2026_04_ARI_NYG,2026-10-04 13:00:00,14.007888024183387,5.318222783026263,22.999080654525542,13.902480003621667,0.10540802056172,C,12,2.912329204649089,23.5,3,,False,1.0,"https://static.www.nfl.com/image/upload/f_auto,q_auto/league/hm2b9z4zujjmbiyldh8n",9.92748954909664,0.0,0.0,0.0,0.0,59.94718065998347,0.2544261456209797,0.0,0.0,0.0,0.0,0.0,0.0,21.0,"[2.16, 3.98, 5.32, 6.46, 7.68, 8.67, 9.82, 10.8, 11.75, 12.89, 13.93, 15.24, 16.41, 17.57, 18.84, 20.83, 23.0, 25.84, 30.39]",Active,True,Active,4360761.0,3,40.3,13.4,2026-10-02 01:47:18,,
57,13,00-0036997,Javonte Williams,RB,DAL,HOU,0.0,2026_04_DAL_HOU,2026-10-04 13:00:00,13.912966293740656,6.324474246252286,21.532862487377106,14.629017320652965,-0.7160510269123073,D,32,-8.787558725521702,22.75,5,,False,1.0,"https://static.www.nfl.com/image/upload/f_auto,q_auto/league/xvwroirev2kie6oiphtz",3.61329054665396,14.8152307445605,0.0,0.0,62.07699746857787,14.697510579457209,0.1080238294847549,0.0,0.0,0.0,0.0,0.0,0.0,25.75,"[4.0, 5.32, 6.32, 7.41, 8.31, 9.18, 9.97, 10.73, 11.59, 12.46, 13.44, 14.48, 15.59, 16.78, 18.3, 19.85, 21.53, 24.5, 28.03]",Active,True,Active,4361579.0,3,50.5,16.8,2026-10-02 01:47:18,,
58,14,00-0039361,Bucky Irving,RB,TB,GB,1.0,2026_04_GB_TB,2026-10-04 13:00:00,13.904538189890497,6.316046142402125,21.524434383526945,13.826972934683678,0.0775652552068173,C,2,6.2542016385632255,17.5,5,,False,1.0,"https://static.www.nfl.com/image/upload/f_auto,q_auto/league/vkc00rvnix3f2b96vkwo",4.524541133561512,14.486422042310284,0.0,0.0,59.77558668547631,20.657961917411868,0.1462711640926699,0.0,0.0,0.0,0.0,0.0,0.0,21.0,"[3.99, 5.32, 6.32, 7.4, 8.3, 9.18, 9.96, 10.73, 11.59, 12.46, 13.43, 14.47, 15.58, 16.77, 18.29, 19.84, 21.52, 24.49, 28.02]",Active,True,Active,4596448.0,3,41.1,13.7,2026-10-02 01:47:18,,
59,28,00-0034869,Sam Darnold,QB,SEA,LAC,1.0,2026_04_LAC_SEA,2026-10-04 16:25:00,13.83252225902745,5.155912700092394,21.389997455069064,13.53737371152334,0.2951485475041089,C,23,-1.7777121525390362,24.75,2,,False,1.0,"https://static.www.nfl.com/image/upload/f_auto,q_auto/league/fyay8vruj0cqmhopufzk",0.0,1.3908167201511654,26.80027955942124,216.7636980615452,4.035680585019231,0.0,0.0,0.0,0.0,0.0,0.0,0.0,0.0,17.75,"[1.67, 3.4, 5.16, 6.61, 8.04, 9.16, 10.14, 11.35, 12.3, 13.28, 14.42, 15.39, 16.39, 17.58, 18.63, 20.06, 21.39, 23.6, 26.58]",Active,True,Active,3912547.0,2,28.2,14.1,2026-10-02 01:47:18,,
60,29,00-0036355,Justin Herbert,QB,LAC,SEA,0.0,2026_04_LAC_SEA,2026-10-04 16:25:00,13.778405587025365,5.101796028090309,21.335880783066983,15.283903616158153,-1.505498029132788,F,25,-2.1005194653785284,17.75,2,,False,1.0,"https://static.www.nfl.com/image/upload/f_auto,q_auto/league/jnkspnntgebegzp4ghve",0.0,4.543607361135192,29.861812645827943,211.9480054964492,21.3104037098412,0.0,0.0,0.0,0.0,0.0,0.0,0.0,0.0,24.75,"[1.62, 3.34, 5.1, 6.56, 7.99, 9.11, 10.09, 11.3, 12.25, 13.23, 14.37, 15.34, 16.33, 17.52, 18.57, 20.0, 21.34, 23.55, 26.53]",Active,True,Active,4038941.0,3,33.9,11.3,2026-10-02 01:47:18,,
61,15,00-0036555,Chuba Hubbard,RB,CAR,DET,1.0,2026_04_DET_CAR,2026-10-04 20:20:00,13.778178166426043,6.189686118937675,21.39807436006249,13.619180617176418,0.1589975492496265,C,19,-0.5782002987585798,23.5,5,,False,1.0,"https://static.www.nfl.com/image/upload/f_auto,q_auto/league/rzsvnt0pxsaize2ndhxm",2.881879533100106,12.32069818320521,0.0,0.0,53.35345792634994,21.832128803878444,0.0837135940224844,0.0,0.0,0.0,0.0,0.0,0.0,27.0,"[3.86, 5.19, 6.19, 7.28, 8.18, 9.05, 9.84, 10.6, 11.46, 12.33, 13.31, 14.35, 15.45, 16.65, 18.17, 19.71, 21.4, 24.36, 27.9]",Active,True,Active,4241416.0,3,53.1,17.7,2026-10-02 01:47:18,,
62,30,00-0032950,Carson Wentz,QB,MIN,MIA,1.0,2026_04_MIA_MIN,2026-10-04 16:05:00,13.742259753978944,5.065650195043888,21.29973495002056,13.229769668671697,0.5124900853072489,B,20,-0.5819331356799322,24.5,2,,False,2.0,"https://static.www.nfl.com/image/upload/f_auto,q_auto/league/vuolixdvigc8axelug66",0.0,3.4314201458941604,23.73154405307404,168.3092477353839,5.235712925553312,0.0,0.0,0.0,0.0,0.0,0.0,0.0,0.0,14.0,"[1.58, 3.31, 5.07, 6.52, 7.95, 9.07, 10.05, 11.26, 12.21, 13.19, 14.33, 15.3, 16.3, 17.49, 18.54, 19.97, 21.3, 23.51, 26.49]",Active,True,Active,2573079.0,2,25.5,12.8,2026-10-02 01:47:18,,
63,31,00-0039917,Michael Penix Jr.,QB,ATL,NO,0.0,2026_04_ATL_NO,2026-10-05 20:15:00,13.620895612860473,4.944286053925417,21.178370808902088,13.802630356799089,-0.1817347439386143,C,10,1.169752672446522,22.5,2,,False,1.0,"https://static.www.nfl.com/image/upload/f_auto,q_auto/league/mip4kogkqxwkkya6mvmh",0.0,2.079862608587017,28.093134645237544,231.4410469944536,3.9884971081592058,0.0,0.0,0.0,0.0,0.0,0.0,0.0,0.0,25.0,"[1.46, 3.19, 4.94, 6.4, 7.83, 8.95, 9.93, 11.14, 12.09, 13.07, 14.21, 15.18, 16.18, 17.36, 18.42, 19.85, 21.18, 23.39, 26.37]",Active,True,Active,4360423.0,1,14.0,14.0,2026-10-02 01:47:18,,
64,16,00-0036410,Tee Higgins,WR,CIN,JAX,1.0,2026_04_JAX_CIN,2026-10-04 13:00:00,13.545111346409875,5.891413200247436,21.924221157266373,13.083816879073632,0.4612944673362431,B,20,0.2035480746471811,27.0,3,,False,2.0,"https://static.www.nfl.com/image/upload/f_auto,q_auto/league/gpwtyv3viwy9q4ewderl",7.409990097853388,0.0,0.0,0.0,0.0,75.79544373031321,0.2167775105392315,0.0,0.0,0.0,0.0,0.0,0.0,24.5,"[3.21, 4.79, 5.89, 6.88, 7.83, 8.76, 9.64, 10.63, 11.57, 12.6, 13.63, 14.66, 15.72, 16.96, 18.34, 19.98, 21.92, 24.47, 28.49]",Active,True,Active,4239993.0,3,44.4,14.8,2026-10-02 01:47:18,,
65,32,00-0023459,Aaron Rodgers,QB,PIT,CLE,0.0,2026_04_PIT_CLE,2026-10-01 20:15:00,13.225909799013408,4.555063459366789,20.771381159671165,14.496698087590266,-1.270788288576858,D,27,-2.7402343054062333,20.5,2,,False,1.0,"https://static.www.nfl.com/image/upload/f_auto,q_auto/league/dypvakakxhccxs67tb0y",0.021089626299588,1.9574920254686448,36.028564594945685,226.2728025853484,4.3801147088314085,-0.1898066366962927,0.000639079584836,0.0,0.0,0.0,0.0,0.0,0.0,18.0,"[1.07, 2.79, 4.56, 6.02, 7.44, 8.56, 9.54, 10.74, 11.67, 12.67, 13.81, 14.78, 15.77, 16.96, 18.02, 19.44, 20.77, 23.0, 25.98]",Active,True,Active,8439.0,4,61.2,15.3,2026-10-01 18:48:49,21.96,nflverse
66,16,00-0033293,Aaron Jones,RB,MIN,MIA,1.0,2026_04_MIA_MIN,2026-10-04 16:05:00,13.22477339771122,5.636281350222851,20.84466959134767,12.579759672717763,0.6450137249934578,B,4,5.227981586705556,24.5,5,,False,1.0,"https://static.www.nfl.com/image/upload/f_auto,q_auto/league/bktkfvgfwujkdbzkcfim",2.7333781173741203,16.053169623868435,0.0,0.0,62.93489483898595,13.20655547966865,0.1132124960872229,0.0,0.0,0.0,0.0,0.0,0.0,14.0,"[3.31, 4.64, 5.64, 6.72, 7.62, 8.5, 9.28, 10.05, 10.91, 11.78, 12.75, 13.79, 14.9, 16.09, 17.61, 19.16, 20.84, 23.81, 27.34]",Active,True,Active,3042519.0,3,34.7,11.6,2026-10-02 01:47:18,,
67,17,00-0038120,Breece Hall,RB,NYJ,CHI,0.0,2026_04_NYJ_CHI,2026-10-04 13:00:00,13.224132602274985,5.635640554786614,20.844028795911434,13.45008506299983,-0.2259524607248462,C,8,2.097043184898195,20.0,5,,False,1.0,"https://static.www.nfl.com/image/upload/f_auto,q_auto/league/i01xtqbfajfq68lb6orh",3.177604498374321,16.30116563029593,0.0163956406095345,0.0655825624381382,56.34247731668869,30.012547639843056,0.1004535177264739,0.0,0.0,0.0,0.0,0.0,0.0,23.5,"[3.31, 4.63, 5.64, 6.72, 7.62, 8.49, 9.28, 10.04, 10.91, 11.77, 12.75, 13.79, 14.9, 16.09, 17.61, 19.16, 20.84, 23.81, 27.34]",Active,True,Active,4427366.0,3,42.5,14.2,2026-10-02 01:47:18,,
68,17,00-0036322,Justin Jefferson,WR,MIN,MIA,1.0,2026_04_MIA_MIN,2026-10-04 16:05:00,12.927442855197848,5.273744709035408,21.306552666054344,12.786665786454076,0.1407770687437715,C,27,-2.8842452928655216,24.5,3,,False,1.0,"https://static.www.nfl.com/image/upload/f_auto,q_auto/league/htjevkugzk6ietrjysny",6.259859386785037,0.0406558124787909,0.0,0.0,0.130098599932131,57.694016607344935,0.2704790549868486,0.0,0.0,0.0,0.0,0.0,0.0,14.0,"[2.59, 4.17, 5.27, 6.26, 7.21, 8.14, 9.02, 10.02, 10.95, 11.98, 13.01, 14.04, 15.1, 16.35, 17.73, 19.36, 21.31, 23.85, 27.87]",Active,True,Active,4262921.0,3,44.9,15.0,2026-10-02 01:47:18,,
69,18,00-0039067,Rashee Rice,WR,KC,LV,0.0,2026_04_KC_LV,2026-10-04 16:25:00,12.900540636985188,5.246842490822748,21.27965044784169,12.817961416950984,0.0825792200342032,C,29,-5.907016194684417,26.0,3,,False,1.0,"https://static.www.nfl.com/image/upload/f_auto,q_auto/league/qhkbqrydjeur8zvrrmfl",6.742676554874126,0.121051427417442,0.0,0.0,0.4623666632572398,66.45692292291002,0.2309036214886294,0.0,0.0,0.0,0.0,0.0,0.0,21.5,"[2.56, 4.14, 5.25, 6.23, 7.19, 8.11, 9.0, 9.99, 10.92, 11.95, 12.99, 14.01, 15.07, 16.32, 17.7, 19.34, 21.28, 23.82, 27.84]",Active,True,Active,4428331.0,3,38.0,12.7,2026-10-02 01:47:18,,
70,3,00-0040128,Tyler Warren,TE,IND,WAS,0.0,2026_04_IND_WAS,2026-10-04 09:30:00,12.854797308831388,5.468379239634368,20.182547501090816,11.760759436336532,1.0940378724948552,A,2,9.06898261031441,26.0,2,,False,1.0,"https://static.www.nfl.com/image/upload/f_auto,q_auto/league/f1mfwwrr3qvnxuiackgq",7.222820696449655,0.5673226978626688,0.0114992002793606,0.0,1.3043895723545351,34.29601859968749,0.2279285189271766,0.0,0.0,0.0,0.0,0.0,0.0,22.5,"[2.97, 4.46, 5.47, 6.32, 7.13, 7.97, 9.03, 10.08, 10.89, 11.9, 12.85, 13.61, 14.44, 15.77, 16.92, 18.37, 20.18, 23.23, 26.8]",Active,True,Active,4431459.0,3,39.4,13.1,2026-10-02 01:47:18,,
71,19,00-0037247,George Pickens,WR,DAL,HOU,0.0,2026_04_DAL_HOU,2026-10-04 13:00:00,12.821790006095403,5.168091859932965,21.200899816951903,12.691701948093328,0.1300880580020766,C,5,6.176520103495495,22.75,3,,False,2.0,"https://static.www.nfl.com/image/upload/f_auto,q_auto/league/cbpyykoguf7rsxezqzvk",8.27278007681247,0.0,0.0,0.0,0.0,60.32888527591786,0.2391920354966793,0.0,0.0,0.0,0.0,0.0,0.0,25.75,"[2.48, 4.06, 5.17, 6.16, 7.11, 8.03, 8.92, 9.91, 10.84, 11.88, 12.91, 13.94, 14.99, 16.24, 17.62, 19.26, 21.2, 23.74, 27.76]",Active,True,Active,4426354.0,3,31.0,10.3,2026-10-02 01:47:18,,
72,20,00-0039491,Jalen Coker,WR,CAR,DET,1.0,2026_04_DET_CAR,2026-10-04 20:20:00,12.737206755999072,5.083508609836632,21.11631656685557,12.448391798138084,0.2888149578609873,C,6,5.460722282554286,23.5,3,,False,2.0,"https://static.www.nfl.com/image/upload/f_auto,q_auto/league/yynz8rxen6tsvhojggiv",6.645699475988732,0.0,0.0,0.0,0.0,65.24408220783687,0.2019015037652396,0.0,0.0,0.0,0.0,0.0,0.0,27.0,"[2.4, 3.98, 5.08, 6.07, 7.02, 7.95, 8.83, 9.83, 10.76, 11.79, 12.82, 13.85, 14.91, 16.16, 17.54, 19.17, 21.12, 23.66, 27.68]",Active,True,Active,4695883.0,3,52.2,17.4,2026-10-02 01:47:18,,
73,18,00-0040715,Cam Skattebo,RB,NYG,ARI,1.0,2026_04_ARI_NYG,2026-10-04 13:00:00,12.580718674343526,4.992226626855156,20.200614867979976,12.757332970536988,-0.1766142961934615,C,22,-2.166079106504039,21.0,5,,False,1.0,"https://static.www.nfl.com/image/upload/f_auto,q_auto/league/hlggiqdfvj1f4kntkafr",3.046260717504908,15.864928223799238,0.0,0.0,57.07121448957844,21.939500961006893,0.1148690693760687,0.0,0.0,0.0,0.0,0.0,0.0,23.5,"[2.67, 3.99, 4.99, 6.08, 6.98, 7.85, 8.64, 9.4, 10.26, 11.13, 12.11, 13.15, 14.25, 15.45, 16.97, 18.52, 20.2, 23.16, 26.7]",Active,True,Active,4696981.0,3,36.6,12.2,2026-10-02 01:47:18,,
74,4,00-0030506,Travis Kelce,TE,KC,LV,0.0,2026_04_KC_LV,2026-10-04 16:25:00,12.523201616247878,5.136783547050859,19.85095180850731,11.663460738672494,0.8597408775753834,B,3,6.250448983019159,26.0,2,,False,1.0,"https://static.www.nfl.com/image/upload/f_auto,q_auto/league/dpxovcfku6ud2aohgf6a",6.047863997975819,0.0193392725863978,0.0,0.0,0.0193392725863978,67.09060050940835,0.1871686861047597,0.0,0.0,0.0,0.0,0.0,0.0,21.5,"[2.64, 4.13, 5.14, 5.99, 6.8, 7.64, 8.7, 9.74, 10.56, 11.57, 12.52, 13.28, 14.11, 15.44, 16.59, 18.04, 19.85, 22.9, 26.47]",Active,True,Active,15847.0,3,49.1,16.4,2026-10-02 01:47:18,,
75,33,00-0038128,Malik Willis,QB,MIA,MIN,0.0,2026_04_MIA_MIN,2026-10-04 16:05:00,12.47161940256791,3.795009843632855,20.029094598609525,15.18131292120223,-2.709693518634319,F,32,-5.4406716873357714,14.0,2,,False,1.0,"https://static.www.nfl.com/image/upload/f_auto,q_auto/league/txvgdbwbryzyyqq6gfet",0.0,5.769934413290294,26.18663473086118,195.6353548028493,33.97333203398876,0.0,0.0,0.0,0.0,0.0,0.0,0.0,0.0,24.5,"[0.31, 2.04, 3.8, 5.25, 6.68, 7.8, 8.78, 9.99, 10.94, 11.92, 13.06, 14.03, 15.03, 16.22, 17.27, 18.7, 20.03, 22.24, 25.22]",Active,True,Active,4242512.0,3,39.2,13.1,2026-10-02 01:47:18,,
76,34,00-0036898,Davis Mills,QB,HOU,DAL,1.0,2026_04_DAL_HOU,2026-10-04 13:00:00,12.455313047100164,3.778703488165109,20.01278824314178,11.055783702965035,1.3995293441351269,A,8,2.8460034148627256,25.75,2,,False,2.0,"https://static.www.nfl.com/image/upload/f_auto,q_auto/league/jh9e97vjzmeafx8jz0sn",0.0,2.085888505413698,26.510930637172837,152.24738734102456,10.18678486776864,0.0,0.0,0.0,0.0,0.0,0.0,0.0,0.0,22.75,"[0.29, 2.02, 3.78, 5.23, 6.67, 7.78, 8.77, 9.97, 10.93, 11.9, 13.04, 14.01, 15.01, 16.2, 17.25, 18.68, 20.01, 22.23, 25.21]",Active,True,Active,4242546.0,0,0.0,,2026-10-02 01:47:18,,
77,35,00-0040676,Cam Ward,QB,TEN,BAL,0.0,2026_04_TEN_BAL,2026-10-04 13:00:00,12.45007002286336,3.7734604639283056,20.00754521890498,13.827828967027491,-1.3777589441641318,F,17,-0.0523088510664634,15.5,2,,False,1.0,"https://static.www.nfl.com/image/upload/f_auto,q_auto/league/l7switu6stlwd2irm8yo",0.0,2.7335183669594016,29.719568015319343,173.05925746075772,9.59958811494618,0.0,0.0,0.0,0.0,0.0,0.0,0.0,0.0,27.0,"[0.29, 2.01, 3.77, 5.23, 6.66, 7.78, 8.76, 9.97, 10.92, 11.9, 13.04, 14.01, 15.01, 16.19, 17.25, 18.67, 20.01, 22.22, 25.2]",Active,True,Active,4688380.0,3,41.2,13.7,2026-10-02 01:47:18,,
78,36,00-0039164,Anthony Richardson,QB,IND,WAS,0.0,2026_04_IND_WAS,2026-10-04 09:30:00,12.429613163065882,3.753003604130827,19.9870883591075,3.4195648300792425,9.01004833298664,A+,1,9.491436248094823,26.0,2,,True,2.0,"https://static.www.nfl.com/image/upload/f_auto,q_auto/league/wrddeyklfcgk9qybgofq",0.5216473087496946,1.913410765001221,1.0432946174993891,4.694825778747251,-0.4783526912503054,4.694825778747251,0.0168273325403127,0.0,0.0,0.0,0.0,0.0,0.0,22.5,"[0.27, 1.99, 3.75, 5.21, 6.64, 7.76, 8.74, 9.95, 10.9, 11.88, 13.02, 13.99, 14.98, 16.17, 17.22, 18.65, 19.99, 22.2, 25.18]",Active,True,Active,4429084.0,0,0.0,,2026-10-02 01:47:18,,
79,37,00-0036212,Tua Tagovailoa,QB,ATL,NO,0.0,2026_04_ATL_NO,2026-10-05 20:15:00,12.33175835421362,3.655148795278565,19.88923355025524,12.513493098152235,-0.1817347439386161,C,10,1.169752672446522,22.5,2,,False,2.0,"https://static.www.nfl.com/image/upload/f_auto,q_auto/league/tmm4ohds7qci0vqoobhm",0.0,1.4520663753816494,26.6578658364577,189.00510485329573,2.423225571874506,0.0,0.0,0.0,0.0,0.0,0.0,0.0,0.0,25.0,"[0.17, 1.9, 3.66, 5.11, 6.54, 7.66, 8.64, 9.85, 10.8, 11.78, 12.92, 13.89, 14.89, 16.08, 17.13, 18.56, 19.89, 22.1, 25.08]",Active,True,Active,4241479.0,0,0.0,,2026-10-02 01:47:18,,
80,38,00-0035704,Drew Lock,QB,SEA,LAC,1.0,2026_04_LAC_SEA,2026-10-04 16:25:00,12.209693649263553,3.5330840903284955,19.767168845305168,11.914545101759444,0.2951485475041071,C,23,-1.7777121525390362,24.75,2,,False,2.0,"https://static.www.nfl.com/image/upload/f_auto,q_auto/league/vdixnkk1uglfpwowalf8",0.0,1.1772246091837408,19.1770397792524,168.08224298998329,4.554623411720237,0.0,0.0,0.0,0.0,0.0,0.0,0.0,0.0,17.75,"[0.05, 1.77, 3.53, 4.99, 6.42, 7.54, 8.52, 9.73, 10.68, 11.66, 12.8, 13.77, 14.76, 15.95, 17.0, 18.43, 19.77, 21.98, 24.96]",Active,True,Active,3924327.0,2,34.2,17.1,2026-10-02 01:47:18,,
81,39,00-0039376,Spencer Rattler,QB,NO,ATL,1.0,2026_04_ATL_NO,2026-10-05 20:15:00,11.994655182883442,3.318045623948386,19.552130378925057,11.096358059293328,0.8982971235901136,B,12,0.9369454586797142,25.0,2,,False,2.0,"https://static.www.nfl.com/image/upload/f_auto,q_auto/league/gcgmcf4kex3jsl4rlrng",0.2077629615868428,3.221850474039245,26.26610750980833,166.44826738946674,17.046546489448602,0.0,0.00747145531687,0.0,0.0,0.0,0.0,0.0,0.0,22.5,"[0.0, 1.56, 3.32, 4.77, 6.21, 7.32, 8.31, 9.51, 10.46, 11.44, 12.58, 13.55, 14.55, 15.74, 16.79, 18.22, 19.55, 21.77, 24.75]",Active,True,Active,4426339.0,0,0.0,,2026-10-02 01:47:18,,
82,19,00-0036973,Travis Etienne,RB,NO,ATL,1.0,2026_04_ATL_NO,2026-10-05 20:15:00,11.969819217799635,4.381327170311265,19.589715411436085,11.812634985605309,0.1571842321943286,C,23,-2.612219608636048,25.0,5,,False,1.0,"https://static.www.nfl.com/image/upload/f_auto,q_auto/league/pwko5dybmjie8qqo4qz2",3.841877801869547,11.5526048472987,0.0,0.0,48.40367887913737,18.11488678642646,0.0950473224401101,0.0,0.0,0.0,0.0,0.0,0.0,22.5,"[2.06, 3.38, 4.38, 5.47, 6.37, 7.24, 8.03, 8.79, 9.65, 10.52, 11.5, 12.54, 13.64, 14.84, 16.36, 17.9, 19.59, 22.55, 26.09]",Active,True,Active,4239996.0,3,30.9,10.3,2026-10-02 01:47:18,,
83,21,00-0038997,Josh Downs,WR,IND,WAS,0.0,2026_04_IND_WAS,2026-10-04 09:30:00,11.907540192706453,4.253842046544013,20.28665000356295,11.412441341387328,0.4950988513191241,B,1,8.39903555817399,26.0,3,,False,1.0,"https://static.www.nfl.com/image/upload/f_auto,q_auto/league/z3wahaxpmc6d5lcxgh60",7.40798766249279,0.0603653520477607,0.0,0.0,-0.0812341936092705,55.31919125872468,0.2319038435447594,0.0,0.0,0.0,0.0,0.0,0.0,22.5,"[1.57, 3.15, 4.25, 5.24, 6.19, 7.12, 8.0, 9.0, 9.93, 10.96, 12.0, 13.02, 14.08, 15.33, 16.71, 18.34, 20.29, 22.83, 26.85]",Active,True,Active,4688813.0,3,32.6,10.9,2026-10-02 01:47:18,,
84,20,00-0041027,Jeremiyah Love,RB,ARI,NYG,0.0,2026_04_ARI_NYG,2026-10-04 13:00:00,11.863962651123614,4.275470603635244,19.483858844760064,11.775926904393984,0.0880357467296306,C,9,2.007578881108424,23.5,5,,True,1.0,"https://static.www.nfl.com/image/upload/f_auto,q_auto/league/b12gtjsylmql5v7iyyla",4.030093891366087,13.960945123507212,0.0,0.0,54.77712939747759,14.95345210958434,0.1075875956614967,0.0,0.0,0.0,0.0,0.0,0.0,21.0,"[1.95, 3.27, 4.28, 5.36, 6.26, 7.13, 7.92, 8.68, 9.55, 10.41, 11.39, 12.43, 13.54, 14.73, 16.25, 17.8, 19.48, 22.45, 25.98]",Active,True,Active,4870808.0,3,42.4,14.1,2026-10-02 01:47:18,,
85,22,00-0040124,Tetairoa McMillan,WR,CAR,DET,1.0,2026_04_DET_CAR,2026-10-04 20:20:00,11.856579793664464,4.202881647502024,20.235689604520964,11.567764835803477,0.2888149578609873,C,6,5.460722282554286,23.5,3,,False,1.0,"https://static.www.nfl.com/image/upload/f_auto,q_auto/league/gilgvjemumd6kpc9eiku",7.340609802802738,0.0,0.0,0.0,0.0,61.7212890814714,0.2260920098218071,0.0,0.0,0.0,0.0,0.0,0.0,27.0,"[1.52, 3.1, 4.2, 5.19, 6.14, 7.07, 7.95, 8.94, 9.88, 10.91, 11.94, 12.97, 14.03, 15.27, 16.66, 18.29, 20.24, 22.78, 26.8]",Active,True,Active,4685472.0,3,29.3,9.8,2026-10-02 01:47:18,,
86,5,00-0034383,Dalton Schultz,TE,HOU,DAL,1.0,2026_04_DAL_HOU,2026-10-04 13:00:00,11.709518226790069,4.32310015759305,19.0372684190495,11.158232439564134,0.5512857872259342,B,10,3.189371098759531,25.75,2,,False,1.0,"https://static.www.nfl.com/image/upload/f_auto,q_auto/league/ym8sbkev8l4scnrc0vd8",7.337891700763137,0.0,0.0,0.0,0.0,60.298285504076006,0.1920960625486527,0.0,0.0,0.0,0.0,0.0,0.0,22.75,"[1.82, 3.31, 4.32, 5.17, 5.99, 6.82, 7.89, 8.93, 9.75, 10.76, 11.71, 12.47, 13.3, 14.63, 15.78, 17.22, 19.04, 22.09, 25.66]",Active,True,Active,3117256.0,3,39.5,13.2,2026-10-02 01:47:18,,
87,6,00-0033288,George Kittle,TE,SF,DEN,1.0,2026_04_DEN_SF,2026-10-04 16:25:00,11.655903554559323,4.2694854853623045,18.983653746818757,11.388874154861297,0.2670293996980284,C,18,0.3478976433820792,25.25,2,,False,1.0,"https://static.www.nfl.com/image/upload/f_auto,q_auto/league/vkicdglglkyukgyxtmpx",5.572300536071273,0.0170950578744518,0.0,0.0,-0.0512851736233556,58.58413351448507,0.2064572302971773,0.0,0.0,0.0,0.0,0.0,0.0,22.25,"[1.77, 3.26, 4.27, 5.12, 5.93, 6.77, 7.83, 8.88, 9.7, 10.7, 11.65, 12.41, 13.24, 14.58, 15.72, 17.17, 18.98, 22.03, 25.6]",Active,True,Active,3040151.0,3,47.4,15.8,2026-10-02 01:47:18,,
88,23,00-0040667,Matthew Golden,WR,GB,TB,0.0,2026_04_GB_TB,2026-10-04 13:00:00,11.56951110864275,3.9158129624803104,19.94862091949925,11.958781927041429,-0.3892708183986784,D,31,-6.215328427008356,21.0,3,,False,2.0,"https://static.www.nfl.com/image/upload/f_auto,q_auto/league/dbjki6b0swksr7mk17wk",8.041762998004957,0.1481553049446552,0.0,0.0,0.6546107027623534,68.61132011292801,0.2116133914641987,0.0,0.0,0.0,0.0,0.0,0.0,17.5,"[1.23, 2.81, 3.92, 4.9, 5.85, 6.78, 7.67, 8.66, 9.59, 10.62, 11.66, 12.68, 13.74, 14.99, 16.37, 18.0, 19.95, 22.49, 26.51]",Active,True,Active,4701936.0,3,46.3,15.4,2026-10-02 01:47:18,,
89,24,00-0039424,Devaughn Vele,WR,NO,ATL,1.0,2026_04_ATL_NO,2026-10-05 20:15:00,11.407446140822117,3.753747994659677,19.78655595167861,10.99315797770564,0.4142881631164776,B,8,4.995503941979262,25.0,3,,False,2.0,"https://static.www.nfl.com/image/upload/f_auto,q_auto/league/fa3dwsu8nxzkbf2knczm",6.658449085866937,0.0,0.0,0.0,0.0,52.064458176462246,0.1726663556466391,0.0,0.0,0.0,0.0,0.0,0.0,22.5,"[1.07, 2.65, 3.75, 4.74, 5.69, 6.62, 7.5, 8.5, 9.43, 10.46, 11.49, 12.52, 13.58, 14.83, 16.21, 17.84, 19.79, 22.33, 26.35]",Active,True,Active,4569559.0,3,38.2,12.7,2026-10-02 01:47:18,,
90,7,00-0038933,Dalton Kincaid,TE,BUF,NE,1.0,2026_04_NE_BUF,2026-10-04 13:00:00,11.284795605548265,3.898377536351246,18.612545797807694,11.006701875562635,0.2780937299856294,C,23,-2.4092964454937507,27.75,2,,False,1.0,"https://static.www.nfl.com/image/upload/f_auto,q_auto/league/z7k857flehljboaixj8m",5.196534195979675,0.0,0.0,0.0,0.0,74.44170825084372,0.1856670662458824,0.0,0.0,0.0,0.0,0.0,0.0,20.75,"[1.4, 2.89, 3.9, 4.75, 5.56, 6.4, 7.46, 8.51, 9.32, 10.33, 11.28, 12.04, 12.87, 14.2, 15.35, 16.8, 18.61, 21.66, 25.23]",Active,True,Active,4385690.0,3,44.3,14.8,2026-10-02 01:47:18,,
91,21,00-0040730,RJ Harvey,RB,DEN,SF,0.0,2026_04_DEN_SF,2026-10-04 16:25:00,11.152186238190422,3.5636941907020523,18.772082431826878,11.186382109848951,-0.0341958716585288,C,10,1.9048143191651283,22.25,5,,False,2.0,"https://static.www.nfl.com/image/upload/f_auto,q_auto/league/szxmro5enrxlscvv67xg",4.881466022457531,6.137268436614007,0.0250190436085905,0.0,22.53489829076304,28.728261468460417,0.1576541348896318,0.0,0.0,0.0,0.0,0.0,0.0,25.25,"[1.24, 2.56, 3.56, 4.65, 5.55, 6.42, 7.21, 7.97, 8.83, 9.7, 10.68, 11.72, 12.83, 14.02, 15.54, 17.09, 18.77, 21.74, 25.27]",Active,True,Active,4568490.0,2,18.8,9.4,2026-10-02 01:47:18,,
92,25,00-0034827,DJ Moore,WR,BUF,NE,1.0,2026_04_NE_BUF,2026-10-04 13:00:00,11.135154197608257,3.481456051445817,19.51426400846476,10.572848359118185,0.5623058384900741,B,16,1.298295902273489,27.75,3,,False,1.0,"https://static.www.nfl.com/image/upload/f_auto,q_auto/league/lsavpxtqoqu25emwcnvy",5.848111569105172,0.4539066634391856,0.0123632493288466,0.0247264986576932,0.9148778440506908,50.72541810870423,0.2058775710833923,0.0,0.0,0.0,0.0,0.0,0.0,20.75,"[0.8, 2.38, 3.48, 4.47, 5.42, 6.35, 7.23, 8.22, 9.16, 10.19, 11.22, 12.25, 13.31, 14.55, 15.93, 17.57, 19.51, 22.06, 26.08]",Active,True,Active,3915416.0,3,33.6,11.2,2026-10-02 01:47:18,,
93,26,00-0031588,Stefon Diggs,WR,WAS,IND,1.0,2026_04_IND_WAS,2026-10-04 09:30:00,11.127229259926017,3.473531113763575,19.506339070782516,10.86288960453662,0.2643396553893957,C,3,7.822986345821431,22.5,3,,False,2.0,"https://static.www.nfl.com/image/upload/f_auto,q_auto/league/cemcexmscsarpvwhafln",6.7236325424474686,0.0,0.0,0.0,0.0,46.06559874401152,0.2274749164581763,0.0,0.0,0.0,0.0,0.0,0.0,26.0,"[0.79, 2.37, 3.47, 4.46, 5.41, 6.34, 7.22, 8.22, 9.15, 10.18, 11.21, 12.24, 13.3, 14.55, 15.93, 17.56, 19.51, 22.05, 26.07]",Active,True,Active,2976212.0,3,44.5,14.8,2026-10-02 01:47:18,,
94,40,00-0040234,Quinn Ewers,QB,JAX,CIN,0.0,2026_04_JAX_CIN,2026-10-04 13:00:00,11.10765114070951,2.431041581774455,18.66512633675113,10.572021506796432,0.5356296339130786,B,6,3.309219677725066,24.5,2,,False,2.0,"https://static.www.nfl.com/image/upload/f_auto,q_auto/league/bbcwyjuhyijtqe7jo274",0.259847695550202,2.0178244740875577,21.130547081006902,157.04886036019343,5.040938706750454,-1.5590861733012118,0.0118112588886455,0.0,0.0,0.0,0.0,0.0,0.0,27.0,"[0.0, 0.67, 2.43, 3.89, 5.32, 6.44, 7.42, 8.63, 9.58, 10.55, 11.69, 12.66, 13.66, 14.85, 15.9, 17.33, 18.67, 20.88, 23.86]",Active,True,Active,4889929.0,0,0.0,,2026-10-02 01:47:18,,
95,27,00-0036613,Jaylen Waddle,WR,DEN,SF,0.0,2026_04_DEN_SF,2026-10-04 16:25:00,11.05316647725095,3.399468331088511,19.43227628810745,11.109217271132865,-0.0560507938819121,C,15,1.3268129030466045,22.25,3,,False,1.0,"https://static.www.nfl.com/image/upload/f_auto,q_auto/league/gkh7m1jedon9mwn5jlf1",6.564662652443027,0.3132269988520329,0.0137870354143458,0.1102962833147666,4.332637756457632,51.00367116671987,0.2315305772958074,0.0,0.0,0.0,0.0,0.0,0.0,25.25,"[0.71, 2.3, 3.4, 4.39, 5.34, 6.27, 7.15, 8.14, 9.08, 10.11, 11.14, 12.17, 13.22, 14.47, 15.85, 17.49, 19.43, 21.98, 26.0]",Active,True,Active,4372016.0,3,29.4,9.8,2026-10-02 01:47:18,,
96,28,00-0041037,Denzel Boston,WR,CLE,PIT,1.0,2026_04_PIT_CLE,2026-10-01 20:15:00,10.9861719643967,3.3344253993336856,19.361674976128043,11.358106365074343,-0.3719344006776452,D,19,0.8822686795511868,18.0,3,,True,1.0,"https://static.www.nfl.com/image/upload/f_auto,q_auto/league/ybkny6eh5eegq3bqmony",4.997502328692376,0.0,0.0,0.0,0.0,64.44332392756469,0.1813666621647678,0.0,0.0,0.0,0.0,0.0,0.0,20.5,"[0.65, 2.23, 3.33, 4.32, 5.27, 6.2, 7.08, 8.08, 9.01, 10.04, 11.07, 12.1, 13.17, 14.42, 15.78, 17.42, 19.36, 21.91, 25.93]",Active,True,Active,4832800.0,4,55.4,13.8,2026-10-01 18:48:49,12.9,nflverse
97,29,00-0035659,Terry McLaurin,WR,WAS,IND,1.0,2026_04_IND_WAS,2026-10-04 09:30:00,10.95442155184144,3.300723405679,19.33353136269794,10.690081896452044,0.2643396553893957,C,3,7.822986345821431,22.5,3,,False,1.0,"https://static.www.nfl.com/image/upload/f_auto,q_auto/league/tmfl2zruajmkrtcg4zxp",7.084528170881375,0.0,0.0,0.0,0.0,51.33658321273288,0.2388260738307146,0.0,0.0,0.0,0.0,0.0,0.0,26.0,"[0.62, 2.2, 3.3, 4.29, 5.24, 6.17, 7.05, 8.04, 8.98, 10.01, 11.04, 12.07, 13.13, 14.37, 15.75, 17.39, 19.33, 21.88, 25.9]",Active,True,Active,3121422.0,3,30.1,10.0,2026-10-02 01:47:18,,
98,8,00-0039065,Sam LaPorta,TE,DET,CAR,0.0,2026_04_DET_CAR,2026-10-04 20:20:00,10.947022670589543,3.5606046013925248,18.274772862848977,10.443595284832996,0.503427385756547,B,16,0.8079696650337357,27.0,2,,False,1.0,"https://static.www.nfl.com/image/upload/f_auto,q_auto/league/wxlk7ysg2nfq6h6ntdcu",6.031948053502719,0.0,0.0,0.0,0.0,49.60309150067,0.1736023249825289,0.0,0.0,0.0,0.0,0.0,0.0,23.5,"[1.06, 2.55, 3.56, 4.41, 5.22, 6.06, 7.12, 8.17, 8.99, 9.99, 10.94, 11.7, 12.53, 13.87, 15.01, 16.46, 18.27, 21.33, 24.89]",Active,True,Active,4430027.0,3,34.4,11.5,2026-10-02 01:47:18,,
99,30,00-0040129,Emeka Egbuka,WR,TB,GB,1.0,2026_04_GB_TB,2026-10-04 13:00:00,10.929936694118542,3.276238547956102,19.30904650497504,11.118334298313552,-0.1883976041950106,C,2,8.177499304375138,17.5,3,,False,1.0,"https://static.www.nfl.com/image/upload/f_auto,q_auto/league/z224kbzs62rjuykc0vha",6.815920750884272,0.2507472466823263,0.0,0.0,-0.6230333506484984,46.97511032835275,0.2150210423764978,0.0,0.0,0.0,0.0,0.0,0.0,21.0,"[0.59, 2.17, 3.28, 4.26, 5.22, 6.14, 7.03, 8.02, 8.95, 9.98, 11.02, 12.04, 13.1, 14.35, 15.73, 17.37, 19.31, 21.85, 25.87]",Active,True,Active,4567750.0,3,32.8,10.9,2026-10-02 01:47:18,,
100,31,00-0038117,Wan'Dale Robinson,WR,TEN,BAL,0.0,2026_04_TEN_BAL,2026-10-04 13:00:00,10.912134281525796,3.258436135363355,19.291244092382293,11.604359123229958,-0.6922248417041637,D,18,0.9391502526444228,15.5,3,,False,2.0,"https://static.www.nfl.com/image/upload/f_auto,q_auto/league/yzcvyhmilvxedfjfjglc",7.073116688501145,0.0658994419923077,0.0,0.0,0.1154947468167655,43.909246165093215,0.2381380044407037,0.0,0.0,0.0,0.0,0.0,0.0,27.0,"[0.57, 2.15, 3.26, 4.25, 5.2, 6.12, 7.01, 8.0, 8.93, 9.97, 11.0, 12.03, 13.08, 14.33, 15.71, 17.35, 19.29, 21.84, 25.85]",Active,True,Active,4569587.0,3,29.4,9.8,2026-10-02 01:47:18,,
101,41,00-0035993,Tyler Huntley,QB,BAL,TEN,1.0,2026_04_TEN_BAL,2026-10-04 13:00:00,10.851535448353776,2.174925889418722,18.409010644395394,10.137452486678669,0.7140829616751105,B,22,-1.220489698922593,27.0,2,,False,2.0,"https://static.www.nfl.com/image/upload/f_auto,q_auto/league/fxyjf9d5qkwqjdd8ypvv",0.0,4.874011309853459,13.394582695497885,84.53838697924023,30.15903510247616,0.0,0.0,0.0,0.0,0.0,0.0,0.0,0.0,15.5,"[0.0, 0.42, 2.17, 3.63, 5.06, 6.18, 7.16, 8.37, 9.32, 10.3, 11.44, 12.41, 13.41, 14.6, 15.65, 17.08, 18.41, 20.62, 23.6]",Active,True,Active,4035671.0,0,0.0,,2026-10-02 01:47:18,,
102,22,00-0036875,Rhamondre Stevenson,RB,NE,BUF,0.0,2026_04_NE_BUF,2026-10-04 13:00:00,10.80124853203904,3.212756484550669,18.42114472567549,10.70349981811082,0.0977487139282189,C,3,5.851759662276601,20.75,5,,False,1.0,"https://static.www.nfl.com/image/upload/f_auto,q_auto/league/zmpuirvuw4r04inxth5i",3.432223850988985,10.35905431268294,0.0,0.0,41.800886610029295,22.330518199299338,0.1224442277635386,0.0,0.0,0.0,0.0,0.0,0.0,27.75,"[0.89, 2.21, 3.21, 4.3, 5.2, 6.07, 6.86, 7.62, 8.48, 9.35, 10.33, 11.37, 12.48, 13.67, 15.19, 16.74, 18.42, 21.39, 24.92]",Active,True,Active,4569173.0,3,24.9,8.3,2026-10-02 01:47:18,,
103,32,00-0035719,Deebo Samuel Sr.,WR,SF,DEN,1.0,2026_04_DEN_SF,2026-10-04 16:25:00,10.794493903821676,3.1407957576592347,19.173603714678173,10.532723488786663,0.2617704150350111,C,24,-1.096528818996405,25.25,3,,False,2.0,"https://static.www.nfl.com/image/upload/f_auto,q_auto/league/ntgyhqg6hq7fanhhsqiw",4.157510397081662,1.267405380821216,0.0,0.0,8.377891218003215,50.99207212880006,0.1625317099079847,0.0,0.0,0.0,0.0,0.0,0.0,22.25,"[0.46, 2.04, 3.14, 4.13, 5.08, 6.01, 6.89, 7.88, 8.82, 9.85, 10.88, 11.91, 12.97, 14.21, 15.59, 17.23, 19.17, 21.72, 25.74]",Active,True,Active,3126486.0,3,39.9,13.3,2026-10-02 01:47:18,,
104,42,00-0026158,Joe Flacco,QB,CIN,JAX,1.0,2026_04_JAX_CIN,2026-10-04 13:00:00,10.77375337185915,2.097143812924095,18.33122856790077,10.528416877422764,0.2453364944363869,C,29,-3.4545243615511434,27.0,2,,False,2.0,"https://static.www.nfl.com/image/upload/f_auto,q_auto/league/dre1d2f2d6dxqohzn5l2",0.0,1.61846819152809,27.63853072666092,167.49910196857897,2.3947654933788973,0.0,0.0,0.0,0.0,0.0,0.0,0.0,0.0,24.5,"[0.0, 0.34, 2.1, 3.55, 4.99, 6.1, 7.09, 8.29, 9.24, 10.22, 11.36, 12.33, 13.33, 14.52, 15.57, 17.0, 18.33, 20.54, 23.53]",Active,True,Active,11252.0,0,0.0,,2026-10-02 01:47:18,,
105,33,00-0041438,Carnell Tate,WR,TEN,BAL,0.0,2026_04_TEN_BAL,2026-10-04 13:00:00,10.770789440045831,3.117091293883393,19.14989925090233,11.496906824642586,-0.726117384596753,D,18,0.9391502526444228,15.5,3,,True,1.0,"https://static.www.nfl.com/image/upload/f_auto,q_auto/league/ghpmpzcnigxrdbyvcxke",6.755283226559847,0.0,0.0,0.0,0.0,41.59438481339888,0.2563696653692152,0.0,0.0,0.0,0.0,0.0,0.0,27.0,"[0.43, 2.01, 3.12, 4.11, 5.06, 5.98, 6.87, 7.86, 8.79, 9.82, 10.86, 11.88, 12.94, 14.19, 15.57, 17.21, 19.15, 21.69, 25.71]",Active,True,Active,4871023.0,3,25.3,8.4,2026-10-02 01:47:18,,
106,9,00-0036040,Juwan Johnson,TE,NO,ATL,1.0,2026_04_ATL_NO,2026-10-05 20:15:00,10.762162965943858,3.3757448967468395,18.089913158203288,10.327343993100603,0.4348189728432547,B,12,2.6553933158997904,25.0,2,,False,1.0,"https://static.www.nfl.com/image/upload/f_auto,q_auto/league/ahzqkvhjot6lygwr4ccb",6.188455528242758,0.0,0.0,0.0,0.0,57.0422540781364,0.1603188029541492,0.0,0.0,0.0,0.0,0.0,0.0,22.5,"[0.87, 2.37, 3.38, 4.22, 5.04, 5.87, 6.94, 7.98, 8.8, 9.81, 10.76, 11.52, 12.35, 13.68, 14.83, 16.28, 18.09, 21.14, 24.71]",Active,True,Active,3929645.0,3,48.3,16.1,2026-10-02 01:47:18,,
107,34,00-0035640,DK Metcalf,WR,PIT,CLE,0.0,2026_04_PIT_CLE,2026-10-01 20:15:00,10.756567953553915,3.104821388490903,19.13207096528526,11.008180075266676,-0.2516121217127587,C,21,0.1726916058513213,20.5,3,,False,1.0,"https://static.www.nfl.com/image/upload/f_auto,q_auto/league/kxql4sjfelubhxawu2zh",7.490081435833339,0.0425250305325735,0.0,0.0,0.2551501831954416,39.05273683664774,0.2211161008685406,0.0,0.0,0.0,0.0,0.0,0.0,18.0,"[0.42, 2.0, 3.1, 4.09, 5.04, 5.97, 6.85, 7.85, 8.78, 9.81, 10.84, 11.87, 12.94, 14.19, 15.55, 17.19, 19.13, 21.68, 25.7]",Active,True,Active,4047650.0,4,43.3,10.8,2026-10-01 18:48:49,16.5,nflverse
108,43,00-0035228,Kyler Murray,QB,MIN,MIA,1.0,2026_04_MIA_MIN,2026-10-04 16:05:00,10.725003700301569,2.0483941413665114,18.282478896343186,10.21251361499432,0.5124900853072472,B,20,-0.5819331356799322,24.5,2,,False,1.0,"https://static.www.nfl.com/image/upload/f_auto,q_auto/league/btfruyf33adgnjzpcuen",0.0,3.0697372325447576,21.907137679420124,124.82910849140951,19.34453055410028,0.0,0.0,0.0,0.0,0.0,0.0,0.0,0.0,14.0,"[0.0, 0.29, 2.05, 3.5, 4.94, 6.05, 7.04, 8.24, 9.2, 10.17, 11.31, 12.28, 13.28, 14.47, 15.52, 16.95, 18.28, 20.5, 23.48]",Active,True,Active,3917315.0,2,10.0,5.0,2026-10-02 01:47:18,,
109,35,00-0040735,Luther Burden III,WR,CHI,NYJ,1.0,2026_04_NYJ_CHI,2026-10-04 13:00:00,10.694630154000288,3.0409320078378483,19.073739964856784,10.726109458599424,-0.0314793045991361,C,28,-5.646982532912591,23.5,3,,False,2.0,"https://static.www.nfl.com/image/upload/f_auto,q_auto/league/iyuwdz7pbowdkwzq2tg5",7.022947271508127,0.6359582497044887,0.0,0.0,2.7937939216999474,50.52398836351695,0.223060545981765,0.0,0.0,0.0,0.0,0.0,0.0,20.0,"[0.36, 1.94, 3.04, 4.03, 4.98, 5.91, 6.79, 7.78, 8.72, 9.75, 10.78, 11.81, 12.87, 14.11, 15.49, 17.13, 19.07, 21.62, 25.64]",Active,True,Active,4685278.0,3,35.5,11.8,2026-10-02 01:47:18,,
110,36,00-0034960,Jakobi Meyers,WR,JAX,CIN,0.0,2026_04_JAX_CIN,2026-10-04 13:00:00,10.655458327590704,3.0017601814282644,19.0345681384472,10.47217635143756,0.183281976153145,C,13,2.4019137253772267,24.5,3,,False,2.0,"https://static.www.nfl.com/image/upload/f_auto,q_auto/league/zrs4ij8mvw7wr1uujwew",4.676185535472471,0.3204983789857497,0.0,0.0,0.6985249758084427,45.32869346977298,0.1694753358645332,0.0,0.0,0.0,0.0,0.0,0.0,27.0,"[0.32, 1.9, 3.0, 3.99, 4.94, 5.87, 6.75, 7.74, 8.68, 9.71, 10.74, 11.77, 12.83, 14.07, 15.45, 17.09, 19.03, 21.58, 25.6]",Active,True,Active,3916433.0,3,35.4,11.8,2026-10-02 01:47:18,,
111,10,00-0040663,Harold Fannin Jr.,TE,CLE,PIT,1.0,2026_04_PIT_CLE,2026-10-01 20:15:00,10.632962747148245,3.2454959463647706,17.9558880300731,11.285723663096624,-0.6527609159483792,D,22,-2.3529475438000462,18.0,2,,False,1.0,"https://static.www.nfl.com/image/upload/f_auto,q_auto/league/fxublmpnxx9uggsddwik",6.3562628209199525,0.139022156568308,0.0,0.0,0.2414720493582937,43.92036283346528,0.2207158754838971,0.0,0.0,0.0,0.0,0.0,0.0,20.5,"[0.74, 2.24, 3.25, 4.1, 4.9, 5.73, 6.8, 7.83, 8.65, 9.67, 10.62, 11.39, 12.22, 13.55, 14.7, 16.14, 17.96, 21.01, 24.57]",Active,True,Active,5083076.0,4,50.3,12.6,2026-10-01 18:48:49,11.7,nflverse
112,37,00-0031408,Mike Evans,WR,SF,DEN,1.0,2026_04_DEN_SF,2026-10-04 16:25:00,10.606264626490058,2.9525664803276177,18.98537443734656,10.344494211455045,0.2617704150350128,C,24,-1.096528818996405,25.25,3,,False,1.0,"https://static.www.nfl.com/image/upload/f_auto,q_auto/league/zc4ujpmndyxrbiyyjomz",5.774346942067526,0.0,0.0,0.0,0.0,45.23595220748481,0.2028696982276264,0.0,0.0,0.0,0.0,0.0,0.0,22.25,"[0.27, 1.85, 2.95, 3.94, 4.89, 5.82, 6.7, 7.69, 8.63, 9.66, 10.69, 11.72, 12.78, 14.02, 15.4, 17.04, 18.99, 21.53, 25.55]",Active,True,Active,16737.0,3,37.7,12.6,2026-10-02 01:47:18,,
113,38,00-0030279,Keenan Allen,WR,IND,WAS,0.0,2026_04_IND_WAS,2026-10-04 09:30:00,10.55282877618162,2.8991306300191804,18.93193858703812,10.057729924862496,0.4950988513191241,B,1,8.39903555817399,26.0,3,,False,2.0,"https://static.www.nfl.com/image/upload/f_auto,q_auto/league/ri267r6lzfwarh89hsn6",6.818702469659965,0.0,0.0,0.0,0.0,35.788089904163286,0.2147273905518535,0.0,0.0,0.0,0.0,0.0,0.0,22.5,"[0.21, 1.79, 2.9, 3.89, 4.84, 5.76, 6.65, 7.64, 8.57, 9.61, 10.64, 11.67, 12.72, 13.97, 15.35, 16.99, 18.93, 21.48, 25.49]",Active,True,Active,15818.0,3,29.0,9.7,2026-10-02 01:47:18,,
114,11,00-0037838,Isaiah Likely,TE,NYG,ARI,1.0,2026_04_ARI_NYG,2026-10-04 13:00:00,10.513900593312748,3.127482524115729,17.841650785572178,10.367354031547254,0.1465465617654935,C,7,3.812021372136341,21.0,2,,False,1.0,"https://static.www.nfl.com/image/upload/f_auto,q_auto/league/b1pahldt9ixp9lssxi2d",6.368791458458292,0.0,0.0,0.0,0.0,36.09368143231543,0.2340276693468023,0.0,0.0,0.0,0.0,0.0,0.0,23.5,"[0.63, 2.12, 3.13, 3.98, 4.79, 5.63, 6.69, 7.73, 8.55, 9.56, 10.51, 11.27, 12.1, 13.43, 14.58, 16.03, 17.84, 20.89, 24.46]",Active,True,Active,4361050.0,3,39.4,13.1,2026-10-02 01:47:18,,
115,44,00-0028118,Tyrod Taylor,QB,GB,TB,0.0,2026_04_GB_TB,2026-10-04 13:00:00,10.51084019339029,1.8342306344552348,18.06831538943191,10.915582160592452,-0.4047419672021615,C,11,1.0665115684564523,21.0,2,,False,2.0,"https://static.www.nfl.com/image/upload/f_auto,q_auto/league/whpztm9akd7yefplp37r",0.0,4.392630113608838,21.97938397407632,127.58120332179796,23.004312443238238,0.0,0.0,0.0,0.0,0.0,0.0,0.0,0.0,17.5,"[0.0, 0.08, 1.83, 3.29, 4.72, 5.84, 6.82, 8.03, 8.98, 9.96, 11.1, 12.07, 13.07, 14.25, 15.31, 16.74, 18.07, 20.28, 23.26]",Active,True,Active,14163.0,0,0.0,,2026-10-02 01:47:18,,
116,39,00-0032464,Kalif Raymond,WR,CHI,NYJ,1.0,2026_04_NYJ_CHI,2026-10-04 13:00:00,10.469828261987644,2.816130115825204,18.848938072844145,10.50130756658678,-0.0314793045991361,C,28,-5.646982532912591,23.5,3,,False,3.0,"https://static.www.nfl.com/image/upload/f_auto,q_auto/league/dpdv6dm0almcbjdppizx",5.550629382956113,0.0304008471822314,0.0,0.0,0.2932813157044403,57.53783561181061,0.1850421184147613,0.0,0.0,0.0,0.0,0.0,0.0,20.0,"[0.13, 1.71, 2.82, 3.8, 4.76, 5.68, 6.57, 7.56, 8.49, 9.52, 10.56, 11.58, 12.64, 13.89, 15.27, 16.91, 18.85, 21.39, 25.41]",Active,True,Active,2973405.0,3,46.4,15.5,2026-10-02 01:47:18,,
117,23,00-0034844,Saquon Barkley,RB,PHI,LA,1.0,2026_04_LA_PHI,2026-10-04 13:00:00,10.44193591141522,2.853443863926852,18.06183210505167,11.1239828009111,-0.6820468894958776,D,31,-7.588560590978759,19.5,5,,False,1.0,"https://static.www.nfl.com/image/upload/f_auto,q_auto/league/qcayrzjpura2zydszonh",2.357420135301997,13.59162637008694,0.0,0.0,64.48348697842506,6.141606916678159,0.0880754201619772,0.0,0.0,0.0,0.0,0.0,0.0,23.0,"[0.53, 1.85, 2.85, 3.94, 4.84, 5.71, 6.5, 7.26, 8.12, 8.99, 9.97, 11.01, 12.12, 13.31, 14.83, 16.38, 18.06, 21.03, 24.56]",Active,True,Active,3929630.0,3,21.0,7.0,2026-10-02 01:47:18,,
118,24,00-0040666,Omarion Hampton,RB,LAC,SEA,0.0,2026_04_LAC_SEA,2026-10-04 16:25:00,10.432798787364934,2.844306739876564,18.052694981001384,11.20016776773246,-0.767368980367527,D,25,-2.850719217621903,17.75,5,,False,1.0,"https://static.www.nfl.com/image/upload/f_auto,q_auto/league/lf2jxvxnbexlinoydbej",1.6121099962110526,15.5946943529791,0.0,0.0,61.46926362069792,9.669728628891445,0.0534821345001268,0.0,0.0,0.0,0.0,0.0,0.0,24.75,"[0.52, 1.84, 2.84, 3.93, 4.83, 5.7, 6.49, 7.25, 8.11, 8.98, 9.96, 11.0, 12.11, 13.3, 14.82, 16.37, 18.05, 21.02, 24.55]",Active,True,Active,4685382.0,3,31.4,10.5,2026-10-02 01:47:18,,
119,40,00-0037240,Jameson Williams,WR,DET,CAR,0.0,2026_04_DET_CAR,2026-10-04 20:20:00,10.410077374247589,2.756379228085149,18.789187185104087,10.125676947877738,0.2844004263698512,C,26,-2.118979796046264,27.0,3,,False,2.0,"https://static.www.nfl.com/image/upload/f_auto,q_auto/league/byiptqggtglvy5qrw5wp",5.821972232274104,0.0919973939375864,0.0,0.0,0.2194066411196391,51.05926613307498,0.1649005904536183,0.0,0.0,0.0,0.0,0.0,0.0,23.5,"[0.07, 1.65, 2.76, 3.74, 4.7, 5.62, 6.51, 7.5, 8.43, 9.46, 10.5, 11.52, 12.58, 13.83, 15.21, 16.85, 18.79, 21.33, 25.35]",Active,True,Active,4426388.0,3,22.7,7.6,2026-10-02 01:47:18,,
120,25,00-0040784,Quinshon Judkins,RB,CLE,PIT,1.0,2026_04_PIT_CLE,2026-10-01 20:15:00,10.376526127682784,2.780593605453572,18.000320227788606,10.870778302841805,-0.4942521751590192,D,24,-2.8200375535671576,18.0,5,,False,1.0,"https://static.www.nfl.com/image/upload/f_auto,q_auto/league/ojtce2im0wp2ltyel0vc",2.942799292967808,14.64983051364758,0.0,0.0,45.43047570418091,16.395085378110622,0.103363020128008,0.0,0.0,0.0,0.0,0.0,0.0,20.5,"[0.46, 1.79, 2.78, 3.87, 4.77, 5.65, 6.44, 7.2, 8.06, 8.92, 9.91, 10.95, 12.05, 13.25, 14.77, 16.32, 18.0, 20.96, 24.5]",Active,True,Active,4685702.0,4,48.3,12.1,2026-10-01 18:48:49,21.6,nflverse
121,41,00-0038994,Jordan Addison,WR,MIN,MIA,1.0,2026_04_MIA_MIN,2026-10-04 16:05:00,10.24108879436977,2.5873906482073297,18.620198605226268,10.100311725625996,0.1407770687437732,C,27,-2.8842452928655216,24.5,3,,False,2.0,"https://static.www.nfl.com/image/upload/f_auto,q_auto/league/mi4lzk9gvjrvo6rwdf1e",5.3791485413190525,0.0459636058940561,0.0,0.0,2.236895486844068,38.769809600698,0.2234892486995597,0.0,0.0,0.0,0.0,0.0,0.0,14.0,"[0.0, 1.48, 2.59, 3.58, 4.53, 5.45, 6.34, 7.33, 8.26, 9.29, 10.33, 11.35, 12.41, 13.66, 15.04, 16.68, 18.62, 21.16, 25.18]",Active,True,Active,4429205.0,3,24.1,8.0,2026-10-02 01:47:18,,
122,1,DST_MIN,Minnesota Vikings D/ST,DST,MIN,MIA,1.0,2026_04_MIA_MIN,2026-10-04 16:05:00,10.237410098613514,3.6332673025448265,15.542340510582196,6.682900612124928,3.5545094864885867,A+,2,3.509263083549445,24.5,1,,False,1.0,https://a.espncdn.com/i/teamlogos/nfl/500/min.png,23.64765083793413,27.163107207380005,25.37595936299462,162.05337880119637,104.10519309712193,162.05337880119637,0.0,2.305245095759572,1.9031053785286371,0.0,4.230701626790032,1.8073238781485212,14.750343890666135,14.0,"[1.56, 2.79, 3.63, 4.78, 5.79, 6.4, 6.97, 7.2, 8.23, 9.77, 10.49, 10.79, 11.29, 12.74, 13.11, 15.14, 15.54, 17.0, 20.32]",Active,True,Active,,3,42.0,14.0,2026-10-02 01:47:18,,
123,42,00-0039337,Malik Nabers,WR,NYG,ARI,1.0,2026_04_ARI_NYG,2026-10-04 13:00:00,10.199546851807,2.54584870564456,18.578656662663494,10.121086464197385,0.078460387609617,C,4,6.193341336579187,21.0,3,,False,1.0,"https://static.www.nfl.com/image/upload/f_auto,q_auto/league/w3edoyyuomqlovvp9ixc",6.551800139234638,0.0,0.0,0.0,0.0,35.53705155747222,0.2429967262197971,0.0,0.0,0.0,0.0,0.0,0.0,23.5,"[0.0, 1.44, 2.55, 3.53, 4.48, 5.41, 6.3, 7.29, 8.22, 9.25, 10.29, 11.31, 12.37, 13.62, 15.0, 16.63, 18.58, 21.12, 25.14]",Active,True,Active,4595348.0,3,21.6,7.2,2026-10-02 01:47:18,,
124,43,00-0038563,Tre Tucker,WR,LV,KC,1.0,2026_04_KC_LV,2026-10-04 16:25:00,10.197616161223236,2.5439180150607976,18.576725972079736,10.421929525523796,-0.2243133643005599,C,30,-5.912287602291773,21.5,3,,False,1.0,"https://static.www.nfl.com/image/upload/f_auto,q_auto/league/hazzk3hrcequzosdgzgv",5.11328636542658,0.2142627276566224,0.0,0.0,0.8439276873074625,55.35530034397191,0.1771179860534573,0.0,0.0,0.0,0.0,0.0,0.0,26.0,"[0.0, 1.44, 2.54, 3.53, 4.48, 5.41, 6.29, 7.29, 8.22, 9.25, 10.29, 11.31, 12.37, 13.62, 15.0, 16.63, 18.58, 21.12, 25.14]",Active,True,Active,4428718.0,3,35.9,12.0,2026-10-02 01:47:18,,
125,26,00-0040719,Bhayshul Tuten,RB,JAX,CIN,0.0,2026_04_JAX_CIN,2026-10-04 13:00:00,10.077148788736942,2.488656741248572,17.69704498237339,10.074254112253684,0.0028946764832582,C,18,-0.5610010525680359,24.5,5,,False,1.0,"https://static.www.nfl.com/image/upload/f_auto,q_auto/league/ryjnphuyjbedmgpx5qqj",1.4127074619919586,11.661064423102674,0.0,0.0,54.93463343412898,9.544554133314437,0.0531341965712024,0.0,0.0,0.0,0.0,0.0,0.0,27.0,"[0.16, 1.49, 2.49, 3.57, 4.48, 5.35, 6.14, 6.9, 7.76, 8.63, 9.61, 10.64, 11.75, 12.95, 14.47, 16.01, 17.7, 20.66, 24.2]",Active,True,Active,4882093.0,3,41.0,13.7,2026-10-02 01:47:18,,
126,45,00-0031503,Jameis Winston,QB,NYG,ARI,1.0,2026_04_ARI_NYG,2026-10-04 13:00:00,10.055519938606643,1.3789103796715878,17.61299513464826,8.879664130299583,1.1758558083070607,B,3,4.818733206339908,21.0,2,,False,1.0,"https://static.www.nfl.com/image/upload/f_auto,q_auto/league/e5qyxnibbyawi0pvfpjl",0.0704487213516911,2.051849454240684,23.710179767123183,129.1288830703149,7.694575914465218,2.324807804605808,0.0020720212162262,0.0,0.0,0.0,0.0,0.0,0.0,23.5,"[0.0, 0.0, 1.38, 2.83, 4.27, 5.38, 6.37, 7.57, 8.53, 9.5, 10.64, 11.61, 12.61, 13.8, 14.85, 16.28, 17.61, 19.83, 22.81]",Active,True,Active,2969939.0,2,8.7,4.4,2026-10-02 01:47:18,,
127,27,00-0035261,Tony Pollard,RB,TEN,BAL,0.0,2026_04_TEN_BAL,2026-10-04 13:00:00,9.983505428988243,3.96589248762986,16.649480539962262,10.677513474443078,-0.6940080454548347,D,14,1.2387298874070078,15.5,5,,False,1.0,"https://static.www.nfl.com/image/upload/f_auto,q_auto/league/mb2xdrqiys6ktlcuah2n",2.3607446458751,13.455693810739527,0.0,0.0,61.69133835452742,8.883674196201614,0.0792346119201016,0.0,0.0,0.0,0.0,0.0,0.0,27.0,"[2.46, 3.38, 3.97, 4.54, 5.16, 5.79, 6.44, 7.09, 7.72, 8.49, 9.35, 10.18, 11.15, 12.22, 13.46, 14.8, 16.65, 19.26, 23.15]",Active,True,Active,3916148.0,3,25.5,8.5,2026-10-02 01:47:18,,
128,44,00-0039880,Malik Washington,WR,MIA,MIN,0.0,2026_04_MIA_MIN,2026-10-04 16:05:00,9.960980340453052,3.7269583842503433,16.223352300800514,10.759785000544744,-0.798804660091692,D,14,2.059585338851425,14.0,3,,False,1.0,"https://static.www.nfl.com/image/upload/f_auto,q_auto/league/dmaiwnmaal9nrwfskl28",6.465578058880271,1.0146691803756382,0.0,0.0,4.034940799621005,40.89611274112168,0.2283994431119603,0.0,0.0,0.0,0.0,0.0,0.0,24.5,"[2.18, 3.12, 3.73, 4.32, 4.97, 5.55, 6.14, 6.79, 7.45, 8.16, 8.91, 9.7, 10.77, 11.81, 13.0, 14.49, 16.22, 18.68, 22.18]",Active,True,Active,4569603.0,3,26.1,8.7,2026-10-02 01:47:18,,
129,45,00-0033555,Mack Hollins,WR,NE,BUF,0.0,2026_04_NE_BUF,2026-10-04 13:00:00,9.885910699796913,3.651888743594205,16.148282660144375,10.021821960721605,-0.1359112609246899,C,9,3.373866734524467,20.75,3,,False,3.0,"https://static.www.nfl.com/image/upload/f_auto,q_auto/league/qbz7whjzsittudcecezw",5.401635408817112,0.0137870354143458,0.0,0.0,0.0551481416573833,51.650210847926175,0.1856042100939092,0.0,0.0,0.0,0.0,0.0,0.0,27.75,"[2.11, 3.04, 3.65, 4.24, 4.89, 5.47, 6.06, 6.71, 7.37, 8.08, 8.83, 9.63, 10.7, 11.74, 12.93, 14.42, 16.15, 18.6, 22.11]",Active,True,Active,2991662.0,3,27.6,9.2,2026-10-02 01:47:18,,
130,28,00-0035685,David Montgomery,RB,HOU,DAL,1.0,2026_04_DAL_HOU,2026-10-04 13:00:00,9.768890737394733,3.751277796036348,16.43486584836875,9.375514865102064,0.3933758722926654,B,15,-0.1438908587811942,25.75,5,,False,1.0,"https://static.www.nfl.com/image/upload/f_auto,q_auto/league/csz0c9roa4pqsccothxg",2.082032088965981,11.026494671102393,0.0325888265789487,0.034497600838082,35.00171352759424,14.375709898337464,0.0617531073010697,0.0,0.0,0.0,0.0,0.0,0.0,22.75,"[2.24, 3.16, 3.75, 4.33, 4.95, 5.58, 6.22, 6.87, 7.51, 8.27, 9.13, 9.97, 10.93, 12.01, 13.24, 14.58, 16.43, 19.05, 22.94]",Active,True,Active,4035538.0,3,40.1,13.4,2026-10-02 01:47:18,,
131,46,00-0039915,Ladd McConkey,WR,LAC,SEA,0.0,2026_04_LAC_SEA,2026-10-04 16:25:00,9.67931488757054,3.445292931367833,15.941686847918003,10.495730505652793,-0.8164156180822513,D,32,-10.592631783351624,17.75,3,,False,1.0,"https://static.www.nfl.com/image/upload/f_auto,q_auto/league/q2sk7yforrkiusvruo1o",5.199293953484729,0.0,0.0,0.0,0.0,55.54784272739095,0.1787294569261964,0.0,0.0,0.0,0.0,0.0,0.0,24.75,"[1.9, 2.84, 3.45, 4.04, 4.69, 5.27, 5.85, 6.51, 7.17, 7.88, 8.63, 9.42, 10.49, 11.53, 12.72, 14.21, 15.94, 18.4, 21.9]",Active,True,Active,4612826.0,3,36.3,12.1,2026-10-02 01:47:18,,
132,12,00-0034753,Mark Andrews,TE,BAL,TEN,1.0,2026_04_TEN_BAL,2026-10-04 13:00:00,9.571251435125962,3.8678105065958768,15.71834040436688,9.650672613977203,-0.0794211788512413,C,32,-5.843021876623996,27.0,2,,False,1.0,"https://static.www.nfl.com/image/upload/f_auto,q_auto/league/u4xzz7tclch0tpzm9hhz",5.3830414948499214,0.1600748294930415,0.0,0.0,0.8438894161889787,34.95830295718038,0.2257680848527369,0.0,0.0,0.0,0.0,0.0,0.0,15.5,"[2.34, 3.22, 3.87, 4.55, 5.08, 5.7, 6.33, 6.96, 7.57, 8.34, 9.08, 9.94, 10.83, 11.81, 12.89, 14.1, 15.72, 17.72, 21.42]",Active,True,Active,3116365.0,3,25.2,8.4,2026-10-02 01:47:18,,
133,47,00-0039890,Adonai Mitchell,WR,NYJ,CHI,0.0,2026_04_NYJ_CHI,2026-10-04 13:00:00,9.482110076583629,3.2480881203809204,15.744482036931092,9.825430025269709,-0.34331994868608,C,25,-1.4107067457910378,20.0,3,,False,2.0,"https://static.www.nfl.com/image/upload/f_auto,q_auto/league/hwwacoa3pqapd7pgahfx",6.592093155074614,0.0399633770385345,0.0,0.0,-0.1598535081541381,46.573267056541845,0.2085655170583006,0.0,0.0,0.0,0.0,0.0,0.0,23.5,"[1.71, 2.64, 3.25, 3.84, 4.49, 5.07, 5.66, 6.31, 6.97, 7.68, 8.43, 9.23, 10.29, 11.34, 12.52, 14.01, 15.74, 18.2, 21.7]",Active,True,Active,4597500.0,2,21.3,10.6,2026-10-02 01:47:18,,
134,1,00-0036854,Evan McPherson,K,CIN,JAX,1.0,2026_04_JAX_CIN,2026-10-04 13:00:00,9.45431732864134,4.864290473027183,14.129432147918576,8.95385834069111,0.5004589879502301,B,20,-0.5475258076963834,27.0,1,,False,1.0,"https://static.www.nfl.com/image/upload/f_auto,q_auto/league/t6fs7i54i4n7xjiayoz0",0.0,0.0,0.0,0.0,0.0,0.0,0.0,2.28412565523609,2.7020011099832373,1.243931252663345,0.0,0.0,0.0,24.5,"[2.72, 3.86, 4.86, 5.57, 6.24, 6.81, 7.36, 7.9, 8.47, 9.03, 9.65, 10.28, 10.87, 11.54, 12.32, 13.17, 14.13, 15.48, 17.38]",Active,True,Active,4360234.0,3,42.0,14.0,2026-10-02 01:47:18,,
135,46,00-0028986,Case Keenum,QB,CHI,NYJ,1.0,2026_04_NYJ_CHI,2026-10-04 13:00:00,9.388953474664955,1.289405822160072,18.344421141907475,9.097663482910551,0.2912899917544038,C,18,-0.0715231497068554,23.5,2,,True,2.0,"https://static.www.nfl.com/image/upload/f_auto,q_auto/league/weixhyzal4ntsyszyepu",0.0,4.0,34.0,247.0,6.0,0.0,0.0,0.0,0.0,0.0,0.0,0.0,0.0,20.0,"[0.0, 0.69, 1.29, 1.89, 2.42, 2.9, 3.48, 4.61, 5.98, 6.93, 8.56, 10.16, 11.65, 13.28, 14.8, 16.38, 18.34, 20.49, 23.32]",Active,True,Active,15168.0,1,24.5,24.5,2026-10-02 01:47:18,,
136,13,00-0038129,Cade Otton,TE,TB,GB,1.0,2026_04_GB_TB,2026-10-04 13:00:00,9.371137810521764,3.667696881991677,15.51822677976268,9.758187973181844,-0.3870501626600813,D,14,1.4394009105648635,17.5,2,,False,1.0,"https://static.www.nfl.com/image/upload/f_auto,q_auto/league/yanr6h9aplae3jyzimf7",5.618062116864291,0.0,0.0,0.0,0.0,40.48617187831539,0.1798114237050388,0.0,0.0,0.0,0.0,0.0,0.0,21.0,"[2.14, 3.02, 3.67, 4.35, 4.88, 5.5, 6.13, 6.76, 7.37, 8.14, 8.88, 9.74, 10.63, 11.61, 12.69, 13.9, 15.52, 17.51, 21.22]",Active,True,Active,4243331.0,3,23.0,7.7,2026-10-02 01:47:18,,
137,2,00-0039404,Will Reichard,K,MIN,MIA,1.0,2026_04_MIA_MIN,2026-10-04 16:05:00,9.33073154176954,4.740704686155383,14.005846361046776,8.73660131843776,0.5941302233317796,B,27,-1.5855397500568622,24.5,1,,False,1.0,"https://static.www.nfl.com/image/upload/f_auto,q_auto/league/wv1h4umuddkfss96uutw",0.0,0.0,0.0,0.0,0.0,0.0,0.0,2.305245095759572,1.9031053785286371,0.6973553908360781,0.0,0.0,0.0,14.0,"[2.59, 3.74, 4.74, 5.45, 6.12, 6.68, 7.23, 7.78, 8.34, 8.91, 9.52, 10.15, 10.75, 11.42, 12.19, 13.04, 14.01, 15.35, 17.25]",Active,True,Active,4567104.0,3,33.0,11.0,2026-10-02 01:47:18,,
138,48,00-0034348,Courtland Sutton,WR,DEN,SF,0.0,2026_04_DEN_SF,2026-10-04 16:25:00,9.300878171431892,3.0668562152291834,15.563250131779355,9.356928965313806,-0.0560507938819139,C,15,1.3268129030466045,22.25,3,,False,2.0,"https://static.www.nfl.com/image/upload/f_auto,q_auto/league/kqwmqcrlrwmqcvfuguhs",6.001284093624749,0.0,0.0,0.0,0.0,36.04640481195047,0.1918551619838513,0.0,0.0,0.0,0.0,0.0,0.0,25.25,"[1.52, 2.46, 3.07, 3.66, 4.31, 4.89, 5.48, 6.13, 6.79, 7.5, 8.25, 9.04, 10.11, 11.15, 12.34, 13.83, 15.56, 18.02, 21.52]",Active,True,Active,3128429.0,3,16.2,5.4,2026-10-02 01:47:18,,
139,29,00-0041512,Jadarian Price,RB,SEA,LAC,1.0,2026_04_LAC_SEA,2026-10-04 16:25:00,9.248629864152347,3.231016922793966,15.91460497512637,8.9090800536262,0.3395498105261492,C,20,-0.7759221820207546,24.75,5,,True,1.0,"https://static.www.nfl.com/image/upload/f_auto,q_auto/league/toy90i08oumgbdlvctja",2.36259466759688,9.18452899070798,0.0,0.0,38.58399729891546,7.027596220058464,0.0751586736411366,0.0,0.0,0.0,0.0,0.0,0.0,17.75,"[1.72, 2.64, 3.23, 3.81, 4.43, 5.06, 5.7, 6.35, 6.99, 7.75, 8.61, 9.45, 10.41, 11.49, 12.72, 14.06, 15.91, 18.53, 22.42]",Active,True,Active,4685512.0,3,14.0,4.7,2026-10-02 01:47:18,,
140,49,00-0037261,Khalil Shakir,WR,BUF,NE,1.0,2026_04_NE_BUF,2026-10-04 13:00:00,9.244910576979024,3.010888620776317,15.507282537326487,8.682604738488951,0.5623058384900741,B,16,1.298295902273489,27.75,3,,False,2.0,"https://static.www.nfl.com/image/upload/f_auto,q_auto/league/syvp3hficobwcsim3i9v",5.487795236368505,0.0104667696820212,0.0,0.0,0.0523338484101064,36.284571605919496,0.193548559372601,0.0,0.0,0.0,0.0,0.0,0.0,20.75,"[1.47, 2.4, 3.01, 3.6, 4.25, 4.83, 5.42, 6.07, 6.73, 7.44, 8.19, 8.99, 10.06, 11.1, 12.29, 13.78, 15.51, 17.96, 21.47]",Active,True,Active,4373678.0,3,17.4,5.8,2026-10-02 01:47:18,,
141,30,00-0040236,Kyle Monangai,RB,CHI,NYJ,1.0,2026_04_NYJ_CHI,2026-10-04 13:00:00,9.23251065882071,3.2148977174623266,15.89848576979473,8.706197010526955,0.5263136482937547,B,5,4.821336155600123,23.5,5,,False,2.0,"https://static.www.nfl.com/image/upload/f_auto,q_auto/league/bkkk3uuouhcobydqawro",1.5750088161175284,10.15863765974207,0.0,0.0,53.36256381023493,11.971914953168692,0.0518530575199824,0.0,0.0,0.0,0.0,0.0,0.0,20.0,"[1.7, 2.62, 3.21, 3.79, 4.41, 5.04, 5.69, 6.34, 6.97, 7.74, 8.59, 9.43, 10.4, 11.47, 12.71, 14.05, 15.9, 18.51, 22.4]",Active,True,Active,4608686.0,3,31.3,10.4,2026-10-02 01:47:18,,
142,50,00-0035535,Darius Slayton,WR,IND,WAS,0.0,2026_04_IND_WAS,2026-10-04 09:30:00,9.218423348269152,2.9844013920664434,15.480795308616614,8.723324496950028,0.4950988513191241,B,1,8.39903555817399,26.0,3,,False,3.0,"https://static.www.nfl.com/image/upload/f_auto,q_auto/league/otksyfjll5waf0vsczeu",4.797300823111649,0.0,0.0,0.0,0.0,38.27780556975164,0.164897143238709,0.0,0.0,0.0,0.0,0.0,0.0,22.5,"[1.44, 2.37, 2.98, 3.58, 4.23, 4.81, 5.39, 6.05, 6.71, 7.42, 8.17, 8.96, 10.03, 11.07, 12.26, 13.75, 15.48, 17.93, 21.44]",Active,True,Active,3916945.0,0,0.0,,2026-10-02 01:47:18,,
143,51,00-0041547,KC Concepcion,WR,CLE,PIT,1.0,2026_04_PIT_CLE,2026-10-01 20:15:00,9.166881405435458,2.935542419815671,15.432731525005323,9.49694468776639,-0.3300632823309328,C,19,0.8822686795511868,18.0,3,,True,2.0,"https://static.www.nfl.com/image/upload/f_auto,q_auto/league/ztdyzyngqr1pexyghlt3",6.78287944661831,1.2472144447477769,0.0,0.0,2.578563685200169,25.68426965824421,0.2445750455643877,0.0,0.0,0.0,0.0,0.0,0.0,20.5,"[1.39, 2.32, 2.94, 3.52, 4.18, 4.75, 5.34, 5.99, 6.65, 7.37, 8.11, 8.9, 9.98, 11.02, 12.21, 13.7, 15.43, 17.88, 21.39]",Active,True,Active,4870653.0,4,30.3,7.6,2026-10-01 18:48:49,11.4,nflverse
144,47,00-0040206,Riley Leonard,QB,IND,WAS,0.0,2026_04_IND_WAS,2026-10-04 09:30:00,9.155781642089224,1.0562339895843404,18.11124930933174,7.121650576177423,2.034131065911801,A,1,9.491436248094823,26.0,2,,False,3.0,"https://static.www.nfl.com/image/upload/f_auto,q_auto/league/okxcrf19ylc0hwfefmwl",0.0,1.2391827218484777,14.053963120228923,90.13223116962288,6.034455630100404,-0.7081964636461012,0.0,0.0,0.0,0.0,0.0,0.0,0.0,22.5,"[0.0, 0.46, 1.06, 1.66, 2.19, 2.67, 3.25, 4.38, 5.74, 6.7, 8.32, 9.93, 11.41, 13.05, 14.57, 16.15, 18.11, 20.26, 23.08]",Active,True,Active,4683423.0,0,0.0,,2026-10-02 01:47:18,,
145,52,00-0038393,Dontayvion Wicks,WR,PHI,LA,1.0,2026_04_LA_PHI,2026-10-04 13:00:00,9.139069004755658,2.90504704855295,15.40144096510312,9.282613478835858,-0.1435444740801994,C,10,3.3108720327210457,19.5,3,,False,2.0,"https://static.www.nfl.com/image/upload/f_auto,q_auto/league/v1lt8kpvkn0qw5elyaoz",4.571050383888058,0.0260492985771659,0.0,0.0,0.1562957914629956,49.20560560144693,0.1688556391240461,0.0,0.0,0.0,0.0,0.0,0.0,23.0,"[1.36, 2.3, 2.91, 3.5, 4.15, 4.73, 5.31, 5.97, 6.63, 7.34, 8.09, 8.88, 9.95, 10.99, 12.18, 13.67, 15.4, 17.86, 21.36]",Active,True,Active,4428850.0,3,32.9,11.0,2026-10-02 01:47:18,,
146,2,DST_BAL,Baltimore Ravens D/ST,DST,BAL,TEN,1.0,2026_04_TEN_BAL,2026-10-04 13:00:00,9.127532125063732,3.824503696129624,14.905184441835049,6.146474943645271,2.981057181418461,A+,9,1.7259128326170237,27.0,2,,False,1.0,https://a.espncdn.com/i/teamlogos/nfl/500/bal.png,23.838492362308845,32.127072742741206,24.77600751335991,227.2394842520993,167.20049234395606,227.2394842520993,0.0,2.0032397451601285,3.370335182491598,0.0,1.9608099445573712,1.0581824445051895,24.988021139806506,15.5,"[1.66, 2.93, 3.82, 4.59, 5.25, 5.86, 6.54, 7.06, 7.69, 8.24, 8.9, 9.61, 10.34, 11.23, 12.3, 13.57, 14.91, 16.83, 19.71]",Active,True,Active,,3,13.0,4.3,2026-10-02 01:47:18,,
147,53,00-0036550,Rashod Bateman,WR,BAL,TEN,1.0,2026_04_TEN_BAL,2026-10-04 13:00:00,9.060072578748027,2.8260506225453206,15.322444539095493,8.459946423660128,0.6001261550879011,B,7,5.018187571258456,27.0,3,,False,2.0,"https://static.www.nfl.com/image/upload/f_auto,q_auto/league/gtktmsfcxc1eijwpwzyq",3.901093139675614,0.0,0.0,0.0,0.0,35.1039384381347,0.1529176179079484,0.0,0.0,0.0,0.0,0.0,0.0,15.5,"[1.28, 2.22, 2.83, 3.42, 4.07, 4.65, 5.24, 5.89, 6.55, 7.26, 8.01, 8.8, 9.87, 10.91, 12.1, 13.59, 15.32, 17.78, 21.28]",Active,True,Active,4360939.0,3,27.5,9.2,2026-10-02 01:47:18,,
148,14,00-0038996,Tucker Kraft,TE,GB,TB,0.0,2026_04_GB_TB,2026-10-04 13:00:00,9.054034313263418,3.350593384733333,15.201123282504335,8.949132875953682,0.1049014373097367,C,11,2.9505116831904474,21.0,2,,False,1.0,"https://static.www.nfl.com/image/upload/f_auto,q_auto/league/n6vu44jbq31rydoaadaq",5.697518061075333,0.0198391607971496,0.0,0.0,0.0595174823914489,40.3348577433431,0.1483257070306486,0.0,0.0,0.0,0.0,0.0,0.0,17.5,"[1.82, 2.71, 3.35, 4.03, 4.56, 5.18, 5.81, 6.45, 7.06, 7.82, 8.56, 9.43, 10.31, 11.29, 12.37, 13.58, 15.2, 17.2, 20.9]",Active,True,Active,4572680.0,3,19.6,6.5,2026-10-02 01:47:18,,
149,3,00-0039576,Spencer Shrader,K,IND,WAS,0.0,2026_04_IND_WAS,2026-10-04 09:30:00,8.980037175711887,4.390010320097731,13.655151994989122,8.56018638175936,0.4198507939525271,B,7,1.9122263241274984,26.0,1,,False,1.0,"https://static.www.nfl.com/image/upload/f_auto,q_auto/league/upbporhm1frqfpgalfrk",0.0,0.0,0.0,0.0,0.0,0.0,0.0,2.728638927604776,2.355201083021499,0.8959615375958114,0.0,0.0,0.0,22.5,"[2.24, 3.38, 4.39, 5.1, 5.77, 6.33, 6.88, 7.43, 7.99, 8.56, 9.17, 9.8, 10.4, 11.07, 11.84, 12.69, 13.66, 15.0, 16.9]",Active,True,Active,4571557.0,3,37.0,12.3,2026-10-02 01:47:18,,
150,4,00-0040074,Tyler Loop,K,BAL,TEN,1.0,2026_04_TEN_BAL,2026-10-04 13:00:00,8.955013526848536,4.364986671234379,13.63012834612577,8.21238870109485,0.7426248257536852,A,3,2.667060703864232,27.0,1,,False,1.0,"https://static.www.nfl.com/image/upload/f_auto,q_auto/league/kbwixtntqevptepedhll",0.0,0.0,0.0,0.0,0.0,0.0,0.0,2.0032397451601285,3.370335182491598,0.474016971943184,0.0,0.0,0.0,15.5,"[2.22, 3.36, 4.36, 5.07, 5.75, 6.31, 6.86, 7.4, 7.97, 8.53, 9.15, 9.78, 10.37, 11.04, 11.82, 12.67, 13.63, 14.98, 16.88]",Active,True,Active,4697745.0,3,32.0,10.7,2026-10-02 01:47:18,,
151,31,00-0036139,Rico Dowdle,RB,PIT,CLE,0.0,2026_04_PIT_CLE,2026-10-01 20:15:00,8.951005309001188,2.933837165826313,15.60798338972604,9.340793761711533,-0.389788452710345,D,21,-0.9728736619921746,20.5,5,,False,2.0,"https://static.www.nfl.com/image/upload/f_auto,q_auto/league/mx2bxccuzmdvzbksypws",3.25278904162908,10.018656274308864,0.0,0.0,35.11193547750687,15.40867206699329,0.102777778631652,0.0,0.0,0.0,0.0,0.0,0.0,18.0,"[1.42, 2.35, 2.93, 3.51, 4.13, 4.76, 5.41, 6.05, 6.69, 7.45, 8.31, 9.14, 10.12, 11.18, 12.43, 13.76, 15.61, 18.23, 22.12]",Active,True,Active,4038815.0,2,10.5,5.2,2026-10-01 18:48:49,0.0,nflverse
152,54,00-0038618,Xavier Hutchinson,WR,HOU,DAL,1.0,2026_04_DAL_HOU,2026-10-04 13:00:00,8.80710217458698,2.573080218384272,15.069474134934442,8.466215464477862,0.3408867101091175,C,23,0.0416695941580412,25.75,3,,False,2.0,"https://static.www.nfl.com/image/upload/f_auto,q_auto/league/n5baiu6sg9wh3xhhewkd",6.306692237563692,0.5508423480208711,0.0,0.0,1.386247709797675,37.03668550884928,0.1786816137597286,0.0,0.0,0.0,0.0,0.0,0.0,22.75,"[1.03, 1.96, 2.57, 3.16, 3.81, 4.39, 4.98, 5.63, 6.29, 7.0, 7.75, 8.55, 9.62, 10.66, 11.85, 13.34, 15.07, 17.52, 21.03]",Active,True,Active,4686422.0,3,21.4,7.1,2026-10-02 01:47:18,,
153,32,00-0040734,TreVeyon Henderson,RB,NE,BUF,0.0,2026_04_NE_BUF,2026-10-04 13:00:00,8.803003568598704,2.785390627240321,15.468978679572723,8.705254854670489,0.0977487139282153,C,3,5.851759662276601,20.75,5,,False,2.0,"https://static.www.nfl.com/image/upload/f_auto,q_auto/league/ebcjvwytgu2y4kqm8ihv",1.2433943524678055,11.028979412122483,0.0,0.0,47.14619243548127,6.785859278835062,0.0413983823499935,0.0,0.0,0.0,0.0,0.0,0.0,27.75,"[1.27, 2.2, 2.79, 3.36, 3.98, 4.61, 5.26, 5.91, 6.54, 7.31, 8.17, 9.0, 9.97, 11.04, 12.28, 13.62, 15.47, 18.08, 21.97]",Active,True,Active,4432710.0,2,17.5,8.8,2026-10-02 01:47:18,,
154,55,00-0036252,Michael Pittman,WR,PIT,CLE,0.0,2026_04_PIT_CLE,2026-10-01 20:15:00,8.762632925520881,2.5312939399010945,15.028483045090749,9.01424504723364,-0.2516121217127587,C,21,0.1726916058513213,20.5,3,,False,2.0,"https://static.www.nfl.com/image/upload/f_auto,q_auto/league/q1ythn05kwcmdr4mwzll",5.054611549265942,0.0,0.0,0.0,0.0,38.18943222715584,0.1564349283495074,0.0,0.0,0.0,0.0,0.0,0.0,18.0,"[0.98, 1.92, 2.53, 3.12, 3.77, 4.35, 4.94, 5.59, 6.25, 6.96, 7.71, 8.5, 9.57, 10.61, 11.8, 13.29, 15.03, 17.48, 20.99]",Active,True,Active,4035687.0,3,15.9,5.3,2026-10-01 18:48:49,3.5,nflverse
155,33,00-0036158,J.K. Dobbins,RB,DEN,SF,0.0,2026_04_DEN_SF,2026-10-04 16:25:00,8.730879830503442,2.713266889145059,15.396854941477462,8.76507570216197,-0.0341958716585288,C,10,1.9048143191651283,22.25,5,,False,1.0,"https://static.www.nfl.com/image/upload/f_auto,q_auto/league/cevotvl3ho5h1mioruyg",0.8750941498721279,12.792735920885413,0.0,0.0,49.71945578159796,1.9808941277774277,0.0284412249954315,0.0,0.0,0.0,0.0,0.0,0.0,25.25,"[1.2, 2.12, 2.71, 3.29, 3.91, 4.54, 5.18, 5.83, 6.47, 7.24, 8.09, 8.93, 9.9, 10.97, 12.21, 13.55, 15.4, 18.01, 21.9]",Active,True,Active,4241985.0,3,13.5,4.5,2026-10-02 01:47:18,,
156,15,00-0035229,T.J. Hockenson,TE,MIN,MIA,1.0,2026_04_MIA_MIN,2026-10-04 16:05:00,8.704199082179965,3.00075815364988,14.851288051420884,8.20575293406939,0.4984461481105757,B,6,3.998871188893524,24.5,2,,False,1.0,"https://static.www.nfl.com/image/upload/f_auto,q_auto/league/rs8o65x0u0n9xzde0fd6",4.268852301908492,0.0233960933920988,0.0,0.0,0.0,25.97509629582604,0.1826250096914785,0.0,0.0,0.0,0.0,0.0,0.0,14.0,"[1.47, 2.36, 3.0, 3.68, 4.21, 4.83, 5.46, 6.1, 6.71, 7.47, 8.21, 9.08, 9.96, 10.94, 12.02, 13.23, 14.85, 16.85, 20.55]",Active,True,Active,4036133.0,3,22.6,7.5,2026-10-02 01:47:18,,
157,5,00-0032726,Ka'imi Fairbairn,K,HOU,DAL,1.0,2026_04_DAL_HOU,2026-10-04 13:00:00,8.661422290486227,4.071395434872071,13.336537109763462,8.125867747420337,0.5355545430658903,B,5,2.323053368980979,25.75,1,,False,1.0,"https://static.www.nfl.com/image/upload/f_auto,q_auto/league/nbrs7doetqydf2rzhjjl",0.0,0.0,0.0,0.0,0.0,0.0,0.0,2.097989435375124,1.9881164609376665,0.4177242894962241,0.0,0.0,0.0,22.75,"[1.92, 3.07, 4.07, 4.78, 5.45, 6.02, 6.56, 7.11, 7.67, 8.24, 8.85, 9.48, 10.08, 10.75, 11.52, 12.37, 13.34, 14.68, 16.58]",Active,True,Active,2971573.0,3,20.0,6.7,2026-10-02 01:47:18,,
158,6,00-0033303,Harrison Butker,K,KC,LV,0.0,2026_04_KC_LV,2026-10-04 16:25:00,8.626501151187133,4.036474295572977,13.301615970464368,7.9966319137699955,0.6298692374171377,B,30,-2.390776882744984,26.0,1,,False,1.0,"https://static.www.nfl.com/image/upload/f_auto,q_auto/league/yphf8avl8ji0ncdohabz",0.0,0.0,0.0,0.0,0.0,0.0,0.0,2.588512635211863,2.818565059031083,0.0838429914825109,0.0,0.0,0.0,21.5,"[1.89, 3.03, 4.04, 4.75, 5.42, 5.98, 6.53, 7.08, 7.64, 8.21, 8.82, 9.45, 10.04, 10.71, 11.49, 12.34, 13.3, 14.65, 16.55]",Active,True,Active,3055899.0,3,28.0,9.3,2026-10-02 01:47:18,,
159,56,00-0039894,Xavier Worthy,WR,KC,LV,0.0,2026_04_KC_LV,2026-10-04 16:25:00,8.578595441019166,2.3445734848164577,14.84096740136663,8.496016220984963,0.0825792200342032,C,29,-5.907016194684417,26.0,3,,False,2.0,"https://static.www.nfl.com/image/upload/f_auto,q_auto/league/u6fmnffwteccoxn3uguq",4.906247520375034,0.2062519110608942,0.0,0.0,1.31649425275887,25.61342391238696,0.1589075535183589,0.0,0.0,0.0,0.0,0.0,0.0,21.5,"[0.8, 1.73, 2.34, 2.94, 3.59, 4.17, 4.75, 5.41, 6.07, 6.78, 7.53, 8.32, 9.39, 10.43, 11.62, 13.11, 14.84, 17.29, 20.8]",Active,True,Active,4683062.0,3,22.3,7.4,2026-10-02 01:47:18,,
160,16,00-0031610,Darren Waller,TE,CAR,DET,1.0,2026_04_DET_CAR,2026-10-04 20:20:00,8.559132401933608,2.855691473403523,14.706221371174523,7.328605638480356,1.230526763453252,A,1,13.96173402288592,23.5,2,,False,2.0,"https://static.www.nfl.com/image/upload/f_auto,q_auto/league/loyehiyzcu2lexjk7plq",4.359572061241812,0.0275555042559398,0.0,0.0,0.1102220170237595,36.23907419479909,0.1259657659551893,0.0,0.0,0.0,0.0,0.0,0.0,27.0,"[1.33, 2.21, 2.86, 3.53, 4.06, 4.68, 5.31, 5.95, 6.56, 7.33, 8.07, 8.93, 9.81, 10.8, 11.87, 13.08, 14.71, 16.7, 20.41]",Active,True,Active,2576925.0,3,33.2,11.1,2026-10-02 01:47:18,,
161,57,00-0041523,Caleb Douglas,WR,MIA,MIN,0.0,2026_04_MIA_MIN,2026-10-04 16:05:00,8.55243882238954,2.318416866186832,14.814810782737002,9.294169650342084,-0.7417308279525443,D,14,2.059585338851425,14.0,3,,True,2.0,"https://static.www.nfl.com/image/upload/f_auto,q_auto/league/stwypvmutplwvi1zzbmu",4.913410765001221,0.0,0.0,0.0,0.0,54.8764518437729,0.1920583177134048,0.0,0.0,0.0,0.0,0.0,0.0,24.5,"[0.78, 1.71, 2.32, 2.91, 3.56, 4.14, 4.73, 5.38, 6.04, 6.75, 7.5, 8.3, 9.36, 10.41, 11.59, 13.08, 14.81, 17.27, 20.77]",Active,True,Active,4869645.0,2,18.3,9.2,2026-10-02 01:47:18,,
162,17,00-0034351,Dallas Goedert,TE,PHI,LA,1.0,2026_04_LA_PHI,2026-10-04 13:00:00,8.522730176676092,2.8192892481460063,14.66981914591701,9.213569179482317,-0.690839002806225,D,30,-4.527338198314378,19.5,2,,False,1.0,"https://static.www.nfl.com/image/upload/f_auto,q_auto/league/bafepstxu7vvxb9v5vua",4.462314567931043,0.0518260880810035,0.0,0.0,0.0518260880810035,38.50498647433087,0.1721311350604521,0.0,0.0,0.0,0.0,0.0,0.0,23.0,"[1.29, 2.18, 2.82, 3.5, 4.03, 4.65, 5.28, 5.92, 6.53, 7.29, 8.03, 8.9, 9.78, 10.76, 11.84, 13.05, 14.67, 16.67, 20.37]",Active,True,Active,3121023.0,2,25.1,12.6,2026-10-02 01:47:18,,
163,7,00-0031492,Jason Myers,K,SEA,LAC,1.0,2026_04_LAC_SEA,2026-10-04 16:25:00,8.503301943571884,3.913275087957728,13.17841676284912,8.18322604681215,0.3200758967597341,B,10,1.3864888170450858,24.75,1,,False,1.0,"https://static.www.nfl.com/image/upload/f_auto,q_auto/league/zcd7q9loflr0t5bsvzig",0.0,0.0,0.0,0.0,0.0,0.0,0.0,1.8045913384557477,3.013328950472169,0.3625919613735488,0.0,0.0,0.0,17.75,"[1.76, 2.91, 3.91, 4.62, 5.29, 5.86, 6.4, 6.95, 7.51, 8.08, 8.7, 9.33, 9.92, 10.59, 11.36, 12.22, 13.18, 14.52, 16.43]",Active,True,Active,2473037.0,3,23.0,7.7,2026-10-02 01:47:18,,
164,58,00-0037816,Romeo Doubs,WR,NE,BUF,0.0,2026_04_NE_BUF,2026-10-04 13:00:00,8.498729323481355,2.264707367278646,14.761101283828818,8.634640584406045,-0.1359112609246899,C,9,3.373866734524467,20.75,3,,False,1.0,"https://static.www.nfl.com/image/upload/f_auto,q_auto/league/yxvzijmgwyyigljxfmyb",4.276446013388316,0.0,0.0,0.0,0.0,50.79846561477201,0.1561868493384942,0.0,0.0,0.0,0.0,0.0,0.0,27.75,"[0.72, 1.65, 2.26, 2.86, 3.51, 4.09, 4.67, 5.33, 5.99, 6.7, 7.45, 8.24, 9.31, 10.35, 11.54, 13.03, 14.76, 17.22, 20.72]",Active,True,Active,4361432.0,3,20.5,6.8,2026-10-02 01:47:18,,
165,34,00-0040583,Woody Marks,RB,HOU,DAL,1.0,2026_04_DAL_HOU,2026-10-04 13:00:00,8.49723632400131,2.4796233826429277,15.16321143497533,8.103860451708647,0.3933758722926637,B,15,-0.1438908587811942,25.75,5,,False,2.0,"https://static.www.nfl.com/image/upload/f_auto,q_auto/league/y5ntpcenhhhv98uz2fys",2.516934959509219,9.329572413663463,0.0,0.0,30.29586766729732,10.412303098829412,0.0636323945339864,0.0,0.0,0.0,0.0,0.0,0.0,22.75,"[0.97, 1.89, 2.48, 3.05, 3.67, 4.31, 4.95, 5.6, 6.24, 7.0, 7.86, 8.69, 9.66, 10.74, 11.97, 13.31, 15.16, 17.77, 21.67]",Active,True,Active,4429059.0,3,22.6,7.5,2026-10-02 01:47:18,,
166,48,00-0040398,Brady Cook,QB,MIA,MIN,0.0,2026_04_MIA_MIN,2026-10-04 16:05:00,8.493835972304943,0.3942883198000597,17.44930363954746,11.203529490939264,-2.709693518634321,F,32,-5.4406716873357714,14.0,2,,False,3.0,"https://static.www.nfl.com/image/upload/f_auto,q_auto/league/sk8u7zzg7e3t4vu7xesg",0.0,2.5987608599051746,30.299522356491384,143.6331251169003,9.365168309952535,0.0,0.0,0.0,0.0,0.0,0.0,0.0,0.0,24.5,"[0.0, 0.0, 0.39, 1.0, 1.53, 2.0, 2.59, 3.72, 5.08, 6.03, 7.66, 9.27, 10.75, 12.39, 13.91, 15.48, 17.45, 19.59, 22.42]",Active,True,Active,4429435.0,0,0.0,,2026-10-02 01:47:18,,
167,35,00-0037256,Rachaad White,RB,WAS,IND,1.0,2026_04_IND_WAS,2026-10-04 09:30:00,8.460726921044515,2.443113979686132,15.126702032018535,8.199724639622316,0.2610022814221988,C,7,2.2595088308517264,22.5,5,,False,2.0,"https://static.www.nfl.com/image/upload/f_auto,q_auto/league/wtdhs50gcl2p6vngsnre",2.822472885945408,7.279760989727941,0.0,0.0,33.234691978121795,15.691263483860736,0.0883175822369383,0.0,0.0,0.0,0.0,0.0,0.0,26.0,"[0.93, 1.85, 2.44, 3.02, 3.64, 4.27, 4.91, 5.56, 6.2, 6.97, 7.82, 8.66, 9.63, 10.7, 11.94, 13.28, 15.13, 17.74, 21.63]",Active,True,Active,4697815.0,3,30.1,10.0,2026-10-02 01:47:18,,
168,59,00-0033921,Chris Godwin Jr.,WR,TB,GB,1.0,2026_04_GB_TB,2026-10-04 13:00:00,8.44892701292883,2.2149050567261224,14.711298973276293,8.637324617123841,-0.1883976041950106,C,2,8.177499304375138,17.5,3,,False,2.0,"https://static.www.nfl.com/image/upload/f_auto,q_auto/league/ilkheljdx4hbjpisulke",4.087998270299511,0.4887945887991889,0.0,0.0,3.761189202404162,37.67012316094252,0.1301311963749543,0.0,0.0,0.0,0.0,0.0,0.0,21.0,"[0.67, 1.6, 2.21, 2.81, 3.46, 4.04, 4.62, 5.28, 5.94, 6.65, 7.4, 8.19, 9.26, 10.3, 11.49, 12.98, 14.71, 17.17, 20.67]",Active,True,Active,3116165.0,3,22.6,7.5,2026-10-02 01:47:18,,
169,60,00-0039919,Rome Odunze,WR,CHI,NYJ,1.0,2026_04_NYJ_CHI,2026-10-04 13:00:00,8.44074971476884,2.206727758566132,14.703121675116304,8.472229019367976,-0.0314793045991361,C,28,-5.646982532912591,23.5,3,,False,1.0,"https://static.www.nfl.com/image/upload/f_auto,q_auto/league/niewdl2p2325kpohbw9v",5.161695669517923,0.0,0.0,0.0,0.0,47.06999029856051,0.1625129197679335,0.0,0.0,0.0,0.0,0.0,0.0,20.0,"[0.66, 1.6, 2.21, 2.8, 3.45, 4.03, 4.62, 5.27, 5.93, 6.64, 7.39, 8.18, 9.25, 10.29, 11.48, 12.97, 14.7, 17.16, 20.66]",Active,True,Active,4431299.0,3,21.9,7.3,2026-10-02 01:47:18,,
170,8,00-0034161,Daniel Carlson,K,NO,ATL,1.0,2026_04_ATL_NO,2026-10-05 20:15:00,8.390862232382682,3.800835376768526,13.065977051659916,7.661448298908226,0.729413933474456,A,22,-0.7516245025307127,25.0,1,,False,1.0,"https://static.www.nfl.com/image/upload/f_auto,q_auto/league/gsvj7rtvqwbwdeho8whf",0.0,0.0,0.0,0.0,0.0,0.0,0.0,1.5691442695386115,2.2635750653853086,0.3266587958998891,0.0,0.0,0.0,22.5,"[1.65, 2.8, 3.8, 4.51, 5.18, 5.75, 6.29, 6.84, 7.4, 7.97, 8.58, 9.21, 9.81, 10.48, 11.25, 12.1, 13.07, 14.41, 16.31]",Active,True,Active,3051909.0,3,21.0,7.0,2026-10-02 01:47:18,,
171,9,00-0035269,Matt Gay,K,LV,KC,1.0,2026_04_KC_LV,2026-10-04 16:25:00,8.356667365570033,3.766640509955877,13.031782184847268,8.088509844598315,0.2681575209717177,B,18,-0.1413022691043269,21.5,1,,False,1.0,"https://static.www.nfl.com/image/upload/f_auto,q_auto/league/opglxpqmhu21eydoyvg2",0.0,0.0,0.0,0.0,0.0,0.0,0.0,1.9984024242815817,2.4802601877373047,0.3114308058731826,0.0,0.0,0.0,26.0,"[1.62, 2.76, 3.77, 4.48, 5.15, 5.71, 6.26, 6.81, 7.37, 7.94, 8.55, 9.18, 9.77, 10.44, 11.22, 12.07, 13.03, 14.38, 16.28]",Active,True,Active,4249087.0,3,30.0,10.0,2026-10-02 01:47:18,,
172,36,00-0033906,Alvin Kamara,RB,NO,ATL,1.0,2026_04_ATL_NO,2026-10-05 20:15:00,8.342432566394557,2.3248196250361737,15.008407677368576,8.18524833420023,0.1571842321943268,C,23,-2.612219608636048,25.0,5,,False,2.0,"https://static.www.nfl.com/image/upload/f_auto,q_auto/league/yxebpuskandivlh2iil4",3.389201597540196,9.943690807329675,0.0,0.0,31.75008811613344,10.462021967400087,0.1067401680523904,0.0,0.0,0.0,0.0,0.0,0.0,22.5,"[0.81, 1.73, 2.32, 2.9, 3.52, 4.15, 4.8, 5.45, 6.08, 6.85, 7.7, 8.54, 9.51, 10.58, 11.82, 13.16, 15.01, 17.62, 21.51]",Active,True,Active,3054850.0,2,12.3,6.2,2026-10-02 01:47:18,,
173,3,DST_SEA,Seattle Seahawks D/ST,DST,SEA,LAC,1.0,2026_04_LAC_SEA,2026-10-04 16:25:00,8.282024235285165,2.9789958063510573,14.05967655205648,6.175275973190229,2.1067482620949365,A+,4,3.203969349607077,24.75,2,,False,1.0,https://a.espncdn.com/i/teamlogos/nfl/500/sea.png,30.86590552393105,27.707681204929017,31.602365207013765,265.42507981678074,109.07933850324476,265.42507981678074,0.0,1.8045913384557477,3.013328950472169,0.0,2.428828897983762,1.3983572583960369,16.920583177624305,17.75,"[0.82, 2.08, 2.98, 3.74, 4.4, 5.01, 5.7, 6.22, 6.85, 7.4, 8.06, 8.77, 9.49, 10.39, 11.46, 12.72, 14.06, 15.99, 18.87]",Active,True,Active,,3,22.0,7.3,2026-10-02 01:47:18,,
174,10,00-0040279,Ryan Fitzgerald,K,CAR,DET,1.0,2026_04_DET_CAR,2026-10-04 20:20:00,8.26864312589873,3.678616270284574,12.943757945175966,8.297645169251847,-0.0290020433531168,C,24,-0.8425734216905347,23.5,1,,False,1.0,"https://static.www.nfl.com/image/upload/f_auto,q_auto/league/giy8qnq6njxzwtqvqdsm",0.0,0.0,0.0,0.0,0.0,0.0,0.0,2.165070516843669,2.5883478587553883,0.2714180347476795,0.0,0.0,0.0,27.0,"[1.53, 2.67, 3.68, 4.39, 5.06, 5.62, 6.17, 6.72, 7.28, 7.85, 8.46, 9.09, 9.68, 10.36, 11.13, 11.98, 12.94, 14.29, 16.19]",Active,True,Active,4568263.0,3,33.0,11.0,2026-10-02 01:47:18,,
175,4,DST_PIT,Pittsburgh Steelers D/ST,DST,PIT,CLE,0.0,2026_04_PIT_CLE,2026-10-01 20:15:00,8.248514682541693,2.9454862536075845,14.026166999313007,6.523444590413503,1.7250700921281892,A+,19,-0.5420132292573294,20.5,2,,False,1.0,https://a.espncdn.com/i/teamlogos/nfl/500/pit.png,33.96087391926136,22.76374632795845,36.82129903198264,227.8623497580545,100.40145320903392,227.8623497580545,0.0,2.420106761307827,1.8672270740579504,0.0,2.6214198911049325,1.8841667140079228,21.166323425190026,18.0,"[0.78, 2.05, 2.95, 3.71, 4.37, 4.98, 5.66, 6.18, 6.81, 7.36, 8.02, 8.74, 9.46, 10.35, 11.42, 12.69, 14.03, 15.95, 18.83]",Active,True,Active,,4,37.0,9.2,2026-10-01 18:48:49,6.0,nflverse
176,61,00-0033908,Cooper Kupp,WR,SEA,LAC,1.0,2026_04_LAC_SEA,2026-10-04 16:25:00,8.243644582802268,2.00962262659956,14.50601654314973,7.906129937764741,0.337514645037527,C,11,3.135787328138708,24.75,3,,False,3.0,"https://static.www.nfl.com/image/upload/f_auto,q_auto/league/kjixprihktsfog6wx9sq",3.966435900554071,0.0,0.0113371496216998,0.0,0.0,35.724625998476434,0.1296097959296223,0.0,0.0,0.0,0.0,0.0,0.0,17.75,"[0.47, 1.4, 2.01, 2.6, 3.25, 3.83, 4.42, 5.07, 5.73, 6.44, 7.19, 7.99, 9.06, 10.1, 11.28, 12.77, 14.51, 16.96, 20.47]",Active,True,Active,2977187.0,3,24.1,8.0,2026-10-02 01:47:18,,
177,18,00-0039066,Michael Mayer,TE,LV,KC,1.0,2026_04_KC_LV,2026-10-04 16:25:00,8.236163289965313,2.532722361435228,14.38325225920623,8.082821815413254,0.1533414745520591,C,9,3.3157034183401635,21.5,2,,False,2.0,"https://static.www.nfl.com/image/upload/f_auto,q_auto/league/twnkr9uq1phvukxb5jmh",4.414917900576823,0.0,0.0,0.0,0.0,28.711811681441343,0.1530230643560097,0.0,0.0,0.0,0.0,0.0,0.0,26.0,"[1.01, 1.89, 2.53, 3.21, 3.74, 4.36, 4.99, 5.63, 6.24, 7.01, 7.75, 8.61, 9.49, 10.47, 11.55, 12.76, 14.38, 16.38, 20.08]",Active,True,Active,4429086.0,3,26.7,8.9,2026-10-02 01:47:18,,
178,11,00-0037692,Brandon Aubrey,K,DAL,HOU,0.0,2026_04_DAL_HOU,2026-10-04 13:00:00,8.201076119371137,3.611049263756981,12.876190938648373,8.247419295704816,-0.0463431763336785,C,6,1.976063923332539,22.75,1,,False,1.0,"https://static.www.nfl.com/image/upload/f_auto,q_auto/league/bgwg06zmyohjxvzznbf6",0.0,0.0250799336482186,0.0,0.0,0.1504796018893119,0.0,0.0,2.512025186179952,2.871591661616419,0.427661055676196,0.0,0.0,0.0,25.75,"[1.46, 2.61, 3.61, 4.32, 4.99, 5.56, 6.1, 6.65, 7.21, 7.78, 8.39, 9.02, 9.62, 10.29, 11.06, 11.91, 12.88, 14.22, 16.12]",Active,True,Active,3953687.0,3,28.0,9.3,2026-10-02 01:47:18,,
179,12,00-0035358,Chase McLaughlin,K,TB,GB,1.0,2026_04_GB_TB,2026-10-04 13:00:00,8.20082699506483,3.6108001394506735,12.875941814342063,8.986349700548137,-0.7855227054833076,F,12,0.6577362442234231,17.5,1,,False,1.0,"https://static.www.nfl.com/image/upload/f_auto,q_auto/league/enkzsuyzk232mbq5oe4w",0.0,0.0,0.0,0.0,0.0,0.0,0.0,2.7804196374751986,1.6806200526722217,0.8703181849925502,0.0,0.0,0.0,21.0,"[1.46, 2.61, 3.61, 4.32, 4.99, 5.56, 6.1, 6.65, 7.21, 7.78, 8.39, 9.02, 9.62, 10.29, 11.06, 11.91, 12.88, 14.22, 16.12]",Active,True,Active,3150744.0,3,39.0,13.0,2026-10-02 01:47:18,,
180,13,00-0025565,Nick Folk,K,ATL,NO,0.0,2026_04_ATL_NO,2026-10-05 20:15:00,8.156736974652436,3.5667101190382797,12.83185179392967,7.835468776592764,0.3212681980596716,B,15,0.2459414265322273,22.5,1,,False,1.0,"https://static.www.nfl.com/image/upload/f_auto,q_auto/league/qf6vaghxuoxqw0pyrvg3",0.0,0.0,0.0,0.0,0.0,0.0,0.0,2.3543955000458365,1.3805950539202636,0.3209785479383025,0.0,0.0,0.0,25.0,"[1.42, 2.56, 3.57, 4.28, 4.95, 5.51, 6.06, 6.61, 7.17, 7.74, 8.35, 8.98, 9.57, 10.24, 11.02, 11.87, 12.83, 14.18, 16.08]",Active,True,Active,10621.0,3,21.0,7.0,2026-10-02 01:47:18,,
181,19,00-0038935,Brenton Strange,TE,JAX,CIN,0.0,2026_04_JAX_CIN,2026-10-04 13:00:00,8.128568312167129,2.425127383637044,14.275657281408048,7.476737529813649,0.6518307823534801,B,4,5.4835202008067325,24.5,2,,False,1.0,"https://static.www.nfl.com/image/upload/f_auto,q_auto/league/devxzxwf1sfficgncggm",3.851803345200501,0.0,0.0,0.0,0.0,28.748277490869643,0.1413704074427302,0.0,0.0,0.0,0.0,0.0,0.0,27.0,"[0.9, 1.78, 2.43, 3.1, 3.63, 4.25, 4.88, 5.52, 6.13, 6.9, 7.64, 8.5, 9.38, 10.37, 11.44, 12.65, 14.28, 16.27, 19.98]",Active,True,Active,4430539.0,3,20.2,6.7,2026-10-02 01:47:18,,
182,62,00-0038544,Quentin Johnston,WR,LAC,SEA,0.0,2026_04_LAC_SEA,2026-10-04 16:25:00,8.109776391472458,1.8757544352697495,14.37214835181992,8.92619200955471,-0.8164156180822513,D,32,-10.592631783351624,17.75,3,,False,2.0,"https://static.www.nfl.com/image/upload/f_auto,q_auto/league/lyvsrjh4mjb4dqwp6shm",5.79004672953569,0.2655651525199944,0.0,0.0,1.7832701156924355,30.26188952187143,0.1971400568386011,0.0,0.0,0.0,0.0,0.0,0.0,24.75,"[0.33, 1.27, 1.88, 2.47, 3.12, 3.7, 4.28, 4.94, 5.6, 6.31, 7.06, 7.85, 8.92, 9.96, 11.15, 12.64, 14.37, 16.83, 20.33]",Active,True,Active,4429025.0,3,13.1,4.4,2026-10-02 01:47:18,,
183,14,00-0039172,Jake Bates,K,DET,CAR,0.0,2026_04_DET_CAR,2026-10-04 20:20:00,8.052994581763132,3.4629677261489755,12.728109401040369,7.619298561585297,0.4336960201778348,B,16,0.172244595419916,27.0,1,,False,1.0,"https://static.www.nfl.com/image/upload/f_auto,q_auto/league/umhfee7ax7r8gjdt8okb",0.0,0.0,0.0,0.0,0.0,0.0,0.0,1.3554186472689211,3.704015836264482,0.0612932076796129,0.0,0.0,0.0,23.5,"[1.31, 2.46, 3.46, 4.17, 4.84, 5.41, 5.95, 6.5, 7.06, 7.63, 8.25, 8.88, 9.47, 10.14, 10.91, 11.77, 12.73, 14.07, 15.98]",Active,True,Active,4689936.0,3,21.0,7.0,2026-10-02 01:47:18,,
184,37,00-0036924,Michael Carter,RB,TEN,BAL,0.0,2026_04_TEN_BAL,2026-10-04 13:00:00,8.020651923831926,2.0030389824735426,14.686627034805946,8.71465996928676,-0.6940080454548347,D,14,1.2387298874070078,15.5,5,,False,5.0,"https://static.www.nfl.com/image/upload/f_auto,q_auto/league/cwqrxzouk4gkhfziyqre",3.5248342033119195,7.206478032319148,0.0,0.0,27.50091708362352,20.722956990157414,0.0948861154279747,0.0,0.0,0.0,0.0,0.0,0.0,27.0,"[0.49, 1.41, 2.0, 2.58, 3.2, 3.83, 4.47, 5.12, 5.76, 6.53, 7.38, 8.22, 9.19, 10.26, 11.5, 12.84, 14.69, 17.3, 21.19]",Active,True,Active,4240657.0,0,0.0,,2026-10-02 01:47:18,,
185,20,00-0034829,Mike Gesicki,TE,CIN,JAX,1.0,2026_04_JAX_CIN,2026-10-04 13:00:00,8.017654627991355,2.31421369946127,14.164743597232274,7.709021579266137,0.308633048725218,B,19,-1.1748276045879715,27.0,2,,False,1.0,"https://static.www.nfl.com/image/upload/f_auto,q_auto/league/dykckg6we3cnw9yhpggi",4.265897998838003,0.0,0.0,0.0,0.0,44.14001907341719,0.1229354063672577,0.0,0.0,0.0,0.0,0.0,0.0,24.5,"[0.79, 1.67, 2.31, 2.99, 3.52, 4.14, 4.77, 5.41, 6.02, 6.79, 7.53, 8.39, 9.27, 10.25, 11.33, 12.54, 14.16, 16.16, 19.87]",Active,True,Active,3116164.0,2,31.5,15.8,2026-10-02 01:47:18,,
186,15,00-0031203,Cairo Santos,K,CHI,NYJ,1.0,2026_04_NYJ_CHI,2026-10-04 13:00:00,8.014804462370995,3.4247776067568383,12.68991928164823,8.012963033451879,0.0018414289191159,C,19,-0.4331473406407061,23.5,1,,False,1.0,"https://static.www.nfl.com/image/upload/f_auto,q_auto/league/tz5ecjri52gwpoo9s7be",0.0,0.0,0.0,0.0,0.0,0.0,0.0,1.7539996080644358,3.1871109657380434,0.3208971512024701,0.0,0.0,0.0,20.0,"[1.28, 2.42, 3.42, 4.13, 4.81, 5.37, 5.92, 6.46, 7.03, 7.59, 8.21, 8.84, 9.43, 10.1, 10.88, 11.73, 12.69, 14.04, 15.94]",Active,True,Active,17427.0,3,27.0,9.0,2026-10-02 01:47:18,,
187,16,00-0034173,Eddy Pineiro,K,SF,DEN,1.0,2026_04_DEN_SF,2026-10-04 16:25:00,8.003529991583372,3.413503135969216,12.678644810860607,7.592693082748472,0.4108369088349004,B,8,1.6293955806154716,25.25,1,,False,1.0,"https://static.www.nfl.com/image/upload/f_auto,q_auto/league/v3vtl2t4dfzkueanjfwc",0.0,0.0,0.0,0.0,0.0,0.0,0.0,1.439582074652277,3.878229089371848,0.579306924167131,0.0,0.0,0.0,22.25,"[1.26, 2.41, 3.41, 4.12, 4.79, 5.36, 5.9, 6.45, 7.01, 7.58, 8.2, 8.83, 9.42, 10.09, 10.87, 11.72, 12.68, 14.02, 15.93]",Active,True,Active,4034949.0,3,21.0,7.0,2026-10-02 01:47:18,,
188,38,00-0040242,Jacory Croskey-Merritt,RB,WAS,IND,1.0,2026_04_IND_WAS,2026-10-04 09:30:00,7.990702898569249,1.973089957210866,14.65667800954327,7.729700617147049,0.2610022814221997,C,7,2.2595088308517264,22.5,5,,False,1.0,"https://static.www.nfl.com/image/upload/f_auto,q_auto/league/qew4qhlj4yuf50voko61",0.859117045457915,14.183121944122837,0.0,0.0,46.94230161868253,2.264066206127935,0.0288607987136628,0.0,0.0,0.0,0.0,0.0,0.0,26.0,"[0.46, 1.38, 1.97, 2.55, 3.17, 3.8, 4.44, 5.09, 5.73, 6.5, 7.35, 8.19, 9.16, 10.23, 11.47, 12.81, 14.66, 17.27, 21.16]",Active,True,Active,4575131.0,3,23.7,7.9,2026-10-02 01:47:18,,
189,5,DST_GB,Green Bay Packers D/ST,DST,GB,TB,0.0,2026_04_GB_TB,2026-10-04 13:00:00,7.963844173235,2.6608157443008924,13.741496490006316,5.751909604534403,2.211934568700597,A+,3,3.458907593061693,21.0,2,,False,1.0,https://a.espncdn.com/i/teamlogos/nfl/500/gb.png,36.31040620728054,19.572474528271,37.91661149523377,263.2291579066609,69.49362235873282,263.2291579066609,0.0,1.9298240942855247,2.145430223294712,0.0,2.0915374082521474,0.7539043715161382,28.053536144757327,17.5,"[0.5, 1.76, 2.66, 3.42, 4.09, 4.69, 5.38, 5.9, 6.53, 7.08, 7.74, 8.45, 9.17, 10.07, 11.14, 12.4, 13.74, 15.67, 18.55]",Active,True,Active,,3,4.0,1.3,2026-10-02 01:47:18,,
190,17,00-0039409,Cam Little,K,JAX,CIN,0.0,2026_04_JAX_CIN,2026-10-04 13:00:00,7.8991310967995005,3.309104241185344,12.574245916076736,7.784108593529698,0.1150225032698024,C,11,0.7514899532687435,24.5,1,,False,1.0,"https://static.www.nfl.com/image/upload/f_auto,q_auto/league/mc9goepr7mglrx6ek1fi",0.0,0.0,0.0,0.0,0.0,0.0,0.0,1.9732668474604431,3.3345359485414057,0.1604050470935649,0.0,0.0,0.0,27.0,"[1.16, 2.3, 3.31, 4.02, 4.69, 5.25, 5.8, 6.35, 6.91, 7.48, 8.09, 8.72, 9.32, 9.99, 10.76, 11.61, 12.57, 13.92, 15.82]",Active,True,Active,4686361.0,3,23.0,7.7,2026-10-02 01:47:18,,
191,18,00-0031136,Chris Boswell,K,PIT,CLE,0.0,2026_04_PIT_CLE,2026-10-01 20:15:00,7.845711508783929,3.255684653169773,12.520826328061164,8.078292955272554,-0.2325814464886244,C,2,3.832355036398664,20.5,1,,False,1.0,"https://static.www.nfl.com/image/upload/f_auto,q_auto/league/rxbnhvnfjmheuryvdmuf",0.0,0.0,0.0,0.0,0.0,0.0,0.0,2.420106761307827,1.8672270740579504,0.3622652279459282,0.0,0.0,0.0,18.0,"[1.11, 2.25, 3.26, 3.96, 4.64, 5.2, 5.75, 6.3, 6.86, 7.42, 8.04, 8.67, 9.26, 9.93, 10.71, 11.56, 12.52, 13.87, 15.77]",Active,True,Active,17372.0,4,28.0,7.0,2026-10-01 18:48:49,3.0,nflverse
192,49,00-0040668,Shedeur Sanders,QB,CLE,PIT,1.0,2026_04_PIT_CLE,2026-10-01 20:15:00,7.843171458326346,0.0,16.776334814560474,7.965863330832136,-0.1226918725057899,C,15,0.5436730220857069,18.0,2,,False,2.0,"https://static.www.nfl.com/image/upload/f_auto,q_auto/league/joe08hz6to2madpko8zl",0.0,1.6656839529696852,16.574181961875677,105.92427928794967,13.725992031382392,0.0,0.0,0.0,0.0,0.0,0.0,0.0,0.0,20.5,"[0.0, 0.0, 0.0, 0.37, 0.88, 1.36, 1.95, 3.09, 4.43, 5.37, 6.96, 8.58, 10.09, 11.72, 13.25, 14.8, 16.78, 18.94, 21.77]",Active,True,Active,4432762.0,1,0.0,0.0,2026-10-01 18:48:49,0.0,nflverse
193,63,00-0039410,Ryan Flournoy,WR,DAL,HOU,0.0,2026_04_DAL_HOU,2026-10-04 13:00:00,7.807815241526931,1.5737932853242222,14.070187201874392,7.677727183524855,0.1300880580020758,C,5,6.176520103495495,22.75,3,,False,3.0,"https://static.www.nfl.com/image/upload/f_auto,q_auto/league/tqwq3cgpqu7j9hzoyicx",5.539505597420524,0.0511230678168678,0.0,0.0,0.3096788652315335,26.127470554816878,0.1620222031929808,0.0,0.0,0.0,0.0,0.0,0.0,25.75,"[0.03, 0.96, 1.57, 2.17, 2.81, 3.4, 3.98, 4.64, 5.29, 6.0, 6.75, 7.55, 8.62, 9.66, 10.85, 12.34, 14.07, 16.52, 20.03]",Active,True,Active,5083754.0,3,15.7,5.2,2026-10-02 01:47:18,,
194,21,00-0036894,Pat Freiermuth,TE,PIT,CLE,0.0,2026_04_PIT_CLE,2026-10-01 20:15:00,7.7838451177902,2.0818140128990086,13.925341627963364,7.826971471502159,-0.0431263537119592,C,13,1.7436122437491173,20.5,2,,False,2.0,"https://static.www.nfl.com/image/upload/f_auto,q_auto/league/pyrdsypgggjshiaygkr7",4.356707485854707,0.489123932810074,0.0,0.0,0.7230976824247065,34.596233699072755,0.126772293672144,0.0,0.0,0.0,0.0,0.0,0.0,18.0,"[0.55, 1.44, 2.08, 2.77, 3.3, 3.91, 4.54, 5.17, 5.78, 6.55, 7.3, 8.16, 9.05, 10.03, 11.1, 12.31, 13.93, 15.92, 19.62]",Active,True,Active,4361411.0,4,38.8,9.7,2026-10-01 18:48:49,10.7,nflverse
195,19,00-0038567,Chad Ryland,K,ARI,NYG,0.0,2026_04_ARI_NYG,2026-10-04 13:00:00,7.748327504454969,3.1583006488408127,12.423442323732203,8.180574534930523,-0.4322470304755539,D,32,-4.5893725834490695,23.5,1,,False,1.0,"https://static.www.nfl.com/image/upload/f_auto,q_auto/league/gbfzwbzdl9wj582nh5g9",0.0,0.0,0.0,0.0,0.0,0.0,0.0,2.4029056420543786,2.0334087085687846,0.126989975084401,0.0,0.0,0.0,21.0,"[1.01, 2.15, 3.16, 3.87, 4.54, 5.1, 5.65, 6.2, 6.76, 7.33, 7.94, 8.57, 9.16, 9.84, 10.61, 11.46, 12.42, 13.77, 15.67]",Active,True,Active,4363538.0,3,30.0,10.0,2026-10-02 01:47:18,,
196,64,00-0040727,Tre Harris,WR,LAC,SEA,0.0,2026_04_LAC_SEA,2026-10-04 16:25:00,7.683825403714915,1.449803447512207,13.946197364062378,8.500241021797166,-0.8164156180822504,D,32,-10.592631783351624,17.75,3,,False,3.0,"https://static.www.nfl.com/image/upload/f_auto,q_auto/league/v5ofh8jggzo8rygtpwl7",4.653364196095248,0.0484394878777021,0.0,0.0,0.2547179099455624,42.58065825149318,0.1586377037255019,0.0,0.0,0.0,0.0,0.0,0.0,24.75,"[0.0, 0.84, 1.45, 2.04, 2.69, 3.27, 3.86, 4.51, 5.17, 5.88, 6.63, 7.43, 8.5, 9.54, 10.72, 12.21, 13.95, 16.4, 19.91]",Active,True,Active,4686612.0,3,24.9,8.3,2026-10-02 01:47:18,,
197,65,00-0041042,Malachi Fields,WR,NYG,ARI,1.0,2026_04_ARI_NYG,2026-10-04 13:00:00,7.639291184129586,1.405269227926878,13.901663144477048,7.553017946140117,0.0862732379894692,C,4,6.193341336579187,21.0,3,,True,2.0,"https://static.www.nfl.com/image/upload/f_auto,q_auto/league/tpls1aptxx9x8xaqvjtj",3.939812217267826,0.0,0.0,0.0,0.0,24.486935875572687,0.1389325218800462,0.0,0.0,0.0,0.0,0.0,0.0,23.5,"[0.0, 0.8, 1.41, 2.0, 2.65, 3.23, 3.81, 4.47, 5.13, 5.84, 6.59, 7.38, 8.45, 9.49, 10.68, 12.17, 13.9, 16.36, 19.86]",Active,True,Active,4682648.0,3,13.4,4.5,2026-10-02 01:47:18,,
198,66,00-0039739,Roman Wilson,WR,PIT,CLE,0.0,2026_04_PIT_CLE,2026-10-01 20:15:00,7.630848532419935,1.3995095468001484,13.8966986519898,7.882460654132694,-0.2516121217127587,C,21,0.1726916058513213,20.5,3,,False,3.0,"https://static.www.nfl.com/image/upload/f_auto,q_auto/league/xuhjoscmhmmsutbvfmrs",5.142020871601246,0.0,0.0,0.0,0.0,33.91311426423057,0.1510783798672094,0.0,0.0,0.0,0.0,0.0,0.0,18.0,"[0.0, 0.79, 1.4, 1.99, 2.64, 3.22, 3.81, 4.46, 5.12, 5.83, 6.58, 7.37, 8.44, 9.48, 10.67, 12.16, 13.9, 16.35, 19.85]",Active,True,Active,4431492.0,4,44.8,11.2,2026-10-01 18:48:49,16.4,nflverse
199,20,00-0039498,Harrison Mevis,K,LA,PHI,0.0,2026_04_LA_PHI,2026-10-04 13:00:00,7.583215432663626,2.993188577049469,12.258330251940862,7.700032264773504,-0.1168168321098779,C,13,0.5596322373774306,23.0,1,,False,1.0,"https://static.www.nfl.com/image/upload/f_auto,q_auto/league/yjmtai1e4eqbsw2yk6mh",0.0,0.0,0.0,0.0,0.0,0.0,0.0,1.7792796105122786,2.745340358623593,0.049866352938594,0.0,0.0,0.0,19.5,"[0.84, 1.99, 2.99, 3.7, 4.37, 4.94, 5.48, 6.03, 6.59, 7.16, 7.78, 8.41, 9.0, 9.67, 10.44, 11.3, 12.26, 13.6, 15.51]",Active,True,Active,4574716.0,3,20.0,6.7,2026-10-02 01:47:18,,
200,6,DST_LA,Los Angeles Rams D/ST,DST,LA,PHI,0.0,2026_04_LA_PHI,2026-10-04 13:00:00,7.496531938948591,2.193503510014483,13.274184255719906,6.058631924037721,1.4379000149108698,A+,8,1.9109172556609224,23.0,2,,False,1.0,https://a.espncdn.com/i/teamlogos/nfl/500/lar.png,35.94113543405123,26.866906588363324,38.21127976718287,298.53975651508466,131.4989893761472,298.53975651508466,0.0,1.7792668665788265,2.7896014637740456,0.0,1.470746109172882,1.1542676355130832,21.766845015605146,19.5,"[0.03, 1.3, 2.19, 2.96, 3.62, 4.23, 4.91, 5.43, 6.06, 6.61, 7.27, 7.98, 8.7, 9.6, 10.67, 11.94, 13.27, 15.2, 18.08]",Active,True,Active,,3,15.0,5.0,2026-10-02 01:47:18,,
201,21,00-0038428,Andre Szmyt,K,CLE,PIT,1.0,2026_04_PIT_CLE,2026-10-01 20:15:00,7.452954105377888,2.8629272497637315,12.128068924655125,8.191319009803893,-0.738364904426005,F,14,0.3218400879842804,18.0,1,,False,1.0,"https://static.www.nfl.com/image/upload/f_auto,q_auto/league/tkah6glpysuyq2a54gts",0.0,0.0,0.0,0.0,0.0,0.0,0.0,1.890984431355636,1.38069777726851,0.3285253159269565,0.0,0.0,0.0,20.5,"[0.71, 1.86, 2.86, 3.57, 4.24, 4.81, 5.35, 5.9, 6.46, 7.03, 7.65, 8.28, 8.87, 9.54, 10.31, 11.17, 12.13, 13.47, 15.38]",Active,True,Active,4258620.0,4,38.0,9.5,2026-10-01 18:48:49,12.0,nflverse
202,67,00-0039893,Brian Thomas Jr.,WR,JAX,CIN,0.0,2026_04_JAX_CIN,2026-10-04 13:00:00,7.436198042373453,1.202176086170745,13.698570002720915,7.25291606622031,0.1832819761531432,C,13,2.4019137253772267,24.5,3,,False,3.0,"https://static.www.nfl.com/image/upload/f_auto,q_auto/league/plnekkriys4cm11rnxwl",4.43454802068836,0.0459897493033986,0.0,0.0,0.2948097494039496,33.73566225304101,0.1573134302252217,0.0,0.0,0.0,0.0,0.0,0.0,27.0,"[0.0, 0.59, 1.2, 1.79, 2.44, 3.02, 3.61, 4.26, 4.92, 5.63, 6.38, 7.18, 8.25, 9.29, 10.48, 11.97, 13.7, 16.15, 19.66]",Active,True,Active,4432773.0,3,15.8,5.3,2026-10-02 01:47:18,,
203,50,00-0036972,Mac Jones,QB,SF,DEN,1.0,2026_04_DEN_SF,2026-10-04 16:25:00,7.416785957193741,0.0,16.372253624436258,7.156133720135302,0.260652237058439,C,26,-2.2619894548193504,25.25,2,,False,2.0,"https://static.www.nfl.com/image/upload/f_auto,q_auto/league/mbdwfwiuhl0ib5ajtmzq",0.0,2.550791665885668,13.195763649164624,97.04601661493572,2.6325732993488,0.0,0.0,0.0,0.0,0.0,0.0,0.0,0.0,22.25,"[0.0, 0.0, 0.0, 0.0, 0.45, 0.93, 1.51, 2.64, 4.0, 4.96, 6.58, 8.19, 9.67, 11.31, 12.83, 14.41, 16.37, 18.52, 21.34]",Active,True,Active,4241464.0,1,-0.2,-0.2,2026-10-02 01:47:18,,
204,22,00-0036162,Tyler Bass,K,BUF,NE,1.0,2026_04_NE_BUF,2026-10-04 13:00:00,7.398097238214901,2.8080703826007447,12.073212057492135,7.017491970910825,0.3806052673040758,B,31,-3.5203005168762025,27.75,1,,True,1.0,"https://static.www.nfl.com/image/upload/f_auto,q_auto/league/rwidgp7jp8vxhssi7und",0.0,0.0,0.0,0.0,0.0,0.0,0.0,1.2773083361138642,3.9975023286923768,0.0,0.0,0.0,0.0,20.75,"[0.66, 1.8, 2.81, 3.52, 4.19, 4.75, 5.3, 5.85, 6.41, 6.98, 7.59, 8.22, 8.81, 9.49, 10.26, 11.11, 12.07, 13.42, 15.32]",Active,True,Active,3917232.0,3,23.0,7.7,2026-10-02 01:47:18,,
205,68,00-0039901,Keon Coleman,WR,BUF,NE,1.0,2026_04_NE_BUF,2026-10-04 13:00:00,7.394521658411841,1.1604997022091323,13.656893618759304,6.832215819921767,0.5623058384900741,B,16,1.298295902273489,27.75,3,,False,3.0,"https://static.www.nfl.com/image/upload/f_auto,q_auto/league/cm7g87waetksjouyjgvg",3.316511699816982,0.0,0.0,0.0,0.0,33.12684176705654,0.1174690755996887,0.0,0.0,0.0,0.0,0.0,0.0,20.75,"[0.0, 0.55, 1.16, 1.75, 2.4, 2.98, 3.57, 4.22, 4.88, 5.59, 6.34, 7.14, 8.21, 9.25, 10.44, 11.92, 13.66, 16.11, 19.62]",Active,True,Active,4635008.0,3,18.1,6.0,2026-10-02 01:47:18,,
206,22,00-0041032,Kenyon Sadiq,TE,NYJ,CHI,0.0,2026_04_NYJ_CHI,2026-10-04 13:00:00,7.389381311124145,1.68594038259406,13.536470280365062,7.9173882345230355,-0.5280069233988902,D,26,-3.493769087092728,20.0,2,,True,1.0,"https://static.www.nfl.com/image/upload/f_auto,q_auto/league/mnswulwto4yqkgmugoiq",4.812973337984398,0.3049045561723282,0.0,0.0,0.9147136685169844,50.12794897321471,0.1480551503192777,0.0,0.0,0.0,0.0,0.0,0.0,23.5,"[0.16, 1.04, 1.69, 2.36, 2.89, 3.51, 4.14, 4.78, 5.39, 6.16, 6.9, 7.76, 8.65, 9.63, 10.7, 11.91, 13.54, 15.53, 19.24]",Active,True,Active,5083315.0,3,38.6,12.9,2026-10-02 01:47:18,,
207,39,00-0036919,Kenny Gainwell,RB,TB,GB,1.0,2026_04_GB_TB,2026-10-04 13:00:00,7.367133329110863,1.34952038775248,14.033108440084884,7.2895680739040465,0.0775652552068164,C,2,6.2542016385632255,17.5,5,,False,2.0,"https://static.www.nfl.com/image/upload/f_auto,q_auto/league/eo62l8ec8e3lzt86ihth",4.089477980902494,4.33381824672946,0.0,0.0,14.046014721761306,15.559411585002051,0.1247930188731478,0.0,0.0,0.0,0.0,0.0,0.0,21.0,"[0.0, 0.76, 1.35, 1.92, 2.54, 3.18, 3.82, 4.47, 5.11, 5.87, 6.73, 7.56, 8.53, 9.6, 10.84, 12.18, 14.03, 16.64, 20.54]",Active,True,Active,4371733.0,3,10.3,3.4,2026-10-02 01:47:18,,
208,23,00-0040200,Andy Borregales,K,NE,BUF,0.0,2026_04_NE_BUF,2026-10-04 13:00:00,7.354653298331819,2.7646264427176623,12.029768117609054,7.841110385998462,-0.4864570876666434,D,17,-0.0186130557386704,20.75,1,,False,1.0,"https://static.www.nfl.com/image/upload/f_auto,q_auto/league/x2fxn5qf6zkgmvedjpys",0.0,0.0,0.0,0.0,0.0,0.0,0.0,2.1965073557523422,1.5750584026896872,0.2583250583899478,0.0,0.0,0.0,27.75,"[0.62, 1.76, 2.76, 3.47, 4.14, 4.71, 5.26, 5.8, 6.37, 6.93, 7.55, 8.18, 8.77, 9.44, 10.22, 11.07, 12.03, 13.38, 15.28]",Active,True,Active,4569923.0,3,20.0,6.7,2026-10-02 01:47:18,,
209,40,00-0039738,Blake Corum,RB,LA,PHI,0.0,2026_04_LA_PHI,2026-10-04 13:00:00,7.309031132263886,1.2914181909055031,13.975006243237909,7.600180562097069,-0.2911494298331831,C,26,-2.876077649310401,23.0,5,,False,2.0,"https://static.www.nfl.com/image/upload/f_auto,q_auto/league/axzqbqjkrbwfzodwwakq",1.5443071256684873,9.196813087138692,0.0,0.0,47.56694839560914,4.677073352544264,0.036696227787192,0.0,0.0,0.0,0.0,0.0,0.0,19.5,"[0.0, 0.7, 1.29, 1.87, 2.49, 3.12, 3.76, 4.41, 5.05, 5.81, 6.67, 7.51, 8.48, 9.55, 10.78, 12.12, 13.98, 16.59, 20.48]",Active,True,Active,4429096.0,3,19.1,6.4,2026-10-02 01:47:18,,
210,7,DST_CHI,Chicago Bears D/ST,DST,CHI,NYJ,1.0,2026_04_NYJ_CHI,2026-10-04 13:00:00,7.288383489836782,1.9853550609026744,13.066035806608095,6.286864079837635,1.0015194099991476,A,13,0.5379427302856654,23.5,2,,False,1.0,https://a.espncdn.com/i/teamlogos/nfl/500/chi.png,31.30297369497652,33.39582924781505,33.89078335615838,239.83852994539745,167.251517475852,239.83852994539745,0.0,1.807849313816946,3.156802541219061,0.0,2.2889113654810527,1.8247430683328705,18.864735070269266,20.0,"[-0.18, 1.09, 1.99, 2.75, 3.41, 4.02, 4.7, 5.22, 5.85, 6.4, 7.06, 7.78, 8.5, 9.39, 10.46, 11.73, 13.07, 14.99, 17.87]",Active,True,Active,,3,25.0,8.3,2026-10-02 01:47:18,,
211,41,00-0035537,Ty Johnson,RB,BUF,NE,1.0,2026_04_NE_BUF,2026-10-04 13:00:00,7.279206011886872,1.2615930705284892,13.945181122860893,6.591432365598559,0.6877736462883135,B,12,1.507263443180865,27.75,5,,False,2.0,"https://static.www.nfl.com/image/upload/f_auto,q_auto/league/zruhihypizhtgpvsaj3c",2.7230243547356863,2.5801851372233235,0.0,0.0,9.640763048827628,27.63508616727913,0.1001458282234594,0.0,0.0,0.0,0.0,0.0,0.0,20.75,"[0.0, 0.67, 1.26, 1.84, 2.46, 3.09, 3.73, 4.38, 5.02, 5.78, 6.64, 7.48, 8.45, 9.52, 10.75, 12.09, 13.95, 16.56, 20.45]",Active,True,Active,3915411.0,1,9.0,9.0,2026-10-02 01:47:18,,
212,69,00-0033307,Kendrick Bourne,WR,ARI,NYG,0.0,2026_04_ARI_NYG,2026-10-04 13:00:00,7.24752935341032,1.0135073972076114,13.509901313757783,7.142121332848598,0.1054080205617218,C,12,2.912329204649089,23.5,3,,False,3.0,"https://static.www.nfl.com/image/upload/f_auto,q_auto/league/yzfa94cmhpcqamrwzdzk",4.114542449891011,0.0,0.0,0.0,0.0,32.91546117825198,0.1167336520355691,0.0,0.0,0.0,0.0,0.0,0.0,21.0,"[0.0, 0.4, 1.01, 1.6, 2.25, 2.84, 3.42, 4.08, 4.73, 5.44, 6.19, 6.99, 8.06, 9.1, 10.29, 11.78, 13.51, 15.96, 19.47]",Active,True,Active,3045523.0,3,22.8,7.6,2026-10-02 01:47:18,,
213,24,00-0041182,Drew Stevens,K,WAS,IND,1.0,2026_04_IND_WAS,2026-10-04 09:30:00,7.228004378286942,2.6379775226727853,11.903119197564177,7.162191208701325,0.065813169585617,C,4,2.361907799607312,22.5,1,,True,1.0,"https://static.www.nfl.com/image/upload/f_auto,q_auto/league/dzlynw7seoaqck1r2il3",0.0,0.0,0.0,0.0,0.0,0.0,0.0,2.3325007762307925,2.725189335193759,0.6674992237692077,0.0,0.0,0.0,26.0,"[0.49, 1.63, 2.64, 3.35, 4.02, 4.58, 5.13, 5.68, 6.24, 6.81, 7.42, 8.05, 8.64, 9.32, 10.09, 10.94, 11.9, 13.25, 15.15]",Active,True,Active,5081335.0,3,23.0,7.7,2026-10-02 01:47:18,,
214,25,00-0032569,Wil Lutz,K,DEN,SF,0.0,2026_04_DEN_SF,2026-10-04 16:25:00,7.197128883606678,2.607102027992521,11.872243702883914,7.521868088904835,-0.3247392052981572,D,23,-0.7575698554924764,22.25,1,,False,1.0,"https://static.www.nfl.com/image/upload/f_auto,q_auto/league/vcglg5vsgbiyggwibgy0",0.0,0.0,0.0,0.0,0.0,0.0,0.0,1.615004605261498,1.8438278227185416,0.088041958647492,0.0,0.0,0.0,25.25,"[0.46, 1.6, 2.61, 3.32, 3.99, 4.55, 5.1, 5.65, 6.21, 6.78, 7.39, 8.02, 8.61, 9.28, 10.06, 10.91, 11.87, 13.22, 15.12]",Active,True,Active,2985659.0,3,14.0,4.7,2026-10-02 01:47:18,,
215,26,00-0040899,Trey Smack,K,GB,TB,0.0,2026_04_GB_TB,2026-10-04 13:00:00,7.1675258234875,2.5774989678733435,11.842640642764737,7.175759148724513,-0.008233325237013,C,1,5.845641608177513,21.0,1,,True,1.0,"https://static.www.nfl.com/image/upload/f_auto,q_auto/league/zierx6p09ilfe0o0ckj7",0.0,0.0,0.0,0.0,0.0,0.0,0.0,1.9423098885754488,2.0,0.3049045561723282,0.0,0.0,0.0,17.5,"[0.43, 1.57, 2.58, 3.29, 3.96, 4.52, 5.07, 5.62, 6.18, 6.75, 7.36, 7.99, 8.58, 9.26, 10.03, 10.88, 11.84, 13.19, 15.09]",Active,True,Active,4869461.0,3,22.0,7.3,2026-10-02 01:47:18,,
216,23,00-0038041,Jake Ferguson,TE,DAL,HOU,0.0,2026_04_DAL_HOU,2026-10-04 13:00:00,7.098108762319501,1.3946678337894154,13.24519773156042,7.009087631879917,0.0890211304395833,C,17,0.7362689755862672,22.75,2,,False,1.0,"https://static.www.nfl.com/image/upload/f_auto,q_auto/league/xpykb0tbosfwsn6dqstb",4.175902188047609,0.0193392725863978,0.0,0.0,0.0193392725863978,26.15672329652635,0.1195936395872287,0.0,0.0,0.0,0.0,0.0,0.0,25.75,"[0.0, 0.75, 1.39, 2.07, 2.6, 3.22, 3.85, 4.49, 5.1, 5.87, 6.61, 7.47, 8.35, 9.34, 10.41, 11.62, 13.25, 15.24, 18.95]",Active,True,Active,4242355.0,3,32.2,10.7,2026-10-02 01:47:18,,
217,24,00-0039793,AJ Barner,TE,SEA,LAC,1.0,2026_04_LAC_SEA,2026-10-04 16:25:00,7.084572454594376,1.381131526064291,13.231661423835297,7.2859310322872926,-0.2013585776929165,C,31,-4.708632296414569,24.75,2,,False,1.0,"https://static.www.nfl.com/image/upload/f_auto,q_auto/league/i0esiguve9if4ts5mm1q",4.054317280616446,0.3766098281185289,0.0,0.0,0.4414068425751922,30.87941717330907,0.1148563278994863,0.0,0.0,0.0,0.0,0.0,0.0,17.75,"[0.0, 0.74, 1.38, 2.06, 2.59, 3.21, 3.84, 4.48, 5.09, 5.85, 6.59, 7.46, 8.34, 9.32, 10.4, 11.61, 13.23, 15.23, 18.93]",Active,True,Active,4576297.0,3,23.1,7.7,2026-10-02 01:47:18,,
218,25,00-0037809,Chig Okonkwo,TE,WAS,IND,1.0,2026_04_IND_WAS,2026-10-04 09:30:00,7.07596207615966,1.3725211476295751,13.223051045400576,6.81632850490162,0.2596335712580409,C,8,3.4382524007819595,22.5,2,,False,1.0,"https://static.www.nfl.com/image/upload/f_auto,q_auto/league/pzcez6pi9tpdqkmjjnzk",4.301068789397512,0.0,0.0,0.0,0.0,27.563198424141035,0.1406228943256502,0.0,0.0,0.0,0.0,0.0,0.0,26.0,"[0.0, 0.73, 1.37, 2.05, 2.58, 3.2, 3.83, 4.47, 5.08, 5.85, 6.59, 7.45, 8.33, 9.31, 10.39, 11.6, 13.22, 15.22, 18.92]",Active,True,Active,4360635.0,1,3.6,3.6,2026-10-02 01:47:18,,
219,8,DST_BUF,Buffalo Bills D/ST,DST,BUF,NE,1.0,2026_04_NE_BUF,2026-10-04 13:00:00,7.058566178075232,1.7555377491411237,12.836218494846548,6.031161706104273,1.027404471970959,A,6,2.0910641304212665,27.75,2,,False,1.0,https://a.espncdn.com/i/teamlogos/nfl/500/buf.png,27.986778699074705,31.038860755823187,29.13964113477433,252.29307494392853,157.31270407528086,252.29307494392853,0.0,1.278586695142376,3.709134028844409,0.0,2.550894210646005,1.0423793771515075,24.51065057546671,20.75,"[-0.41, 0.86, 1.76, 2.52, 3.18, 3.79, 4.47, 4.99, 5.62, 6.17, 6.83, 7.55, 8.27, 9.16, 10.23, 11.5, 12.84, 14.76, 17.64]",Active,True,Active,,3,14.0,4.7,2026-10-02 01:47:18,,
220,42,00-0037263,Tyler Allgeier,RB,ARI,NYG,0.0,2026_04_ARI_NYG,2026-10-04 13:00:00,6.998681476688692,0.9810685353303086,13.664656587662712,6.912090211190133,0.0865912654985585,C,9,2.007578881108424,23.5,5,,False,2.0,"https://static.www.nfl.com/image/upload/f_auto,q_auto/league/sp9lhhmpv4qy3xy2msxd",2.2045034923354927,7.835072405290439,0.0,0.0,24.184778869537062,8.409562561090294,0.0599435657633861,0.0,0.0,0.0,0.0,0.0,0.0,21.0,"[0.0, 0.39, 0.98, 1.56, 2.18, 2.81, 3.45, 4.1, 4.74, 5.5, 6.36, 7.2, 8.16, 9.24, 10.47, 11.81, 13.66, 16.28, 20.17]",Active,True,Active,4373626.0,3,17.8,5.9,2026-10-02 01:47:18,,
221,9,DST_ARI,Arizona Cardinals D/ST,DST,ARI,NYG,0.0,2026_04_ARI_NYG,2026-10-04 13:00:00,6.937055328375416,1.6340268994413076,12.714707645146731,6.039069581656116,0.8979857467193,A,7,2.0779078401393387,23.5,2,,False,1.0,https://a.espncdn.com/i/teamlogos/nfl/500/ari.png,37.59236548634291,24.09133098365046,39.19497798769675,230.8470588398104,90.65456304198104,230.8470588398104,0.0,2.4029056420543786,2.0334087085687846,0.0,1.3789388029096872,1.2098360241005115,28.689521746017643,21.0,"[-0.53, 0.74, 1.63, 2.4, 3.06, 3.67, 4.35, 4.87, 5.5, 6.05, 6.71, 7.42, 8.15, 9.04, 10.11, 11.38, 12.71, 14.64, 17.52]",Active,True,Active,,3,10.0,3.3,2026-10-02 01:47:18,,
222,26,00-0033110,Tyler Higbee,TE,LA,PHI,0.0,2026_04_LA_PHI,2026-10-04 13:00:00,6.933666145567065,1.2302252170369794,13.080755114807982,7.208513365167214,-0.274847219600149,D,28,-3.9300048215336423,23.0,2,,False,4.0,"https://static.www.nfl.com/image/upload/f_auto,q_auto/league/x1d4osiefibd04df6gow",5.127321533744176,0.0,0.0,0.0,0.0,34.613313422732354,0.1260017152655903,0.0,0.0,0.0,0.0,0.0,0.0,19.5,"[0.0, 0.59, 1.23, 1.91, 2.44, 3.06, 3.69, 4.33, 4.94, 5.7, 6.44, 7.31, 8.19, 9.17, 10.25, 11.46, 13.08, 15.08, 18.78]",Active,True,Active,2573401.0,2,21.4,10.7,2026-10-02 01:47:18,,
223,27,00-0040126,Colston Loveland,TE,CHI,NYJ,1.0,2026_04_NYJ_CHI,2026-10-04 13:00:00,6.9208139399515005,1.2173730114214152,13.06790290919242,7.076706890658236,-0.1558929507067352,C,24,-2.716544703002372,23.5,2,,False,1.0,"https://static.www.nfl.com/image/upload/f_auto,q_auto/league/cnxiyi76jeahgx94nh6d",4.36586823199094,0.0209335393640425,0.0,0.0,-0.0418670787280851,26.95630652296621,0.1340682626838867,0.0,0.0,0.0,0.0,0.0,0.0,20.0,"[0.0, 0.57, 1.22, 1.9, 2.43, 3.05, 3.68, 4.31, 4.92, 5.69, 6.43, 7.29, 8.18, 9.16, 10.24, 11.45, 13.07, 15.06, 18.77]",Active,True,Active,4723086.0,3,8.4,2.8,2026-10-02 01:47:18,,
224,27,00-0041145,Dominic Zvada,K,NYG,ARI,1.0,2026_04_ARI_NYG,2026-10-04 13:00:00,6.901185102417138,2.311158246802981,11.576299921694371,7.374346491742612,-0.4731613893254742,D,29,-2.2038911710265547,21.0,1,,True,1.0,"https://static.www.nfl.com/image/upload/f_auto,q_auto/league/rej45oauer8jysbtwbxm",0.0,0.0,0.0,0.0,0.0,0.0,0.0,2.1153802228491028,1.2196182246893128,0.3325007762307923,0.0,0.0,0.0,23.5,"[0.16, 1.31, 2.31, 3.02, 3.69, 4.26, 4.8, 5.35, 5.91, 6.48, 7.09, 7.72, 8.32, 8.99, 9.76, 10.61, 11.58, 12.92, 14.82]",Active,True,Active,5082424.0,3,24.0,8.0,2026-10-02 01:47:18,,
225,28,00-0040736,Mason Taylor,TE,NYJ,CHI,0.0,2026_04_NYJ_CHI,2026-10-04 13:00:00,6.896088103716188,1.192647175186103,13.043177072957109,7.422987043813524,-0.5268989400973361,D,26,-3.493769087092728,20.0,2,,False,2.0,"https://static.www.nfl.com/image/upload/f_auto,q_auto/league/xittx9gih104lw1atfiv",4.45060403591124,0.0,0.0,0.0,0.0,18.848168682777864,0.1629948312533091,0.0,0.0,0.0,0.0,0.0,0.0,23.5,"[0.0, 0.55, 1.19, 1.87, 2.4, 3.02, 3.65, 4.29, 4.9, 5.67, 6.41, 7.27, 8.15, 9.13, 10.21, 11.42, 13.04, 15.04, 18.74]",Active,True,Active,4808766.0,1,1.8,1.8,2026-10-02 01:47:18,,
226,29,00-0033090,Hunter Henry,TE,NE,BUF,0.0,2026_04_NE_BUF,2026-10-04 13:00:00,6.845271674138775,1.14183074560869,12.992360643379694,7.164323404543684,-0.319051730404909,D,20,-1.8605082462296856,20.75,2,,False,1.0,"https://static.www.nfl.com/image/upload/f_auto,q_auto/league/cvlunbqgztudbhjrug7l",3.726766441336048,0.0,0.0,0.0,0.0,28.326572661669104,0.1420936185861333,0.0,0.0,0.0,0.0,0.0,0.0,27.75,"[0.0, 0.5, 1.14, 1.82, 2.35, 2.97, 3.6, 4.24, 4.85, 5.61, 6.36, 7.22, 8.1, 9.08, 10.16, 11.37, 12.99, 14.99, 18.69]",Active,True,Active,3046439.0,3,14.1,4.7,2026-10-02 01:47:18,,
227,70,00-0040134,Pat Bryant,WR,DEN,SF,0.0,2026_04_DEN_SF,2026-10-04 16:25:00,6.817643078449894,0.5836211222471857,13.080015038797356,6.873693872331809,-0.0560507938819148,C,15,1.3268129030466045,22.25,3,,False,3.0,"https://static.www.nfl.com/image/upload/f_auto,q_auto/league/n91hznzkfpftxhqt1qd9",3.146860169337095,0.2691713653539387,0.0,0.0,3.810435756938213,28.909259046205797,0.1045084696604236,0.0,0.0,0.0,0.0,0.0,0.0,25.25,"[0.0, 0.0, 0.58, 1.18, 1.82, 2.41, 2.99, 3.65, 4.3, 5.01, 5.76, 6.56, 7.63, 8.67, 9.86, 11.35, 13.08, 15.53, 19.04]",Active,True,Active,4600981.0,3,24.2,8.1,2026-10-02 01:47:18,,
228,28,00-0033787,Jake Elliott,K,PHI,LA,1.0,2026_04_LA_PHI,2026-10-04 13:00:00,6.755186930655396,2.165160075041239,11.430301749932632,7.4399491080528595,-0.6847621773974639,F,28,-1.852271741081072,19.5,1,,False,1.0,"https://static.www.nfl.com/image/upload/f_auto,q_auto/league/gxy1mhbnz1p2nufkg8qz",0.0,0.0,0.0,0.0,0.0,0.0,0.0,0.9811806777692748,2.281332969532653,0.2748303115189168,0.0,0.0,0.0,23.0,"[0.02, 1.16, 2.17, 2.87, 3.55, 4.11, 4.66, 5.2, 5.77, 6.33, 6.95, 7.58, 8.17, 8.84, 9.62, 10.47, 11.43, 12.78, 14.68]",Active,True,Active,3050478.0,3,15.0,5.0,2026-10-02 01:47:18,,
229,71,00-0037545,Rashid Shaheed,WR,SEA,LAC,1.0,2026_04_LAC_SEA,2026-10-04 16:25:00,6.7082370653539325,0.4742151091512241,12.970609025701396,6.3707224203164055,0.337514645037527,C,11,3.135787328138708,24.75,3,,False,2.0,"https://static.www.nfl.com/image/upload/f_auto,q_auto/league/ku2naisfbxmzgagxojnm",4.016261394693548,0.4622293960686465,0.0,0.0,2.568634063375412,21.999507159078803,0.1372428820307513,0.0,0.0,0.0,0.0,0.0,0.0,17.75,"[0.0, 0.0, 0.47, 1.07, 1.71, 2.3, 2.88, 3.54, 4.2, 4.91, 5.66, 6.45, 7.52, 8.56, 9.75, 11.24, 12.97, 15.42, 18.93]",Active,True,Active,4032473.0,3,11.7,3.9,2026-10-02 01:47:18,,
230,72,00-0041048,Ted Hurst III,WR,TB,GB,1.0,2026_04_GB_TB,2026-10-04 13:00:00,6.685918999762775,0.4518970435600664,12.94829096011024,6.857891026683267,-0.1719720269204918,C,2,8.177499304375138,17.5,3,,True,3.0,"https://static.www.nfl.com/image/upload/f_auto,q_auto/league/mmf6qmo6a2evw4feupcm",4.330003104923169,0.0,0.0,0.0,0.0,34.45787168431038,0.1354882946413425,0.0,0.0,0.0,0.0,0.0,0.0,21.0,"[0.0, 0.0, 0.45, 1.04, 1.69, 2.27, 2.86, 3.51, 4.17, 4.88, 5.63, 6.43, 7.5, 8.54, 9.73, 11.22, 12.95, 15.4, 18.91]",Active,True,Active,5220680.0,3,22.3,7.4,2026-10-02 01:47:18,,
231,73,00-0036309,Darnell Mooney,WR,NYG,ARI,1.0,2026_04_ARI_NYG,2026-10-04 13:00:00,6.679973054353021,0.4459510981503127,12.942345014700484,6.601512666743405,0.0784603876096161,C,4,6.193341336579187,21.0,3,,False,3.0,"https://static.www.nfl.com/image/upload/f_auto,q_auto/league/eaejonwaflt9drrs9ika",3.282274449724022,0.2574517468289853,0.0,0.0,2.317065721460868,30.73018244073949,0.1206068731375349,0.0,0.0,0.0,0.0,0.0,0.0,23.5,"[0.0, 0.0, 0.45, 1.04, 1.69, 2.27, 2.86, 3.51, 4.17, 4.88, 5.63, 6.42, 7.49, 8.53, 9.72, 11.21, 12.94, 15.4, 18.9]",Active,True,Active,4040655.0,3,16.4,5.5,2026-10-02 01:47:18,,
232,29,00-0034794,Jason Sanders,K,NYJ,CHI,0.0,2026_04_NYJ_CHI,2026-10-04 13:00:00,6.6770913272075605,2.087064471593404,11.352206146484797,7.319794683489912,-0.6427033562823512,F,25,-0.9835427597063862,20.0,1,,True,1.0,"https://static.www.nfl.com/image/upload/f_auto,q_auto/league/k3ldptfygihmqgl2eir6",0.0,0.0,0.0,0.0,0.0,0.0,0.0,1.9147136685169843,1.6374053324031206,0.6098091123446564,0.0,0.0,0.0,23.5,"[0.0, 1.08, 2.09, 2.8, 3.47, 4.03, 4.58, 5.13, 5.69, 6.26, 6.87, 7.5, 8.09, 8.76, 9.54, 10.39, 11.35, 12.7, 14.6]",Active,True,Active,3124679.0,3,24.0,8.0,2026-10-02 01:47:18,,
233,51,00-0033662,Cooper Rush,QB,ATL,NO,0.0,2026_04_ATL_NO,2026-10-05 20:15:00,6.673578544023588,0.0,15.629046211266106,6.855313287962202,-0.1817347439386143,C,10,1.169752672446522,22.5,2,,False,3.0,"https://static.www.nfl.com/image/upload/f_auto,q_auto/league/mwrtykpswz7nbfisqlmj",0.0,1.01656963899525,17.92945432177285,104.57384802942843,7.538896819231397,0.0,0.0,0.0,0.0,0.0,0.0,0.0,0.0,25.0,"[0.0, 0.0, 0.0, 0.0, 0.0, 0.18, 0.77, 1.9, 3.26, 4.21, 5.84, 7.45, 8.93, 10.57, 12.09, 13.66, 15.63, 17.77, 20.6]",Active,True,Active,2972515.0,2,5.2,2.6,2026-10-02 01:47:18,,
234,30,00-0036816,Riley Patterson,K,MIA,MIN,0.0,2026_04_MIA_MIN,2026-10-04 16:05:00,6.654612757089209,2.064585901475053,11.329727576366444,7.639594403282781,-0.984981646193572,F,21,-0.7416100894089961,14.0,1,,False,1.0,"https://static.www.nfl.com/image/upload/f_auto,q_auto/league/xjg7x98iyq5hlgjc62ot",0.0,0.0,0.0,0.0,0.0,0.0,0.0,2.104987570496167,1.294553659463869,0.0806029841899727,0.0,0.0,0.0,24.5,"[0.0, 1.06, 2.06, 2.77, 3.44, 4.01, 4.56, 5.1, 5.67, 6.23, 6.85, 7.48, 8.07, 8.74, 9.52, 10.37, 11.33, 12.68, 14.58]",Active,True,Active,4243371.0,3,17.0,5.7,2026-10-02 01:47:18,,
235,52,00-0035264,Jarrett Stidham,QB,DEN,SF,0.0,2026_04_DEN_SF,2026-10-04 16:25:00,6.635859071759022,0.0,15.59132673900154,7.191569333633586,-0.5557102618745642,D,21,-0.8667822483799028,22.25,2,,True,2.0,"https://static.www.nfl.com/image/upload/f_auto,q_auto/league/uzdn86skeienyyqxyiuw",0.0,2.564941926249084,16.17106657124053,69.37909206370938,11.51953540999267,0.0,0.0,0.0,0.0,0.0,0.0,0.0,0.0,25.25,"[0.0, 0.0, 0.0, 0.0, 0.0, 0.15, 0.73, 1.86, 3.22, 4.18, 5.8, 7.41, 8.89, 10.53, 12.05, 13.63, 15.59, 17.74, 20.56]",Active,True,Active,3892775.0,0,0.0,,2026-10-02 01:47:18,,
236,10,DST_KC,Kansas City Chiefs D/ST,DST,KC,LV,0.0,2026_04_KC_LV,2026-10-04 16:25:00,6.617790666543849,1.3147622376097408,12.395442983315164,5.999295240938446,0.6184954256054027,A,22,-1.0354689947039133,26.0,2,,False,1.0,https://a.espncdn.com/i/teamlogos/nfl/500/kc.png,30.48086023216589,28.51551946848893,32.747566106269424,254.49019291164765,134.45554177826327,254.49019291164765,0.0,2.588512635211863,2.818565059031083,0.0,1.2383272996929553,1.4118144511557775,17.500099816473366,21.5,"[-0.85, 0.42, 1.31, 2.08, 2.74, 3.35, 4.03, 4.55, 5.18, 5.73, 6.39, 7.1, 7.83, 8.72, 9.79, 11.06, 12.4, 14.32, 17.2]",Active,True,Active,,3,20.0,6.7,2026-10-02 01:47:18,,
237,30,00-0036970,Kyle Pitts,TE,ATL,NO,0.0,2026_04_ATL_NO,2026-10-05 20:15:00,6.61512296126117,0.9116820327310844,12.762211930502088,6.1817049822874885,0.4334179789736812,B,5,5.168305531266417,22.5,2,,False,1.0,"https://static.www.nfl.com/image/upload/f_auto,q_auto/league/xczipzxvytnmvgznhhb4",3.593378062137196,0.0,0.0,0.0,0.0,22.26226325349187,0.1272977292073231,0.0,0.0,0.0,0.0,0.0,0.0,25.0,"[0.0, 0.27, 0.91, 1.59, 2.12, 2.74, 3.37, 4.01, 4.62, 5.38, 6.13, 6.99, 7.87, 8.85, 9.93, 11.14, 12.76, 14.76, 18.46]",Active,True,Active,4360248.0,3,4.0,1.3,2026-10-02 01:47:18,,
238,74,00-0038608,Kayshon Boutte,WR,HOU,DAL,1.0,2026_04_DAL_HOU,2026-10-04 13:00:00,6.577887600911639,0.3438656447089308,12.840259561259105,6.237000890802522,0.3408867101091175,C,23,0.0416695941580412,25.75,3,,False,3.0,"https://static.www.nfl.com/image/upload/f_auto,q_auto/league/mg4icjqhwhnc5uobmau5",3.26312762705692,0.0,0.0,0.0,0.0,29.610742980286403,0.0992323756967432,0.0,0.0,0.0,0.0,0.0,0.0,22.75,"[0.0, 0.0, 0.34, 0.94, 1.58, 2.17, 2.75, 3.41, 4.06, 4.77, 5.52, 6.32, 7.39, 8.43, 9.62, 11.11, 12.84, 15.29, 18.8]",Active,True,Active,4429022.0,3,13.9,4.6,2026-10-02 01:47:18,,
239,11,DST_NO,New Orleans Saints D/ST,DST,NO,ATL,1.0,2026_04_ATL_NO,2026-10-05 20:15:00,6.5731948692901705,1.2701664403560624,12.350847186061486,6.094456088810081,0.4787387804800893,B,1,5.9113888042679,25.0,2,,False,1.0,https://a.espncdn.com/i/teamlogos/nfl/500/no.png,38.59646868763034,26.399428886058367,40.869882296754405,285.61151583375323,100.28710762504222,285.61151583375323,0.0,1.8808209412575536,2.429914356739919,0.0,2.541742666935734,1.0541473995385369,25.74645469455324,22.5,"[-0.89, 0.37, 1.27, 2.03, 2.7, 3.3, 3.99, 4.51, 5.14, 5.69, 6.35, 7.06, 7.78, 8.68, 9.75, 11.01, 12.35, 14.28, 17.16]",Active,True,Active,,3,11.0,3.7,2026-10-02 01:47:18,,
240,75,00-0039849,Marvin Harrison Jr.,WR,ARI,NYG,0.0,2026_04_ARI_NYG,2026-10-04 13:00:00,6.548685261249474,0.314663305046766,12.811057221596936,6.4432772406877525,0.1054080205617218,C,12,2.912329204649089,23.5,3,,False,2.0,"https://static.www.nfl.com/image/upload/f_auto,q_auto/league/hwpoo1icpnh8emjvqaii",3.81574522743056,0.0,0.0,0.0,0.0,30.54277012173372,0.1000154460347346,0.0,0.0,0.0,0.0,0.0,0.0,21.0,"[0.0, 0.0, 0.31, 0.91, 1.56, 2.14, 2.72, 3.38, 4.04, 4.75, 5.5, 6.29, 7.36, 8.4, 9.59, 11.08, 12.81, 15.26, 18.77]",Active,True,Active,4432708.0,3,11.3,3.8,2026-10-02 01:47:18,,
241,76,00-0036259,Jauan Jennings,WR,MIN,MIA,1.0,2026_04_MIA_MIN,2026-10-04 16:05:00,6.524430707674061,0.2904087514713529,12.786802668021524,6.383653638930288,0.1407770687437732,C,27,-2.8842452928655216,24.5,3,,False,3.0,"https://static.www.nfl.com/image/upload/f_auto,q_auto/league/ben8kbygzzlid6ltmdum",3.422853660584424,0.0,0.0469168530737902,1.3605887391399163,0.0,20.155536117449717,0.1223702043197475,0.0,0.0,0.0,0.0,0.0,0.0,14.0,"[0.0, 0.0, 0.29, 0.88, 1.53, 2.11, 2.7, 3.35, 4.01, 4.72, 5.47, 6.27, 7.34, 8.38, 9.56, 11.05, 12.79, 15.24, 18.75]",Active,True,Active,3886598.0,2,1.1,0.6,2026-10-02 01:47:18,,
242,12,DST_CLE,Cleveland Browns D/ST,DST,CLE,PIT,1.0,2026_04_PIT_CLE,2026-10-01 20:15:00,6.498540407902272,1.195511978968164,12.276192724673589,5.987691814156837,0.5108485937454352,B,16,0.1158459723716269,18.0,2,,False,1.0,https://a.espncdn.com/i/teamlogos/nfl/500/cle.png,27.920468293507515,25.11641975917968,28.77999427707229,189.976912820326,91.96681204387885,189.976912820326,0.0,1.890984431355636,1.38069777726851,0.0,2.575844618653884,0.7897364668938246,22.71898237928565,20.5,"[-0.97, 0.3, 1.2, 1.96, 2.62, 3.23, 3.91, 4.43, 5.06, 5.61, 6.27, 6.99, 7.71, 8.6, 9.67, 10.94, 12.28, 14.2, 17.08]",Active,True,Active,,4,21.0,5.2,2026-10-01 18:48:49,9.0,nflverse
243,31,00-0037005,Tommy Tremble,TE,CAR,DET,1.0,2026_04_DET_CAR,2026-10-04 20:20:00,6.497445600287423,0.7940046717573379,12.64453456952834,5.266918836834171,1.230526763453252,A,1,13.96173402288592,23.5,2,,False,1.0,"https://static.www.nfl.com/image/upload/f_auto,q_auto/league/t7wjikfv09d3o1q7wjdx",3.289043935456533,0.0,0.0,0.0,0.0,21.90063711764062,0.0972227798463261,0.0,0.0,0.0,0.0,0.0,0.0,27.0,"[0.0, 0.15, 0.79, 1.47, 2.0, 2.62, 3.25, 3.89, 4.5, 5.27, 6.01, 6.87, 7.75, 8.73, 9.81, 11.02, 12.64, 14.64, 18.34]",Active,True,Active,4372780.0,3,14.0,4.7,2026-10-02 01:47:18,,
244,43,00-0041052,Kaelon Black,RB,SF,DEN,1.0,2026_04_DEN_SF,2026-10-04 16:25:00,6.457013121693306,0.439400180334923,13.122988232667328,5.790371856580874,0.6666412651124318,B,6,4.245985033041277,25.25,5,,True,2.0,"https://static.www.nfl.com/image/upload/f_auto,q_auto/league/nwgkzr1ysr32jc79zfnt",0.6674992237692077,8.046547890415658,0.0,0.0,34.29542490611809,1.5245227808616408,0.0229137298176181,0.0,0.0,0.0,0.0,0.0,0.0,22.25,"[0.0, 0.0, 0.44, 1.01, 1.63, 2.27, 2.91, 3.56, 4.2, 4.96, 5.82, 6.65, 7.62, 8.69, 9.93, 11.27, 13.12, 15.73, 19.62]",Active,True,Active,4696044.0,3,12.2,4.1,2026-10-02 01:47:18,,
245,77,00-0036407,Jerry Jeudy,WR,CLE,PIT,1.0,2026_04_PIT_CLE,2026-10-01 20:15:00,6.428194805339257,0.1968558197194703,12.694044924909123,6.779526374114858,-0.3513315687756009,C,19,0.8822686795511868,18.0,3,,False,3.0,"https://static.www.nfl.com/image/upload/f_auto,q_auto/league/szca1v9butuqkjs7ekpm",4.069600540695194,0.0511631910692879,0.0,0.0,0.2558159553464399,22.790718358655297,0.1540521067162437,0.0,0.0,0.0,0.0,0.0,0.0,20.5,"[0.0, 0.0, 0.2, 0.79, 1.44, 2.02, 2.6, 3.25, 3.92, 4.63, 5.37, 6.17, 7.24, 8.28, 9.47, 10.96, 12.69, 15.15, 18.65]",Active,True,Active,4241463.0,3,11.2,3.7,2026-10-01 18:48:49,6.6,nflverse
246,31,00-0037224,Cameron Dicker,K,LAC,SEA,0.0,2026_04_LAC_SEA,2026-10-04 16:25:00,6.421065300473499,1.8310384448593424,11.096180119750734,7.45710329291526,-1.036037992441761,F,26,-1.542622119706111,17.75,1,,False,1.0,"https://static.www.nfl.com/image/upload/f_auto,q_auto/league/fvkop13kntnwv3amucpf",0.0,0.0,0.0,0.0,0.0,0.0,0.0,1.9240881080223051,1.6759671115822812,0.08154066243069,0.0,0.0,0.0,24.75,"[0.0, 0.83, 1.83, 2.54, 3.21, 3.78, 4.32, 4.87, 5.43, 6.0, 6.61, 7.24, 7.84, 8.51, 9.28, 10.13, 11.1, 12.44, 14.34]",Active,True,Active,4362081.0,3,12.0,4.0,2026-10-02 01:47:18,,
247,78,00-0040648,Tory Horton,WR,SEA,LAC,1.0,2026_04_LAC_SEA,2026-10-04 16:25:00,6.3529512012285725,0.1189292450258641,12.615323161576036,6.015436556191046,0.3375146450375261,C,11,3.135787328138708,24.75,3,,False,4.0,"https://static.www.nfl.com/image/upload/f_auto,q_auto/league/lmsun4qzmk1rkgt4kw76",2.8984411703811706,0.0,0.0,0.0,0.0,31.492844835597733,0.0921483999224262,0.0,0.0,0.0,0.0,0.0,0.0,17.75,"[0.0, 0.0, 0.12, 0.71, 1.36, 1.94, 2.53, 3.18, 3.84, 4.55, 5.3, 6.1, 7.16, 8.21, 9.39, 10.88, 12.62, 15.07, 18.57]",Active,True,Active,4597703.0,1,7.8,7.8,2026-10-02 01:47:18,,
248,13,DST_TB,Tampa Bay Buccaneers D/ST,DST,TB,GB,1.0,2026_04_GB_TB,2026-10-04 13:00:00,6.318260974400771,1.015232545466663,12.095913291172083,6.00280500230058,0.3154559721001915,B,14,0.4279997454671139,17.5,2,,False,1.0,https://a.espncdn.com/i/teamlogos/nfl/500/tb.png,31.6987965817773,23.985002646913816,32.94730749893632,208.87089239233373,100.45867903788614,208.87089239233373,0.0,2.7804196374751986,1.6806200526722217,0.0,2.021388796091521,0.8776001841052163,25.325735556399245,21.0,"[-1.15, 0.12, 1.02, 1.78, 2.44, 3.05, 3.73, 4.25, 4.88, 5.43, 6.09, 6.8, 7.53, 8.42, 9.49, 10.76, 12.1, 14.02, 16.9]",Active,True,Active,,3,15.0,5.0,2026-10-02 01:47:18,,
249,79,00-0040170,Elic Ayomanor,WR,TEN,BAL,0.0,2026_04_TEN_BAL,2026-10-04 13:00:00,6.317289473402697,0.0832675171999888,12.57966143375016,7.009514315106859,-0.6922248417041619,D,18,0.9391502526444228,15.5,3,,False,3.0,"https://static.www.nfl.com/image/upload/f_auto,q_auto/league/jjmscqt6v4ecasveugoh",3.76638513974643,0.0,0.0,0.0,0.0,31.02476553985376,0.1400681757971894,0.0,0.0,0.0,0.0,0.0,0.0,27.0,"[0.0, 0.0, 0.08, 0.67, 1.32, 1.91, 2.49, 3.14, 3.8, 4.51, 5.26, 6.06, 7.13, 8.17, 9.36, 10.85, 12.58, 15.03, 18.54]",Active,True,Active,4883647.0,3,19.1,6.4,2026-10-02 01:47:18,,
250,80,00-0041040,Antonio Williams,WR,WAS,IND,1.0,2026_04_IND_WAS,2026-10-04 09:30:00,6.306065697022181,0.0720437408194722,12.568437657369644,6.046624880286659,0.2594408167355215,C,3,7.822986345821431,22.5,3,,True,3.0,"https://static.www.nfl.com/image/upload/f_auto,q_auto/league/noywrsgaqoqlv64c12yw",3.667499223769208,0.0,0.3325007762307923,0.0,0.0,32.93283023852121,0.1197400603160094,0.0,0.0,0.0,0.0,0.0,0.0,26.0,"[0.0, 0.0, 0.07, 0.66, 1.31, 1.89, 2.48, 3.13, 3.79, 4.5, 5.25, 6.05, 7.12, 8.16, 9.35, 10.84, 12.57, 15.02, 18.53]",Active,True,Active,5081432.0,3,25.3,8.4,2026-10-02 01:47:18,,
251,32,00-0035192,Joey Slye,K,TEN,BAL,0.0,2026_04_TEN_BAL,2026-10-04 13:00:00,6.278354875383444,1.6883280197692878,10.95346969466068,7.411228186126174,-1.1328733107427302,F,9,1.5004322698414494,15.5,1,,False,1.0,"https://static.www.nfl.com/image/upload/f_auto,q_auto/league/qyugyvvddildncveryob",0.0,0.0,0.0,0.0,0.0,0.0,0.0,1.522369599317704,1.491227898318754,0.1435177069536788,0.0,0.0,0.0,27.0,"[0.0, 0.68, 1.69, 2.4, 3.07, 3.63, 4.18, 4.73, 5.29, 5.86, 6.47, 7.1, 7.69, 8.37, 9.14, 9.99, 10.95, 12.3, 14.2]",Active,True,Active,3124084.0,3,13.0,4.3,2026-10-02 01:47:18,,
252,53,00-0033869,Mitchell Trubisky,QB,TEN,BAL,0.0,2026_04_TEN_BAL,2026-10-04 13:00:00,6.277300158484989,0.0,15.232767825727509,7.65505910264912,-1.377758944164131,F,17,-0.0523088510664634,15.5,2,,False,2.0,"https://static.www.nfl.com/image/upload/f_auto,q_auto/league/yxs7ix2pmcfv5k1qn1sk",0.0,2.332192289214227,9.60774725921756,85.62612400601667,1.8007054016642123,0.0,0.0,0.0,0.0,0.0,0.0,0.0,0.0,27.0,"[0.0, 0.0, 0.0, 0.0, 0.0, 0.0, 0.37, 1.5, 2.87, 3.82, 5.44, 7.05, 8.53, 10.17, 11.69, 13.27, 15.23, 17.38, 20.21]",Active,True,Active,3039707.0,0,0.0,,2026-10-02 01:47:18,,
253,14,DST_DET,Detroit Lions D/ST,DST,DET,CAR,0.0,2026_04_DET_CAR,2026-10-04 20:20:00,6.232316619530662,0.9292881905965542,12.009968936301975,6.327633575246451,-0.0953169557157886,C,21,-0.9652879125321694,27.0,2,,False,1.0,https://a.espncdn.com/i/teamlogos/nfl/500/det.png,35.14589495658386,26.815551194789425,36.05065809819618,272.09807041874666,117.38949963872872,272.09807041874666,0.0,1.3554186472689211,3.704015836264482,0.0,3.619168748336748,1.2005936637063612,29.48743286807182,23.5,"[-1.23, 0.03, 0.93, 1.69, 2.35, 2.96, 3.65, 4.17, 4.8, 5.35, 6.01, 6.72, 7.44, 8.34, 9.41, 10.67, 12.01, 13.94, 16.82]",Active,True,Active,,3,15.0,5.0,2026-10-02 01:47:18,,
254,44,00-0035250,Devin Singletary,RB,NYG,ARI,1.0,2026_04_ARI_NYG,2026-10-04 13:00:00,6.223958014121216,0.2063450727628328,12.889933125095236,6.400572310314677,-0.1766142961934615,C,22,-2.166079106504039,21.0,5,,False,4.0,"https://static.www.nfl.com/image/upload/f_auto,q_auto/league/xy2r2msxjqneml2c1cdc",1.895622344972885,6.134233975744777,0.0,0.0,20.87836540874025,10.370841975072508,0.0661915319927562,0.0,0.0,0.0,0.0,0.0,0.0,23.5,"[0.0, 0.0, 0.21, 0.78, 1.4, 2.04, 2.68, 3.33, 3.96, 4.73, 5.59, 6.42, 7.39, 8.46, 9.7, 11.04, 12.89, 15.5, 19.39]",Active,True,Active,4040761.0,2,14.7,7.4,2026-10-02 01:47:18,,
255,32,00-0037252,Greg Dulcich,TE,MIA,MIN,0.0,2026_04_MIA_MIN,2026-10-04 16:05:00,6.205601585074716,0.502160656544631,12.352690554315634,7.344404181197485,-1.138802596122769,F,27,-3.9181069571404343,14.0,2,,False,1.0,"https://static.www.nfl.com/image/upload/f_auto,q_auto/league/kw4cwgjl4kywh6le4sfh",4.038191175232615,0.0327692017186514,0.0,0.0,-0.2293844120305604,32.77338954909883,0.1426125291688718,0.0,0.0,0.0,0.0,0.0,0.0,24.5,"[0.0, 0.0, 0.5, 1.18, 1.71, 2.33, 2.96, 3.6, 4.21, 4.97, 5.72, 6.58, 7.46, 8.44, 9.52, 10.73, 12.35, 14.35, 18.05]",Active,True,Active,4367209.0,3,18.0,6.0,2026-10-02 01:47:18,,
256,81,00-0036988,Josh Palmer,WR,BUF,NE,1.0,2026_04_NE_BUF,2026-10-04 13:00:00,6.177029369592706,0.0,12.439401329940168,5.614723531102631,0.562305838490075,B,16,1.298295902273489,27.75,3,,False,4.0,"https://static.www.nfl.com/image/upload/f_auto,q_auto/league/woswdfrtxnsfgzsjvsxx",2.6666159060034054,0.0,0.0,0.0,0.0,31.152757753718323,0.0933040013747032,0.0,0.0,0.0,0.0,0.0,0.0,20.75,"[0.0, 0.0, 0.0, 0.53, 1.18, 1.76, 2.35, 3.0, 3.66, 4.37, 5.12, 5.92, 6.99, 8.03, 9.22, 10.71, 12.44, 14.89, 18.4]",Active,True,Active,4242433.0,2,21.7,10.8,2026-10-02 01:47:18,,
257,33,00-0039847,Theo Johnson,TE,NYG,ARI,1.0,2026_04_ARI_NYG,2026-10-04 13:00:00,6.1051327398994975,0.4016918113694121,12.252221709140414,5.958586178134001,0.1465465617654961,C,7,3.812021372136341,21.0,2,,False,2.0,"https://static.www.nfl.com/image/upload/f_auto,q_auto/league/fv2jbzlocr1o3ahkru43",3.6668408334926794,0.0,0.0,0.0,0.0,19.810652027992628,0.1260738136798291,0.0,0.0,0.0,0.0,0.0,0.0,23.5,"[0.0, 0.0, 0.4, 1.08, 1.61, 2.23, 2.86, 3.5, 4.11, 4.87, 5.62, 6.48, 7.36, 8.34, 9.42, 10.63, 12.25, 14.25, 17.95]",Active,True,Active,4429148.0,2,1.9,1.0,2026-10-02 01:47:18,,
258,82,00-0039451,Isaiah Williams,WR,NYJ,CHI,0.0,2026_04_NYJ_CHI,2026-10-04 13:00:00,6.085454276078516,0.0,12.34782623642598,6.428774224764595,-0.3433199486860792,C,25,-1.4107067457910378,20.0,3,,False,3.0,"https://static.www.nfl.com/image/upload/f_auto,q_auto/league/rj2etltwzmlxyz1cfkeo",3.062131958633116,0.2996366160258344,0.018040854250775,0.0,3.908310654180791,19.83494270983288,0.0963733988921657,0.0,0.0,0.0,0.0,0.0,0.0,23.5,"[0.0, 0.0, 0.0, 0.44, 1.09, 1.67, 2.26, 2.91, 3.57, 4.28, 5.03, 5.83, 6.9, 7.94, 9.13, 10.62, 12.35, 14.8, 18.31]",Active,True,Active,4569371.0,3,15.6,5.2,2026-10-02 01:47:18,,
259,83,00-0040867,Makai Lemon,WR,PHI,LA,1.0,2026_04_LA_PHI,2026-10-04 13:00:00,6.077520910707127,0.0,12.339892871054593,6.216005985686685,-0.1384850749795578,C,10,3.3108720327210457,19.5,3,,True,3.0,"https://static.www.nfl.com/image/upload/f_auto,q_auto/league/ys2i2o7c0bl36xvlrojz",3.0024976713076232,0.3325007762307923,0.0,0.0,-1.6625038811539614,13.645733446678957,0.1232317734418564,0.0,0.0,0.0,0.0,0.0,0.0,23.0,"[0.0, 0.0, 0.0, 0.43, 1.08, 1.67, 2.25, 2.91, 3.56, 4.27, 5.02, 5.82, 6.89, 7.93, 9.12, 10.61, 12.34, 14.79, 18.3]",Active,True,Active,4870795.0,3,10.3,3.4,2026-10-02 01:47:18,,
260,15,DST_HOU,Houston Texans D/ST,DST,HOU,DAL,1.0,2026_04_DAL_HOU,2026-10-04 13:00:00,6.056961822457924,0.7539333935238162,11.834614139229238,6.197009473421498,-0.1400476509635737,C,27,-2.370430533795432,25.75,2,,False,1.0,https://a.espncdn.com/i/teamlogos/nfl/500/hou.png,35.80989769272282,24.93110359507149,38.46527132842189,252.0571120407904,91.1141820815262,252.0571120407904,0.0,2.079448460534026,1.9667919983576037,0.0,3.5437295327397447,1.3501299771650157,22.544219313453592,22.75,"[-1.41, -0.14, 0.75, 1.52, 2.18, 2.79, 3.47, 3.99, 4.62, 5.17, 5.83, 6.54, 7.26, 8.16, 9.23, 10.5, 11.83, 13.76, 16.64]",Active,True,Active,,3,15.0,5.0,2026-10-02 01:47:18,,
261,45,00-0039032,Tyjae Spears,RB,TEN,BAL,0.0,2026_04_TEN_BAL,2026-10-04 13:00:00,6.034973017232142,0.0173600758737588,12.700948128206162,6.7289810626869775,-0.6940080454548356,D,14,1.2387298874070078,15.5,5,,False,2.0,"https://static.www.nfl.com/image/upload/f_auto,q_auto/league/pkly3nkohty1tuijtwty",2.484348339213445,4.684016800943347,0.0,0.0,19.686288841414164,15.150087875989472,0.0958153602481623,0.0,0.0,0.0,0.0,0.0,0.0,27.0,"[0.0, 0.0, 0.02, 0.59, 1.21, 1.85, 2.49, 3.14, 3.78, 4.54, 5.4, 6.23, 7.2, 8.27, 9.51, 10.85, 12.7, 15.31, 19.2]",Active,True,Active,4428557.0,3,13.9,4.6,2026-10-02 01:47:18,,
262,46,00-0037746,Brian Robinson,RB,ATL,NO,0.0,2026_04_ATL_NO,2026-10-05 20:15:00,5.999607528173605,2.773347975283681,9.253169640307142,6.045478114443158,-0.0458705862695527,C,13,1.3986357387076664,22.5,5,,False,2.0,"https://static.www.nfl.com/image/upload/f_auto,q_auto/league/n1xhex1ytisxcbcggqu7",0.6547950379838862,8.352181180204562,0.0,0.0,36.60273174129052,4.13690124933971,0.0209293782557088,0.0,0.0,0.0,0.0,0.0,0.0,25.0,"[1.64, 2.3, 2.77, 3.16, 3.53, 3.84, 4.12, 4.38, 4.62, 4.88, 5.14, 5.45, 5.79, 6.29, 6.92, 7.78, 9.25, 11.04, 14.45]",Active,True,Active,4241474.0,3,22.8,7.6,2026-10-02 01:47:18,,
263,54,00-0039107,Stetson Bennett,QB,LA,PHI,0.0,2026_04_LA_PHI,2026-10-04 13:00:00,5.984860846461453,1.3436844795503005,13.094416164726768,5.686243628374688,0.2986172180867648,C,7,2.9485719615073536,23.0,2,,True,2.0,"https://static.www.nfl.com/image/upload/f_auto,q_auto/league/s0eo3fstv6rkitzbefzu",0.0,1.0,3.0,13.0,9.0,0.0,0.0,0.0,0.0,0.0,0.0,0.0,0.0,19.5,"[0.21, 0.83, 1.34, 1.68, 2.02, 2.3, 2.66, 3.03, 3.38, 3.72, 4.08, 4.77, 5.63, 7.08, 9.28, 10.86, 13.09, 15.71, 20.31]",Active,True,Active,4259553.0,1,1.4,1.4,2026-10-02 01:47:18,,
264,55,00-0037077,Sam Howell,QB,DAL,HOU,0.0,2026_04_DAL_HOU,2026-10-04 13:00:00,5.966023253170508,1.3248468862593548,13.075578571435823,6.067120144149832,-0.1010968909793241,C,9,1.4695979608765213,22.75,2,,True,2.0,"https://static.www.nfl.com/image/upload/f_auto,q_auto/league/sx77bippywnl0dx6m8q9",0.0,0.0,0.0,0.0,0.0,0.0,0.0,0.0,0.0,0.0,0.0,0.0,0.0,25.75,"[0.19, 0.81, 1.32, 1.66, 2.0, 2.28, 2.64, 3.01, 3.36, 3.7, 4.06, 4.75, 5.61, 7.07, 9.26, 10.84, 13.08, 15.69, 20.29]",Active,True,Active,4426875.0,0,0.0,,2026-10-02 01:47:18,,
265,16,DST_IND,Indianapolis Colts D/ST,DST,IND,WAS,0.0,2026_04_IND_WAS,2026-10-04 09:30:00,5.940117157143153,1.0244701728998846,10.832249184247171,5.865552783866213,0.0745643732769396,C,30,-3.404376699680551,26.0,2,,False,1.0,https://a.espncdn.com/i/teamlogos/nfl/500/ind.png,31.457997458468792,27.19081425665592,32.69624726397021,213.5196191568363,104.47725012894163,213.5196191568363,0.0,2.5382432533975336,2.337909946557367,0.0,2.249054304567514,0.5478495939215072,28.68496275532001,22.5,"[-1.1, 0.17, 1.02, 1.67, 2.3, 2.97, 3.47, 4.06, 4.52, 5.19, 5.71, 6.26, 6.95, 7.81, 8.69, 9.63, 10.83, 12.74, 15.44]",Active,True,Active,,3,5.0,1.7,2026-10-02 01:47:18,,
266,47,00-0037157,Bam Knight,RB,ARI,NYG,0.0,2026_04_ARI_NYG,2026-10-04 13:00:00,5.922613255489382,2.696353702599457,9.17617536762292,5.836021989990822,0.0865912654985594,C,9,2.007578881108424,23.5,5,,False,3.0,"https://static.www.nfl.com/image/upload/f_auto,q_auto/league/mjxnlzlnnwlfqayeybut",1.8891676643215296,5.341170871944894,0.0,0.0,23.26853446726977,9.5573058321678,0.0454621651402226,0.0,0.0,0.0,0.0,0.0,0.0,21.0,"[1.56, 2.22, 2.7, 3.08, 3.45, 3.76, 4.04, 4.3, 4.54, 4.8, 5.06, 5.37, 5.71, 6.21, 6.84, 7.7, 9.18, 10.96, 14.38]",Active,True,Active,4427728.0,1,2.4,2.4,2026-10-02 01:47:18,,
267,84,00-0039342,Xavier Legette,WR,CAR,DET,1.0,2026_04_DET_CAR,2026-10-04 20:20:00,5.91991760127959,2.532403104887243,9.633964955382666,5.631102643418603,0.2888149578609873,C,6,5.460722282554286,23.5,3,,False,3.0,"https://static.www.nfl.com/image/upload/f_auto,q_auto/league/yoyxkitrdqbkhyqncy5p",3.427788078287173,0.0154079881721717,0.0,0.0,0.0,27.871106116219792,0.1108702503789471,0.0,0.0,0.0,0.0,0.0,0.0,27.0,"[1.25, 1.99, 2.53, 3.02, 3.42, 3.77, 4.08, 4.37, 4.65, 4.92, 5.18, 5.44, 5.75, 6.33, 7.06, 8.15, 9.63, 11.56, 14.78]",Active,True,Active,4430034.0,2,8.4,4.2,2026-10-02 01:47:18,,
268,17,DST_SF,San Francisco 49ers D/ST,DST,SF,DEN,1.0,2026_04_DEN_SF,2026-10-04 16:25:00,5.832365982698194,0.9167189984549262,10.724498009802211,5.74175047298584,0.0906155097123546,C,24,-1.433636380001048,25.25,2,,False,1.0,https://a.espncdn.com/i/teamlogos/nfl/500/sf.png,27.964625183023863,26.910919474327464,28.969499399793385,257.2113102065037,127.08181729162776,257.2113102065037,0.0,1.456863452424349,3.828838846099772,0.0,1.8028032058279688,0.6497732583542366,19.36236636860925,22.25,"[-1.21, 0.06, 0.92, 1.56, 2.19, 2.86, 3.36, 3.96, 4.42, 5.08, 5.6, 6.15, 6.84, 7.7, 8.59, 9.52, 10.72, 12.63, 15.34]",Active,True,Active,,3,17.0,5.7,2026-10-02 01:47:18,,
269,34,00-0035644,Noah Fant,TE,NO,ATL,1.0,2026_04_ATL_NO,2026-10-05 20:15:00,5.832091756930414,2.699959190715504,9.21907327693299,5.397272784087157,0.4348189728432565,B,12,2.6553933158997904,25.0,2,,False,2.0,"https://static.www.nfl.com/image/upload/f_auto,q_auto/league/lijnonbrcmplvkcb5kqv",3.5765747629970552,0.0,0.0,0.0,0.0,21.168731582986407,0.0815570939687585,0.0,0.0,0.0,0.0,0.0,0.0,22.5,"[1.52, 2.2, 2.7, 3.09, 3.44, 3.73, 4.02, 4.3, 4.58, 4.86, 5.16, 5.5, 5.86, 6.36, 7.05, 7.91, 9.22, 10.95, 13.53]",Active,True,Active,4036131.0,3,32.6,10.9,2026-10-02 01:47:18,,
270,85,00-0038621,DeMario Douglas,WR,NE,BUF,0.0,2026_04_NE_BUF,2026-10-04 13:00:00,5.811696800910164,2.424182304517817,9.52574415501324,5.947608061834856,-0.1359112609246917,C,9,3.373866734524467,20.75,3,,False,2.0,"https://static.www.nfl.com/image/upload/f_auto,q_auto/league/cm9vnzqu5phlmsocjwgc",4.03465881211919,0.0844840075874957,0.0,0.0,0.2800288777043051,23.6404138025928,0.1395048542208119,0.0,0.0,0.0,0.0,0.0,0.0,27.75,"[1.14, 1.88, 2.42, 2.91, 3.31, 3.66, 3.97, 4.26, 4.54, 4.81, 5.07, 5.33, 5.64, 6.22, 6.95, 8.04, 9.53, 11.45, 14.67]",Active,True,Active,4427095.0,3,13.7,4.6,2026-10-02 01:47:18,,
271,56,00-0038476,Tommy DeVito,QB,NE,BUF,0.0,2026_04_NE_BUF,2026-10-04 13:00:00,5.783245219795568,1.1420688528844147,12.892800538060882,5.733700545413859,0.0495446743817087,C,5,3.3641032106288,20.75,2,,True,2.0,"https://static.www.nfl.com/image/upload/f_auto,q_auto/league/hb3m2zbfb5aprw6vdqx8",0.0,1.0,5.0,30.0,2.0,0.0,0.0,0.0,0.0,0.0,0.0,0.0,0.0,27.75,"[0.01, 0.63, 1.14, 1.47, 1.82, 2.1, 2.46, 2.83, 3.18, 3.52, 3.87, 4.57, 5.42, 6.88, 9.08, 10.66, 12.89, 15.51, 20.11]",Active,True,Active,4240391.0,1,1.4,1.4,2026-10-02 01:47:18,,
272,86,00-0041067,Bryce Lance,WR,NO,ATL,1.0,2026_04_ATL_NO,2026-10-05 20:15:00,5.7610148806859645,2.373500384293617,9.47506223478904,5.315435101946048,0.4455797787399165,B,8,4.995503941979262,25.0,3,,True,3.0,"https://static.www.nfl.com/image/upload/f_auto,q_auto/league/lzh0hbhllbouh97ffpp6",2.639903003710744,0.0,0.0,0.0,0.0,15.465997569084124,0.0610394459556188,0.0,0.0,0.0,0.0,0.0,0.0,22.5,"[1.09, 1.83, 2.37, 2.86, 3.26, 3.61, 3.92, 4.21, 4.49, 4.76, 5.02, 5.28, 5.59, 6.17, 6.9, 7.99, 9.48, 11.4, 14.62]",Active,True,Active,4879276.0,3,9.0,3.0,2026-10-02 01:47:18,,
273,87,00-0040669,Isaac TeSlaa,WR,DET,CAR,0.0,2026_04_DET_CAR,2026-10-04 20:20:00,5.738379555562247,2.3508650591698994,9.452426909665322,5.453979129192396,0.2844004263698512,C,26,-2.118979796046264,27.0,3,,False,3.0,"https://static.www.nfl.com/image/upload/f_auto,q_auto/league/ducfhbiy2a8loytcjymn",2.8160680978571784,0.0,0.0,0.0,0.0,28.990679554404643,0.0800549807892986,0.0,0.0,0.0,0.0,0.0,0.0,23.5,"[1.06, 1.8, 2.35, 2.84, 3.24, 3.59, 3.9, 4.19, 4.47, 4.74, 5.0, 5.25, 5.56, 6.15, 6.88, 7.97, 9.45, 11.38, 14.6]",Active,True,Active,5123663.0,3,14.2,4.7,2026-10-02 01:47:18,,
274,35,00-0039356,Ja'Tavion Sanders,TE,CAR,DET,1.0,2026_04_DET_CAR,2026-10-04 20:20:00,5.724720278529389,2.59258771231448,9.111701798531966,4.494193515076137,1.230526763453252,A,1,13.96173402288592,23.5,2,,False,5.0,"https://static.www.nfl.com/image/upload/f_auto,q_auto/league/le2akm1cbou170ioctxl",2.53742107293773,0.0,0.0,0.0,0.0,13.61014041303356,0.085803855412618,0.0,0.0,0.0,0.0,0.0,0.0,27.0,"[1.42, 2.09, 2.59, 2.99, 3.34, 3.62, 3.91, 4.19, 4.47, 4.76, 5.05, 5.39, 5.75, 6.25, 6.95, 7.8, 9.11, 10.85, 13.42]",Active,True,Active,4431588.0,0,0.0,,2026-10-02 01:47:18,,
275,48,00-0041013,Emmett Johnson,RB,KC,LV,0.0,2026_04_KC_LV,2026-10-04 16:25:00,5.718716728343788,2.492457175453864,8.972278840477326,5.888007849049803,-0.1692911207060152,C,30,-5.053020392484116,26.0,5,,True,2.0,"https://static.www.nfl.com/image/upload/f_auto,q_auto/league/avdz4njz1slqn7ktqcuq",1.274810664806241,5.279806007421487,0.0,0.0,18.469330340744715,20.065815996198285,0.0398575168766138,0.0,0.0,0.0,0.0,0.0,0.0,21.5,"[1.36, 2.02, 2.49, 2.88, 3.25, 3.56, 3.84, 4.1, 4.34, 4.6, 4.85, 5.17, 5.51, 6.01, 6.64, 7.5, 8.97, 10.76, 14.17]",Active,True,Active,4832955.0,3,16.0,5.3,2026-10-02 01:47:18,,
276,57,00-0037012,Trey Lance,QB,LAC,SEA,0.0,2026_04_LAC_SEA,2026-10-04 16:25:00,5.700092997497949,1.058916630586796,12.809648315763264,7.205591026630736,-1.505498029132787,F,25,-2.1005194653785284,17.75,2,,False,2.0,"https://static.www.nfl.com/image/upload/f_auto,q_auto/league/j3psmvvxo13kmbgi60ej",0.0,4.523033232026452,15.508219315606915,59.30702570445662,23.23347569291816,0.0,0.0,0.0,0.0,0.0,0.0,0.0,0.0,24.75,"[0.0, 0.54, 1.06, 1.39, 1.73, 2.01, 2.38, 2.75, 3.09, 3.43, 3.79, 4.49, 5.34, 6.8, 9.0, 10.57, 12.81, 15.42, 20.03]",Active,True,Active,4383351.0,0,0.0,,2026-10-02 01:47:18,,
277,88,00-0038104,Tyquan Thornton,WR,KC,LV,0.0,2026_04_KC_LV,2026-10-04 16:25:00,5.665728189777638,2.27821369338529,9.379775543880712,5.5831489697434336,0.0825792200342041,C,29,-5.907016194684417,26.0,3,,False,3.0,"https://static.www.nfl.com/image/upload/f_auto,q_auto/league/bjqzuempyiwxe0hl7e5a",2.458860442044604,0.0,0.0,0.0,0.0,35.670562068891364,0.076339738040049,0.0,0.0,0.0,0.0,0.0,0.0,21.5,"[0.99, 1.73, 2.28, 2.76, 3.16, 3.52, 3.83, 4.12, 4.39, 4.67, 4.93, 5.18, 5.49, 6.08, 6.81, 7.9, 9.38, 11.31, 14.53]",Active,True,Active,4362921.0,3,16.8,5.6,2026-10-02 01:47:18,,
278,49,00-0039299,George Holani,RB,SEA,LAC,1.0,2026_04_LAC_SEA,2026-10-04 16:25:00,5.663004730982305,2.436745178092381,8.916566843115842,5.403661337972062,0.2593433930102424,C,20,-0.7759221820207546,24.75,5,,False,3.0,"https://static.www.nfl.com/image/upload/f_auto,q_auto/league/pgwvv5qhcmnwf3tomy1a",1.988787609181628,4.1973610929359175,0.0,0.0,14.280460936994146,14.578559933874464,0.0544692941787098,0.0,0.0,0.0,0.0,0.0,0.0,17.75,"[1.3, 1.96, 2.44, 2.82, 3.19, 3.5, 3.78, 4.04, 4.28, 4.54, 4.8, 5.11, 5.45, 5.95, 6.58, 7.44, 8.92, 10.7, 14.12]",Active,True,Active,4429835.0,3,16.2,5.4,2026-10-02 01:47:18,,
279,50,00-0038797,Emanuel Wilson,RB,SEA,LAC,1.0,2026_04_LAC_SEA,2026-10-04 16:25:00,5.613087500014947,2.3868279471250227,8.866649612148485,5.353744107004705,0.2593433930102415,C,20,-0.7759221820207546,24.75,5,,False,2.0,"https://static.www.nfl.com/image/upload/f_auto,q_auto/league/uorruvczsxzvffpbxu8z",0.4808668526203365,9.841575785325483,0.0,0.0,34.28117149944124,1.4549657200992507,0.0194850329705973,0.0,0.0,0.0,0.0,0.0,0.0,17.75,"[1.25, 1.91, 2.39, 2.77, 3.14, 3.45, 3.73, 3.99, 4.23, 4.49, 4.75, 5.06, 5.4, 5.9, 6.53, 7.39, 8.87, 10.65, 14.07]",Active,True,Active,4887558.0,3,10.9,3.6,2026-10-02 01:47:18,,
280,51,00-0034975,Justice Hill,RB,BAL,TEN,1.0,2026_04_TEN_BAL,2026-10-04 13:00:00,5.610688173608168,2.3844286207182432,8.864250285741704,4.977982753366994,0.6327054202411739,B,11,1.7014438494789073,27.0,5,,False,2.0,"https://static.www.nfl.com/image/upload/f_auto,q_auto/league/fuodbrwvianete2gy5ag",1.3372534238277547,3.658463991431392,0.0,0.0,16.77194569843645,9.068017104449066,0.0492017801623992,0.0,0.0,0.0,0.0,0.0,0.0,15.5,"[1.25, 1.91, 2.38, 2.77, 3.14, 3.45, 3.73, 3.99, 4.23, 4.49, 4.75, 5.06, 5.4, 5.9, 6.53, 7.39, 8.86, 10.65, 14.07]",Active,True,Active,4038441.0,3,10.9,3.6,2026-10-02 01:47:18,,
281,36,00-0038558,Darnell Washington,TE,PIT,CLE,0.0,2026_04_PIT_CLE,2026-10-01 20:15:00,5.61035708828633,2.478457068163635,9.001747943771578,5.65348344199829,-0.0431263537119601,C,13,1.7436122437491173,20.5,2,,False,1.0,"https://static.www.nfl.com/image/upload/f_auto,q_auto/league/inwx7uipfktapaump5pj",2.865772157764616,0.0,0.0,0.0,0.0,30.999393247841127,0.0887089428681086,0.0,0.0,0.0,0.0,0.0,0.0,18.0,"[1.3, 1.98, 2.48, 2.87, 3.22, 3.51, 3.8, 4.08, 4.36, 4.64, 4.94, 5.28, 5.64, 6.13, 6.83, 7.69, 9.0, 10.73, 13.31]",Active,True,Active,4430802.0,4,26.9,6.7,2026-10-01 18:48:49,11.7,nflverse
282,52,00-0033526,Samaje Perine,RB,CIN,JAX,1.0,2026_04_JAX_CIN,2026-10-04 13:00:00,5.606371781875492,2.3801122289855674,8.859933894009028,5.419614544369334,0.1867572375061579,C,28,-4.853982051261329,27.0,5,,False,2.0,"https://static.www.nfl.com/image/upload/f_auto,q_auto/league/fllwhcdovol5i7xxahf6",2.1196919221684163,4.179445497057636,0.0,0.0,16.155957852225033,13.526996113024444,0.0608360531095046,0.0,0.0,0.0,0.0,0.0,0.0,24.5,"[1.25, 1.9, 2.38, 2.77, 3.14, 3.45, 3.72, 3.98, 4.23, 4.48, 4.74, 5.06, 5.4, 5.9, 6.52, 7.39, 8.86, 10.64, 14.06]",Active,True,Active,3116389.0,3,13.6,4.5,2026-10-02 01:47:18,,
283,53,00-0039811,MarShawn Lloyd,RB,GB,TB,0.0,2026_04_GB_TB,2026-10-04 13:00:00,5.593495259156445,2.3672357062665204,8.847057371289981,5.901609876040641,-0.3081146168841959,C,17,-0.3715569676605401,21.0,5,,True,2.0,"https://static.www.nfl.com/image/upload/f_auto,q_auto/league/xp8sd4enimuk4zd0aqgu",2.0576901114245514,7.409142558012538,0.0,0.0,21.920025446557663,4.53316733056291,0.051882800014159,0.0,0.0,0.0,0.0,0.0,0.0,17.5,"[1.23, 1.89, 2.37, 2.75, 3.12, 3.43, 3.71, 3.97, 4.21, 4.47, 4.73, 5.04, 5.38, 5.88, 6.51, 7.37, 8.85, 10.63, 14.05]",Active,True,Active,4429023.0,3,16.1,5.4,2026-10-02 01:47:18,,
284,89,00-0037614,John Metchie III,WR,CAR,DET,1.0,2026_04_DET_CAR,2026-10-04 20:20:00,5.56145923514034,2.1739447387479927,9.275506589243417,5.272644277279353,0.2888149578609873,C,6,5.460722282554286,23.5,3,,False,5.0,"https://static.www.nfl.com/image/upload/f_auto,q_auto/league/nsjpnskeldxzbzckpfgg",3.284215530444265,0.1043154278148439,0.0,0.0,-0.093060308436805,15.809406318705658,0.0992452415640911,0.0,0.0,0.0,0.0,0.0,0.0,27.0,"[0.89, 1.63, 2.17, 2.66, 3.06, 3.41, 3.72, 4.01, 4.29, 4.56, 4.82, 5.08, 5.39, 5.97, 6.7, 7.79, 9.28, 11.2, 14.42]",Active,True,Active,4567096.0,2,9.9,5.0,2026-10-02 01:47:18,,
285,18,DST_CIN,Cincinnati Bengals D/ST,DST,CIN,JAX,1.0,2026_04_JAX_CIN,2026-10-04 13:00:00,5.550437871752672,0.6347908875094035,10.44256989885669,6.43275711717328,-0.8823192454206081,F,31,-4.323121283406999,27.0,2,,False,1.0,https://a.espncdn.com/i/teamlogos/nfl/500/cin.png,34.72205882355214,22.88724025918537,35.52060476255009,252.2062799636545,94.10189117606411,252.2062799636545,0.0,2.28412565523609,2.7020011099832373,0.0,2.9938935327797704,1.466597395690856,22.935660029888496,24.5,"[-1.49, -0.22, 0.63, 1.28, 1.91, 2.58, 3.08, 3.67, 4.13, 4.8, 5.32, 5.87, 6.56, 7.42, 8.31, 9.24, 10.44, 12.35, 15.05]",Active,True,Active,,3,26.0,8.7,2026-10-02 01:47:18,,
286,90,00-0038728,Jared Wayne,WR,HOU,DAL,1.0,2026_04_DAL_HOU,2026-10-04 13:00:00,5.511287024539423,2.123772528147076,9.2253343786425,5.170400314430306,0.3408867101091175,C,23,0.0416695941580412,25.75,3,,False,5.0,"https://static.www.nfl.com/image/upload/f_auto,q_auto/league/ykhrjnmqsqyprplhy6pl",3.990052634980751,0.0,0.0,0.0,0.0,21.799421009226837,0.1101266607116892,0.0,0.0,0.0,0.0,0.0,0.0,22.75,"[0.84, 1.58, 2.12, 2.61, 3.01, 3.36, 3.67, 3.96, 4.24, 4.51, 4.77, 5.03, 5.34, 5.92, 6.65, 7.74, 9.23, 11.15, 14.37]",Active,True,Active,4430681.0,3,10.5,3.5,2026-10-02 01:47:18,,
287,91,00-0040590,Konata Mumpfield,WR,LA,PHI,0.0,2026_04_LA_PHI,2026-10-04 13:00:00,5.505303888551686,2.1177893921593385,9.219351242654762,5.52567294866743,-0.020369060115744,C,22,0.1559493449741987,23.0,3,,False,4.0,"https://static.www.nfl.com/image/upload/f_auto,q_auto/league/cehkowkvb4aujslmppbj",3.4504066784603893,0.0,0.0,0.0,0.0,29.73455735050875,0.0840135675317896,0.0,0.0,0.0,0.0,0.0,0.0,19.5,"[0.83, 1.57, 2.12, 2.6, 3.0, 3.36, 3.67, 3.96, 4.23, 4.51, 4.77, 5.02, 5.33, 5.92, 6.65, 7.74, 9.22, 11.15, 14.37]",Active,True,Active,4710855.0,3,21.5,7.2,2026-10-02 01:47:18,,
288,19,DST_LAC,Los Angeles Chargers D/ST,DST,LAC,SEA,0.0,2026_04_LAC_SEA,2026-10-04 16:25:00,5.4925116262513,0.5768646420080321,10.38464365335532,6.413617808304148,-0.9211061820528474,F,12,0.6400011167009105,17.75,2,,False,1.0,https://a.espncdn.com/i/teamlogos/nfl/500/lac.png,29.459006546496145,27.217535096227262,30.46669345814441,210.70225336614013,115.53731661463104,210.70225336614013,0.0,1.9240881080223051,1.6759671115822812,0.0,2.54799179687385,1.9481678679947207,23.39733314830568,24.75,"[-1.55, -0.28, 0.58, 1.22, 1.85, 2.52, 3.02, 3.62, 4.08, 4.74, 5.26, 5.81, 6.5, 7.36, 8.25, 9.18, 10.38, 12.29, 15.0]",Active,True,Active,,3,19.0,6.3,2026-10-02 01:47:18,,
289,20,DST_PHI,Philadelphia Eagles D/ST,DST,PHI,LA,1.0,2026_04_LA_PHI,2026-10-04 13:00:00,5.474971390347086,0.5593244061038183,10.367103417451103,5.711197262142139,-0.2362258717950531,D,5,2.1702887542732645,19.5,2,,False,1.0,https://a.espncdn.com/i/teamlogos/nfl/500/phi.png,27.497095995670644,26.268466703783066,29.745375036139805,204.26618312629472,113.53551922337078,204.26618312629472,0.0,0.9811806777692748,2.281332969532653,0.0,1.4409500261701025,0.4299599203691653,21.76344286299744,23.0,"[-1.57, -0.3, 0.56, 1.2, 1.83, 2.51, 3.0, 3.6, 4.06, 4.73, 5.25, 5.8, 6.49, 7.35, 8.23, 9.17, 10.37, 12.28, 14.98]",Active,True,Active,,3,6.0,2.0,2026-10-02 01:47:18,,
290,37,00-0040584,Gunnar Helm,TE,TEN,BAL,0.0,2026_04_TEN_BAL,2026-10-04 13:00:00,5.453825537952047,2.3216929717371366,8.840807057954624,6.2817384120145245,-0.8279128740624779,F,21,-1.9123592934904867,15.5,2,,False,1.0,"https://static.www.nfl.com/image/upload/f_auto,q_auto/league/hewm6ztgka7xkbl6ybvb",3.6142973689925575,0.0,0.0,0.0,0.0,19.141405392731503,0.127825899196648,0.0,0.0,0.0,0.0,0.0,0.0,27.0,"[1.15, 1.82, 2.32, 2.71, 3.06, 3.35, 3.64, 3.92, 4.2, 4.48, 4.78, 5.12, 5.48, 5.98, 6.67, 7.53, 8.84, 10.57, 13.15]",Active,True,Active,4686728.0,3,13.5,4.5,2026-10-02 01:47:18,,
291,92,00-0037291,Jalen Nailor,WR,LV,KC,1.0,2026_04_KC_LV,2026-10-04 16:25:00,5.437654716030556,2.0501402196382084,9.15170207013363,5.661968080331117,-0.2243133643005608,C,30,-5.912287602291773,21.5,3,,False,2.0,"https://static.www.nfl.com/image/upload/f_auto,q_auto/league/nojopyt8hxuwycxyaokb",3.380461117425435,0.0365791339275793,0.0,0.0,0.122328136893973,19.540897473942884,0.1187337348190835,0.0,0.0,0.0,0.0,0.0,0.0,26.0,"[0.76, 1.5, 2.05, 2.54, 2.94, 3.29, 3.6, 3.89, 4.17, 4.44, 4.7, 4.95, 5.26, 5.85, 6.58, 7.67, 9.15, 11.08, 14.3]",Active,True,Active,4382466.0,3,10.2,3.4,2026-10-02 01:47:18,,
292,21,DST_NYJ,New York Jets D/ST,DST,NYJ,CHI,0.0,2026_04_NYJ_CHI,2026-10-04 13:00:00,5.4353029413700895,0.5196559571268216,10.327434968474108,5.868079513507023,-0.4327765721369339,D,20,-0.8696614475684614,20.0,2,,False,1.0,https://a.espncdn.com/i/teamlogos/nfl/500/nyj.png,30.872202536369848,27.31217433602836,32.8837433921849,231.8516840593219,97.69820135925332,231.8516840593219,0.0,1.8074683254303805,1.5071940356715456,0.0,2.2698586412820267,0.5309409532391731,23.98038972052351,23.5,"[-1.61, -0.34, 0.52, 1.16, 1.79, 2.47, 2.96, 3.56, 4.02, 4.69, 5.21, 5.76, 6.45, 7.31, 8.19, 9.13, 10.33, 12.24, 14.94]",Active,True,Active,,3,16.0,5.3,2026-10-02 01:47:18,,
293,54,00-0038551,Kendre Miller,RB,NO,ATL,1.0,2026_04_ATL_NO,2026-10-05 20:15:00,5.418735758143736,2.192476205253812,8.672297870277273,5.261551525949409,0.1571842321943268,C,23,-2.612219608636048,25.0,5,,False,3.0,"https://static.www.nfl.com/image/upload/f_auto,q_auto/league/vclaomtslw55smksopku",1.2628679465454136,6.478857866331991,0.0,0.0,23.60830370483652,3.255347290114305,0.0328708540206726,0.0,0.0,0.0,0.0,0.0,0.0,22.5,"[1.06, 1.72, 2.19, 2.58, 2.95, 3.26, 3.54, 3.8, 4.04, 4.3, 4.55, 4.87, 5.21, 5.71, 6.34, 7.2, 8.67, 10.46, 13.87]",Active,True,Active,4599739.0,2,12.9,6.4,2026-10-02 01:47:18,,
294,93,00-0035662,Marquise Brown,WR,PHI,LA,1.0,2026_04_LA_PHI,2026-10-04 13:00:00,5.3941207689142985,2.006606272521951,9.108168123017371,5.5376652429945,-0.1435444740802012,C,10,3.3108720327210457,19.5,3,,False,4.0,"https://static.www.nfl.com/image/upload/f_auto,q_auto/league/shkjxggufymydgp6wk3p",2.784957166320657,0.6057248682527748,0.0,0.0,3.6343492095166487,23.67831879244776,0.0905747853786323,0.0,0.0,0.0,0.0,0.0,0.0,23.0,"[0.72, 1.46, 2.01, 2.49, 2.89, 3.25, 3.55, 3.84, 4.12, 4.4, 4.66, 4.91, 5.22, 5.8, 6.54, 7.63, 9.11, 11.04, 14.26]",Active,True,Active,4241372.0,1,1.2,1.2,2026-10-02 01:47:18,,
295,22,DST_LV,Las Vegas Raiders D/ST,DST,LV,KC,1.0,2026_04_KC_LV,2026-10-04 16:25:00,5.333462170866799,0.4178151866235309,10.225594197970818,6.883655449073584,-1.5501932782067849,F,25,-1.687445656042205,21.5,2,,False,1.0,https://a.espncdn.com/i/teamlogos/nfl/500/lv.png,29.04477532360632,27.903737448347066,30.407904290842016,210.83916937391515,92.49540971550556,210.83916937391515,0.0,1.8642282742502343,2.2215665762687427,0.0,2.974966785709122,2.398958001528524,20.476974739634656,26.0,"[-1.71, -0.44, 0.42, 1.06, 1.69, 2.37, 2.86, 3.46, 3.92, 4.58, 5.1, 5.66, 6.34, 7.21, 8.09, 9.02, 10.23, 12.13, 14.84]",Active,True,Active,,3,37.0,12.3,2026-10-02 01:47:18,,
296,23,DST_ATL,Atlanta Falcons D/ST,DST,ATL,NO,0.0,2026_04_ATL_NO,2026-10-05 20:15:00,5.291226986625757,0.3755800023824891,10.183359013729776,6.010974807357552,-0.7197478207317953,F,10,1.5862112174123386,22.5,2,,False,1.0,https://a.espncdn.com/i/teamlogos/nfl/500/atl.png,26.117656382442824,32.928189022146604,27.988994756930804,192.98972917563609,161.37552588556588,192.98972917563609,0.0,2.538093872118176,1.567341049123922,0.0,2.183672394575632,0.8880886416419568,22.879864759772207,25.0,"[-1.75, -0.48, 0.38, 1.02, 1.65, 2.32, 2.82, 3.41, 3.88, 4.54, 5.06, 5.61, 6.3, 7.16, 8.05, 8.98, 10.18, 12.09, 14.79]",Active,True,Active,,3,12.0,4.0,2026-10-02 01:47:18,,
297,55,00-0040878,Mike Washington Jr.,RB,LV,KC,1.0,2026_04_KC_LV,2026-10-04 16:25:00,5.277581035935154,2.0513214830452298,8.531143148068692,5.2787734700290905,-0.0011924340939364,C,16,-0.2547900165685087,21.5,5,,True,2.0,"https://static.www.nfl.com/image/upload/f_auto,q_auto/league/ocdjq5ohmtgdghqdh5m4",0.3325007762307923,4.944807559883071,0.0,0.0,34.408704286912496,0.0,0.0114655440079583,0.0,0.0,0.0,0.0,0.0,0.0,26.0,"[0.92, 1.57, 2.05, 2.44, 2.81, 3.12, 3.39, 3.65, 3.9, 4.15, 4.41, 4.73, 5.07, 5.57, 6.2, 7.06, 8.53, 10.32, 13.73]",Active,True,Active,4686658.0,3,16.2,5.4,2026-10-02 01:47:18,,
298,94,00-0038976,Marvin Mims Jr.,WR,DEN,SF,0.0,2026_04_DEN_SF,2026-10-04 16:25:00,5.2718084113045816,1.884293914912234,8.985855765407656,5.327859205186496,-0.0560507938819139,C,15,1.3268129030466045,22.25,3,,False,4.0,"https://static.www.nfl.com/image/upload/f_auto,q_auto/league/zbdjtph5xplbf4yocz0l",2.849281163785113,0.443117726468437,0.0,0.0,2.7036899252684234,22.09046522268668,0.0842666622500003,0.0,0.0,0.0,0.0,0.0,0.0,25.25,"[0.6, 1.34, 1.88, 2.37, 2.77, 3.12, 3.43, 3.72, 4.0, 4.27, 4.53, 4.79, 5.1, 5.68, 6.41, 7.5, 8.99, 10.91, 14.13]",Active,True,Active,4686472.0,1,0.0,0.0,2026-10-02 01:47:18,,
299,38,00-0040737,Terrance Ferguson,TE,LA,PHI,0.0,2026_04_LA_PHI,2026-10-04 13:00:00,5.267177749802423,2.135045183587513,8.654159269805,5.542024969402572,-0.274847219600149,D,28,-3.9300048215336423,23.0,2,,False,2.0,"https://static.www.nfl.com/image/upload/f_auto,q_auto/league/w5o0s5yf6j5dsmiwdtfg",3.619473490999515,0.0130246492885829,0.0,0.0,0.0,20.575479615033007,0.1104510852648854,0.0,0.0,0.0,0.0,0.0,0.0,19.5,"[0.96, 1.63, 2.14, 2.53, 2.88, 3.17, 3.46, 3.74, 4.01, 4.3, 4.59, 4.94, 5.3, 5.79, 6.49, 7.35, 8.65, 10.39, 12.97]",Active,True,Active,4570037.0,3,19.3,6.4,2026-10-02 01:47:18,,
300,58,00-0038400,Tanner McKee,QB,PHI,LA,1.0,2026_04_LA_PHI,2026-10-04 13:00:00,5.261944261197224,0.6207678942860708,12.371499579462538,5.939848842530095,-0.6779045813328715,D,28,-3.0566392191662577,19.5,2,,False,3.0,"https://static.www.nfl.com/image/upload/f_auto,q_auto/league/oveivzhzv13jrfvkp8zg",0.0,1.9802236082631517,12.049481014820572,76.15447282179045,2.037924868370183,0.0,0.0,0.0,0.0,0.0,0.0,0.0,0.0,23.0,"[0.0, 0.11, 0.62, 0.95, 1.3, 1.58, 1.94, 2.31, 2.66, 3.0, 3.35, 4.05, 4.9, 6.36, 8.56, 10.14, 12.37, 14.98, 19.59]",Active,True,Active,4685201.0,0,0.0,,2026-10-02 01:47:18,,
301,56,00-0039794,Braelon Allen,RB,NYJ,CHI,0.0,2026_04_NYJ_CHI,2026-10-04 13:00:00,5.258802718868916,2.0325431659789914,8.512364831002454,5.48475517959376,-0.2259524607248444,C,8,2.097043184898195,20.0,5,,False,2.0,"https://static.www.nfl.com/image/upload/f_auto,q_auto/league/fmpzgmfjmcbrv1gmqbdn",1.588593633161218,5.924416027395109,0.0,0.0,19.62127773255,3.8423581511148086,0.0489646185574991,0.0,0.0,0.0,0.0,0.0,0.0,23.5,"[0.9, 1.56, 2.03, 2.42, 2.79, 3.1, 3.38, 3.64, 3.88, 4.14, 4.39, 4.71, 5.05, 5.55, 6.18, 7.04, 8.51, 10.3, 13.71]",Active,True,Active,4685247.0,3,17.2,5.7,2026-10-02 01:47:18,,
302,59,00-0041562,Fernando Mendoza,QB,LV,KC,1.0,2026_04_KC_LV,2026-10-04 16:25:00,5.258790457576821,0.6176140906656684,12.368345775842135,6.067120144149832,-0.8083296865730105,D,31,-4.344938448714376,21.5,2,,True,2.0,"https://static.www.nfl.com/image/upload/f_auto,q_auto/league/umygvel2pumkyvxt3jm9",0.0,0.0,0.0,0.0,0.0,0.0,0.0,0.0,0.0,0.0,0.0,0.0,0.0,26.0,"[0.0, 0.1, 0.62, 0.95, 1.29, 1.57, 1.94, 2.3, 2.65, 2.99, 3.35, 4.05, 4.9, 6.36, 8.56, 10.13, 12.37, 14.98, 19.59]",Active,True,Active,4837248.0,0,0.0,,2026-10-02 01:47:18,,
303,24,DST_NYG,New York Giants D/ST,DST,NYG,ARI,1.0,2026_04_ARI_NYG,2026-10-04 13:00:00,5.2568452863892645,0.3411983021459965,10.148977313493283,5.962343593801241,-0.7054983074119763,F,29,-3.024372099503594,21.0,2,,False,1.0,https://a.espncdn.com/i/teamlogos/nfl/500/nyg.png,27.66397242360358,30.31452011111112,28.275677156485667,173.30634210051522,122.5628123812795,173.30634210051522,0.0,1.9846736606601325,1.5926275596767734,0.0,0.9207730724680206,1.5050518354273703,19.976599556441474,23.5,"[-1.79, -0.51, 0.34, 0.98, 1.61, 2.29, 2.78, 3.38, 3.84, 4.51, 5.03, 5.58, 6.27, 7.13, 8.01, 8.95, 10.15, 12.06, 14.76]",Active,True,Active,,3,15.0,5.0,2026-10-02 01:47:18,,
304,60,00-0038102,Kenny Pickett,QB,CAR,DET,1.0,2026_04_DET_CAR,2026-10-04 20:20:00,5.246120027613097,0.6049436607019443,12.355675345878412,2.8161536774991767,2.4299663501139204,A+,2,9.196451136792982,23.5,2,,False,2.0,"https://static.www.nfl.com/image/upload/f_auto,q_auto/league/gw6lyiuevyuspfkglnmj",0.0,0.9482796329566788,2.790009492616922,10.00274221707171,7.652387712322253,0.0,0.0,0.0,0.0,0.0,0.0,0.0,0.0,27.0,"[0.0, 0.09, 0.6, 0.94, 1.28, 1.56, 1.92, 2.29, 2.64, 2.98, 3.34, 4.03, 4.89, 6.35, 8.54, 10.12, 12.36, 14.97, 19.57]",Active,True,Active,4240703.0,2,2.0,1.0,2026-10-02 01:47:18,,
305,95,00-0041525,Chris Bell,WR,MIA,MIN,0.0,2026_04_MIA_MIN,2026-10-04 16:05:00,5.203646273627063,1.816131777234716,8.917693627730138,5.99220067925731,-0.7885544056302471,D,14,2.059585338851425,14.0,3,,True,3.0,"https://static.www.nfl.com/image/upload/f_auto,q_auto/league/zgbku18zemqyryvyahd4",3.480472561753605,0.0,0.0,0.0,0.0,31.91645663329913,0.1095610116871029,0.0,0.0,0.0,0.0,0.0,0.0,24.5,"[0.53, 1.27, 1.82, 2.3, 2.7, 3.06, 3.36, 3.65, 3.93, 4.2, 4.47, 4.72, 5.03, 5.61, 6.34, 7.43, 8.92, 10.85, 14.07]",Active,True,Active,4869961.0,3,14.2,4.7,2026-10-02 01:47:18,,
306,57,00-0040466,Raheim Sanders,RB,CLE,PIT,1.0,2026_04_PIT_CLE,2026-10-01 20:15:00,5.196696952721588,1.9705240918137925,8.451465898955531,5.690949127880608,-0.4942521751590201,D,24,-2.8200375535671576,18.0,5,,False,2.0,"https://static.www.nfl.com/image/upload/f_auto,q_auto/league/bopoof9uczgpvpggeahp",2.7750740716938007,2.100731559697608,0.0,0.0,10.014662021522014,19.91376408376632,0.1034649847345729,0.0,0.0,0.0,0.0,0.0,0.0,20.5,"[0.84, 1.5, 1.97, 2.36, 2.73, 3.04, 3.32, 3.57, 3.82, 4.07, 4.33, 4.65, 4.99, 5.49, 6.12, 6.98, 8.45, 10.24, 13.65]",Active,True,Active,4601080.0,4,20.4,5.1,2026-10-01 18:48:49,3.6,nflverse
307,58,00-0038611,Chris Rodriguez Jr.,RB,JAX,CIN,0.0,2026_04_JAX_CIN,2026-10-04 13:00:00,5.169185453914331,1.9429259010244064,8.422747566047867,5.166290777431071,0.00289467648326,C,18,-0.5610010525680359,24.5,5,,False,2.0,"https://static.www.nfl.com/image/upload/f_auto,q_auto/league/pknd5uajvpvfd8c744im",0.116082836138842,7.662639567676774,0.0,0.0,30.233915862672823,0.9485933059301676,0.0047866315698905,0.0,0.0,0.0,0.0,0.0,0.0,27.0,"[0.81, 1.47, 1.94, 2.33, 2.7, 3.01, 3.29, 3.55, 3.79, 4.05, 4.3, 4.62, 4.96, 5.46, 6.09, 6.95, 8.42, 10.21, 13.62]",Active,True,Active,4362619.0,3,13.3,4.4,2026-10-02 01:47:18,,
308,96,00-0032398,Chris Moore,WR,BAL,TEN,1.0,2026_04_TEN_BAL,2026-10-04 13:00:00,5.15909023517084,1.7715757387784925,8.873137589273915,4.558964080082939,0.6001261550879011,B,7,5.018187571258456,27.0,3,,False,4.0,"https://static.www.nfl.com/image/upload/f_auto,q_auto/league/o0s29hnpztyxqotqdx8h",2.037247574997623,0.0191705815907837,0.0,0.0,0.1725352343170536,19.650290176680965,0.080146612275506,0.0,0.0,0.0,0.0,0.0,0.0,15.5,"[0.48, 1.23, 1.77, 2.26, 2.66, 3.01, 3.32, 3.61, 3.89, 4.16, 4.42, 4.67, 4.99, 5.57, 6.3, 7.39, 8.87, 10.8, 14.02]",Active,True,Active,2576581.0,3,15.3,5.1,2026-10-02 01:47:18,,
309,25,DST_DEN,Denver Broncos D/ST,DST,DEN,SF,0.0,2026_04_DEN_SF,2026-10-04 16:25:00,5.125524257615789,0.2098772733725207,10.017656284719807,6.385389314980731,-1.2598650573649426,F,32,-4.804465633446175,22.25,2,,False,1.0,https://a.espncdn.com/i/teamlogos/nfl/500/den.png,30.774267872870432,23.94619857239172,32.827901217179544,210.8525192732401,89.35951165280972,210.8525192732401,0.0,1.615004605261498,1.8438278227185416,0.0,3.0685669556520665,1.2939675924580554,21.711600518165326,25.25,"[-1.92, -0.65, 0.21, 0.85, 1.48, 2.16, 2.65, 3.25, 3.71, 4.38, 4.9, 5.45, 6.14, 7.0, 7.88, 8.82, 10.02, 11.93, 14.63]",Active,True,Active,,3,25.0,8.3,2026-10-02 01:47:18,,
310,97,00-0037741,Jahan Dotson,WR,ATL,NO,0.0,2026_04_ATL_NO,2026-10-05 20:15:00,5.10056792566597,1.7130534292736228,8.814615279769045,5.141266827471435,-0.0406989018054648,C,17,1.0564467433728515,22.5,3,,False,2.0,"https://static.www.nfl.com/image/upload/f_auto,q_auto/league/gwuibfw7ljxudxtldcvh",3.0908251312135064,0.0,0.0,0.0,0.0,13.86200254142496,0.1220507639731646,0.0,0.0,0.0,0.0,0.0,0.0,25.0,"[0.43, 1.17, 1.71, 2.2, 2.6, 2.95, 3.26, 3.55, 3.83, 4.1, 4.36, 4.62, 4.93, 5.51, 6.24, 7.33, 8.81, 10.74, 13.96]",Active,True,Active,4361409.0,3,8.1,2.7,2026-10-02 01:47:18,,
311,39,00-0033858,Jonnu Smith,TE,GB,TB,0.0,2026_04_GB_TB,2026-10-04 13:00:00,5.085520559981505,1.9533879937665957,8.472502079984082,4.980619122671768,0.1049014373097376,C,11,2.9505116831904474,21.0,2,,False,2.0,"https://static.www.nfl.com/image/upload/f_auto,q_auto/league/egd6llghj3n5wfdrqacw",2.940784781921345,0.3167116964188923,0.0,0.0,2.424904331512695,21.408241974526533,0.0790874382101736,0.0,0.0,0.0,0.0,0.0,0.0,17.5,"[0.78, 1.45, 1.95, 2.35, 2.7, 2.98, 3.27, 3.55, 3.83, 4.12, 4.41, 4.75, 5.12, 5.61, 6.31, 7.16, 8.47, 10.21, 12.78]",Active,True,Active,3054212.0,2,10.6,5.3,2026-10-02 01:47:18,,
312,61,00-0040494,Max Brosmer,QB,MIN,MIA,1.0,2026_04_MIA_MIN,2026-10-04 16:05:00,5.032769916443341,0.391593549532188,12.142325234708656,4.520279831136092,0.5124900853072489,B,20,-0.5819331356799322,24.5,2,,False,3.0,"https://static.www.nfl.com/image/upload/f_auto,q_auto/league/fpveluufmy7buwrhpiny",0.0,1.0542214202603368,10.691491560264078,49.47659517025961,1.9583106315663543,0.0,0.0,0.0,0.0,0.0,0.0,0.0,0.0,14.0,"[0.0, 0.0, 0.39, 0.72, 1.07, 1.35, 1.71, 2.08, 2.43, 2.77, 3.12, 3.82, 4.67, 6.13, 8.33, 9.91, 12.14, 14.75, 19.36]",Active,True,Active,4573398.0,0,0.0,,2026-10-02 01:47:18,,
313,62,00-0038579,Aidan O'Connell,QB,LV,KC,1.0,2026_04_KC_LV,2026-10-04 16:25:00,5.01200449980828,0.3708281328971274,12.121559818073596,5.393288771687802,-0.3812842718795215,C,31,-4.344938448714376,21.5,2,,True,3.0,"https://static.www.nfl.com/image/upload/f_auto,q_auto/league/bcejxo7ofgk5pszhup12",0.0,1.0,22.0,102.0,6.999999999999999,0.0,0.0,0.0,0.0,0.0,0.0,0.0,0.0,26.0,"[0.0, 0.0, 0.37, 0.7, 1.05, 1.33, 1.69, 2.06, 2.41, 2.75, 3.1, 3.8, 4.65, 6.11, 8.31, 9.89, 12.12, 14.73, 19.34]",Active,True,Active,4260394.0,0,0.0,,2026-10-02 01:47:18,,
314,98,00-0041489,Germie Bernard,WR,PIT,CLE,0.0,2026_04_PIT_CLE,2026-10-01 20:15:00,4.949886140989289,1.5624067339162506,8.662923589523572,5.162519140112864,-0.2126329991235751,C,21,0.1726916058513213,20.5,3,,True,4.0,"https://static.www.nfl.com/image/upload/f_auto,q_auto/league/rsbtypbsvxux94vokb5q",4.348468838752138,0.0,0.0,0.0,0.0,24.045406516256413,0.1202549414592976,0.0,0.0,0.0,0.0,0.0,0.0,18.0,"[0.27, 1.01, 1.56, 2.05, 2.45, 2.8, 3.11, 3.4, 3.68, 3.95, 4.21, 4.46, 4.78, 5.36, 6.09, 7.18, 8.66, 10.59, 13.81]",Active,True,Active,4685261.0,3,13.0,4.3,2026-10-01 18:48:49,3.1,nflverse
315,63,00-0034577,Kyle Allen,QB,BUF,NE,1.0,2026_04_NE_BUF,2026-10-04 13:00:00,4.937227334685694,0.2960509677745415,12.04678265295101,4.660099285733031,0.2771280489526635,C,30,-4.181593625751074,27.75,2,,True,2.0,"https://static.www.nfl.com/image/upload/f_auto,q_auto/league/s3vbqdcoc6oc6yh460v9",0.0,1.4783526912503056,1.0432946174993891,0.0,-1.4783526912503056,0.0,0.0,0.0,0.0,0.0,0.0,0.0,0.0,20.75,"[0.0, 0.0, 0.3, 0.63, 0.97, 1.25, 1.62, 1.98, 2.33, 2.67, 3.03, 3.72, 4.58, 6.04, 8.24, 9.81, 12.05, 14.66, 19.26]",Active,True,Active,3115293.0,0,0.0,,2026-10-02 01:47:18,,
316,59,00-0040198,Ollie Gordon II,RB,MIA,MIN,0.0,2026_04_MIA_MIN,2026-10-04 16:05:00,4.936991995456472,1.7107324425665476,8.19055410759001,6.195333580784975,-1.2583415853285036,F,29,-5.049593875789909,14.0,5,,False,2.0,"https://static.www.nfl.com/image/upload/f_auto,q_auto/league/bv33rgypaauv7sealwkr",1.0276681544249018,7.335236730346468,0.0,0.0,17.99206171702519,4.601089015107652,0.0307639177258963,0.0,0.0,0.0,0.0,0.0,0.0,24.5,"[0.58, 1.23, 1.71, 2.1, 2.47, 2.78, 3.05, 3.31, 3.56, 3.81, 4.07, 4.39, 4.73, 5.23, 5.86, 6.72, 8.19, 9.97, 13.39]",Active,True,Active,4711533.0,2,15.2,7.6,2026-10-02 01:47:18,,
317,40,00-0034981,Foster Moreau,TE,HOU,DAL,1.0,2026_04_DAL_HOU,2026-10-04 13:00:00,4.934818931011785,1.802686364796875,8.321800451014361,4.383533143785849,0.551285787225936,B,10,3.189371098759531,25.75,2,,False,2.0,"https://static.www.nfl.com/image/upload/f_auto,q_auto/league/daymhftrwf00siu0iviy",2.4580086443895945,0.0,0.0,0.0,0.0,16.425587352154952,0.0792920106534483,0.0,0.0,0.0,0.0,0.0,0.0,22.75,"[0.63, 1.3, 1.8, 2.2, 2.55, 2.83, 3.12, 3.4, 3.68, 3.97, 4.26, 4.6, 4.96, 5.46, 6.16, 7.01, 8.32, 10.06, 12.63]",Active,True,Active,3843945.0,3,17.6,5.9,2026-10-02 01:47:18,,
318,41,00-0033881,Evan Engram,TE,DEN,SF,0.0,2026_04_DEN_SF,2026-10-04 16:25:00,4.884545222823257,1.7524126566083469,8.271526742825834,5.249230115817639,-0.364684892994382,D,29,-4.143640769161065,22.25,2,,False,1.0,"https://static.www.nfl.com/image/upload/f_auto,q_auto/league/nucl2dxmpvhlywhyro8o",3.097988696938123,0.0104667696820212,0.0,0.0,0.073267387774149,21.08304882624909,0.101788642699177,0.0,0.0,0.0,0.0,0.0,0.0,25.25,"[0.58, 1.25, 1.75, 2.15, 2.5, 2.78, 3.07, 3.35, 3.63, 3.92, 4.21, 4.55, 4.91, 5.41, 6.11, 6.96, 8.27, 10.0, 12.58]",Active,True,Active,3051876.0,3,17.0,5.7,2026-10-02 01:47:18,,
319,60,00-0033699,Austin Ekeler,RB,WAS,IND,1.0,2026_04_IND_WAS,2026-10-04 09:30:00,4.883013149357713,1.6567535964677886,8.13657526149125,4.71387194437189,0.1691412049858227,C,7,2.2595088308517264,22.5,5,,True,4.0,"https://static.www.nfl.com/image/upload/f_auto,q_auto/league/sldndpn2zwt4uhkj2zks",3.5216473087496944,7.043294617499389,0.0,0.0,21.30517422125275,18.48046459000733,0.1016494920387941,0.0,0.0,0.0,0.0,0.0,0.0,26.0,"[0.52, 1.18, 1.66, 2.04, 2.41, 2.72, 3.0, 3.26, 3.5, 3.76, 4.02, 4.33, 4.67, 5.17, 5.8, 6.66, 8.14, 9.92, 13.34]",Active,True,Active,3068267.0,0,0.0,,2026-10-02 01:47:18,,
320,99,00-0040138,Jaylin Noel,WR,HOU,DAL,1.0,2026_04_DAL_HOU,2026-10-04 13:00:00,4.872606791263825,1.4850922948714778,8.5866541453669,4.531720081154707,0.3408867101091184,C,23,0.0416695941580412,25.75,3,,False,4.0,"https://static.www.nfl.com/image/upload/f_auto,q_auto/league/ehlm8w4afdqoisx1e6as",2.605939463989619,0.5687750740287133,0.0,0.0,5.147230533814171,26.781941118235984,0.0706066568342138,0.0,0.0,0.0,0.0,0.0,0.0,22.75,"[0.2, 0.94, 1.49, 1.97, 2.37, 2.72, 3.03, 3.32, 3.6, 3.87, 4.14, 4.39, 4.7, 5.28, 6.01, 7.1, 8.59, 10.51, 13.73]",Active,True,Active,4586312.0,3,17.2,5.7,2026-10-02 01:47:18,,
321,26,DST_JAX,Jacksonville Jaguars D/ST,DST,JAX,CIN,0.0,2026_04_JAX_CIN,2026-10-04 13:00:00,4.869474662535774,-0.0461723217074938,9.761606689639793,6.391120316594574,-1.5216456540587997,F,18,-0.3740878938396727,24.5,2,,False,1.0,https://a.espncdn.com/i/teamlogos/nfl/500/jax.png,27.36397059784809,28.461018884951837,28.779498694972546,215.2710429800376,117.73876533444606,215.2710429800376,0.0,1.9732668474604431,3.3345359485414057,0.0,2.127690017646334,1.923080972024852,14.193449780847304,27.0,"[-2.17, -0.9, -0.05, 0.6, 1.22, 1.9, 2.39, 2.99, 3.45, 4.12, 4.64, 5.19, 5.88, 6.74, 7.62, 8.56, 9.76, 11.67, 14.37]",Active,True,Active,,3,31.0,10.3,2026-10-02 01:47:18,,
322,27,DST_CAR,Carolina Panthers D/ST,DST,CAR,DET,1.0,2026_04_DET_CAR,2026-10-04 20:20:00,4.85514381079803,-0.0605031734452383,9.747275837902048,6.759717808134284,-1.9045739973362543,F,28,-2.705528868633794,23.5,2,,False,1.0,https://a.espncdn.com/i/teamlogos/nfl/500-dark/car.png,33.76697828114334,23.38342158846502,37.75116686311474,276.79307959220563,99.06603341210716,276.79307959220563,0.0,2.165070516843669,2.5883478587553883,0.0,1.9623006382813772,2.005793034634474,25.59061308048785,27.0,"[-2.19, -0.92, -0.06, 0.58, 1.21, 1.89, 2.38, 2.98, 3.44, 4.11, 4.63, 5.18, 5.87, 6.73, 7.61, 8.55, 9.75, 11.66, 14.36]",Active,True,Active,,3,29.0,9.7,2026-10-02 01:47:18,,
323,100,00-0041069,Colbie Young,WR,CIN,JAX,1.0,2026_04_JAX_CIN,2026-10-04 13:00:00,4.853616348850458,1.46610185245811,8.567663702953533,3.960547934649245,0.8930684142012124,B,20,0.2035480746471811,27.0,3,,True,3.0,"https://static.www.nfl.com/image/upload/f_auto,q_auto/league/n4irmipxyl87b6jmudte",1.0,0.0,0.0,0.0,0.0,4.391763456251526,0.0295293078879702,0.0,0.0,0.0,0.0,0.0,0.0,24.5,"[0.18, 0.92, 1.47, 1.95, 2.35, 2.71, 3.01, 3.3, 3.58, 3.85, 4.12, 4.37, 4.68, 5.26, 5.99, 7.08, 8.57, 10.5, 13.72]",Active,True,Active,5092508.0,2,2.9,1.4,2026-10-02 01:47:18,,
324,28,DST_DAL,Dallas Cowboys D/ST,DST,DAL,HOU,0.0,2026_04_DAL_HOU,2026-10-04 13:00:00,4.842179200951602,-0.0734677832916661,9.73431122805562,5.846778903181063,-1.004599702229461,F,11,1.44930047202495,22.75,2,,False,1.0,https://a.espncdn.com/i/teamlogos/nfl/500/dal.png,34.20347112958996,24.88451260410966,35.370731308147775,255.2480785510368,106.4874970490112,255.2480785510368,0.0,2.512025186179952,2.871591661616419,0.0,1.034370458509363,0.6446124400252432,28.34147320926443,25.75,"[-2.2, -0.93, -0.07, 0.57, 1.2, 1.87, 2.37, 2.97, 3.43, 4.09, 4.61, 5.16, 5.85, 6.71, 7.6, 8.53, 9.73, 11.64, 14.34]",Active,True,Active,,3,5.0,1.7,2026-10-02 01:47:18,,
325,42,00-0032392,Austin Hooper,TE,ATL,NO,0.0,2026_04_ATL_NO,2026-10-05 20:15:00,4.8305696696466445,1.6984371034317345,8.217551189649221,4.397151690672965,0.4334179789736794,B,5,5.168305531266417,22.5,2,,False,3.0,"https://static.www.nfl.com/image/upload/f_auto,q_auto/league/dd0j9ccd8fxokl48alzg",2.5749604673147064,0.0,0.0,0.0,0.0,15.666077148286252,0.0908911277823235,0.0,0.0,0.0,0.0,0.0,0.0,25.0,"[0.52, 1.2, 1.7, 2.09, 2.44, 2.73, 3.02, 3.3, 3.58, 3.86, 4.16, 4.5, 4.86, 5.36, 6.05, 6.91, 8.22, 9.95, 12.53]",Active,True,Active,3043275.0,2,13.1,6.6,2026-10-02 01:47:18,,
326,43,00-0040215,Gavin Bartholomew,TE,MIN,MIA,1.0,2026_04_MIA_MIN,2026-10-04 16:05:00,4.824541107778647,1.692408541563737,8.211522627781225,3.4824127724127725,1.3421283353658748,A,6,3.998871188893524,24.5,2,,True,2.0,"https://static.www.nfl.com/image/upload/f_auto,q_auto/league/vezjblfvo9gduiyonlum",0.0,0.0,0.0,0.0,0.0,0.0,0.0,0.0,0.0,0.0,0.0,0.0,0.0,14.0,"[0.52, 1.19, 1.69, 2.09, 2.44, 2.72, 3.01, 3.29, 3.57, 3.86, 4.15, 4.49, 4.85, 5.35, 6.05, 6.9, 8.21, 9.94, 12.52]",Active,True,Active,4708049.0,0,0.0,,2026-10-02 01:47:18,,
327,64,00-0041251,Jalon Daniels,QB,TB,GB,1.0,2026_04_GB_TB,2026-10-04 13:00:00,4.817724244242494,0.1765478773313411,11.92727956250781,5.344629336601024,-0.5269050923585299,D,19,-0.3785681188116073,17.5,2,,True,2.0,"https://static.www.nfl.com/image/upload/f_auto,q_auto/league/hwhfl6i5drktwjvslfpn",0.0,1.0,3.0,0.0,9.0,0.0,0.0,0.0,0.0,0.0,0.0,0.0,0.0,21.0,"[0.0, 0.0, 0.18, 0.51, 0.85, 1.13, 1.5, 1.86, 2.21, 2.55, 2.91, 3.6, 4.46, 5.92, 8.12, 9.69, 11.93, 14.54, 19.14]",Active,True,Active,4596472.0,1,-1.1,-1.1,2026-10-02 01:47:18,,
328,29,DST_MIA,Miami Dolphins D/ST,DST,MIA,MIN,0.0,2026_04_MIA_MIN,2026-10-04 16:05:00,4.803139074113232,-0.1125079101300361,9.695271101217251,5.846902297073563,-1.0437632229603313,F,15,0.1313494301115048,14.0,2,,False,1.0,https://a.espncdn.com/i/teamlogos/nfl/500/mia.png,27.787391524039304,26.46715598319559,28.34652014047856,203.5981767210125,107.27135501166312,203.5981767210125,0.0,2.104987570496167,1.294553659463869,0.0,0.7112920304215853,1.053312807427138,27.47326898756171,24.5,"[-2.24, -0.97, -0.11, 0.53, 1.16, 1.84, 2.33, 2.93, 3.39, 4.05, 4.57, 5.13, 5.81, 6.68, 7.56, 8.49, 9.7, 11.6, 14.31]",Active,True,Active,,3,2.0,0.7,2026-10-02 01:47:18,,
329,44,00-0036637,Noah Gray,TE,KC,LV,0.0,2026_04_KC_LV,2026-10-04 16:25:00,4.772462568944981,1.640330002730071,8.159444088947557,3.9127216913695975,0.8597408775753834,A,3,6.250448983019159,26.0,2,,False,2.0,"https://static.www.nfl.com/image/upload/f_auto,q_auto/league/bpmlguml8jth2rbdfyp5",1.972993608352594,0.0,0.0,0.0,0.0,14.99108796718711,0.071161948024136,0.0,0.0,0.0,0.0,0.0,0.0,21.5,"[0.46, 1.14, 1.64, 2.03, 2.38, 2.67, 2.96, 3.24, 3.52, 3.8, 4.1, 4.44, 4.8, 5.3, 5.99, 6.85, 8.16, 9.89, 12.47]",Active,True,Active,4240472.0,3,8.4,2.8,2026-10-02 01:47:18,,
330,65,00-0041149,Haynes King,QB,CAR,DET,1.0,2026_04_DET_CAR,2026-10-04 20:20:00,4.771051445045326,0.1298750781341731,11.880606763310642,3.2823376417233563,1.4887138033219696,A,2,9.196451136792982,23.5,2,,True,3.0,"https://static.www.nfl.com/image/upload/f_auto,q_auto/league/qcloyq4ahyh0hfzo6i0i",0.0,0.0,0.0,0.0,0.0,0.0,0.0,0.0,0.0,0.0,0.0,0.0,0.0,27.0,"[0.0, 0.0, 0.13, 0.46, 0.81, 1.08, 1.45, 1.82, 2.16, 2.51, 2.86, 3.56, 4.41, 5.87, 8.07, 9.65, 11.88, 14.49, 19.1]",Active,True,Active,4428993.0,0,0.0,,2026-10-02 01:47:18,,
331,61,00-0038454,Keaton Mitchell,RB,LAC,SEA,0.0,2026_04_LAC_SEA,2026-10-04 16:25:00,4.75574277479547,1.529483221905546,8.009304886929009,5.523111755162996,-0.7673689803675261,D,25,-2.850719217621903,17.75,5,,False,2.0,"https://static.www.nfl.com/image/upload/f_auto,q_auto/league/ztciwwpbyaffmckwrzdk",1.286110416298328,5.56261677262319,0.0,0.0,28.96310129069795,3.553607171860827,0.0451112778822942,0.0,0.0,0.0,0.0,0.0,0.0,24.75,"[0.4, 1.05, 1.53, 1.92, 2.29, 2.6, 2.87, 3.13, 3.38, 3.63, 3.89, 4.21, 4.55, 5.05, 5.67, 6.54, 8.01, 9.79, 13.21]",Active,True,Active,4596334.0,3,19.5,6.5,2026-10-02 01:47:18,,
332,62,00-0029892,Kyle Juszczyk,RB,SF,DEN,1.0,2026_04_DEN_SF,2026-10-04 16:25:00,4.69668168740908,1.4704221345191557,7.950243799542617,4.050192772819034,0.6464889145900461,B,6,4.245985033041277,25.25,5,,False,,"https://static.www.nfl.com/image/upload/f_auto,q_auto/league/tsejiiddtouukwyyqr9q",1.9302984339869669,0.0864627700620224,0.0,0.0,-0.2071002759482529,14.334866717552044,0.0742981379494115,0.0,0.0,0.0,0.0,0.0,0.0,22.25,"[0.34, 0.99, 1.47, 1.86, 2.23, 2.54, 2.81, 3.07, 3.32, 3.57, 3.83, 4.15, 4.49, 4.99, 5.62, 6.48, 7.95, 9.73, 13.15]",Active,True,Active,16002.0,2,10.7,5.4,2026-10-02 01:47:18,,
333,66,00-0041056,Cade Klubnik,QB,NYJ,CHI,0.0,2026_04_NYJ_CHI,2026-10-04 13:00:00,4.690844294050276,0.0496679271391231,11.80039961231559,6.067120144149832,-1.3762758500995558,F,24,-1.8887499251225608,20.0,2,,True,2.0,"https://static.www.nfl.com/image/upload/f_auto,q_auto/league/sqsxavkryojbysy4kq85",0.0,0.0,0.0,0.0,0.0,0.0,0.0,0.0,0.0,0.0,0.0,0.0,0.0,23.5,"[0.0, 0.0, 0.05, 0.38, 0.73, 1.0, 1.37, 1.74, 2.08, 2.42, 2.78, 3.48, 4.33, 5.79, 7.99, 9.57, 11.8, 14.41, 19.02]",Active,True,Active,4685413.0,0,0.0,,2026-10-02 01:47:18,,
334,45,00-0035689,Dawson Knox,TE,BUF,NE,1.0,2026_04_NE_BUF,2026-10-04 13:00:00,4.689919049402814,1.557786483187904,8.07690056940539,4.411825319417183,0.2780937299856312,B,23,-2.4092964454937507,27.75,2,,False,2.0,"https://static.www.nfl.com/image/upload/f_auto,q_auto/league/k8bi9ppahwfmoxs8ij4w",1.977539005077376,0.251202472368511,0.0,0.0,0.0,12.792892110487582,0.0695147219830822,0.0,0.0,0.0,0.0,0.0,0.0,20.75,"[0.38, 1.05, 1.56, 1.95, 2.3, 2.59, 2.88, 3.16, 3.44, 3.72, 4.02, 4.36, 4.72, 5.22, 5.91, 6.77, 8.08, 9.81, 12.39]",Active,True,Active,3930086.0,3,11.7,3.9,2026-10-02 01:47:18,,
335,30,DST_WAS,Washington Commanders D/ST,DST,WAS,IND,1.0,2026_04_IND_WAS,2026-10-04 09:30:00,4.685363534040388,-0.2302834502028803,9.577495561144406,6.086790197920459,-1.4014266638800716,F,17,-0.2130912903091941,22.5,2,,False,1.0,https://a.espncdn.com/i/teamlogos/nfl/500/wsh.png,29.00262150269028,31.07373193973068,31.25913806385377,186.3417254581629,130.86920811202475,186.3417254581629,0.0,2.168238417625173,2.4801902003677667,0.0,1.876397686634658,0.944901392532414,29.62353212110139,26.0,"[-2.36, -1.09, -0.23, 0.41, 1.04, 1.72, 2.21, 2.81, 3.27, 3.94, 4.46, 5.01, 5.7, 6.56, 7.44, 8.38, 9.58, 11.49, 14.19]",Active,True,Active,,3,12.0,4.0,2026-10-02 01:47:18,,
336,46,00-0040187,Mitchell Evans,TE,CAR,DET,1.0,2026_04_DET_CAR,2026-10-04 20:20:00,4.668301446816109,1.536168880601199,8.055282966818686,3.4377746833628566,1.2305267634532524,A,1,13.96173402288592,23.5,2,,False,3.0,"https://static.www.nfl.com/image/upload/f_auto,q_auto/league/yruhsxdnyfaa7iswn1dp",1.943573270997596,0.0278228007251521,0.0,0.0,0.0278228007251521,17.2590227824572,0.0567215736723133,0.0,0.0,0.0,0.0,0.0,0.0,27.0,"[0.36, 1.03, 1.54, 1.93, 2.28, 2.57, 2.86, 3.14, 3.41, 3.7, 3.99, 4.34, 4.7, 5.19, 5.89, 6.75, 8.06, 9.79, 12.37]",Active,True,Active,4683243.0,3,10.8,3.6,2026-10-02 01:47:18,,
337,63,00-0039391,Kimani Vidal,RB,LAC,SEA,0.0,2026_04_LAC_SEA,2026-10-04 16:25:00,4.655918849325441,1.4296592964355166,7.909480961458978,5.423287829692967,-0.7673689803675261,D,25,-2.850719217621903,17.75,5,,False,3.0,"https://static.www.nfl.com/image/upload/f_auto,q_auto/league/tqdctdun0bv60d5ziwtl",1.6374368670695802,5.551733911201438,0.0,0.0,22.022404229444057,9.471019786648888,0.0521268162328205,0.0,0.0,0.0,0.0,0.0,0.0,24.75,"[0.3, 0.95, 1.43, 1.82, 2.19, 2.5, 2.77, 3.03, 3.28, 3.53, 3.79, 4.11, 4.45, 4.95, 5.57, 6.44, 7.91, 9.69, 13.11]",Active,True,Active,4430968.0,2,3.0,1.5,2026-10-02 01:47:18,,
338,101,00-0032951,Laquon Treadwell,WR,IND,WAS,0.0,2026_04_IND_WAS,2026-10-04 09:30:00,4.617028701082855,1.2295142046905077,8.33107605518593,4.121929849763731,0.4950988513191241,B,1,8.39903555817399,26.0,3,,False,4.0,"https://static.www.nfl.com/image/upload/f_auto,q_auto/league/xspi3oy2wlnszorzn6vk",1.356286184422926,0.0,0.0,0.0,0.0,22.429157176907864,0.0440885261965769,0.0,0.0,0.0,0.0,0.0,0.0,22.5,"[0.0, 0.68, 1.23, 1.72, 2.12, 2.47, 2.78, 3.07, 3.35, 3.62, 3.88, 4.13, 4.44, 5.03, 5.76, 6.85, 8.33, 10.26, 13.48]",Active,True,Active,3051889.0,3,12.1,4.0,2026-10-02 01:47:18,,
339,102,00-0038839,Mitchell Tinsley,WR,CIN,JAX,1.0,2026_04_JAX_CIN,2026-10-04 13:00:00,4.562735733962998,1.1752212375706503,8.276783088066074,4.101441266626754,0.461294467336244,B,20,0.2035480746471811,27.0,3,,False,5.0,"https://static.www.nfl.com/image/upload/f_auto,q_auto/league/t4h8qtzndtvf6is6naew",3.133864059242422,0.0,0.0,0.0,0.0,14.532559524609134,0.0858519488314299,0.0,0.0,0.0,0.0,0.0,0.0,24.5,"[0.0, 0.63, 1.18, 1.66, 2.06, 2.41, 2.72, 3.01, 3.29, 3.56, 3.83, 4.08, 4.39, 4.97, 5.7, 6.79, 8.28, 10.2, 13.43]",Active,True,Active,4690070.0,0,0.0,,2026-10-02 01:47:18,,
340,103,00-0039868,Troy Franklin,WR,DEN,SF,0.0,2026_04_DEN_SF,2026-10-04 16:25:00,4.555015082433752,1.1675005860414047,8.269062436536828,4.611065876315666,-0.0560507938819139,C,15,1.3268129030466045,22.25,3,,False,5.0,"https://static.www.nfl.com/image/upload/f_auto,q_auto/league/wgfbgxjntyqzojpizgaj",2.61662448984337,0.2918219398849117,0.0,0.0,1.1968599552376562,23.52528076618088,0.0817876646635445,0.0,0.0,0.0,0.0,0.0,0.0,25.25,"[0.0, 0.62, 1.17, 1.65, 2.05, 2.41, 2.71, 3.0, 3.28, 3.56, 3.82, 4.07, 4.38, 4.97, 5.7, 6.79, 8.27, 10.2, 13.42]",Active,True,Active,4431280.0,3,7.3,2.4,2026-10-02 01:47:18,,
341,104,00-0040785,Dohnte Meyers,WR,CIN,JAX,1.0,2026_04_JAX_CIN,2026-10-04 13:00:00,4.545486755043699,1.1579722586513514,8.259534109146774,4.073136081517212,0.4723506735264875,B,20,0.2035480746471811,27.0,3,,True,4.0,"https://static.www.nfl.com/image/upload/f_auto,q_auto/league/xkxpqhtebubkbv1irlkc",2.450378670387518,0.3049045561723282,0.0,0.0,3.0490455617232817,16.003527371411415,0.0686928919601916,0.0,0.0,0.0,0.0,0.0,0.0,24.5,"[0.0, 0.61, 1.16, 1.64, 2.04, 2.4, 2.71, 3.0, 3.27, 3.55, 3.81, 4.06, 4.37, 4.96, 5.69, 6.78, 8.26, 10.19, 13.41]",Active,True,Active,4384852.0,3,9.7,3.2,2026-10-02 01:47:18,,
342,47,00-0040189,Oronde Gadsden II,TE,LAC,SEA,0.0,2026_04_LAC_SEA,2026-10-04 16:25:00,4.509138891339933,1.3770063251250226,7.89612041134251,5.235104589479286,-0.725965698139353,F,25,-3.2872262026235277,17.75,2,,False,2.0,"https://static.www.nfl.com/image/upload/f_auto,q_auto/league/r8b4oghjwhw8x9nv1wbs",2.892601812476885,0.0,0.0,0.0,0.0,22.509675190322863,0.0975053153496715,0.0,0.0,0.0,0.0,0.0,0.0,24.75,"[0.2, 0.87, 1.38, 1.77, 2.12, 2.41, 2.7, 2.98, 3.25, 3.54, 3.83, 4.18, 4.54, 5.04, 5.73, 6.59, 7.9, 9.63, 12.21]",Active,True,Active,4595342.0,3,15.0,5.0,2026-10-02 01:47:18,,
343,105,00-0034837,Calvin Ridley,WR,TEN,BAL,0.0,2026_04_TEN_BAL,2026-10-04 13:00:00,4.353562359552397,0.9660478631600492,8.067609713655472,5.045787201256559,-0.6922248417041619,D,18,0.9391502526444228,15.5,3,,False,4.0,"https://static.www.nfl.com/image/upload/f_auto,q_auto/league/zrv8bjm7zdtboyka2jvr",2.630751549105795,0.0,0.0,0.0,0.0,25.83946774877013,0.1000248891787014,0.0,0.0,0.0,0.0,0.0,0.0,27.0,"[0.0, 0.42, 0.97, 1.45, 1.85, 2.21, 2.51, 2.8, 3.08, 3.35, 3.62, 3.87, 4.18, 4.76, 5.49, 6.58, 8.07, 10.0, 13.22]",Active,True,Active,3925357.0,2,5.5,2.8,2026-10-02 01:47:18,,
344,106,00-0040172,Jordan Watkins,WR,SF,DEN,1.0,2026_04_DEN_SF,2026-10-04 16:25:00,4.257841094648751,0.8703265982564035,7.971888448751827,4.041933350268834,0.2159077443799173,C,24,-1.096528818996405,25.25,3,,True,5.0,"https://static.www.nfl.com/image/upload/f_auto,q_auto/league/agcwewjrj4dfssqkzksp",1.828850115765585,0.0,0.0,0.0,0.0,44.66476254702959,0.0692517904052303,0.0,0.0,0.0,0.0,0.0,0.0,22.25,"[0.0, 0.32, 0.87, 1.36, 1.76, 2.11, 2.42, 2.71, 2.99, 3.26, 3.52, 3.77, 4.08, 4.67, 5.4, 6.49, 7.97, 9.9, 13.12]",Active,True,Active,4431466.0,1,8.0,8.0,2026-10-02 01:47:18,,
345,48,00-0039359,Cade Stover,TE,HOU,DAL,1.0,2026_04_DAL_HOU,2026-10-04 13:00:00,4.246440212061643,1.1143076458467327,7.633421732064219,3.695154424835706,0.551285787225936,B,10,3.189371098759531,25.75,2,,False,4.0,"https://static.www.nfl.com/image/upload/f_auto,q_auto/league/ur3ihcg0rkeqbfiksj5y",1.9641105428920969,0.5538253858942096,0.0,0.0,1.1671378320877186,5.72468411884523,0.0606570779688302,0.0,0.0,0.0,0.0,0.0,0.0,22.75,"[0.0, 0.61, 1.11, 1.51, 1.86, 2.14, 2.44, 2.71, 2.99, 3.28, 3.57, 3.92, 4.28, 4.77, 5.47, 6.32, 7.63, 9.37, 11.94]",Active,True,Active,4426496.0,1,0.8,0.8,2026-10-02 01:47:18,,
346,49,00-0036244,Colby Parkinson,TE,LA,PHI,0.0,2026_04_LA_PHI,2026-10-04 13:00:00,4.242117382276324,1.109984816061414,7.629098902278901,4.516964601876473,-0.274847219600149,D,28,-3.9300048215336423,23.0,2,,False,1.0,"https://static.www.nfl.com/image/upload/f_auto,q_auto/league/qsyrgtfjj06wryahnxc9",2.538026971511099,0.0,0.0,0.0,0.0,16.425821810383088,0.0753543432745471,0.0,0.0,0.0,0.0,0.0,0.0,19.5,"[0.0, 0.61, 1.11, 1.5, 1.85, 2.14, 2.43, 2.71, 2.99, 3.27, 3.57, 3.91, 4.27, 4.77, 5.46, 6.32, 7.63, 9.36, 11.94]",Active,True,Active,4242557.0,3,5.1,1.7,2026-10-02 01:47:18,,
347,50,00-0033217,Mo Alie-Cox,TE,IND,WAS,0.0,2026_04_IND_WAS,2026-10-04 09:30:00,4.207146668409701,1.0750141021947908,7.594128188412277,3.113108795914845,1.0940378724948556,A,2,9.06898261031441,26.0,2,,False,2.0,"https://static.www.nfl.com/image/upload/f_auto,q_auto/league/ivdxijcqlhfwsydxh6ox",1.6612368916568927,0.0,0.0,0.0,0.0,12.915346872130009,0.0506424996438983,0.0,0.0,0.0,0.0,0.0,0.0,22.5,"[0.0, 0.57, 1.08, 1.47, 1.82, 2.11, 2.4, 2.68, 2.95, 3.24, 3.53, 3.88, 4.24, 4.73, 5.43, 6.29, 7.59, 9.33, 11.91]",Active,True,Active,2998565.0,1,2.6,2.6,2026-10-02 01:47:18,,
348,64,00-0038951,Sean Tucker,RB,TB,GB,1.0,2026_04_GB_TB,2026-10-04 13:00:00,4.156688889307573,0.930429336417649,7.410251001441111,4.079123634100757,0.0775652552068164,C,2,6.2542016385632255,17.5,5,,False,3.0,"https://static.www.nfl.com/image/upload/f_auto,q_auto/league/wiarwjvy8p6bojlratp4",0.6114010052809506,5.391661050109314,0.0,0.0,18.64745490909524,2.0829754959334426,0.0177031824366886,0.0,0.0,0.0,0.0,0.0,0.0,21.0,"[0.0, 0.45, 0.93, 1.32, 1.69, 2.0, 2.27, 2.53, 2.78, 3.03, 3.29, 3.61, 3.95, 4.45, 5.08, 5.94, 7.41, 9.19, 12.61]",Active,True,Active,4430871.0,0,0.0,,2026-10-02 01:47:18,,
349,51,00-0035631,Drew Sample,TE,CIN,JAX,1.0,2026_04_JAX_CIN,2026-10-04 13:00:00,4.036788785850391,0.9046562196354806,7.423770305852967,3.728155737125172,0.3086330487252184,B,19,-1.1748276045879715,27.0,2,,False,2.0,"https://static.www.nfl.com/image/upload/f_auto,q_auto/league/mmxrr2k7gdfowqpyxtr7",2.151022946339005,0.0391800796181715,0.0,0.0,0.1175402388545145,9.60335835105177,0.0612982178742463,0.0,0.0,0.0,0.0,0.0,0.0,24.5,"[0.0, 0.4, 0.9, 1.3, 1.65, 1.93, 2.23, 2.5, 2.78, 3.07, 3.36, 3.71, 4.07, 4.56, 5.26, 6.11, 7.42, 9.16, 11.74]",Active,True,Active,3127310.0,2,5.9,3.0,2026-10-02 01:47:18,,
350,107,00-0041100,Josh Cameron,WR,JAX,CIN,0.0,2026_04_JAX_CIN,2026-10-04 13:00:00,4.036255959965011,0.6487414635726636,7.750303314068086,3.8401759741359065,0.1960799858291046,C,13,2.4019137253772267,24.5,3,,True,4.0,"https://static.www.nfl.com/image/upload/f_auto,q_auto/league/jwb3wyhoqqq52mfiyxxc",1.3349984475384151,0.0,0.0,0.0,0.0,10.449227134609115,0.0558973934257048,0.0,0.0,0.0,0.0,0.0,0.0,27.0,"[0.0, 0.1, 0.65, 1.14, 1.53, 1.89, 2.2, 2.49, 2.76, 3.04, 3.3, 3.55, 3.86, 4.45, 5.18, 6.27, 7.75, 9.68, 12.9]",Active,True,Active,4879194.0,3,18.2,6.1,2026-10-02 01:47:18,,
351,67,00-0041117,Athan Kaliakmanis,QB,WAS,IND,1.0,2026_04_IND_WAS,2026-10-04 09:30:00,4.027581259871303,0.0,11.137136578136618,3.2823376417233563,0.7452436181479465,B,4,3.693389417351334,22.5,2,,True,3.0,"https://static.www.nfl.com/image/upload/f_auto,q_auto/league/ahtbv63jyg8ampmyrxn9",0.0,0.0,0.0,0.0,0.0,0.0,0.0,0.0,0.0,0.0,0.0,0.0,0.0,26.0,"[0.0, 0.0, 0.0, 0.0, 0.06, 0.34, 0.71, 1.07, 1.42, 1.76, 2.12, 2.81, 3.67, 5.13, 7.33, 8.9, 11.14, 13.75, 18.35]",Active,True,Active,4432722.0,0,0.0,,2026-10-02 01:47:18,,
352,65,00-0039364,Sione Vaki,RB,DET,CAR,0.0,2026_04_DET_CAR,2026-10-04 20:20:00,4.021384809368294,0.7951252564783693,7.274946921501831,3.306559558706816,0.7148252506614776,B,1,6.5587526159608815,27.0,5,,False,2.0,"https://static.www.nfl.com/image/upload/f_auto,q_auto/league/abqcluf2gbejhiyjjtoz",0.7808014827802099,2.4580365540608637,0.0,0.0,10.939156492213058,9.108050508795456,0.0220691104182703,0.0,0.0,0.0,0.0,0.0,0.0,23.5,"[0.0, 0.32, 0.8, 1.18, 1.55, 1.86, 2.14, 2.4, 2.64, 2.9, 3.16, 3.47, 3.81, 4.31, 4.94, 5.8, 7.27, 9.06, 12.48]",Active,True,Active,4912274.0,3,10.5,3.5,2026-10-02 01:47:18,,
353,108,00-0037742,Treylon Burks,WR,WAS,IND,1.0,2026_04_IND_WAS,2026-10-04 09:30:00,4.020351855978842,0.6328373595864947,7.734399210081918,3.7560122005894474,0.2643396553893957,C,3,7.822986345821431,22.5,3,,False,5.0,"https://static.www.nfl.com/image/upload/f_auto,q_auto/league/bmozbzdxgnnwdniuvgnn",2.015628891868686,0.0,0.0,0.0,0.0,9.964020737491785,0.0801816144317921,0.0,0.0,0.0,0.0,0.0,0.0,26.0,"[0.0, 0.09, 0.63, 1.12, 1.52, 1.87, 2.18, 2.47, 2.75, 3.02, 3.28, 3.54, 3.85, 4.43, 5.16, 6.25, 7.73, 9.66, 12.88]",Active,True,Active,4567156.0,2,9.3,4.6,2026-10-02 01:47:18,,
354,66,00-0036893,Najee Harris,RB,NYG,ARI,1.0,2026_04_ARI_NYG,2026-10-04 13:00:00,3.994713031544187,0.768453478654263,7.248275143677725,4.171327327737649,-0.176614296193462,C,22,-2.166079106504039,21.0,5,,False,2.0,"https://static.www.nfl.com/image/upload/f_auto,q_auto/league/grfxgbvqnzz40r7rdtvk",0.2054992050214823,6.297254838761118,0.0,0.0,28.08707986966415,1.7319832386243232,0.0071184756367142,0.0,0.0,0.0,0.0,0.0,0.0,23.5,"[0.0, 0.29, 0.77, 1.15, 1.52, 1.83, 2.11, 2.37, 2.62, 2.87, 3.13, 3.44, 3.78, 4.29, 4.91, 5.78, 7.25, 9.03, 12.45]",Active,True,Active,4241457.0,2,5.8,2.9,2026-10-02 01:47:18,,
355,109,00-0035208,Olamide Zaccheaus,WR,ATL,NO,0.0,2026_04_ATL_NO,2026-10-05 20:15:00,3.981793514401443,0.5942790180090953,7.6958408685045185,4.022492416206909,-0.0406989018054657,C,17,1.0564467433728515,22.5,3,,False,3.0,"https://static.www.nfl.com/image/upload/f_auto,q_auto/league/zsnzd30ysrewgufbv06y",2.5676257403418754,0.0468099665001933,0.0,0.0,0.2658863165782524,9.386899986552535,0.0915723083069556,0.0,0.0,0.0,0.0,0.0,0.0,25.0,"[0.0, 0.05, 0.59, 1.08, 1.48, 1.83, 2.14, 2.43, 2.71, 2.98, 3.24, 3.5, 3.81, 4.39, 5.12, 6.21, 7.7, 9.62, 12.84]",Active,True,Active,3917914.0,3,5.7,1.9,2026-10-02 01:47:18,,
356,52,00-0041503,Nate Boerkircher,TE,JAX,CIN,0.0,2026_04_JAX_CIN,2026-10-04 13:00:00,3.9790527780094473,0.8469202117945365,7.366034298012023,3.285715918270016,0.6933368597394307,B,4,5.4835202008067325,24.5,2,,True,2.0,"https://static.www.nfl.com/image/upload/f_auto,q_auto/league/bxglkvzpx2y40u25xaso",1.0,0.0,0.0,0.0,0.0,4.305174221252749,0.042098970277781,0.0,0.0,0.0,0.0,0.0,0.0,27.0,"[0.0, 0.34, 0.85, 1.24, 1.59, 1.88, 2.17, 2.45, 2.72, 3.01, 3.3, 3.65, 4.01, 4.51, 5.2, 6.06, 7.37, 9.1, 11.68]",Active,True,Active,4686248.0,2,1.9,1.0,2026-10-02 01:47:18,,
357,67,00-0037085,Tyler Badie,RB,DEN,SF,0.0,2026_04_DEN_SF,2026-10-04 16:25:00,3.9701254657751015,0.7438659128851772,7.223687577908639,4.00432133743363,-0.0341958716585288,C,10,1.9048143191651283,22.25,5,,False,3.0,"https://static.www.nfl.com/image/upload/f_auto,q_auto/league/ghhul5piv9vzeih6atsj",1.8066240927595336,0.8068185864734582,0.0,0.0,1.5426558450203478,13.782936597242964,0.0562224297282789,0.0,0.0,0.0,0.0,0.0,0.0,25.25,"[0.0, 0.27, 0.74, 1.13, 1.5, 1.81, 2.09, 2.35, 2.59, 2.85, 3.11, 3.42, 3.76, 4.26, 4.89, 5.75, 7.22, 9.01, 12.42]",Active,True,Active,4362748.0,2,7.3,3.6,2026-10-02 01:47:18,,
358,110,00-0035406,Lil'Jordan Humphrey,WR,DEN,SF,0.0,2026_04_DEN_SF,2026-10-04 16:25:00,3.879597090932637,0.4920825945402893,7.593644445035713,3.935647884814551,-0.0560507938819139,C,15,1.3268129030466045,22.25,3,,False,6.0,"https://static.www.nfl.com/image/upload/f_auto,q_auto/league/otxrvkflhixz9akhmfqq",2.652225965185406,0.0,0.0,0.0,0.0,13.037768448071825,0.0809510186624832,0.0,0.0,0.0,0.0,0.0,0.0,25.25,"[0.0, 0.0, 0.49, 0.98, 1.38, 1.73, 2.04, 2.33, 2.61, 2.88, 3.14, 3.39, 3.71, 4.29, 5.02, 6.11, 7.59, 9.52, 12.74]",Active,True,Active,4039057.0,1,0.0,0.0,2026-10-02 01:47:18,,
359,53,00-0037805,Jeremy Ruckert,TE,NYJ,CHI,0.0,2026_04_NYJ_CHI,2026-10-04 13:00:00,3.871406796369155,0.739274230154245,7.258388316371732,4.398305736466491,-0.5268989400973361,D,26,-3.493769087092728,20.0,2,,False,3.0,"https://static.www.nfl.com/image/upload/f_auto,q_auto/league/bcqcta7r1uee3rqhejdh",2.6341767805996734,0.0,0.0,0.0,0.0,15.699066328778288,0.0808655754399125,0.0,0.0,0.0,0.0,0.0,0.0,23.5,"[0.0, 0.24, 0.74, 1.13, 1.48, 1.77, 2.06, 2.34, 2.62, 2.9, 3.2, 3.54, 3.9, 4.4, 5.09, 5.95, 7.26, 8.99, 11.57]",Active,True,Active,4361372.0,3,18.8,6.3,2026-10-02 01:47:18,,
360,31,DST_NE,New England Patriots D/ST,DST,NE,BUF,0.0,2026_04_NE_BUF,2026-10-04 13:00:00,3.859483468970833,-1.056163515272435,8.751615496074852,5.982526424679706,-2.1230429557088724,F,26,-2.286982113482821,20.75,2,,False,1.0,https://a.espncdn.com/i/teamlogos/nfl/500/ne.png,27.650998878572928,28.566013967692754,28.987401087804628,222.51307444701223,116.01520253932554,222.51307444701223,0.0,2.1965073557523422,1.5750584026896872,0.0,2.316701032574885,1.151557794997496,17.456815196715898,27.75,"[-3.18, -1.91, -1.06, -0.41, 0.21, 0.89, 1.38, 1.98, 2.44, 3.11, 3.63, 4.18, 4.87, 5.73, 6.61, 7.55, 8.75, 10.66, 13.36]",Active,True,Active,,3,20.0,6.7,2026-10-02 01:47:18,,
361,32,DST_TEN,Tennessee Titans D/ST,DST,TEN,BAL,0.0,2026_04_TEN_BAL,2026-10-04 13:00:00,3.841397015935384,-1.0742499683078837,8.733529043039404,5.875675546419918,-2.034278530484534,F,23,-1.416540202925025,15.5,2,,False,1.0,https://a.espncdn.com/i/teamlogos/nfl/500/ten.png,28.21292433158853,22.023295183067543,30.69530751481033,175.4010322595361,93.41734829870602,175.4010322595361,0.0,1.507845255041636,1.4870080212647216,0.0,2.2339181070385705,0.6582369503120292,22.12887319785969,27.0,"[-3.2, -1.93, -1.07, -0.43, 0.2, 0.87, 1.37, 1.96, 2.43, 3.09, 3.61, 4.16, 4.85, 5.71, 6.6, 7.53, 8.73, 10.64, 13.34]",Active,True,Active,,3,14.0,4.7,2026-10-02 01:47:18,,
362,68,00-0033949,Joshua Dobbs,QB,DET,CAR,0.0,2026_04_DET_CAR,2026-10-04 20:20:00,3.836051836474645,0.0,10.94560715473996,3.5089052991746854,0.32714653729996,C,13,0.7162506506460085,27.0,2,,False,2.0,"https://static.www.nfl.com/image/upload/f_auto,q_auto/league/twaqqjexyi0vgyfbvzis",0.0,2.5018709170128464,2.6296408505888347,17.172223705942567,-1.1734204618243125,0.0,0.0,0.0,0.0,0.0,0.0,0.0,0.0,23.5,"[0.0, 0.0, 0.0, 0.0, 0.0, 0.15, 0.51, 0.88, 1.23, 1.57, 1.93, 2.62, 3.48, 4.94, 7.13, 8.71, 10.95, 13.56, 18.16]",Active,True,Active,3044720.0,0,0.0,,2026-10-02 01:47:18,,
363,111,00-0040876,Elijah Sarratt,WR,BAL,TEN,1.0,2026_04_TEN_BAL,2026-10-04 13:00:00,3.8118868072864913,0.4243723108941437,7.525934161389566,2.7540648308768167,1.0578219764096746,A,7,5.018187571258456,27.0,3,,True,6.0,"https://static.www.nfl.com/image/upload/f_auto,q_auto/league/rbtitvma6hjyotcajqtv",0.0,0.0,0.0,0.0,0.0,0.0,0.0,0.0,0.0,0.0,0.0,0.0,0.0,15.5,"[0.0, 0.0, 0.42, 0.91, 1.31, 1.66, 1.97, 2.26, 2.54, 2.81, 3.08, 3.33, 3.64, 4.22, 4.95, 6.04, 7.53, 9.45, 12.67]",Active,True,Active,5088338.0,0,0.0,,2026-10-02 01:47:18,,
364,69,00-0038416,Tyson Bagent,QB,CHI,NYJ,1.0,2026_04_NYJ_CHI,2026-10-04 13:00:00,3.8059372373739504,0.0,10.915492555639265,3.324667763477028,0.4812694738969227,B,18,-0.0715231497068554,23.5,2,,True,3.0,"https://static.www.nfl.com/image/upload/f_auto,q_auto/league/ymimvligfyrucu0v3p6a",0.0,0.3138902716739397,6.689130111102863,43.943385268431705,1.0986159508587892,0.0,0.0,0.0,0.0,0.0,0.0,0.0,0.0,20.0,"[0.0, 0.0, 0.0, 0.0, 0.0, 0.12, 0.48, 0.85, 1.2, 1.54, 1.9, 2.59, 3.45, 4.91, 7.1, 8.68, 10.92, 13.53, 18.13]",Active,True,Active,4434153.0,1,2.2,2.2,2026-10-02 01:47:18,,
365,54,00-0036290,Cole Kmet,TE,CHI,NYJ,1.0,2026_04_NYJ_CHI,2026-10-04 13:00:00,3.770418660101651,0.638286093886741,7.157400180104228,3.926311610808385,-0.1558929507067343,C,24,-2.716544703002372,23.5,2,,False,2.0,"https://static.www.nfl.com/image/upload/f_auto,q_auto/league/ysnui8mzlu2fo70ub0yt",2.005537087375618,0.0296044952771,0.0124471569769544,0.0,0.0296044952771,13.654893344064456,0.0668460617700161,0.0,0.0,0.0,0.0,0.0,0.0,20.0,"[0.0, 0.14, 0.64, 1.03, 1.38, 1.67, 1.96, 2.24, 2.52, 2.8, 3.1, 3.44, 3.8, 4.3, 4.99, 5.85, 7.16, 8.89, 11.47]",Active,True,Active,4258595.0,3,11.5,3.8,2026-10-02 01:47:18,,
366,112,00-0041443,Skyler Bell,WR,BUF,NE,1.0,2026_04_NE_BUF,2026-10-04 13:00:00,3.7452222206612142,0.3577077242688666,7.459269574764289,2.7540648308768167,0.9911573897843976,A,16,1.298295902273489,27.75,3,,True,6.0,"https://static.www.nfl.com/image/upload/f_auto,q_auto/league/oac3geuuhazbznztufzk",0.0,0.0,0.0,0.0,0.0,0.0,0.0,0.0,0.0,0.0,0.0,0.0,0.0,20.75,"[0.0, 0.0, 0.36, 0.84, 1.24, 1.6, 1.91, 2.19, 2.47, 2.75, 3.01, 3.26, 3.57, 4.16, 4.89, 5.98, 7.46, 9.39, 12.61]",Active,True,Active,4683153.0,0,0.0,,2026-10-02 01:47:18,,
367,70,00-0040981,Joe Fagnano,QB,BAL,TEN,1.0,2026_04_TEN_BAL,2026-10-04 13:00:00,3.740399279199945,0.0,10.84995459746526,3.2823376417233563,0.4580616374765887,C,22,-1.220489698922593,27.0,2,,True,3.0,"https://static.www.nfl.com/image/upload/f_auto,q_auto/league/p8uqfsnpx153mn3gjtd3",0.0,0.0,0.0,0.0,0.0,0.0,0.0,0.0,0.0,0.0,0.0,0.0,0.0,15.5,"[0.0, 0.0, 0.0, 0.0, 0.0, 0.05, 0.42, 0.79, 1.13, 1.47, 1.83, 2.53, 3.38, 4.84, 7.04, 8.62, 10.85, 13.46, 18.07]",Active,True,Active,4429582.0,0,0.0,,2026-10-02 01:47:18,,
368,113,00-0038840,Brycen Tremayne,WR,CAR,DET,1.0,2026_04_DET_CAR,2026-10-04 20:20:00,3.727825573489707,0.3403110770973598,7.441872927592783,3.43901061562872,0.2888149578609873,C,6,5.460722282554286,23.5,3,,False,4.0,"https://static.www.nfl.com/image/upload/f_auto,q_auto/league/isc094ihkf69vzrlkiql",1.8325844007651968,0.0,0.0,0.0,0.0,23.583032120588623,0.0460526939722894,0.0,0.0,0.0,0.0,0.0,0.0,27.0,"[0.0, 0.0, 0.34, 0.83, 1.23, 1.58, 1.89, 2.18, 2.46, 2.73, 2.99, 3.24, 3.55, 4.14, 4.87, 5.96, 7.44, 9.37, 12.59]",Active,True,Active,4360763.0,3,12.3,4.1,2026-10-02 01:47:18,,
369,55,00-0036628,John Bates,TE,WAS,IND,1.0,2026_04_IND_WAS,2026-10-04 09:30:00,3.7180160140306295,0.5858834478157195,7.104997534033206,3.458382442772588,0.2596335712580417,C,8,3.4382524007819595,22.5,2,,False,3.0,"https://static.www.nfl.com/image/upload/f_auto,q_auto/league/sqaiwpind6kk4ns4acql",1.7935919239681872,0.0,0.0,0.0,0.0,10.53864983121749,0.0674937432192356,0.0,0.0,0.0,0.0,0.0,0.0,26.0,"[0.0, 0.08, 0.59, 0.98, 1.33, 1.62, 1.91, 2.19, 2.46, 2.75, 3.04, 3.39, 3.75, 4.24, 4.94, 5.8, 7.1, 8.84, 11.42]",Active,True,Active,4048228.0,2,5.2,2.6,2026-10-02 01:47:18,,
370,114,00-0037666,Jalen Tolbert,WR,MIA,MIN,0.0,2026_04_MIA_MIN,2026-10-04 16:05:00,3.7170986485779216,0.329584152185574,7.431146002680997,4.515903308669613,-0.7988046600916916,D,14,2.059585338851425,14.0,3,,False,5.0,"https://static.www.nfl.com/image/upload/f_auto,q_auto/league/dthrzudnyh1mcrh1det2",2.716940551764664,0.0,0.0,0.0,0.0,16.05156370465731,0.0756370832596941,0.0,0.0,0.0,0.0,0.0,0.0,24.5,"[0.0, 0.0, 0.33, 0.82, 1.22, 1.57, 1.88, 2.17, 2.45, 2.72, 2.98, 3.23, 3.54, 4.13, 4.86, 5.95, 7.43, 9.36, 12.58]",Active,True,Active,4249417.0,0,0.0,,2026-10-02 01:47:18,,
371,115,00-0039792,Devontez Walker,WR,BAL,TEN,1.0,2026_04_TEN_BAL,2026-10-04 13:00:00,3.6832556192399855,0.2957411228476378,7.397302973343061,3.0831294641520843,0.6001261550879011,B,7,5.018187571258456,27.0,3,,False,3.0,"https://static.www.nfl.com/image/upload/f_auto,q_auto/league/x3x3k5ispk44ms0f7vrv",1.3083505242108429,0.0,0.0,0.0,0.0,20.522414802817664,0.0539485301923151,0.0,0.0,0.0,0.0563162829981324,0.0,0.0,15.5,"[0.0, 0.0, 0.3, 0.78, 1.18, 1.53, 1.84, 2.13, 2.41, 2.68, 2.95, 3.2, 3.51, 4.09, 4.82, 5.91, 7.4, 9.32, 12.55]",Active,True,Active,4696882.0,2,5.7,2.8,2026-10-02 01:47:18,,
372,116,00-0041099,Barion Brown,WR,NO,ATL,1.0,2026_04_ATL_NO,2026-10-05 20:15:00,3.676430243513273,0.2889157471209249,7.390477597616348,2.6257340931186923,1.0506961503945802,A,8,4.995503941979262,25.0,3,,True,4.0,"https://static.www.nfl.com/image/upload/f_auto,q_auto/league/zakfmezzed4qotdrmbpc",0.0,0.4783526912503054,0.0,0.0,1.435058073750916,0.0,0.0,0.0,0.0,0.0,0.0,0.0,0.0,22.5,"[0.0, 0.0, 0.29, 0.78, 1.18, 1.53, 1.84, 2.13, 2.41, 2.68, 2.94, 3.19, 3.5, 4.09, 4.82, 5.91, 7.39, 9.32, 12.54]",Active,True,Active,4698597.0,2,0.3,0.2,2026-10-02 01:47:18,,
373,71,00-0041194,Jack Strand,QB,ATL,NO,0.0,2026_04_ATL_NO,2026-10-05 20:15:00,3.669931711696943,0.0,10.779487029962258,3.76852729413776,-0.0985955824408169,C,10,1.169752672446522,22.5,2,,True,4.0,"https://static.www.nfl.com/image/upload/f_auto,q_auto/league/oadw9h9otuauaiv1vxvz",0.0,2.0,15.0,59.0,16.0,0.0,0.0,0.0,0.0,0.0,0.0,0.0,0.0,25.0,"[0.0, 0.0, 0.0, 0.0, 0.0, 0.0, 0.35, 0.72, 1.06, 1.4, 1.76, 2.46, 3.31, 4.77, 6.97, 8.54, 10.78, 13.39, 18.0]",Active,True,Active,5344782.0,1,-0.0,-0.0,2026-10-02 01:47:18,,
374,56,00-0034270,Tyler Conklin,TE,DET,CAR,0.0,2026_04_DET_CAR,2026-10-04 20:20:00,3.652745307372463,0.520612741157553,7.03972682737504,3.1493179216159164,0.5034273857565466,B,16,0.8079696650337357,27.0,2,,False,4.0,"https://static.www.nfl.com/image/upload/f_auto,q_auto/league/knjuzxnzsfjxwcjxp5en",1.6218239785997168,0.132749610461431,0.0,0.0,0.265499220922862,15.756932150327636,0.0456132472286507,0.0,0.0,0.0,0.0,0.0,0.0,23.5,"[0.0, 0.02, 0.52, 0.91, 1.26, 1.55, 1.84, 2.12, 2.4, 2.68, 2.98, 3.32, 3.68, 4.18, 4.87, 5.73, 7.04, 8.77, 11.35]",Active,True,Active,3915486.0,0,0.0,,2026-10-02 01:47:18,,
375,68,00-0040177,Jordan James,RB,SF,DEN,1.0,2026_04_DEN_SF,2026-10-04 16:25:00,3.6514252764275774,0.4251657235376531,6.904987388561115,3.0533693992677846,0.5980558771597928,B,6,4.245985033041277,25.25,5,,True,3.0,"https://static.www.nfl.com/image/upload/f_auto,q_auto/league/un9cfqnwdzugrcy8caoh",0.2030115612989547,4.406023122597909,0.0,0.0,17.639150296886413,1.421080929092683,0.007518946714776,0.0,0.0,0.0,0.0,0.0,0.0,22.25,"[0.0, 0.0, 0.43, 0.81, 1.18, 1.49, 1.77, 2.03, 2.27, 2.53, 2.79, 3.1, 3.44, 3.94, 4.57, 5.43, 6.9, 8.69, 12.11]",Active,True,Active,4685397.0,1,1.5,1.5,2026-10-02 01:47:18,,
376,69,00-0039384,Tyrone Tracy Jr.,RB,NYG,ARI,1.0,2026_04_ARI_NYG,2026-10-04 13:00:00,3.638971246196215,0.4127116933062908,6.892533358329753,3.815585542389676,-0.1766142961934611,C,22,-2.166079106504039,21.0,5,,False,3.0,"https://static.www.nfl.com/image/upload/f_auto,q_auto/league/b9nje50lohbprf06xoom",0.9897552739870914,4.472604643048808,0.0,0.0,20.380445458022063,6.079845022423919,0.0340378895099074,0.0,0.0,0.0,0.0,0.0,0.0,23.5,"[0.0, 0.0, 0.41, 0.8, 1.17, 1.48, 1.76, 2.02, 2.26, 2.52, 2.77, 3.09, 3.43, 3.93, 4.56, 5.42, 6.89, 8.68, 12.09]",Active,True,Active,4360516.0,3,-0.3,-0.1,2026-10-02 01:47:18,,
377,117,00-0037801,KaVontae Turpin,WR,DAL,HOU,0.0,2026_04_DAL_HOU,2026-10-04 13:00:00,3.638894509313346,0.2513800129209982,7.35294186341642,3.508806451311269,0.1300880580020766,C,5,6.176520103495495,22.75,3,,False,4.0,"https://static.www.nfl.com/image/upload/f_auto,q_auto/league/tayjlp1hgmm6rewgl1k4",1.4103682976006628,0.8170151432856335,0.0,0.0,4.378099198523742,11.640530758757228,0.0392844177064848,0.0,0.0,0.0,0.0,0.0,0.0,25.75,"[0.0, 0.0, 0.25, 0.74, 1.14, 1.49, 1.8, 2.09, 2.37, 2.64, 2.9, 3.15, 3.46, 4.05, 4.78, 5.87, 7.35, 9.28, 12.5]",Active,True,Active,3676833.0,3,10.7,3.6,2026-10-02 01:47:18,,
378,118,00-0040237,Tez Johnson,WR,TB,GB,1.0,2026_04_GB_TB,2026-10-04 13:00:00,3.616268170756732,0.2287536743643845,7.330315524859808,3.804665774951744,-0.1883976041950115,C,2,8.177499304375138,17.5,3,,False,4.0,"https://static.www.nfl.com/image/upload/f_auto,q_auto/league/ajbnpagviw0glrhf5a2e",2.465490264369565,0.3632050679515727,0.0,0.0,-0.3845836608197009,19.24566907331353,0.0762644576558579,0.0,0.0,0.0,0.0,0.0,0.0,21.0,"[0.0, 0.0, 0.23, 0.72, 1.11, 1.47, 1.78, 2.07, 2.34, 2.62, 2.88, 3.13, 3.44, 4.03, 4.76, 5.85, 7.33, 9.26, 12.48]",Active,True,Active,4608810.0,3,7.3,2.4,2026-10-02 01:47:18,,
379,70,00-0038685,Chris Brooks,RB,GB,TB,0.0,2026_04_GB_TB,2026-10-04 13:00:00,3.6153576205476954,0.3890980676577702,6.868919732681232,3.91820531178348,-0.3028476912357853,C,17,-0.3715569676605401,21.0,5,,False,3.0,"https://static.www.nfl.com/image/upload/f_auto,q_auto/league/ityat7ltppdxe9t0imjd",1.2201537025299876,3.0625879622875463,0.0,0.0,11.82665455762102,6.20529669679719,0.0364367631787475,0.0,0.0,0.0,0.0,0.0,0.0,17.5,"[0.0, 0.0, 0.39, 0.78, 1.14, 1.46, 1.73, 1.99, 2.24, 2.49, 2.75, 3.07, 3.41, 3.91, 4.53, 5.4, 6.87, 8.65, 12.07]",Active,True,Active,3149687.0,3,7.9,2.6,2026-10-02 01:47:18,,
380,119,00-0036626,Dyami Brown,WR,WAS,IND,1.0,2026_04_IND_WAS,2026-10-04 09:30:00,3.596532290523029,0.2090177941306819,7.310579644626104,3.3321926351336337,0.2643396553893957,C,3,7.822986345821431,22.5,3,,False,4.0,"https://static.www.nfl.com/image/upload/f_auto,q_auto/league/addv9eheok1jj7amfkpb",2.9581242921550213,0.1218914690074383,0.2472135653455343,0.0,0.5996630852615271,9.539843839052867,0.0905228578011037,0.0,0.0,0.0,0.0,0.0,0.0,26.0,"[0.0, 0.0, 0.21, 0.7, 1.1, 1.45, 1.76, 2.05, 2.33, 2.6, 2.86, 3.11, 3.42, 4.01, 4.74, 5.83, 7.31, 9.24, 12.46]",Active,True,Active,4361577.0,3,4.1,1.4,2026-10-02 01:47:18,,
381,57,00-0036422,Adam Trautman,TE,DEN,SF,0.0,2026_04_DEN_SF,2026-10-04 16:25:00,3.5541575675618087,0.4220250013468987,6.941139087564386,3.918842460556191,-0.364684892994382,D,29,-4.143640769161065,22.25,2,,False,2.0,"https://static.www.nfl.com/image/upload/f_auto,q_auto/league/bqsgkwkfolczyrxmdp1j",2.254839851285347,0.0,0.0,0.0,0.0,13.156692186854082,0.0690613189683955,0.0,0.0,0.0,0.0,0.0,0.0,25.25,"[0.0, 0.0, 0.42, 0.82, 1.17, 1.45, 1.74, 2.02, 2.3, 2.59, 2.88, 3.22, 3.58, 4.08, 4.78, 5.63, 6.94, 8.67, 11.25]",Active,True,Active,3911853.0,1,3.0,3.0,2026-10-02 01:47:18,,
382,72,00-0040589,Kurtis Rourke,QB,SF,DEN,1.0,2026_04_DEN_SF,2026-10-04 16:25:00,3.450268027879875,0.0,10.55982334614519,3.2823376417233563,0.1679303861565189,C,26,-2.2619894548193504,25.25,2,,True,3.0,"https://static.www.nfl.com/image/upload/f_auto,q_auto/league/rq4swf5c2ar45ljuc0w2",0.0,0.0,0.0,0.0,0.0,0.0,0.0,0.0,0.0,0.0,0.0,0.0,0.0,22.25,"[0.0, 0.0, 0.0, 0.0, 0.0, 0.0, 0.13, 0.5, 0.84, 1.18, 1.54, 2.24, 3.09, 4.55, 6.75, 8.33, 10.56, 13.17, 17.78]",Active,True,Active,4430431.0,0,0.0,,2026-10-02 01:47:18,,
383,73,00-0041568,Ty Simpson,QB,LA,PHI,0.0,2026_04_LA_PHI,2026-10-04 13:00:00,3.448229833498473,0.0,10.557785151763788,3.2823376417233563,0.1658921917751166,C,7,2.9485719615073536,23.0,2,,True,3.0,"https://static.www.nfl.com/image/upload/f_auto,q_auto/league/lbvqgmsidrpxh1jyyey6",0.0,0.0,0.0,0.0,0.0,0.0,0.0,0.0,0.0,0.0,0.0,0.0,0.0,19.5,"[0.0, 0.0, 0.0, 0.0, 0.0, 0.0, 0.13, 0.49, 0.84, 1.18, 1.54, 2.24, 3.09, 4.55, 6.75, 8.32, 10.56, 13.17, 17.77]",Active,True,Active,4685522.0,0,0.0,,2026-10-02 01:47:18,,
384,120,00-0036980,Elijah Moore,WR,PHI,LA,1.0,2026_04_LA_PHI,2026-10-04 13:00:00,3.4478070197859694,0.0602925233936217,7.161854373889044,3.5913514938661697,-0.1435444740802003,C,10,3.3108720327210457,19.5,3,,False,6.0,"https://static.www.nfl.com/image/upload/f_auto,q_auto/league/wax90oyx9vs0x9j4nt5n",1.850729025160209,0.4925260081641318,0.0,0.0,1.6934119128167613,10.53154272900895,0.0659611400910342,0.0,0.0,0.0,0.0,0.0,0.0,23.0,"[0.0, 0.0, 0.06, 0.55, 0.95, 1.3, 1.61, 1.9, 2.18, 2.45, 2.71, 2.96, 3.27, 3.86, 4.59, 5.68, 7.16, 9.09, 12.31]",Active,True,Active,4372414.0,0,0.0,,2026-10-02 01:47:18,,
385,71,00-0041125,Seth McGowan,RB,IND,WAS,0.0,2026_04_IND_WAS,2026-10-04 09:30:00,3.423354636113298,0.1970950832233735,6.676916748246836,3.534971051837424,-0.1116164157241264,C,27,-3.472532359859977,26.0,5,,True,2.0,"https://static.www.nfl.com/image/upload/f_auto,q_auto/league/qkwvvygwu9pan88sivzb",0.3049045561723282,2.1153802228491028,0.0,0.0,5.076325346356313,0.0,0.0105139502128389,0.0,0.0,0.0,0.0,0.0,0.0,22.5,"[0.0, 0.0, 0.2, 0.58, 0.95, 1.26, 1.54, 1.8, 2.04, 2.3, 2.56, 2.87, 3.21, 3.71, 4.34, 5.2, 6.68, 8.46, 11.88]",Active,True,Active,4686468.0,3,2.4,0.8,2026-10-02 01:47:18,,
386,121,00-0041550,Brenen Thompson,WR,LAC,SEA,0.0,2026_04_LAC_SEA,2026-10-04 16:25:00,3.4130138692469814,0.0254993728546337,7.127061223350056,4.22573895607443,-0.8127250868274487,D,32,-10.592631783351624,17.75,3,,True,4.0,"https://static.www.nfl.com/image/upload/f_auto,q_auto/league/khlvgjk60vz6ghkwpmak",3.0,0.0,0.0,0.0,0.0,13.0,0.1153846153846153,0.0,0.0,0.0,0.0,0.0,0.0,24.75,"[0.0, 0.0, 0.03, 0.51, 0.91, 1.26, 1.57, 1.86, 2.14, 2.41, 2.68, 2.93, 3.24, 3.82, 4.55, 5.64, 7.13, 9.05, 12.28]",Active,True,Active,4685553.0,1,2.3,2.3,2026-10-02 01:47:18,,
387,72,00-0040179,DJ Giddens,RB,IND,WAS,0.0,2026_04_IND_WAS,2026-10-04 09:30:00,3.371346401293417,0.1450868484034928,6.624908513426955,3.429959848351027,-0.0586134470576098,C,27,-3.472532359859977,26.0,5,,False,3.0,"https://static.www.nfl.com/image/upload/f_auto,q_auto/league/y2vrgvb9kbvfpmyb3yzu",0.3985043823073479,5.172477647251895,0.0,0.0,19.28375445341773,0.0,0.0124991025075519,0.0,0.0,0.0,0.0,0.0,0.0,22.5,"[0.0, 0.0, 0.15, 0.53, 0.9, 1.21, 1.49, 1.75, 1.99, 2.25, 2.51, 2.82, 3.16, 3.66, 4.29, 5.15, 6.62, 8.41, 11.83]",Active,True,Active,4874509.0,0,0.0,,2026-10-02 01:47:18,,
388,122,00-0040782,Isaiah Bond,WR,CLE,PIT,1.0,2026_04_PIT_CLE,2026-10-01 20:15:00,3.322936602809752,0.0,7.035974051344034,3.6742681715853527,-0.3513315687756009,C,19,0.8822686795511868,18.0,3,,False,4.0,"https://static.www.nfl.com/image/upload/f_auto,q_auto/league/piv889pkizjvgrtpfkxm",2.096637177150717,0.2646837410049082,0.0,0.0,1.282511928387832,19.47600327108241,0.0698332653305683,0.0,0.0,0.0,0.0,0.0,0.0,20.5,"[0.0, 0.0, 0.0, 0.42, 0.82, 1.17, 1.48, 1.77, 2.05, 2.32, 2.59, 2.84, 3.15, 3.73, 4.46, 5.56, 7.04, 8.96, 12.18]",Active,True,Active,4808839.0,2,3.2,1.6,2026-10-01 18:48:49,1.2,nflverse
389,74,00-0040906,Garrett Nussmeier,QB,KC,LV,0.0,2026_04_KC_LV,2026-10-04 16:25:00,3.3174028544983263,0.0,10.42695817276364,3.2823376417233563,0.0350652127749699,C,16,0.0573425569777799,26.0,2,,True,3.0,"https://static.www.nfl.com/image/upload/f_auto,q_auto/league/uyidfkzfhuqaks3pmdeo",0.0,0.0,0.0,0.0,0.0,0.0,0.0,0.0,0.0,0.0,0.0,0.0,0.0,21.5,"[0.0, 0.0, 0.0, 0.0, 0.0, 0.0, 0.0, 0.36, 0.71, 1.05, 1.41, 2.1, 2.96, 4.42, 6.62, 8.19, 10.43, 13.04, 17.64]",Active,True,Active,4567747.0,0,0.0,,2026-10-02 01:47:18,,
390,58,00-0038783,Nate Adkins,TE,DEN,SF,0.0,2026_04_DEN_SF,2026-10-04 16:25:00,3.3134870442567537,0.1813544780418436,6.700468564259331,3.678171937251136,-0.3646848929943824,D,29,-4.143640769161065,22.25,2,,False,3.0,"https://static.www.nfl.com/image/upload/f_auto,q_auto/league/hedaw0ksq5qdzp9uhe3w",1.7033438193851012,0.2648719360362488,0.0,0.0,1.589231616217493,12.110366280573276,0.0548326164404823,0.0,0.0,0.0,0.0,0.0,0.0,25.25,"[0.0, 0.0, 0.18, 0.57, 0.92, 1.21, 1.5, 1.78, 2.06, 2.34, 2.64, 2.98, 3.34, 3.84, 4.53, 5.39, 6.7, 8.43, 11.01]",Active,True,Active,4383440.0,3,20.6,6.9,2026-10-02 01:47:18,,
391,59,00-0039041,Elijah Higgins,TE,ARI,NYG,0.0,2026_04_ARI_NYG,2026-10-04 13:00:00,3.3113620553005165,0.1792294890856065,6.6983435753030935,3.135318309168557,0.1760437461319592,C,15,0.9160404906024732,23.5,2,,False,2.0,"https://static.www.nfl.com/image/upload/f_auto,q_auto/league/qgvtaa0gekopg4ad6vqe",1.958001980017121,0.0,0.0,0.0,0.0,14.691229673021995,0.051329286553772,0.0,0.0,0.0,0.0,0.0,0.0,21.0,"[0.0, 0.0, 0.18, 0.57, 0.92, 1.21, 1.5, 1.78, 2.06, 2.34, 2.64, 2.98, 3.34, 3.84, 4.53, 5.39, 6.7, 8.43, 11.01]",Active,True,Active,4426844.0,2,5.0,2.5,2026-10-02 01:47:18,,
392,75,00-0041123,Behren Morton,QB,NE,BUF,0.0,2026_04_NE_BUF,2026-10-04 13:00:00,3.31042275901458,0.0,10.419978077279897,3.2823376417233563,0.0280851172912233,C,5,3.3641032106288,20.75,2,,True,3.0,"https://static.www.nfl.com/image/upload/f_auto,q_auto/league/st5s1urflg14hwvx8uzl",0.0,0.0,0.0,0.0,0.0,0.0,0.0,0.0,0.0,0.0,0.0,0.0,0.0,27.75,"[0.0, 0.0, 0.0, 0.0, 0.0, 0.0, 0.0, 0.36, 0.7, 1.04, 1.4, 2.1, 2.95, 4.41, 6.61, 8.19, 10.42, 13.03, 17.64]",Active,True,Active,4431465.0,0,0.0,,2026-10-02 01:47:18,,
393,76,00-0037013,Zach Wilson,QB,NO,ATL,1.0,2026_04_ATL_NO,2026-10-05 20:15:00,3.288262449149437,0.0,10.397817767414752,2.389965325559324,0.8982971235901136,B,12,0.9369454586797142,25.0,2,,False,3.0,"https://static.www.nfl.com/image/upload/f_auto,q_auto/league/i17xpbsar7evcypbhtel",0.0,0.7382003868005074,2.553053195663265,6.99215986240331,0.1358195959999063,0.0,0.0,0.0,0.0,0.0,0.0,0.0,0.0,22.5,"[0.0, 0.0, 0.0, 0.0, 0.0, 0.0, 0.0, 0.33, 0.68, 1.02, 1.38, 2.08, 2.93, 4.39, 6.59, 8.16, 10.4, 13.01, 17.61]",Active,True,Active,4361259.0,0,0.0,,2026-10-02 01:47:18,,
394,60,00-0036754,Brock Wright,TE,DET,CAR,0.0,2026_04_DET_CAR,2026-10-04 20:20:00,3.278686248624011,0.1465536824091011,6.665667768626588,2.7752588628674646,0.5034273857565466,B,16,0.8079696650337357,27.0,2,,False,2.0,"https://static.www.nfl.com/image/upload/f_auto,q_auto/league/ghmaeofuj87fm97yhvcp",1.4495307719338677,0.0,0.0,0.0,0.0,6.162450002511967,0.0443825687486822,0.0,0.0,0.0,0.0,0.0,0.0,23.5,"[0.0, 0.0, 0.15, 0.54, 0.89, 1.18, 1.47, 1.75, 2.02, 2.31, 2.6, 2.95, 3.31, 3.81, 4.5, 5.36, 6.67, 8.4, 10.98]",Active,True,Active,4242392.0,3,4.2,1.4,2026-10-02 01:47:18,,
395,123,00-0041044,Zachariah Branch,WR,ATL,NO,0.0,2026_04_ATL_NO,2026-10-05 20:15:00,3.2707667173328536,0.0,6.984814071435929,3.320390396351898,-0.0496236790190445,C,17,1.0564467433728515,22.5,3,,True,4.0,"https://static.www.nfl.com/image/upload/f_auto,q_auto/league/qwbo8lgyd85dlwnbznsc",1.3901908876553437,0.0,0.0,0.0,0.0,7.193173540409249,0.0529816340780125,0.0,0.0,0.0,0.0,0.0,0.0,25.0,"[0.0, 0.0, 0.0, 0.37, 0.77, 1.12, 1.43, 1.72, 2.0, 2.27, 2.53, 2.79, 3.1, 3.68, 4.41, 5.5, 6.98, 8.91, 12.13]",Active,True,Active,4870612.0,3,5.1,1.7,2026-10-02 01:47:18,,
396,124,00-0040277,Jahdae Walker,WR,CHI,NYJ,1.0,2026_04_NYJ_CHI,2026-10-04 13:00:00,3.254763281709596,0.0,6.968810635812671,3.286242586308732,-0.0314793045991361,C,28,-5.646982532912591,23.5,3,,False,5.0,"https://static.www.nfl.com/image/upload/f_auto,q_auto/league/cr13mo2xrpdkksy8fveq",1.488762418138897,0.0,0.0,0.0,0.0,9.658489695386448,0.0494284708111725,0.0,0.0,0.0,0.0,0.0,0.0,20.0,"[0.0, 0.0, 0.0, 0.35, 0.75, 1.11, 1.41, 1.7, 1.98, 2.26, 2.52, 2.77, 3.08, 3.67, 4.4, 5.49, 6.97, 8.9, 12.12]",Active,True,Active,5160110.0,1,7.1,7.1,2026-10-02 01:47:18,,
397,125,00-0041529,Kevin Coleman Jr.,WR,MIA,MIN,0.0,2026_04_MIA_MIN,2026-10-04 16:05:00,3.251762937421,0.0,6.965810291524075,4.078473631612104,-0.8267106941911035,D,14,2.059585338851425,14.0,3,,True,4.0,"https://static.www.nfl.com/image/upload/f_auto,q_auto/league/nqqd4zjnxephjb4qziww",3.0432946174993893,0.0,0.0,0.0,0.0,1.5649419262490838,0.0950503679708871,0.0,0.0,0.0,0.0,0.0,0.0,24.5,"[0.0, 0.0, 0.0, 0.35, 0.75, 1.1, 1.41, 1.7, 1.98, 2.25, 2.51, 2.77, 3.08, 3.66, 4.39, 5.48, 6.97, 8.89, 12.11]",Active,True,Active,4685307.0,2,1.3,0.6,2026-10-02 01:47:18,,
398,61,00-0034365,Ian Thomas,TE,LV,KC,1.0,2026_04_KC_LV,2026-10-04 16:25:00,3.225510179590101,0.0933776133751909,6.6124916995926775,3.072168705038042,0.1533414745520582,C,9,3.3157034183401635,21.5,2,,False,3.0,"https://static.www.nfl.com/image/upload/f_auto,q_auto/league/gvpwnq0mjefjlekgzxro",1.350867570687335,0.0,0.0,0.0,0.0,12.828845581517111,0.0425533515823948,0.0,0.0,0.0,0.0,0.0,0.0,26.0,"[0.0, 0.0, 0.09, 0.49, 0.84, 1.12, 1.41, 1.69, 1.97, 2.26, 2.55, 2.89, 3.26, 3.75, 4.45, 5.3, 6.61, 8.35, 10.92]",Active,True,Active,4045305.0,1,2.1,2.1,2026-10-02 01:47:18,,
399,126,00-0039365,Jacob Cowing,WR,SF,DEN,1.0,2026_04_DEN_SF,2026-10-04 16:25:00,3.2139673088839107,0.0,6.928014662986985,2.824066840359679,0.3899004685242317,B,24,-1.096528818996405,25.25,3,,True,4.0,"https://static.www.nfl.com/image/upload/f_auto,q_auto/league/uarciagmnzmyzs102dv6",0.725189335193759,0.0,0.0,0.0,0.0,0.0,0.0278918975074522,0.0,0.0,0.0,0.0,0.0,0.0,22.25,"[0.0, 0.0, 0.0, 0.31, 0.71, 1.07, 1.37, 1.66, 1.94, 2.21, 2.48, 2.73, 3.04, 3.62, 4.36, 5.45, 6.93, 8.86, 12.08]",Active,True,Active,4575665.0,3,0.0,0.0,2026-10-02 01:47:18,,
400,127,00-0036849,Tutu Atwell,WR,LA,PHI,0.0,2026_04_LA_PHI,2026-10-04 13:00:00,3.2111247190362624,0.0,6.925172073139338,3.2314937791520064,-0.020369060115744,C,22,0.1559493449741987,23.0,3,,False,6.0,"https://static.www.nfl.com/image/upload/f_auto,q_auto/league/tl2aa9ucbtcwhr1yk3tf",1.9836113717288792,0.0,0.0,0.0,0.0,22.219091625874245,0.0575509779426035,0.0,0.0,0.0,0.0,0.0,0.0,19.5,"[0.0, 0.0, 0.0, 0.31, 0.71, 1.06, 1.37, 1.66, 1.94, 2.21, 2.47, 2.73, 3.04, 3.62, 4.35, 5.44, 6.93, 8.85, 12.07]",Active,True,Active,4360797.0,1,2.9,2.9,2026-10-02 01:47:18,,
401,77,00-0041092,Taylen Green,QB,CLE,PIT,1.0,2026_04_PIT_CLE,2026-10-01 20:15:00,3.203681811636703,0.0,10.331307119243844,3.2823376417233563,-0.0786558300866531,C,15,0.5436730220857069,18.0,2,,True,3.0,"https://static.www.nfl.com/image/upload/f_auto,q_auto/league/ybylky9uitivzresfzt3",0.0,0.0,0.0,0.0,0.0,0.0,0.0,0.0,0.0,0.0,0.0,0.0,0.0,20.5,"[0.0, 0.0, 0.0, 0.0, 0.0, 0.0, 0.0, 0.25, 0.6, 0.94, 1.3, 2.0, 2.87, 4.34, 6.5, 8.08, 10.33, 12.94, 17.54]",Active,True,Active,4431325.0,0,0.0,,2026-10-01 18:48:49,0.0,nflverse
402,78,00-0041561,Carson Beck,QB,ARI,NYG,0.0,2026_04_ARI_NYG,2026-10-04 13:00:00,3.1797931966300683,0.0,10.289348514895384,3.2823376417233563,-0.1025444450932879,C,14,0.6342749185847647,23.5,2,,True,3.0,"https://static.www.nfl.com/image/upload/f_auto,q_auto/league/yvybqpgnezk75h9rpobv",0.0,0.0,0.0,0.0,0.0,0.0,0.0,0.0,0.0,0.0,0.0,0.0,0.0,21.0,"[0.0, 0.0, 0.0, 0.0, 0.0, 0.0, 0.0, 0.23, 0.57, 0.91, 1.27, 1.97, 2.82, 4.28, 6.48, 8.05, 10.29, 12.9, 17.51]",Active,True,Active,4430841.0,0,0.0,,2026-10-02 01:47:18,,
403,79,00-0040014,Kyle McCord,QB,MIA,MIN,0.0,2026_04_MIA_MIN,2026-10-04 16:05:00,3.163366932158961,0.0,10.272922250424276,6.067120144149832,-2.9037532119908707,F,32,-5.4406716873357714,14.0,2,,True,2.0,"https://static.www.nfl.com/image/upload/f_auto,q_auto/league/smdh2mmu457aammcblth",0.0,0.0,0.0,0.0,0.0,0.0,0.0,0.0,0.0,0.0,0.0,0.0,0.0,24.5,"[0.0, 0.0, 0.0, 0.0, 0.0, 0.0, 0.0, 0.21, 0.56, 0.9, 1.25, 1.95, 2.8, 4.26, 6.46, 8.04, 10.27, 12.89, 17.49]",Active,True,Active,4433971.0,0,0.0,,2026-10-02 01:47:18,,
404,128,00-0041132,Deion Burks,WR,IND,WAS,0.0,2026_04_IND_WAS,2026-10-04 09:30:00,3.120477969297904,0.0,6.834525323400979,2.497023271903253,0.6234546973946511,B,1,8.39903555817399,26.0,3,,True,6.0,"https://static.www.nfl.com/image/upload/f_auto,q_auto/league/mbejyq733jilg3bkpzur",0.0,2.0,0.0,0.0,14.0,0.0,0.0,0.0,0.0,0.0,0.0,0.0,0.0,22.5,"[0.0, 0.0, 0.0, 0.22, 0.62, 0.97, 1.28, 1.57, 1.85, 2.12, 2.38, 2.64, 2.95, 3.53, 4.26, 5.35, 6.83, 8.76, 11.98]",Active,True,Active,4683151.0,1,1.4,1.4,2026-10-02 01:47:18,,
405,73,00-0041104,Demond Claiborne,RB,MIN,MIA,1.0,2026_04_MIA_MIN,2026-10-04 16:05:00,3.105893389482414,0.0,6.359455501615951,2.247624084800001,0.858269304682413,B,4,5.227981586705556,24.5,5,,True,3.0,"https://static.www.nfl.com/image/upload/f_auto,q_auto/league/vmozbbdzgcaqq1yrixeb",0.4783526912503054,1.5649419262490838,0.0,0.0,0.5216473087496946,0.9567053825006108,0.0251764574342266,0.0,0.0,0.0,0.0,0.0,0.0,14.0,"[0.0, 0.0, 0.0, 0.27, 0.64, 0.95, 1.22, 1.48, 1.73, 1.98, 2.24, 2.56, 2.9, 3.4, 4.02, 4.89, 6.36, 8.14, 11.56]",Active,True,Active,4832846.0,2,1.3,0.6,2026-10-02 01:47:18,,
406,129,00-0040718,Travis Hunter,WR,JAX,CIN,0.0,2026_04_JAX_CIN,2026-10-04 13:00:00,3.077129740830943,0.0,6.791177094934018,2.7540648308768167,0.3230649099541263,C,13,2.4019137253772267,24.5,3,,True,5.0,"https://static.www.nfl.com/image/upload/f_auto,q_auto/league/absw1gfqoiztajjagmf6",0.0,0.0,0.0,0.0,0.0,0.0,0.0,0.0,0.0,0.0,0.0,0.0,0.0,27.0,"[0.0, 0.0, 0.0, 0.18, 0.58, 0.93, 1.24, 1.53, 1.81, 2.08, 2.34, 2.59, 2.9, 3.49, 4.22, 5.31, 6.79, 8.72, 11.94]",Active,True,Active,4685415.0,0,0.0,,2026-10-02 01:47:18,,
407,130,00-0041106,C.J. Williams,WR,JAX,CIN,0.0,2026_04_JAX_CIN,2026-10-04 13:00:00,3.077129740830943,0.0,6.791177094934018,2.7540648308768167,0.3230649099541263,C,13,2.4019137253772267,24.5,3,,True,6.0,"https://static.www.nfl.com/image/upload/f_auto,q_auto/league/svmb2citno2f6zqc9qbm",0.0,0.0,0.0,0.0,0.0,0.0,0.0,0.0,0.0,0.0,0.0,0.0,0.0,27.0,"[0.0, 0.0, 0.0, 0.18, 0.58, 0.93, 1.24, 1.53, 1.81, 2.08, 2.34, 2.59, 2.9, 3.49, 4.22, 5.31, 6.79, 8.72, 11.94]",Active,True,Active,5085024.0,0,0.0,,2026-10-02 01:47:18,,
408,62,00-0036429,Charlie Woerner,TE,ATL,NO,0.0,2026_04_ATL_NO,2026-10-05 20:15:00,3.0710703593528823,0.0,6.458051879355459,2.637652380379202,0.4334179789736803,B,5,5.168305531266417,22.5,2,,False,2.0,"https://static.www.nfl.com/image/upload/f_auto,q_auto/league/tuzldnhk23mvsapfejqd",1.147061409956606,0.0,0.0,0.0,0.0,4.069635660463789,0.0394572407175596,0.0,0.0,0.0,0.0,0.0,0.0,25.0,"[0.0, 0.0, 0.0, 0.33, 0.68, 0.97, 1.26, 1.54, 1.82, 2.1, 2.4, 2.74, 3.1, 3.6, 4.29, 5.15, 6.46, 8.19, 10.77]",Active,True,Active,4035020.0,1,0.0,0.0,2026-10-02 01:47:18,,
409,63,00-0038589,Josh Whyle,TE,GB,TB,0.0,2026_04_GB_TB,2026-10-04 13:00:00,3.027431778813512,0.0,6.414413298816089,2.9225303415037738,0.1049014373097381,C,11,2.9505116831904474,21.0,2,,False,4.0,"https://static.www.nfl.com/image/upload/f_auto,q_auto/league/an9hxzbzmg6kgkdai022",1.0,0.0,0.0,0.0,0.0,6.465623072118787,0.0482234133853519,0.0,0.0,0.0,0.0,0.0,0.0,17.5,"[0.0, 0.0, 0.0, 0.29, 0.64, 0.93, 1.22, 1.5, 1.77, 2.06, 2.35, 2.7, 3.06, 3.55, 4.25, 5.11, 6.41, 8.15, 10.73]",Active,True,Active,4360086.0,0,0.0,,2026-10-02 01:47:18,,
410,64,00-0034613,Tanner Hudson,TE,CIN,JAX,1.0,2026_04_JAX_CIN,2026-10-04 13:00:00,2.9999152118267456,0.0,6.386896731829323,2.691282163101528,0.308633048725218,B,19,-1.1748276045879715,27.0,2,,False,4.0,"https://static.www.nfl.com/image/upload/f_auto,q_auto/league/pyl2bpjw0vy4idcseama",1.840443243337553,0.0,0.0,0.0,0.0,11.982902018663916,0.0505055257546532,0.0,0.0,0.0,0.0,0.0,0.0,24.5,"[0.0, 0.0, 0.0, 0.26, 0.61, 0.9, 1.19, 1.47, 1.75, 2.03, 2.33, 2.67, 3.03, 3.53, 4.22, 5.08, 6.39, 8.12, 10.7]",Active,True,Active,3050481.0,2,4.7,2.4,2026-10-02 01:47:18,,
411,65,00-0039912,Ben Sinnott,TE,WAS,IND,1.0,2026_04_IND_WAS,2026-10-04 09:30:00,2.994470719655704,0.0,6.381452239658281,2.734837148397663,0.2596335712580413,C,8,3.4382524007819595,22.5,2,,False,2.0,"https://static.www.nfl.com/image/upload/f_auto,q_auto/league/ilkrv6dqajndnlsbmv8f",1.2411147565573972,0.0,0.0,0.0,0.0,6.901756443763225,0.0495782096785396,0.0,0.0,0.0,0.0,0.0,0.0,26.0,"[0.0, 0.0, 0.0, 0.26, 0.61, 0.89, 1.18, 1.46, 1.74, 2.03, 2.32, 2.66, 3.02, 3.52, 4.22, 5.07, 6.38, 8.11, 10.69]",Active,True,Active,4690923.0,2,1.6,0.8,2026-10-02 01:47:18,,
412,131,00-0040930,Camden Brown,WR,DAL,HOU,0.0,2026_04_DAL_HOU,2026-10-04 13:00:00,2.983366629267684,0.0,6.697413983370759,2.7540648308768167,0.2293017983908671,C,5,6.176520103495495,22.75,3,,True,6.0,"https://static.www.nfl.com/image/upload/f_auto,q_auto/league/tvoztpalnmmattxhdaoa",0.0,0.0,0.0,0.0,0.0,0.0,0.0,0.0,0.0,0.0,0.0,0.0,0.0,25.75,"[0.0, 0.0, 0.0, 0.08, 0.48, 0.83, 1.14, 1.43, 1.71, 1.98, 2.25, 2.5, 2.81, 3.39, 4.12, 5.21, 6.7, 8.63, 11.85]",Active,True,Active,4808759.0,0,0.0,,2026-10-02 01:47:18,,
413,74,00-0041096,Kaytron Allen,RB,WAS,IND,1.0,2026_04_IND_WAS,2026-10-04 09:30:00,2.972864973512203,0.0,6.22642708564574,2.701332132987824,0.2715328405243786,C,7,2.2595088308517264,22.5,5,,True,3.0,"https://static.www.nfl.com/image/upload/f_auto,q_auto/league/vbhwkqty94alwjyz8cin",0.0,4.521647308749695,0.0,0.0,20.17317846999756,0.0,0.0,0.0,0.0,0.0,0.0,0.0,0.0,26.0,"[0.0, 0.0, 0.0, 0.13, 0.5, 0.81, 1.09, 1.35, 1.59, 1.85, 2.11, 2.42, 2.76, 3.26, 3.89, 4.75, 6.23, 8.01, 11.43]",Active,True,Active,4685246.0,2,4.0,2.0,2026-10-02 01:47:18,,
414,75,00-0039875,Ray Davis,RB,BUF,NE,1.0,2026_04_NE_BUF,2026-10-04 13:00:00,2.951943747763771,0.0,6.2055058598973085,2.2641701014754583,0.6877736462883126,B,12,1.507263443180865,27.75,5,,False,3.0,"https://static.www.nfl.com/image/upload/f_auto,q_auto/league/xibwzhrl6q5xkgh3utug",0.4412671403906889,1.8778999254589224,0.0,0.0,10.024654525142797,4.5091941893308345,0.0157131110265672,0.0,0.0,0.0,0.0,0.0,0.0,20.75,"[0.0, 0.0, 0.0, 0.11, 0.48, 0.79, 1.07, 1.33, 1.57, 1.83, 2.09, 2.4, 2.74, 3.24, 3.87, 4.73, 6.21, 7.99, 11.41]",Active,True,Active,4429501.0,2,0.3,0.2,2026-10-02 01:47:18,,
415,132,00-0039355,Luke McCaffrey,WR,WAS,IND,1.0,2026_04_IND_WAS,2026-10-04 09:30:00,2.941325265426995,0.0,6.65537261953007,2.6769856100375997,0.2643396553893957,C,3,7.822986345821431,22.5,3,,False,7.0,"https://static.www.nfl.com/image/upload/f_auto,q_auto/league/xtxiwlkniuldrqg65n3q",1.0423177897322555,0.0,0.0,0.0,0.0,13.404921970090772,0.0414683357692825,0.0,0.0,0.0,0.0,0.0,0.0,26.0,"[0.0, 0.0, 0.0, 0.04, 0.44, 0.79, 1.1, 1.39, 1.67, 1.94, 2.2, 2.46, 2.77, 3.35, 4.08, 5.17, 6.66, 8.58, 11.8]",Active,True,Active,4426948.0,1,0.0,0.0,2026-10-02 01:47:18,,
416,133,00-0041070,Reggie Virgil,WR,ARI,NYG,0.0,2026_04_ARI_NYG,2026-10-04 13:00:00,2.9398639660998107,0.0,6.653911320202885,2.7540648308768167,0.1857991352229939,C,12,2.912329204649089,23.5,3,,True,7.0,"https://static.www.nfl.com/image/upload/f_auto,q_auto/league/hmaylhc9nc2zmqjdw1ib",0.0,0.0,0.0,0.0,0.0,0.0,0.0,0.0,0.0,0.0,0.0,0.0,0.0,21.0,"[0.0, 0.0, 0.0, 0.04, 0.44, 0.79, 1.1, 1.39, 1.67, 1.94, 2.2, 2.46, 2.77, 3.35, 4.08, 5.17, 6.65, 8.58, 11.8]",Active,True,Active,4869132.0,0,0.0,,2026-10-02 01:47:18,,
417,134,00-0040621,Montorie Foster Jr,WR,SEA,LAC,1.0,2026_04_LAC_SEA,2026-10-04 16:25:00,2.935550962388855,0.0,6.649598316491931,2.137243230516935,0.7983077318719198,B,11,3.135787328138708,24.75,3,,True,5.0,"https://static.www.nfl.com/image/upload/f_auto,q_auto/league/qkyl0pfhi4pmzdtodu9k",0.0,0.0,0.0,0.0,0.0,0.0,0.0,0.0,0.0,0.0,0.0,0.0,0.0,17.75,"[0.0, 0.0, 0.0, 0.03, 0.43, 0.79, 1.1, 1.39, 1.66, 1.94, 2.2, 2.45, 2.76, 3.35, 4.08, 5.17, 6.65, 8.58, 11.8]",Active,True,Active,4600597.0,1,0.0,0.0,2026-10-02 01:47:18,,
418,135,00-0034272,Marquez Valdes-Scantling,WR,LAC,SEA,0.0,2026_04_LAC_SEA,2026-10-04 16:25:00,2.9345094118051938,0.0,6.648556765908269,3.750925029887444,-0.8164156180822504,D,32,-10.592631783351624,17.75,3,,False,5.0,"https://static.www.nfl.com/image/upload/f_auto,q_auto/league/xkdli55uvkkffiq6fwnu",2.8380819915080977,0.0,0.0,0.0,0.0,10.577518683121385,0.0774529343073919,0.0,0.0,0.0,0.0,0.0,0.0,24.75,"[0.0, 0.0, 0.0, 0.03, 0.43, 0.79, 1.09, 1.38, 1.66, 1.94, 2.2, 2.45, 2.76, 3.34, 4.08, 5.17, 6.65, 8.58, 11.8]",Active,True,Active,3051738.0,1,0.0,0.0,2026-10-02 01:47:18,,
419,66,00-0040194,Jackson Hawes,TE,BUF,NE,1.0,2026_04_NE_BUF,2026-10-04 13:00:00,2.934403809575612,0.0,6.321385329578189,2.6563100795899808,0.2780937299856312,B,23,-2.4092964454937507,27.75,2,,False,3.0,"https://static.www.nfl.com/image/upload/f_auto,q_auto/league/gl3easmpg7rn6e5siya2",1.193484849404805,0.0,0.0,0.0,0.0,8.257177343822308,0.0468737784457572,0.0,0.0,0.0,0.0,0.0,0.0,20.75,"[0.0, 0.0, 0.0, 0.2, 0.55, 0.83, 1.12, 1.4, 1.68, 1.97, 2.26, 2.6, 2.96, 3.46, 4.16, 5.01, 6.32, 8.05, 10.63]",Active,True,Active,4573699.0,1,0.0,0.0,2026-10-02 01:47:18,,
420,67,00-0039074,Davis Allen,TE,LA,PHI,0.0,2026_04_LA_PHI,2026-10-04 13:00:00,2.93127751354507,0.0,6.318259033547648,3.206124733145219,-0.274847219600149,D,28,-3.9300048215336423,23.0,2,,False,3.0,"https://static.www.nfl.com/image/upload/f_auto,q_auto/league/iweydtcrfchsl3mt6jtd",1.922327360018676,0.0,0.0,0.0,0.0,13.666782773885751,0.051139577829673,0.0,0.0,0.0,0.0,0.0,0.0,19.5,"[0.0, 0.0, 0.0, 0.19, 0.54, 0.83, 1.12, 1.4, 1.68, 1.96, 2.26, 2.6, 2.96, 3.46, 4.15, 5.01, 6.32, 8.05, 10.63]",Active,True,Active,4426553.0,3,7.9,2.6,2026-10-02 01:47:18,,
421,68,00-0039814,Erick All,TE,CIN,JAX,1.0,2026_04_JAX_CIN,2026-10-04 13:00:00,2.924129577247758,0.0,6.311111097250334,2.7328929421425068,0.191236635105251,C,19,-1.1748276045879715,27.0,2,,True,3.0,"https://static.www.nfl.com/image/upload/f_auto,q_auto/league/ifkhcxze7lnxkpzjvsmk",3.0,0.0,0.0,0.0,0.0,5.0,0.0967741935483871,0.0,0.0,0.0,0.0,0.0,0.0,24.5,"[0.0, 0.0, 0.0, 0.19, 0.54, 0.82, 1.11, 1.39, 1.67, 1.96, 2.25, 2.59, 2.95, 3.45, 4.14, 5.0, 6.31, 8.04, 10.62]",Active,True,Active,4427834.0,1,2.5,2.5,2026-10-02 01:47:18,,
422,80,00-0040673,Jalen Milroe,QB,SEA,LAC,1.0,2026_04_LAC_SEA,2026-10-04 16:25:00,2.9133624271672307,0.0,10.022917745432546,2.54802218730031,0.3653402398669207,C,23,-1.7777121525390362,24.75,2,,True,3.0,"https://static.www.nfl.com/image/upload/f_auto,q_auto/league/hohqoqpdyquxn1sr1fm2",0.0,1.0,0.0,0.0,1.302406884864705,0.0,0.0,0.0,0.0,0.0,0.0,0.0,0.0,17.75,"[0.0, 0.0, 0.0, 0.0, 0.0, 0.0, 0.0, 0.0, 0.31, 0.65, 1.0, 1.7, 2.55, 4.01, 6.21, 7.79, 10.02, 12.64, 17.24]",Active,True,Active,4432734.0,0,0.0,,2026-10-02 01:47:18,,
423,81,00-0036879,Sam Ehlinger,QB,DEN,SF,0.0,2026_04_DEN_SF,2026-10-04 16:25:00,2.904827781079022,0.0,10.014383099344336,3.2823376417233563,-0.3775098606443343,C,21,-0.8667822483799028,22.25,2,,True,3.0,"https://static.www.nfl.com/image/upload/f_auto,q_auto/league/imtb2ia03w2ujrl9dprs",0.0,0.0,0.0,0.0,0.0,0.0,0.0,0.0,0.0,0.0,0.0,0.0,0.0,25.25,"[0.0, 0.0, 0.0, 0.0, 0.0, 0.0, 0.0, 0.0, 0.3, 0.64, 1.0, 1.69, 2.55, 4.0, 6.2, 7.78, 10.01, 12.63, 17.23]",Active,True,Active,4241820.0,0,0.0,,2026-10-02 01:47:18,,
424,69,00-0041395,Eli Raridon,TE,NE,BUF,0.0,2026_04_NE_BUF,2026-10-04 13:00:00,2.870492387873953,0.0,6.2574739078765305,3.218094428939764,-0.3476020410658109,D,20,-1.8605082462296856,20.75,2,,True,2.0,"https://static.www.nfl.com/image/upload/f_auto,q_auto/league/tglrg0yek3kwrt8rqz5t",1.0,0.0,0.0,0.0,0.0,16.606124644991446,0.040271080011516,0.0,0.0,0.0,0.0,0.0,0.0,27.75,"[0.0, 0.0, 0.0, 0.13, 0.48, 0.77, 1.06, 1.34, 1.62, 1.9, 2.2, 2.54, 2.9, 3.4, 4.09, 4.95, 6.26, 7.99, 10.57]",Active,True,Active,4831959.0,2,11.2,5.6,2026-10-02 01:47:18,,
425,70,00-0040739,Elijah Arroyo,TE,SEA,LAC,1.0,2026_04_LAC_SEA,2026-10-04 16:25:00,2.857874710495149,0.0,6.244856230497726,3.0592332881880657,-0.2013585776929165,C,31,-4.708632296414569,24.75,2,,False,3.0,"https://static.www.nfl.com/image/upload/f_auto,q_auto/league/m5rdyemjoxl4cuz9yun8",1.6137421802387897,0.0,0.0,0.0,0.0,13.3514727729658,0.0631497721810058,0.0,0.0,0.0,0.0,0.0,0.0,17.75,"[0.0, 0.0, 0.0, 0.12, 0.47, 0.76, 1.05, 1.33, 1.6, 1.89, 2.18, 2.53, 2.89, 3.38, 4.08, 4.94, 6.24, 7.98, 10.56]",Active,True,Active,4678006.0,1,2.7,2.7,2026-10-02 01:47:18,,
426,76,00-0036265,AJ Dillon,RB,CAR,DET,1.0,2026_04_DET_CAR,2026-10-04 20:20:00,2.84365685406254,0.0,6.097218966196078,2.684659304812911,0.1589975492496291,C,19,-0.5782002987585798,23.5,5,,False,2.0,"https://static.www.nfl.com/image/upload/f_auto,q_auto/league/imxxt8yrbrxptoxr1hw5",0.4029419333492567,3.5766894557257936,0.0,0.0,12.574048241457708,0.1497122401577044,0.01032450532561,0.0,0.0,0.0,0.0,0.0,0.0,27.0,"[0.0, 0.0, 0.0, 0.0, 0.37, 0.68, 0.96, 1.22, 1.47, 1.72, 1.98, 2.29, 2.63, 3.13, 3.76, 4.62, 6.1, 7.88, 11.3]",Active,True,Active,4239934.0,3,4.9,1.6,2026-10-02 01:47:18,,
427,71,00-0040081,Jake Briningstool,TE,KC,LV,0.0,2026_04_KC_LV,2026-10-04 16:25:00,2.8260128426831645,0.0,6.212994362685741,2.014925944938595,0.8110868977445698,A,3,6.250448983019159,26.0,2,,True,3.0,"https://static.www.nfl.com/image/upload/f_auto,q_auto/league/q7n84oth87v1glz5a5sz",1.0,0.0,0.0,0.0,0.0,4.305174221252749,0.041814425421738,0.0,0.0,0.0,0.0,0.0,0.0,21.5,"[0.0, 0.0, 0.0, 0.09, 0.44, 0.72, 1.01, 1.29, 1.57, 1.86, 2.15, 2.5, 2.86, 3.35, 4.05, 4.9, 6.21, 7.95, 10.52]",Active,True,Active,4431196.0,2,1.9,1.0,2026-10-02 01:47:18,,
428,72,00-0040879,Matthew Hibner,TE,BAL,TEN,1.0,2026_04_TEN_BAL,2026-10-04 13:00:00,2.8000347938519745,0.0,6.187016313854551,2.8594104395305613,-0.0593756456785867,C,32,-5.843021876623996,27.0,2,,True,3.0,"https://static.www.nfl.com/image/upload/f_auto,q_auto/league/kkkia0wl2sqsjiwecde0",1.521647308749695,0.0,0.0,0.0,0.0,18.216473087496947,0.0720960930103988,0.0,0.0,0.0,0.0,0.0,0.0,15.5,"[0.0, 0.0, 0.0, 0.06, 0.41, 0.7, 0.99, 1.27, 1.55, 1.83, 2.13, 2.47, 2.83, 3.33, 4.02, 4.88, 6.19, 7.92, 10.5]",Active,True,Active,4432260.0,2,12.6,6.3,2026-10-02 01:47:18,,
429,77,00-0038555,Tank Bigsby,RB,PHI,LA,1.0,2026_04_LA_PHI,2026-10-04 13:00:00,2.77712354875651,0.0,6.030685660890048,3.459170438252388,-0.6820468894958776,D,31,-7.588560590978759,19.5,5,,False,2.0,"https://static.www.nfl.com/image/upload/f_auto,q_auto/league/vfkdjfpiyrcuzahrmfvn",0.8177154634412906,4.774228084544415,0.0,0.0,16.479570407210677,3.419142631545588,0.027994539475101,0.0,0.0,0.0,0.0,0.0,0.0,23.0,"[0.0, 0.0, 0.0, 0.0, 0.31, 0.62, 0.89, 1.15, 1.4, 1.65, 1.91, 2.23, 2.57, 3.07, 3.7, 4.56, 6.03, 7.82, 11.23]",Active,True,Active,4429013.0,3,11.6,3.9,2026-10-02 01:47:18,,
430,136,00-0035891,Cody White,WR,LV,KC,1.0,2026_04_KC_LV,2026-10-04 16:25:00,2.767498459389929,0.0,6.481545813493003,2.9918118236904894,-0.2243133643005608,C,30,-5.912287602291773,21.5,3,,False,3.0,"https://static.www.nfl.com/image/upload/f_auto,q_auto/league/qaxlehtrp722qleo48sc",1.7138785335605304,0.0,0.0,0.0,0.0,9.604161455565198,0.0586707241838303,0.0,0.0,0.0,0.0,0.0,0.0,26.0,"[0.0, 0.0, 0.0, 0.0, 0.27, 0.62, 0.93, 1.22, 1.5, 1.77, 2.03, 2.28, 2.59, 3.18, 3.91, 5.0, 6.48, 8.41, 11.63]",Active,True,Active,4241983.0,3,23.8,7.9,2026-10-02 01:47:18,,
431,137,00-0041267,Malik McClain,WR,NYJ,CHI,0.0,2026_04_NYJ_CHI,2026-10-04 13:00:00,2.766234958816208,0.0,6.480282312919282,3.4139492173919166,-0.647714258575709,D,25,-1.4107067457910378,20.0,3,,True,4.0,"https://static.www.nfl.com/image/upload/f_auto,q_auto/league/ekh5mirge1jmayln4tfe",0.0,0.0,0.0,0.0,0.0,0.0,0.0,0.0,0.0,0.0,0.0,0.0,0.0,23.5,"[0.0, 0.0, 0.0, 0.0, 0.26, 0.62, 0.93, 1.22, 1.49, 1.77, 2.03, 2.28, 2.59, 3.18, 3.91, 5.0, 6.48, 8.41, 11.63]",Active,True,Active,,1,0.0,0.0,2026-10-02 01:47:18,,
432,78,00-0040142,Kaleb Johnson,RB,GB,TB,0.0,2026_04_GB_TB,2026-10-04 13:00:00,2.7553015007668438,0.0,6.008863612900381,3.058149192002629,-0.3028476912357858,C,17,-0.3715569676605401,21.0,5,,False,1.0,"https://static.www.nfl.com/image/upload/f_auto,q_auto/league/zpzc4oobxi8nr5dyonob",0.8626888865712914,3.777402227376709,0.0,0.0,11.320632842932689,2.940915171418527,0.0176153146363093,0.0,0.0,0.0,0.0,0.0,0.0,17.5,"[0.0, 0.0, 0.0, 0.0, 0.28, 0.6, 0.87, 1.13, 1.38, 1.63, 1.89, 2.21, 2.55, 3.05, 3.67, 4.54, 6.01, 7.79, 11.21]",Active,True,Active,4819231.0,3,5.8,1.9,2026-10-02 01:47:18,,
433,82,00-0035289,Gardner Minshew,QB,ARI,NYG,0.0,2026_04_ARI_NYG,2026-10-04 13:00:00,2.7465512898796813,0.0,9.856106608144996,2.906410215108467,-0.1598589252287858,C,14,0.6342749185847647,23.5,2,,False,2.0,"https://static.www.nfl.com/image/upload/f_auto,q_auto/league/knlacyr7rqfkcxiriudj",0.0,1.4352200750238049,3.566165848252953,9.967138121795587,0.896568221090778,0.0,0.0,0.0,0.0,0.0,0.0,0.0,0.0,21.0,"[0.0, 0.0, 0.0, 0.0, 0.0, 0.0, 0.0, 0.0, 0.14, 0.48, 0.84, 1.53, 2.39, 3.85, 6.04, 7.62, 9.86, 12.47, 17.07]",Active,True,Active,4038524.0,0,0.0,,2026-10-02 01:47:18,,
434,138,00-0038824,Ryan Miller,WR,MIA,MIN,0.0,2026_04_MIA_MIN,2026-10-04 16:05:00,2.7338675819273224,0.0,6.447914936030397,3.532672242019013,-0.7988046600916912,D,14,2.059585338851425,14.0,3,,False,6.0,"https://static.www.nfl.com/image/upload/f_auto,q_auto/league/g7bpkzvg0xyww8weku0r",1.388809921525017,0.0,0.0,0.0,0.0,28.536849069024317,0.0440033368120231,0.0,0.0,0.0,0.0,0.0,0.0,24.5,"[0.0, 0.0, 0.0, 0.0, 0.23, 0.59, 0.89, 1.18, 1.46, 1.73, 2.0, 2.25, 2.56, 3.14, 3.87, 4.97, 6.45, 8.38, 11.6]",Active,True,Active,4369466.0,2,18.2,9.1,2026-10-02 01:47:18,,
435,79,00-0038794,Jaleel McLaughlin,RB,CLE,PIT,1.0,2026_04_PIT_CLE,2026-10-01 20:15:00,2.7276217838664927,0.0,5.982390730100436,3.2218739590255128,-0.4942521751590201,D,24,-2.8200375535671576,18.0,5,,False,3.0,"https://static.www.nfl.com/image/upload/f_auto,q_auto/league/jlzkji7mfkcmkyz2tygj",0.9738066827741936,3.298074773994493,0.0,0.0,15.746993556336896,2.055071068395875,0.0330570899693949,0.0,0.0,0.0,0.0,0.0,0.0,20.5,"[0.0, 0.0, 0.0, 0.0, 0.26, 0.57, 0.85, 1.1, 1.35, 1.6, 1.87, 2.18, 2.52, 3.02, 3.65, 4.51, 5.98, 7.77, 11.18]",Active,True,Active,4722893.0,2,9.1,4.6,2026-10-01 18:48:49,8.8,nflverse
436,139,00-0041399,CJ Daniels,WR,LA,PHI,0.0,2026_04_LA_PHI,2026-10-04 13:00:00,2.718160980916988,0.0,6.432208335020063,2.7540648308768167,-0.0359038499598285,C,22,0.1559493449741987,23.0,3,,True,7.0,"https://static.www.nfl.com/image/upload/f_auto,q_auto/league/jqx2xj6xmri9hrjm8azc",0.0,0.0,0.0,0.0,0.0,0.0,0.0,0.0,0.0,0.0,0.0,0.0,0.0,19.5,"[0.0, 0.0, 0.0, 0.0, 0.22, 0.57, 0.88, 1.17, 1.45, 1.72, 1.98, 2.23, 2.54, 3.13, 3.86, 4.95, 6.43, 8.36, 11.58]",Active,True,Active,4605951.0,0,0.0,,2026-10-02 01:47:18,,
437,80,00-0040394,Anthony Tyus III,RB,CAR,DET,1.0,2026_04_DET_CAR,2026-10-04 20:20:00,2.689389611334739,0.0,5.942951723468276,2.471302774088692,0.2180868372460471,C,19,-0.5782002987585798,23.5,5,,True,3.0,"https://static.www.nfl.com/image/upload/f_auto,q_auto/league/ycph0v6jfxwkcycuztk0",0.0,0.0,0.0,0.0,0.0,0.0,0.0,0.0,0.0,0.0,0.0,0.0,0.0,27.0,"[0.0, 0.0, 0.0, 0.0, 0.22, 0.53, 0.81, 1.07, 1.31, 1.57, 1.83, 2.14, 2.48, 2.98, 3.61, 4.47, 5.94, 7.73, 11.14]",Active,True,Active,,1,0.0,0.0,2026-10-02 01:47:18,,
438,140,00-0039751,Jordan Whittington,WR,LA,PHI,0.0,2026_04_LA_PHI,2026-10-04 13:00:00,2.6798234742819567,0.0,6.393870828385031,2.7001925343977007,-0.020369060115744,C,22,0.1559493449741987,23.0,3,,False,3.0,"https://static.www.nfl.com/image/upload/f_auto,q_auto/league/enqcg1lgjkuk0hqz3qjc",1.2306423752554498,0.1333297446618562,0.0,0.0,0.2521199229543077,10.040274531488317,0.0385266327492406,0.0,0.0,0.0,0.0,0.0,0.0,19.5,"[0.0, 0.0, 0.0, 0.0, 0.18, 0.53, 0.84, 1.13, 1.41, 1.68, 1.94, 2.2, 2.51, 3.09, 3.82, 4.91, 6.39, 8.32, 11.54]",Active,True,Active,4569382.0,1,1.8,1.8,2026-10-02 01:47:18,,
439,141,00-0040131,Kyle Williams,WR,NE,BUF,0.0,2026_04_NE_BUF,2026-10-04 13:00:00,2.6761662235192203,0.0,6.390213577622296,2.812077484443911,-0.1359112609246908,C,9,3.373866734524467,20.75,3,,False,4.0,"https://static.www.nfl.com/image/upload/f_auto,q_auto/league/xkicyhizq6sm86wr5osk",1.7517161212174224,0.0347495699414175,0.0,0.0,0.1060603956546954,14.80554853180315,0.0651720118964817,0.0,0.0,0.0,0.0,0.0,0.0,27.75,"[0.0, 0.0, 0.0, 0.0, 0.17, 0.53, 0.84, 1.13, 1.4, 1.68, 1.94, 2.19, 2.5, 3.09, 3.82, 4.91, 6.39, 8.32, 11.54]",Active,True,Active,4613202.0,3,6.4,2.1,2026-10-02 01:47:18,,
440,81,00-0040556,Corey Kiner,RB,NE,BUF,0.0,2026_04_NE_BUF,2026-10-04 13:00:00,2.621825464182984,0.0,5.8753875763165215,2.5240767502547667,0.0977487139282171,C,3,5.851759662276601,20.75,5,,False,3.0,"https://static.www.nfl.com/image/upload/f_auto,q_auto/league/tpnamrgzfbytwlzhhyf8",0.4314428512039912,4.430851159670144,0.0,0.0,10.495179597444164,3.4027615361084487,0.0146672760667565,0.0,0.0,0.0,0.0,0.0,0.0,27.75,"[0.0, 0.0, 0.0, 0.0, 0.15, 0.46, 0.74, 1.0, 1.24, 1.5, 1.76, 2.07, 2.41, 2.91, 3.54, 4.4, 5.88, 7.66, 11.08]",Active,True,Active,4431431.0,3,4.8,1.6,2026-10-02 01:47:18,,
441,82,00-0032104,Ameer Abdullah,RB,JAX,CIN,0.0,2026_04_JAX_CIN,2026-10-04 13:00:00,2.606140531462405,0.0,5.859702643595943,2.6032458549791464,0.0028946764832591,C,18,-0.5610010525680359,24.5,5,,False,4.0,"https://static.www.nfl.com/image/upload/f_auto,q_auto/league/k8teyeiqchljlm0h5te4",1.1280178493399875,2.670891203077311,0.0,0.0,11.331194830086917,2.941853940152695,0.0422502807348569,0.0,0.0,0.0,0.0,0.0,0.0,27.0,"[0.0, 0.0, 0.0, 0.0, 0.14, 0.45, 0.72, 0.98, 1.23, 1.48, 1.74, 2.06, 2.4, 2.9, 3.52, 4.39, 5.86, 7.64, 11.06]",Active,True,Active,2576336.0,3,6.7,2.2,2026-10-02 01:47:18,,
442,83,00-0039874,Jaylen Wright,RB,MIA,MIN,0.0,2026_04_MIA_MIN,2026-10-04 16:05:00,2.6029575137051246,0.0,5.856519625838662,3.8612990990336287,-1.258341585328504,F,29,-5.049593875789909,14.0,5,,False,1.0,"https://static.www.nfl.com/image/upload/f_auto,q_auto/league/feeuommtlmpvuxvtb1zt",0.4215082896573183,4.067842653813305,0.0,0.0,16.145232019089526,2.3282986256278075,0.0173101362439504,0.0,0.0,0.0,0.0,0.0,0.0,24.5,"[0.0, 0.0, 0.0, 0.0, 0.13, 0.44, 0.72, 0.98, 1.22, 1.48, 1.74, 2.05, 2.39, 2.89, 3.52, 4.38, 5.86, 7.64, 11.06]",Active,True,Active,4682745.0,2,1.0,0.5,2026-10-02 01:47:18,,
443,142,00-0031235,Odell Beckham Jr.,WR,NYG,ARI,1.0,2026_04_ARI_NYG,2026-10-04 13:00:00,2.5789524048613397,0.0,6.292999758964415,2.477997885119616,0.1009545197417232,C,4,6.193341336579187,21.0,3,,True,,"https://static.www.nfl.com/image/upload/f_auto,q_auto/league/ffmalg3wr7lwnsz59i7v",1.0,0.0,0.0,0.0,0.0,0.0,0.0476190476190476,0.0,0.0,0.0,0.0,0.0,0.0,23.5,"[0.0, 0.0, 0.0, 0.0, 0.08, 0.43, 0.74, 1.03, 1.31, 1.58, 1.84, 2.09, 2.4, 2.99, 3.72, 4.81, 6.29, 8.22, 11.44]",Active,True,Active,,1,0.0,0.0,2026-10-02 01:47:18,,
444,143,00-0038090,Skyy Moore,WR,GB,TB,0.0,2026_04_GB_TB,2026-10-04 13:00:00,2.5776825147369538,0.0,6.291729868840029,2.966953333135632,-0.3892708183986784,D,31,-6.215328427008356,21.0,3,,False,3.0,"https://static.www.nfl.com/image/upload/f_auto,q_auto/league/id9k0aylvgyq8lulabe3",2.763500473964648,0.0636647952666097,0.0,0.0,0.3450131394515175,10.427089652204042,0.0671095469437241,0.0,0.0,0.0,0.0,0.0,0.0,17.5,"[0.0, 0.0, 0.0, 0.0, 0.08, 0.43, 0.74, 1.03, 1.31, 1.58, 1.84, 2.09, 2.4, 2.99, 3.72, 4.81, 6.29, 8.22, 11.44]",Active,True,Active,4430191.0,3,8.7,2.9,2026-10-02 01:47:18,,
445,84,00-0033376,Patrick Ricard,RB,NYG,ARI,1.0,2026_04_ARI_NYG,2026-10-04 13:00:00,2.55074810685356,0.0,5.804310218987098,2.727362403047022,-0.1766142961934615,C,22,-2.166079106504039,21.0,5,,False,,"https://static.www.nfl.com/image/upload/f_auto,q_auto/league/nm7ezh46zd5bdxaxz6a9",0.7065383850756705,0.08663464062961,0.0,0.0,0.2599039218888302,0.98015906999771,0.0269149980872488,0.0,0.0,0.0,0.0,0.0,0.0,23.5,"[0.0, 0.0, 0.0, 0.0, 0.08, 0.39, 0.67, 0.93, 1.17, 1.43, 1.69, 2.0, 2.34, 2.84, 3.47, 4.33, 5.8, 7.59, 11.01]",Active,True,Active,2975417.0,1,0.0,0.0,2026-10-02 01:47:18,,
446,144,00-0040948,J. Michael Sturdivant,WR,GB,TB,0.0,2026_04_GB_TB,2026-10-04 13:00:00,2.532917339993237,0.0,6.246964694096312,2.903171869071536,-0.370254529078299,D,31,-6.215328427008356,21.0,3,,True,5.0,"https://static.www.nfl.com/image/upload/f_auto,q_auto/league/jpcewjixipg3iuu2ucyq",1.5649419262490838,0.0,0.0,0.0,0.0,11.47624079249328,0.0306851358088055,0.0,0.0,0.0,0.0,0.0,0.0,17.5,"[0.0, 0.0, 0.0, 0.0, 0.03, 0.38, 0.69, 0.98, 1.26, 1.53, 1.8, 2.05, 2.36, 2.94, 3.67, 4.76, 6.25, 8.17, 11.4]",Active,True,Active,4635009.0,2,5.2,2.6,2026-10-02 01:47:18,,
447,145,00-0040646,Jalen Royals,WR,KC,LV,0.0,2026_04_KC_LV,2026-10-04 16:25:00,2.5255652221350564,0.0,6.239612576238132,2.442986002100853,0.0825792200342032,C,29,-5.907016194684417,26.0,3,,False,4.0,"https://static.www.nfl.com/image/upload/f_auto,q_auto/league/sqrid1hnmwqymcp2vxfx",1.0716618997961669,0.0,0.0,0.0,0.0,5.663971382931279,0.0329469043576086,0.0,0.0,0.0,0.0,0.0,0.0,21.5,"[0.0, 0.0, 0.0, 0.0, 0.02, 0.38, 0.69, 0.98, 1.25, 1.53, 1.79, 2.04, 2.35, 2.94, 3.67, 4.76, 6.24, 8.17, 11.39]",Active,True,Active,5082630.0,3,10.7,3.6,2026-10-02 01:47:18,,
448,73,00-0041472,Marlin Klein,TE,HOU,DAL,1.0,2026_04_DAL_HOU,2026-10-04 13:00:00,2.523704696900412,0.0,5.910686216902989,2.042307161218736,0.4813975356816757,B,10,3.189371098759531,25.75,2,,True,3.0,"https://static.www.nfl.com/image/upload/f_auto,q_auto/league/ek2nzhrwqxl6psbm2iic",1.0,0.0,0.0,0.0,0.0,16.0,0.027027027027027,0.0,0.0,0.0,0.0,0.0,0.0,22.75,"[0.0, 0.0, 0.0, 0.0, 0.13, 0.42, 0.71, 0.99, 1.27, 1.55, 1.85, 2.19, 2.55, 3.05, 3.74, 4.6, 5.91, 7.64, 10.22]",Active,True,Active,4695705.0,1,2.6,2.6,2026-10-02 01:47:18,,
449,74,00-0033246,Johnny Mundt,TE,PHI,LA,1.0,2026_04_LA_PHI,2026-10-04 13:00:00,2.513518277747849,0.0,5.900499797750426,3.204357280554074,-0.690839002806225,D,30,-4.527338198314378,19.5,2,,False,3.0,"https://static.www.nfl.com/image/upload/f_auto,q_auto/league/gbsnomwbzavt5124vvaz",1.808164000535616,0.0,0.0,0.0,0.0,7.774423751008214,0.0589000316587697,0.0,0.0,0.0,0.0,0.0,0.0,23.0,"[0.0, 0.0, 0.0, 0.0, 0.12, 0.41, 0.7, 0.98, 1.26, 1.54, 1.84, 2.18, 2.54, 3.04, 3.73, 4.59, 5.9, 7.63, 10.21]",Active,True,Active,3052096.0,2,4.2,2.1,2026-10-02 01:47:18,,
450,146,00-0040024,Darius Cooper,WR,PHI,LA,1.0,2026_04_LA_PHI,2026-10-04 13:00:00,2.5091794262293137,0.0,6.223226780332389,2.652723900309516,-0.1435444740802021,C,10,3.3108720327210457,19.5,3,,False,5.0,"https://static.www.nfl.com/image/upload/f_auto,q_auto/league/pe71oe4eoyyfnq80fkxc",1.1647955772450571,0.0,0.0,0.0,0.0,9.966309482777728,0.0360962649247944,0.0,0.0,0.0,0.0,0.0,0.0,23.0,"[0.0, 0.0, 0.0, 0.0, 0.01, 0.36, 0.67, 0.96, 1.24, 1.51, 1.77, 2.02, 2.34, 2.92, 3.65, 4.74, 6.22, 8.15, 11.37]",Active,True,Active,4715355.0,3,10.6,3.5,2026-10-02 01:47:18,,
451,85,00-0039798,Isaiah Davis,RB,NYJ,CHI,0.0,2026_04_NYJ_CHI,2026-10-04 13:00:00,2.5038490609911657,0.0,5.757411173124703,2.72980152171601,-0.2259524607248444,C,8,2.097043184898195,20.0,5,,False,3.0,"https://static.www.nfl.com/image/upload/f_auto,q_auto/league/x6r9a5xhtaklbvnqmtw7",0.7904284861818791,1.4267362229774527,0.0,0.0,7.698630907257001,5.893952069619314,0.0276306956010028,0.0,0.0,0.0,0.0,0.0,0.0,23.5,"[0.0, 0.0, 0.0, 0.0, 0.03, 0.34, 0.62, 0.88, 1.13, 1.38, 1.64, 1.95, 2.29, 2.79, 3.42, 4.29, 5.76, 7.54, 10.96]",Active,True,Active,4695404.0,2,0.0,0.0,2026-10-02 01:47:18,,
452,147,00-0041051,Zavion Thomas,WR,CHI,NYJ,1.0,2026_04_NYJ_CHI,2026-10-04 13:00:00,2.479752297114425,0.0,6.1937996512175,2.567684022429213,-0.0879317253147884,C,28,-5.646982532912591,23.5,3,,True,4.0,"https://static.www.nfl.com/image/upload/f_auto,q_auto/league/lhodk54zsmznu4yxjoux",0.5216473087496946,0.0,0.0,0.0,0.0,0.5216473087496946,0.0153425679044027,0.0,0.0,0.0,0.0,0.0,0.0,20.0,"[0.0, 0.0, 0.0, 0.0, 0.0, 0.33, 0.64, 0.93, 1.21, 1.48, 1.74, 2.0, 2.31, 2.89, 3.62, 4.71, 6.19, 8.12, 11.34]",Active,True,Active,4869748.0,2,1.1,0.6,2026-10-02 01:47:18,,
453,148,00-0040890,Cyrus Allen,WR,KC,LV,0.0,2026_04_KC_LV,2026-10-04 16:25:00,2.477989135843748,0.0,6.192036489946823,2.352628619979675,0.1253605158640733,C,29,-5.907016194684417,26.0,3,,True,5.0,"https://static.www.nfl.com/image/upload/f_auto,q_auto/league/qput6hanukjbatuao8ca",1.0,0.0,0.0,0.0,0.0,0.0,0.04,0.0,0.0,0.0,0.0,0.0,0.0,21.5,"[0.0, 0.0, 0.0, 0.0, 0.0, 0.33, 0.64, 0.93, 1.21, 1.48, 1.74, 1.99, 2.3, 2.89, 3.62, 4.71, 6.19, 8.12, 11.34]",Active,True,Active,4912218.0,1,0.0,0.0,2026-10-02 01:47:18,,
454,83,00-0040203,Will Howard,QB,PIT,CLE,0.0,2026_04_PIT_CLE,2026-10-01 20:15:00,2.4754856046946783,0.0,9.60311091230182,3.2823376417233563,-0.806852037028678,D,27,-2.7402343054062333,20.5,2,,True,3.0,"https://static.www.nfl.com/image/upload/f_auto,q_auto/league/wzt7xj9ownxfit5igpcd",0.0,0.0,0.0,0.0,0.0,0.0,0.0,0.0,0.0,0.0,0.0,0.0,0.0,18.0,"[0.0, 0.0, 0.0, 0.0, 0.0, 0.0, 0.0, 0.0, 0.0, 0.21, 0.57, 1.27, 2.14, 3.61, 5.77, 7.35, 9.6, 12.21, 16.81]",Active,True,Active,4429955.0,0,0.0,,2026-10-01 18:48:49,0.0,nflverse
455,149,00-0039710,Jeshaun Jones,WR,MIN,MIA,1.0,2026_04_MIA_MIN,2026-10-04 16:05:00,2.471060776507919,0.0,6.185108130610994,2.147565325748213,0.3234954507597054,C,27,-2.8842452928655216,24.5,3,,True,6.0,"https://static.www.nfl.com/image/upload/f_auto,q_auto/league/pwlziiyhd7ectylkejgc",0.0,0.0,0.0,0.0,0.0,0.0,0.0,0.0,0.0,0.0,0.0,0.0,0.0,14.0,"[0.0, 0.0, 0.0, 0.0, 0.0, 0.32, 0.63, 0.92, 1.2, 1.47, 1.73, 1.99, 2.3, 2.88, 3.61, 4.7, 6.19, 8.11, 11.33]",Active,True,Active,4360637.0,0,0.0,,2026-10-02 01:47:18,,
456,75,00-0036590,Quintin Morris,TE,JAX,CIN,0.0,2026_04_JAX_CIN,2026-10-04 13:00:00,2.4642772660389287,0.0,5.851258786041505,1.8124464836854488,0.6518307823534801,B,4,5.4835202008067325,24.5,2,,False,3.0,"https://static.www.nfl.com/image/upload/f_auto,q_auto/league/auqtvapzdtpdxg6myw6b",0.9384198740410136,0.0,0.0,0.0,0.0,4.368816401966882,0.0375036622805213,0.0,0.0,0.0,0.0,0.0,0.0,27.0,"[0.0, 0.0, 0.0, 0.0, 0.08, 0.36, 0.65, 0.93, 1.21, 1.5, 1.79, 2.13, 2.49, 2.99, 3.69, 4.54, 5.85, 7.58, 10.16]",Active,True,Active,4244049.0,2,1.7,0.8,2026-10-02 01:47:18,,
457,76,00-0038046,Charlie Kolar,TE,LAC,SEA,0.0,2026_04_LAC_SEA,2026-10-04 16:25:00,2.457241524869849,0.0,5.844223044872426,3.183207223009203,-0.7259656981393539,F,25,-3.2872262026235277,17.75,2,,False,1.0,"https://static.www.nfl.com/image/upload/f_auto,q_auto/league/g75ws8vkqz9cqwifhcy7",1.3292522160085292,0.0,0.0,0.0,0.0,10.6415841285181,0.0520406050098032,0.0,0.0,0.0,0.0,0.0,0.0,24.75,"[0.0, 0.0, 0.0, 0.0, 0.07, 0.36, 0.65, 0.93, 1.2, 1.49, 1.78, 2.13, 2.49, 2.98, 3.68, 4.54, 5.84, 7.58, 10.16]",Active,True,Active,4241263.0,2,5.1,2.6,2026-10-02 01:47:18,,
458,77,00-0040390,Jackson Meeks,TE,DET,CAR,0.0,2026_04_DET_CAR,2026-10-04 20:20:00,2.454918885134072,0.0,5.8419004051366485,1.9995350900413735,0.4553837950926982,B,16,0.8079696650337357,27.0,2,,True,3.0,"https://static.www.nfl.com/image/upload/f_auto,q_auto/league/ot3dsyhfhos9epmkqdip",1.0,0.0,0.0,0.0,0.0,8.0,0.032258064516129,0.0,0.0,0.0,0.0,0.0,0.0,23.5,"[0.0, 0.0, 0.0, 0.0, 0.07, 0.35, 0.64, 0.92, 1.2, 1.49, 1.78, 2.12, 2.48, 2.98, 3.68, 4.53, 5.84, 7.58, 10.15]",Active,True,Active,4602788.0,1,1.8,1.8,2026-10-02 01:47:18,,
459,86,00-0038705,Emari Demercado,RB,DAL,HOU,0.0,2026_04_DAL_HOU,2026-10-04 13:00:00,2.441234854971404,0.0,5.694796967104941,3.1572858818837126,-0.716051026912309,D,32,-8.787558725521702,22.75,5,,False,3.0,"https://static.www.nfl.com/image/upload/f_auto,q_auto/league/wu0sm9ttr4aiugi9fquf",0.7811302560366931,3.085521668502339,0.0,0.0,15.574924841498373,4.213357516569992,0.0205451829186143,0.0,0.0,0.0,0.0,0.0,0.0,25.75,"[0.0, 0.0, 0.0, 0.0, 0.0, 0.28, 0.56, 0.82, 1.06, 1.32, 1.58, 1.89, 2.23, 2.73, 3.36, 4.22, 5.69, 7.48, 10.9]",Active,True,Active,4362478.0,2,1.5,0.8,2026-10-02 01:47:18,,
460,78,00-0036887,Luke Farrell,TE,SF,DEN,1.0,2026_04_DEN_SF,2026-10-04 16:25:00,2.438955427449872,0.0,5.825936947452449,2.171926027751844,0.2670293996980279,C,18,0.3478976433820792,25.25,2,,False,2.0,"https://static.www.nfl.com/image/upload/f_auto,q_auto/league/kdq2zratulrdsv4ykugy",0.9993438415796422,0.0,0.0,0.0,0.0,5.377208703351289,0.032664843215228,0.0,0.0,0.0,0.0,0.0,0.0,22.25,"[0.0, 0.0, 0.0, 0.0, 0.05, 0.34, 0.63, 0.91, 1.18, 1.47, 1.76, 2.11, 2.47, 2.97, 3.66, 4.52, 5.83, 7.56, 10.14]",Active,True,Active,4040612.0,3,3.9,1.3,2026-10-02 01:47:18,,
461,150,00-0040075,LaJohntay Wester,WR,BAL,TEN,1.0,2026_04_TEN_BAL,2026-10-04 13:00:00,2.4109832010810406,0.0,6.125030555184116,1.8108570459931377,0.6001261550879029,B,7,5.018187571258456,27.0,3,,False,5.0,"https://static.www.nfl.com/image/upload/f_auto,q_auto/league/t6cyhtqoihm88xppswud",0.91414135486556,0.0,0.0,0.0,0.0,6.61763047270049,0.0346635091999844,0.0,0.0,0.0,0.0,0.0,0.0,15.5,"[0.0, 0.0, 0.0, 0.0, 0.0, 0.26, 0.57, 0.86, 1.14, 1.41, 1.67, 1.93, 2.24, 2.82, 3.55, 4.64, 6.13, 8.05, 11.27]",Active,True,Active,4690143.0,3,5.9,2.0,2026-10-02 01:47:18,,
462,151,00-0040705,Chimere Dike,WR,TEN,BAL,0.0,2026_04_TEN_BAL,2026-10-04 13:00:00,2.4050689258635094,0.0,6.119116279966585,3.097293767567672,-0.6922248417041628,D,18,0.9391502526444228,15.5,3,,False,5.0,"https://static.www.nfl.com/image/upload/f_auto,q_auto/league/cbcpv4931dqmgsu3anvo",1.8732314821459133,0.1603317834305645,0.0,0.0,0.1953584054468164,10.839399285882491,0.0603638723133025,0.0,0.0,0.0,0.0,0.0,0.0,27.0,"[0.0, 0.0, 0.0, 0.0, 0.0, 0.26, 0.57, 0.85, 1.13, 1.41, 1.67, 1.92, 2.23, 2.82, 3.55, 4.64, 6.12, 8.05, 11.27]",Active,True,Active,4431268.0,3,3.0,1.0,2026-10-02 01:47:18,,
463,79,00-0041558,Sam Roush,TE,CHI,NYJ,1.0,2026_04_NYJ_CHI,2026-10-04 13:00:00,2.3920979277671863,0.0,5.779079447769764,2.5170610182308177,-0.1249630904636314,C,24,-2.716544703002372,23.5,2,,True,3.0,"https://static.www.nfl.com/image/upload/f_auto,q_auto/league/jqkmmguw4934lyjgvuip",1.9567053825006109,0.0,0.0,0.0,0.0,12.651531161247862,0.0631778370294333,0.0,0.0,0.0,0.0,0.0,0.0,20.0,"[0.0, 0.0, 0.0, 0.0, 0.0, 0.29, 0.58, 0.86, 1.14, 1.42, 1.72, 2.06, 2.42, 2.92, 3.61, 4.47, 5.78, 7.51, 10.09]",Active,True,Active,4685504.0,2,4.5,2.2,2026-10-02 01:47:18,,
464,80,00-0041041,Oscar Delp,TE,NO,ATL,1.0,2026_04_ATL_NO,2026-10-05 20:15:00,2.389177600199016,0.0,5.7761591202015925,1.9939615733892229,0.395216026809793,B,12,2.6553933158997904,25.0,2,,True,3.0,"https://static.www.nfl.com/image/upload/f_auto,q_auto/league/a7tu8cb3rnd5ncgbtok5",1.0,0.0,0.0,0.0,0.0,8.0,0.03125,0.0,0.0,0.0,0.0,0.0,0.0,22.5,"[0.0, 0.0, 0.0, 0.0, 0.0, 0.29, 0.58, 0.86, 1.13, 1.42, 1.71, 2.06, 2.42, 2.92, 3.61, 4.47, 5.78, 7.51, 10.09]",Active,True,Active,4702559.0,1,1.8,1.8,2026-10-02 01:47:18,,
465,87,00-0036425,DeeJay Dallas,RB,MIN,MIA,1.0,2026_04_MIA_MIN,2026-10-04 16:05:00,2.351113342201045,0.0,5.604675454334583,1.7060996172075864,0.6450137249934587,B,4,5.227981586705556,24.5,5,,False,2.0,"https://static.www.nfl.com/image/upload/f_auto,q_auto/league/qrvemj4m3g2mqlbgy352",0.5680110424100759,0.9595724806829736,0.0,0.0,3.5765530546587776,3.5868606268416703,0.0266507709141862,0.0,0.0,0.0,0.0,0.0,0.0,14.0,"[0.0, 0.0, 0.0, 0.0, 0.0, 0.19, 0.47, 0.73, 0.97, 1.23, 1.49, 1.8, 2.14, 2.64, 3.27, 4.13, 5.6, 7.39, 10.81]",Active,True,Active,4240631.0,3,4.3,1.4,2026-10-02 01:47:18,,
466,88,00-0039746,Will Shipley,RB,PHI,LA,1.0,2026_04_LA_PHI,2026-10-04 13:00:00,2.33293687113097,0.0,5.586498983264508,3.014983760626848,-0.6820468894958776,D,31,-7.588560590978759,19.5,5,,False,3.0,"https://static.www.nfl.com/image/upload/f_auto,q_auto/league/pvpaepncsdfgzdubkuhg",1.4754356873115952,2.32445132966875,0.0,0.0,7.215650670808594,7.0593124021877935,0.053197071916079,0.0,0.0,0.0,0.0,0.0,0.0,23.0,"[0.0, 0.0, 0.0, 0.0, 0.0, 0.17, 0.45, 0.71, 0.95, 1.21, 1.47, 1.78, 2.12, 2.62, 3.25, 4.11, 5.59, 7.37, 10.79]",Active,True,Active,4431545.0,3,9.2,3.1,2026-10-02 01:47:18,,
467,84,00-0040464,DJ Uiagalelei,QB,LAC,SEA,0.0,2026_04_LAC_SEA,2026-10-04 16:25:00,2.3123906033119264,0.0,9.42194592157724,3.2823376417233563,-0.96994703841143,D,25,-2.1005194653785284,17.75,2,,True,3.0,"https://static.www.nfl.com/image/upload/f_auto,q_auto/league/uxkbvrw5eu41udzsesnu",0.0,0.0,0.0,0.0,0.0,0.0,0.0,0.0,0.0,0.0,0.0,0.0,0.0,24.75,"[0.0, 0.0, 0.0, 0.0, 0.0, 0.0, 0.0, 0.0, 0.0, 0.05, 0.4, 1.1, 1.95, 3.41, 5.61, 7.19, 9.42, 12.03, 16.64]",Active,True,Active,4429020.0,0,0.0,,2026-10-02 01:47:18,,
468,81,00-0037292,Andrew Ogletree,TE,IND,WAS,0.0,2026_04_IND_WAS,2026-10-04 09:30:00,2.3062898423830283,0.0,5.693271362385605,1.2122519698881735,1.0940378724948547,A,2,9.06898261031441,26.0,2,,False,3.0,"https://static.www.nfl.com/image/upload/f_auto,q_auto/league/wvcrk0ygv3coprxj4cnt",0.8626643941480484,0.0,0.0,0.0,0.0,1.3529576290398495,0.0287494133413129,0.0,0.0,0.0,0.0,0.0,0.0,22.5,"[0.0, 0.0, 0.0, 0.0, 0.0, 0.2, 0.5, 0.77, 1.05, 1.34, 1.63, 1.98, 2.34, 2.83, 3.53, 4.38, 5.69, 7.43, 10.0]",Active,True,Active,4722908.0,2,0.0,0.0,2026-10-02 01:47:18,,
469,89,00-0041326,CJ Donaldson,RB,NO,ATL,1.0,2026_04_ATL_NO,2026-10-05 20:15:00,2.303702577996817,0.0,5.557264690130355,2.1461459655801867,0.1575566124166303,C,23,-2.612219608636048,25.0,5,,True,4.0,"https://static.www.nfl.com/image/upload/f_auto,q_auto/league/lwl0pyoz7mbjcne0stsx",0.6098091123446564,1.304904556172328,0.0,0.0,3.697593115135295,-0.6098091123446564,0.0117270983143203,0.0,0.0,0.0,0.0,0.0,0.0,22.5,"[0.0, 0.0, 0.0, 0.0, 0.0, 0.14, 0.42, 0.68, 0.93, 1.18, 1.44, 1.75, 2.09, 2.59, 3.22, 4.08, 5.56, 7.34, 10.76]",Active,True,Active,5081999.0,3,1.9,0.6,2026-10-02 01:47:18,,
470,90,00-0033854,Dare Ogunbowale,RB,HOU,DAL,1.0,2026_04_DAL_HOU,2026-10-04 13:00:00,2.3032600308265163,0.0,5.556822142960054,1.909884158533852,0.3933758722926646,B,15,-0.1438908587811942,25.75,5,,False,4.0,"https://static.www.nfl.com/image/upload/f_auto,q_auto/league/bsm0k0jkytuiej2riudv",1.066226011085073,0.9497269340567353,0.0,0.0,1.5595527509077332,5.987747798273163,0.0358765951990846,0.0,0.0,0.0,0.0,0.0,0.0,22.75,"[0.0, 0.0, 0.0, 0.0, 0.0, 0.14, 0.42, 0.68, 0.92, 1.18, 1.44, 1.75, 2.09, 2.59, 3.22, 4.08, 5.56, 7.34, 10.76]",Active,True,Active,2983509.0,0,0.0,,2026-10-02 01:47:18,,
471,85,00-0027973,Andy Dalton,QB,PHI,LA,1.0,2026_04_LA_PHI,2026-10-04 13:00:00,2.276130159010897,0.0,9.385685477276212,2.954034740343767,-0.6779045813328697,D,28,-3.0566392191662577,19.5,2,,False,2.0,"https://static.www.nfl.com/image/upload/f_auto,q_auto/league/sfsneh0bn46e2kwve7sr",0.0,0.6177352411903742,5.283851547926243,37.397512214054494,-0.2153117778103844,0.0,0.0,0.0,0.0,0.0,0.0,0.0,0.0,23.0,"[0.0, 0.0, 0.0, 0.0, 0.0, 0.0, 0.0, 0.0, 0.0, 0.01, 0.37, 1.06, 1.92, 3.38, 5.57, 7.15, 9.39, 12.0, 16.6]",Active,True,Active,14012.0,1,-2.0,-2.0,2026-10-02 01:47:18,,
472,91,00-0038488,Brady Russell,RB,SEA,LAC,1.0,2026_04_LAC_SEA,2026-10-04 16:25:00,2.242201267670884,0.0,5.495763379804422,1.982857874660643,0.2593433930102415,C,20,-0.7759221820207546,24.75,5,,False,,"https://static.www.nfl.com/image/upload/f_auto,q_auto/league/vfz3osmr3fgeoyu5us80",0.8626144118009811,0.0,0.0,0.0,0.0,11.150074392304113,0.0298507539790277,0.0,0.0,0.0,0.0,0.0,0.0,17.75,"[0.0, 0.0, 0.0, 0.0, 0.0, 0.08, 0.36, 0.62, 0.86, 1.12, 1.38, 1.69, 2.03, 2.53, 3.16, 4.02, 5.5, 7.28, 10.7]",Active,True,Active,4243176.0,2,7.0,3.5,2026-10-02 01:47:18,,
473,82,00-0038115,Daniel Bellinger,TE,TEN,BAL,0.0,2026_04_TEN_BAL,2026-10-04 13:00:00,2.236280286598032,0.0,5.623261806600609,3.0641931606605097,-0.8279128740624779,F,21,-1.9123592934904867,15.5,2,,False,2.0,"https://static.www.nfl.com/image/upload/f_auto,q_auto/league/nvabdu88h2cvroeygabo",1.5846767685289134,0.0,0.0,0.0,0.0,11.92177515957974,0.0557900486146128,0.0,0.0,0.0,0.0,0.0,0.0,27.0,"[0.0, 0.0, 0.0, 0.0, 0.0, 0.13, 0.43, 0.7, 0.98, 1.27, 1.56, 1.91, 2.27, 2.76, 3.46, 4.31, 5.62, 7.36, 9.93]",Active,True,Active,4361516.0,3,5.3,1.8,2026-10-02 01:47:18,,
474,83,00-0038547,Luke Schoonmaker,TE,DAL,HOU,0.0,2026_04_DAL_HOU,2026-10-04 13:00:00,2.211829336773513,0.0,5.59881085677609,2.122808206333929,0.0890211304395833,C,17,0.7362689755862672,22.75,2,,False,3.0,"https://static.www.nfl.com/image/upload/f_auto,q_auto/league/g1slhy5joxxfeudlzrh9",1.2726634282713534,0.0,0.0,0.0,0.0,10.668646606736672,0.0364482152557431,0.0,0.0,0.0,0.0,0.0,0.0,25.75,"[0.0, 0.0, 0.0, 0.0, 0.0, 0.11, 0.4, 0.68, 0.96, 1.24, 1.54, 1.88, 2.24, 2.74, 3.43, 4.29, 5.6, 7.33, 9.91]",Active,True,Active,4372096.0,2,4.1,2.0,2026-10-02 01:47:18,,
475,92,00-0040078,Brashard Smith,RB,KC,LV,0.0,2026_04_KC_LV,2026-10-04 16:25:00,2.180417610308301,0.0,5.433979722441839,2.346547453196665,-0.1661298428883642,C,30,-5.053020392484116,26.0,5,,False,3.0,"https://static.www.nfl.com/image/upload/f_auto,q_auto/league/xnf4x6b9a2yunsc0gaej",1.2763374673714518,1.336552697584518,0.0,0.0,4.962913773363085,5.114880510907423,0.0458727060255083,0.0,0.0,0.0,0.0,0.0,0.0,21.5,"[0.0, 0.0, 0.0, 0.0, 0.0, 0.02, 0.3, 0.56, 0.8, 1.06, 1.32, 1.63, 1.97, 2.47, 3.1, 3.96, 5.43, 7.22, 10.64]",Active,True,Active,4596602.0,2,1.4,0.7,2026-10-02 01:47:18,,
476,84,00-0038710,Blake Whiteheart,TE,CLE,PIT,1.0,2026_04_PIT_CLE,2026-10-01 20:15:00,2.1494767644212054,0.0,5.540867619906454,2.802237680369585,-0.65276091594838,D,22,-2.3529475438000462,18.0,2,,False,2.0,"https://static.www.nfl.com/image/upload/f_auto,q_auto/league/senw8edxu2ovkg1dbdxs",1.2009889998524828,0.0,0.0,0.0,0.0,9.668651565814091,0.0448759150252501,0.0,0.0,0.0,0.0,0.0,0.0,20.5,"[0.0, 0.0, 0.0, 0.0, 0.0, 0.05, 0.34, 0.62, 0.9, 1.18, 1.48, 1.82, 2.18, 2.67, 3.37, 4.22, 5.54, 7.27, 9.84]",Active,True,Active,4362018.0,3,11.1,3.7,2026-10-01 18:48:49,0.0,nflverse
477,152,00-0035500,Greg Dortch,WR,BUF,NE,1.0,2026_04_NE_BUF,2026-10-04 13:00:00,2.128429673048326,0.0,5.842477027151402,1.566123834558251,0.562305838490075,B,16,1.298295902273489,27.75,3,,False,5.0,"https://static.www.nfl.com/image/upload/f_auto,q_auto/league/pylafoddjiqh4rhjlhpf",0.810051977281926,0.1723806731484158,0.0,0.0,0.2603119764396918,5.332505368966405,0.0192619871429695,0.0,0.0,0.0,0.0,0.0,0.0,20.75,"[0.0, 0.0, 0.0, 0.0, 0.0, 0.0, 0.29, 0.58, 0.86, 1.13, 1.39, 1.64, 1.95, 2.54, 3.27, 4.36, 5.84, 7.77, 10.99]",Active,True,Active,4037235.0,3,0.0,0.0,2026-10-02 01:47:18,,
478,85,00-0039824,Jared Wiley,TE,KC,LV,0.0,2026_04_KC_LV,2026-10-04 16:25:00,2.100948660889115,0.0,5.487930180891691,1.3086624352567615,0.7922862256323533,A,3,6.250448983019159,26.0,2,,True,4.0,"https://static.www.nfl.com/image/upload/f_auto,q_auto/league/qbu14rgh4wchepqsrgb0",0.4783526912503054,0.0,0.0,0.0,0.0,1.913410765001221,0.014948521601572,0.0,0.0,0.0,0.0,0.0,0.0,21.5,"[0.0, 0.0, 0.0, 0.0, 0.0, 0.0, 0.29, 0.57, 0.85, 1.13, 1.43, 1.77, 2.13, 2.63, 3.32, 4.18, 5.49, 7.22, 9.8]",Active,True,Active,4430723.0,0,0.0,,2026-10-02 01:47:18,,
479,93,00-0040886,Nicholas Singleton,RB,TEN,BAL,0.0,2026_04_TEN_BAL,2026-10-04 13:00:00,2.095993983186764,0.0,5.349556095320301,2.795369052272303,-0.6993750690855394,D,14,1.2387298874070078,15.5,5,,True,3.0,"https://static.www.nfl.com/image/upload/f_auto,q_auto/league/ztwqbc0s69cbz5ow0r0q",0.0,4.0,0.0,0.0,10.0,0.0,0.0,0.0,0.0,0.0,0.0,0.0,0.0,27.0,"[0.0, 0.0, 0.0, 0.0, 0.0, 0.0, 0.21, 0.47, 0.72, 0.97, 1.23, 1.55, 1.89, 2.39, 3.01, 3.88, 5.35, 7.13, 10.55]",Active,True,Active,4685555.0,1,1.0,1.0,2026-10-02 01:47:18,,
480,94,00-0035125,Alec Ingold,RB,LAC,SEA,0.0,2026_04_LAC_SEA,2026-10-04 16:25:00,2.0862472306952293,0.0,5.339809342828767,2.8536162110627554,-0.7673689803675261,D,25,-2.850719217621903,17.75,5,,False,,"https://static.www.nfl.com/image/upload/f_auto,q_auto/league/saqgxmq3xrr68byket0r",1.3909048836402669,0.0507268290052682,0.0,0.0,0.2348469997836243,11.035219945020526,0.0436711215910086,0.0,0.0,0.0,0.0,0.0,0.0,24.75,"[0.0, 0.0, 0.0, 0.0, 0.0, 0.0, 0.2, 0.46, 0.71, 0.96, 1.22, 1.54, 1.88, 2.38, 3.0, 3.87, 5.34, 7.12, 10.54]",Active,True,Active,3917668.0,3,6.5,2.2,2026-10-02 01:47:18,,
481,86,00-0040598,Mark Redman,TE,GB,TB,0.0,2026_04_GB_TB,2026-10-04 13:00:00,2.04527833519246,0.0,5.432259855195037,1.8940582961598589,0.1512200390326008,C,11,2.9505116831904474,21.0,2,,True,3.0,"https://static.www.nfl.com/image/upload/f_auto,q_auto/league/m20wrukxvkgbvs70qpai",0.0,0.0,0.0,0.0,0.0,0.0,0.0,0.0,0.0,0.0,0.0,0.0,0.0,17.5,"[0.0, 0.0, 0.0, 0.0, 0.0, 0.0, 0.23, 0.51, 0.79, 1.08, 1.37, 1.71, 2.08, 2.57, 3.27, 4.12, 5.43, 7.17, 9.74]",Active,True,Active,,0,0.0,,2026-10-02 01:47:18,,
482,153,00-0039062,Jonathan Mingo,WR,DAL,HOU,0.0,2026_04_DAL_HOU,2026-10-04 13:00:00,2.0323629166256394,0.0,5.746410270728715,1.9022748586235645,0.1300880580020749,C,5,6.176520103495495,22.75,3,,False,5.0,"https://static.www.nfl.com/image/upload/f_auto,q_auto/league/u2b8s2s0ix5hntyg3eog",1.0,0.0,0.0,0.0,0.0,7.171813340916843,0.0322430609455584,0.0,0.0,0.0,0.0,0.0,0.0,25.75,"[0.0, 0.0, 0.0, 0.0, 0.0, 0.0, 0.19, 0.48, 0.76, 1.03, 1.3, 1.55, 1.86, 2.44, 3.17, 4.26, 5.75, 7.67, 10.89]",Active,True,Active,4426485.0,1,2.0,2.0,2026-10-02 01:47:18,,
483,87,00-0034798,Durham Smythe,TE,BAL,TEN,1.0,2026_04_TEN_BAL,2026-10-04 13:00:00,2.0149599158291425,0.0,5.40194143583172,2.094381094680384,-0.0794211788512413,C,32,-5.843021876623996,27.0,2,,False,2.0,"https://static.www.nfl.com/image/upload/f_auto,q_auto/league/pwcuy1ntmris98x8xmxi",0.9975873703616804,0.0,0.0,0.0,0.0,2.7796169460789883,0.0341922132248282,0.0,0.0,0.0,0.0,0.0,0.0,15.5,"[0.0, 0.0, 0.0, 0.0, 0.0, 0.0, 0.2, 0.48, 0.76, 1.05, 1.34, 1.68, 2.04, 2.54, 3.24, 4.09, 5.4, 7.14, 9.71]",Active,True,Active,3052897.0,2,1.4,0.7,2026-10-02 01:47:18,,
484,154,00-0034854,KhaDarel Hodge,WR,SF,DEN,1.0,2026_04_DEN_SF,2026-10-04 16:25:00,2.000959999060118,0.0,5.715007353163193,1.7391895840251062,0.2617704150350119,C,24,-1.096528818996405,25.25,3,,False,3.0,"https://static.www.nfl.com/image/upload/f_auto,q_auto/league/mozew14dow474cun5eqp",0.5186472859182558,0.0,0.0,0.0,0.0,5.4706822459559055,0.0208464651635774,0.0,0.0,0.0,0.0,0.0,0.0,22.25,"[0.0, 0.0, 0.0, 0.0, 0.0, 0.0, 0.16, 0.45, 0.73, 1.0, 1.26, 1.52, 1.83, 2.41, 3.14, 4.23, 5.72, 7.64, 10.86]",Active,True,Active,3047876.0,3,2.8,0.9,2026-10-02 01:47:18,,
485,88,00-0039530,Brevyn Spann-Ford,TE,DAL,HOU,0.0,2026_04_DAL_HOU,2026-10-04 13:00:00,1.988509269558425,0.0,5.3754907895610025,1.8994881391188416,0.0890211304395833,C,17,0.7362689755862672,22.75,2,,False,2.0,"https://static.www.nfl.com/image/upload/f_auto,q_auto/league/sko2pmuqociwa92ep1ad",0.9749894362747272,0.0,0.0,0.0,0.0,10.26918619438604,0.0302214727795605,0.0,0.0,0.0,0.0,0.0,0.0,25.75,"[0.0, 0.0, 0.0, 0.0, 0.0, 0.0, 0.18, 0.46, 0.73, 1.02, 1.31, 1.66, 2.02, 2.52, 3.21, 4.07, 5.38, 7.11, 9.69]",Active,True,Active,4360967.0,3,6.3,2.1,2026-10-02 01:47:18,,
486,155,00-0035021,Ashton Dulin,WR,IND,WAS,0.0,2026_04_IND_WAS,2026-10-04 09:30:00,1.983552116789868,0.0,5.697599470892943,1.488453265470744,0.4950988513191241,B,1,8.39903555817399,26.0,3,,False,5.0,"https://static.www.nfl.com/image/upload/f_auto,q_auto/league/ux55cx0r9iwqwmfmaip6",0.9083796106582032,0.141416784219533,0.0,0.0,2.2405664216164687,6.032122712419164,0.0298626111077141,0.0,0.0,0.0,0.0,0.0,0.0,22.5,"[0.0, 0.0, 0.0, 0.0, 0.0, 0.0, 0.14, 0.43, 0.71, 0.98, 1.25, 1.5, 1.81, 2.39, 3.12, 4.21, 5.7, 7.63, 10.85]",Active,True,Active,4061956.0,1,0.0,0.0,2026-10-02 01:47:18,,
487,156,00-0036463,Chris Blair,WR,ATL,NO,0.0,2026_04_ATL_NO,2026-10-05 20:15:00,1.981167216528648,0.0,5.695214570631723,2.0218661183341133,-0.0406989018054657,C,17,1.0564467433728515,22.5,3,,False,5.0,"https://static.www.nfl.com/image/upload/f_auto,q_auto/league/gfkhv6k1wr45fnhl0p1d",0.9530886045089836,0.0,0.0,0.0,0.0,1.906177209017967,0.0307447936938381,0.0,0.0,0.0,0.0,0.0,0.0,25.0,"[0.0, 0.0, 0.0, 0.0, 0.0, 0.0, 0.14, 0.43, 0.71, 0.98, 1.24, 1.5, 1.81, 2.39, 3.12, 4.21, 5.7, 7.62, 10.84]",Active,True,Active,4369886.0,3,3.6,1.2,2026-10-02 01:47:18,,
488,95,00-0041081,Max Bredeson,RB,MIN,MIA,1.0,2026_04_MIA_MIN,2026-10-04 16:05:00,1.9792982567220527,0.0,5.23286036885559,1.4877316316708828,0.4915666250511699,B,4,5.227981586705556,24.5,5,,True,,"https://static.www.nfl.com/image/upload/f_auto,q_auto/league/fl3inwpzgb7fgzpaezw1",0.0,0.0,0.0,0.0,0.0,0.0,0.0,0.0,0.0,0.0,0.0,0.0,0.0,14.0,"[0.0, 0.0, 0.0, 0.0, 0.0, 0.0, 0.1, 0.36, 0.6, 0.86, 1.11, 1.43, 1.77, 2.27, 2.9, 3.76, 5.23, 7.02, 10.43]",Active,True,Active,4878695.0,1,0.0,0.0,2026-10-02 01:47:18,,
489,157,00-0040894,Malik Benson,WR,LV,KC,1.0,2026_04_KC_LV,2026-10-04 16:25:00,1.966410953260866,0.0,5.680458307363941,2.2321470337946128,-0.2657360805337467,C,30,-5.912287602291773,21.5,3,,True,5.0,"https://static.www.nfl.com/image/upload/f_auto,q_auto/league/tndlq4zmq6r9nsvmzih6",1.304904556172328,0.3049045561723282,0.0,0.0,-2.4392364493786256,1.829427337033969,0.0445799333535321,0.0,0.0,0.0,0.0,0.0,0.0,26.0,"[0.0, 0.0, 0.0, 0.0, 0.0, 0.0, 0.13, 0.42, 0.7, 0.97, 1.23, 1.48, 1.79, 2.38, 3.11, 4.2, 5.68, 7.61, 10.83]",Active,True,Active,5150247.0,3,0.8,0.3,2026-10-02 01:47:18,,
490,86,00-0040891,Cole Payton,QB,PHI,LA,1.0,2026_04_LA_PHI,2026-10-04 13:00:00,1.8900452219692847,0.0,8.9996005402346,2.179651851851852,-0.2896066298825672,C,28,-3.0566392191662577,19.5,2,,True,4.0,"https://static.www.nfl.com/image/upload/f_auto,q_auto/league/qt8hajjwkvpynr8nwepz",0.0,0.0,0.0,0.0,0.0,0.0,0.0,0.0,0.0,0.0,0.0,0.0,0.0,23.0,"[0.0, 0.0, 0.0, 0.0, 0.0, 0.0, 0.0, 0.0, 0.0, 0.0, 0.0, 0.68, 1.53, 2.99, 5.19, 6.76, 9.0, 11.61, 16.22]",Active,True,Active,4879250.0,0,0.0,,2026-10-02 01:47:18,,
491,96,00-0040238,LeQuint Allen Jr.,RB,JAX,CIN,0.0,2026_04_JAX_CIN,2026-10-04 13:00:00,1.8837934872105475,0.0,5.137355599344085,1.880898810727288,0.0028946764832591,C,18,-0.5610010525680359,24.5,5,,False,3.0,"https://static.www.nfl.com/image/upload/f_auto,q_auto/league/i0utigksuuvo2njb9wtk",1.1162291362278782,0.7654501704639443,0.0,0.0,2.768479044562039,4.175749154850231,0.0393109848542468,0.0,0.0,0.0,0.0,0.0,0.0,27.0,"[0.0, 0.0, 0.0, 0.0, 0.0, 0.0, 0.0, 0.26, 0.51, 0.76, 1.02, 1.33, 1.67, 2.17, 2.8, 3.67, 5.14, 6.92, 10.34]",Active,True,Active,4911851.0,2,2.9,1.4,2026-10-02 01:47:18,,
492,87,00-0034771,Mason Rudolph,QB,PIT,CLE,0.0,2026_04_PIT_CLE,2026-10-01 20:15:00,1.875626342317366,0.0,9.003251649924508,3.1464146308942222,-1.2707882885768562,D,27,-2.7402343054062333,20.5,2,,False,2.0,"https://static.www.nfl.com/image/upload/f_auto,q_auto/league/oadtxde6hxz1jgrs618o",0.0,1.0602225739078426,5.377663745942732,28.546473029490127,1.917362343241894,0.0,0.0,0.0,0.0,0.0,0.0,0.0,0.0,18.0,"[0.0, 0.0, 0.0, 0.0, 0.0, 0.0, 0.0, 0.0, 0.0, 0.0, 0.0, 0.67, 1.54, 3.01, 5.17, 6.75, 9.0, 11.61, 16.21]",Active,True,Active,3116407.0,1,0.3,0.3,2026-10-01 18:48:49,0.0,nflverse
493,89,00-0037004,Hunter Long,TE,ARI,NYG,0.0,2026_04_ARI_NYG,2026-10-04 13:00:00,1.8704668218102705,0.0,5.257448341812848,1.694423075678312,0.1760437461319584,C,15,0.9160404906024732,23.5,2,,False,3.0,"https://static.www.nfl.com/image/upload/f_auto,q_auto/league/wlj6sdfj5qcy8bt2qyxb",0.7976337709665835,0.0,0.0,0.0,0.0,3.9155803523023462,0.0199853849380829,0.0,0.0,0.0,0.0,0.0,0.0,21.0,"[0.0, 0.0, 0.0, 0.0, 0.0, 0.0, 0.06, 0.34, 0.62, 0.9, 1.2, 1.54, 1.9, 2.4, 3.09, 3.95, 5.26, 6.99, 9.57]",Active,True,Active,4239944.0,3,1.5,0.5,2026-10-02 01:47:18,,
494,158,00-0033589,David Moore,WR,CAR,DET,1.0,2026_04_DET_CAR,2026-10-04 20:20:00,1.8646337034962384,0.0,5.578681057599313,1.575818745635252,0.2888149578609864,C,6,5.460722282554286,23.5,3,,False,6.0,"https://static.www.nfl.com/image/upload/f_auto,q_auto/league/iyawzolvibsds35fwapv",1.3119413791210437,0.1496170932906551,0.0,0.0,1.7954051194878615,0.6859973974003061,0.033686690207883,0.0,0.0,0.0,0.0,0.0,0.0,27.0,"[0.0, 0.0, 0.0, 0.0, 0.0, 0.0, 0.02, 0.31, 0.59, 0.87, 1.13, 1.38, 1.69, 2.28, 3.01, 4.1, 5.58, 7.51, 10.73]",Active,True,Active,4212909.0,1,0.0,0.0,2026-10-02 01:47:18,,
495,159,00-0040563,Efton Chism III,WR,NE,BUF,0.0,2026_04_NE_BUF,2026-10-04 13:00:00,1.8627780773207547,0.0,5.5768254314238295,1.9986893382454456,-0.1359112609246908,C,9,3.373866734524467,20.75,3,,False,5.0,"https://static.www.nfl.com/image/upload/f_auto,q_auto/league/zbnf3ujmwprzgjnwdtlo",1.0967804951560434,0.0,0.3635644546608889,4.966062843762389,0.0,4.300789773422583,0.0422314844587488,0.0,0.0,0.0,0.0,0.0,0.0,27.75,"[0.0, 0.0, 0.0, 0.0, 0.0, 0.0, 0.02, 0.31, 0.59, 0.86, 1.13, 1.38, 1.69, 2.27, 3.0, 4.09, 5.58, 7.5, 10.73]",Active,True,Active,4695193.0,2,2.5,1.2,2026-10-02 01:47:18,,
496,97,00-0041415,Dean Connors,RB,LA,PHI,0.0,2026_04_LA_PHI,2026-10-04 13:00:00,1.8357766880787347,0.0,5.089338800212272,2.3289994552683995,-0.4932227671896647,D,26,-2.876077649310401,23.0,5,,True,3.0,"https://static.www.nfl.com/image/upload/f_auto,q_auto/league/fgsgqkdsnliwujjtvvw3",0.0,0.0,0.0,0.0,0.0,0.0,0.0,0.0,0.0,0.0,0.0,0.0,0.0,19.5,"[0.0, 0.0, 0.0, 0.0, 0.0, 0.0, 0.0, 0.21, 0.46, 0.71, 0.97, 1.29, 1.63, 2.13, 2.75, 3.62, 5.09, 6.87, 10.29]",Active,True,Active,5082269.0,1,0.0,0.0,2026-10-02 01:47:18,,
497,90,00-0040225,Thomas Fidone II,TE,NYG,ARI,1.0,2026_04_ARI_NYG,2026-10-04 13:00:00,1.8172243520148816,0.0,5.204205872017459,1.5629093960251093,0.2543149559897724,C,7,3.812021372136341,21.0,2,,True,3.0,"https://static.www.nfl.com/image/upload/f_auto,q_auto/league/vbaqpkcxcfwh9dhzescy",0.0,0.0,0.0,0.0,0.0,0.0,0.0,0.0,0.0,0.0,0.0,0.0,0.0,23.5,"[0.0, 0.0, 0.0, 0.0, 0.0, 0.0, 0.01, 0.29, 0.56, 0.85, 1.14, 1.49, 1.85, 2.34, 3.04, 3.9, 5.2, 6.94, 9.52]",Active,True,Active,4590292.0,0,0.0,,2026-10-02 01:47:18,,
498,160,00-0040164,Jaylin Lane,WR,WAS,IND,1.0,2026_04_IND_WAS,2026-10-04 09:30:00,1.815340373117559,0.0,5.529387727220634,1.5510007177281642,0.2643396553893948,C,3,7.822986345821431,22.5,3,,False,6.0,"https://static.www.nfl.com/image/upload/f_auto,q_auto/league/fa5ufxqxs3hzioih3cfb",0.990771005253508,0.0151704896675914,0.0,0.0,0.1061934276731403,10.139149551548746,0.0365004523908105,0.0,0.0,0.0,0.0,0.0,0.0,26.0,"[0.0, 0.0, 0.0, 0.0, 0.0, 0.0, 0.0, 0.27, 0.54, 0.82, 1.08, 1.33, 1.64, 2.23, 2.96, 4.05, 5.53, 7.46, 10.68]",Active,True,Active,4602667.0,3,4.5,1.5,2026-10-02 01:47:18,,
499,98,00-0036187,Reggie Gilliam,RB,NE,BUF,0.0,2026_04_NE_BUF,2026-10-04 13:00:00,1.81530408293996,0.0,5.068866195073498,1.7175553690117438,0.0977487139282162,C,3,5.851759662276601,20.75,5,,False,,"https://static.www.nfl.com/image/upload/f_auto,q_auto/league/jjntivnnkczvlclkiwwm",0.8385501494302617,0.1765354714542265,0.0,0.0,0.3530709429084531,3.4424550134027885,0.0379432781174914,0.0,0.0,0.0,0.0,0.0,0.0,27.75,"[0.0, 0.0, 0.0, 0.0, 0.0, 0.0, 0.0, 0.19, 0.44, 0.69, 0.95, 1.27, 1.61, 2.11, 2.73, 3.6, 5.07, 6.85, 10.27]",Active,True,Active,4039505.0,1,1.4,1.4,2026-10-02 01:47:18,,
500,91,00-0041084,Tanner Koziol,TE,JAX,CIN,0.0,2026_04_JAX_CIN,2026-10-04 13:00:00,1.810418528176031,0.0,5.197400048178608,1.1972439021241104,0.6131746260519206,B,4,5.4835202008067325,24.5,2,,True,4.0,"https://static.www.nfl.com/image/upload/f_auto,q_auto/league/yx0na9fufgv3snuyecbd",0.0,0.0,0.0,0.0,0.0,0.0,0.0,0.0,0.0,0.0,0.0,0.0,0.0,27.0,"[0.0, 0.0, 0.0, 0.0, 0.0, 0.0, 0.0, 0.28, 0.56, 0.84, 1.14, 1.48, 1.84, 2.34, 3.03, 3.89, 5.2, 6.93, 9.51]",Active,True,Active,4917427.0,0,0.0,,2026-10-02 01:47:18,,
501,161,00-0040154,Tai Felton,WR,MIN,MIA,1.0,2026_04_MIA_MIN,2026-10-04 16:05:00,1.8018570383871948,0.0,5.51590439249027,1.6610799696434215,0.1407770687437732,C,27,-2.8842452928655216,24.5,3,,False,4.0,"https://static.www.nfl.com/image/upload/f_auto,q_auto/league/pyritorbaz2enqayclln",0.8561880953804519,0.0,0.0,0.0,0.0,1.5104946028418371,0.0348292861642436,0.0,0.0,0.0,0.0,0.0,0.0,14.0,"[0.0, 0.0, 0.0, 0.0, 0.0, 0.0, 0.0, 0.25, 0.53, 0.8, 1.06, 1.32, 1.63, 2.21, 2.94, 4.03, 5.52, 7.44, 10.66]",Active,True,Active,4565185.0,1,0.0,0.0,2026-10-02 01:47:18,,
502,92,00-0037755,Jelani Woods,TE,NYJ,CHI,0.0,2026_04_NYJ_CHI,2026-10-04 13:00:00,1.7958271760969655,0.0,5.182808696099542,2.199935750400293,-0.4041085743033275,D,26,-3.493769087092728,20.0,2,,True,4.0,"https://static.www.nfl.com/image/upload/f_auto,q_auto/league/bnezem4laynlarqnpyc5",1.1569451358369698,0.0,0.0,0.0,0.0,14.122699135509963,0.0332445279165041,0.0,0.0,0.0,0.0,0.0,0.0,23.5,"[0.0, 0.0, 0.0, 0.0, 0.0, 0.0, 0.0, 0.26, 0.54, 0.83, 1.12, 1.47, 1.83, 2.32, 3.02, 3.87, 5.18, 6.92, 9.49]",Active,True,Active,4241410.0,1,3.0,3.0,2026-10-02 01:47:18,,
503,99,00-0041436,DJ Herman,RB,MIA,MIN,0.0,2026_04_MIA_MIN,2026-10-04 16:05:00,1.787330439668932,0.0,5.04089255180247,2.615231686171679,-0.8279012465027471,D,29,-5.049593875789909,14.0,5,,True,,"https://static.www.nfl.com/image/upload/f_auto,q_auto/league/snacspvu9hic30y1vd8m",1.435058073750916,0.0,0.0,0.0,0.0,8.610348442505497,0.062393829293518,0.0,0.0,0.0,0.0,0.0,0.0,24.5,"[0.0, 0.0, 0.0, 0.0, 0.0, 0.0, 0.0, 0.16, 0.41, 0.66, 0.92, 1.24, 1.58, 2.08, 2.71, 3.57, 5.04, 6.83, 10.24]",Active,True,Active,4685116.0,2,2.8,1.4,2026-10-02 01:47:18,,
504,93,00-0040887,Josh Cuevas,TE,BAL,TEN,1.0,2026_04_TEN_BAL,2026-10-04 13:00:00,1.7332895828633756,0.0,5.120271102865953,1.7812570111064967,-0.047967428243121,C,32,-5.843021876623996,27.0,2,,True,4.0,"https://static.www.nfl.com/image/upload/f_auto,q_auto/league/maktufaiogxfm5ewjsi9",1.0,0.0,0.0,0.0,0.0,14.0,0.05,0.0,0.0,0.0,0.0,0.0,0.0,15.5,"[0.0, 0.0, 0.0, 0.0, 0.0, 0.0, 0.0, 0.2, 0.48, 0.76, 1.06, 1.4, 1.76, 2.26, 2.95, 3.81, 5.12, 6.85, 9.43]",Active,True,Active,4876132.0,1,2.4,2.4,2026-10-02 01:47:18,,
505,100,00-0039796,Rasheen Ali,RB,BAL,TEN,1.0,2026_04_TEN_BAL,2026-10-04 13:00:00,1.6889581109413934,0.0,4.942520223074931,1.0562526907002203,0.632705420241173,B,11,1.7014438494789073,27.0,5,,False,3.0,"https://static.www.nfl.com/image/upload/f_auto,q_auto/league/zwjrkzu3ia3cfrwgotqt",0.2875577522129917,0.1521372604489263,0.0,0.0,0.4606997224528196,1.6672716936739682,0.0144995623228405,0.0,0.0,0.0,0.0,0.0,0.0,15.5,"[0.0, 0.0, 0.0, 0.0, 0.0, 0.0, 0.0, 0.07, 0.31, 0.57, 0.82, 1.14, 1.48, 1.98, 2.61, 3.47, 4.94, 6.73, 10.14]",Active,True,Active,4690013.0,3,0.0,0.0,2026-10-02 01:47:18,,
506,101,00-0036842,Kene Nwangwu,RB,NYJ,CHI,0.0,2026_04_NYJ_CHI,2026-10-04 13:00:00,1.6488795955023194,0.0,4.902441707635857,1.874832056227164,-0.2259524607248444,C,8,2.097043184898195,20.0,5,,False,4.0,"https://static.www.nfl.com/image/upload/f_auto,q_auto/league/rlnqgz517fsohrndgjrb",0.1432071436712804,1.7903791842731016,0.0,0.0,6.648696008716098,0.0,0.0065094156214218,0.0,0.0,0.0,0.0,0.0,0.0,23.5,"[0.0, 0.0, 0.0, 0.0, 0.0, 0.0, 0.0, 0.03, 0.27, 0.53, 0.78, 1.1, 1.44, 1.94, 2.57, 3.43, 4.9, 6.69, 10.1]",Active,True,Active,4035537.0,0,0.0,,2026-10-02 01:47:18,,
507,94,00-0031484,Chris Manhertz,TE,NYG,ARI,1.0,2026_04_ARI_NYG,2026-10-04 13:00:00,1.645172375021617,0.0,5.032153895024194,1.4986258132561217,0.1465465617654953,C,7,3.812021372136341,21.0,2,,False,,"https://static.www.nfl.com/image/upload/f_auto,q_auto/league/bw0kytk1nwrdln9t3wzg",0.5018709170128464,0.0,0.0,0.0,0.0,1.529534969900724,0.0161386848976933,0.0,0.0,0.0,0.0,0.0,0.0,23.5,"[0.0, 0.0, 0.0, 0.0, 0.0, 0.0, 0.0, 0.11, 0.39, 0.68, 0.97, 1.31, 1.68, 2.17, 2.87, 3.72, 5.03, 6.77, 9.34]",Active,True,Active,2531358.0,0,0.0,,2026-10-02 01:47:18,,
508,88,00-0041565,Drew Allar,QB,PIT,CLE,0.0,2026_04_PIT_CLE,2026-10-01 20:15:00,1.6438579364651846,0.0,8.771483244072325,2.179651851851852,-0.5357939153866673,D,27,-2.7402343054062333,20.5,2,,True,4.0,"https://static.www.nfl.com/image/upload/f_auto,q_auto/league/sphuqnfrtzwsgeugeycz",0.0,0.0,0.0,0.0,0.0,0.0,0.0,0.0,0.0,0.0,0.0,0.0,0.0,18.0,"[0.0, 0.0, 0.0, 0.0, 0.0, 0.0, 0.0, 0.0, 0.0, 0.0, 0.0, 0.44, 1.31, 2.78, 4.94, 6.52, 8.77, 11.38, 15.98]",Active,True,Active,4714771.0,0,0.0,,2026-10-01 18:48:49,0.0,nflverse
509,95,00-0039518,Treyton Welch,TE,NO,ATL,1.0,2026_04_ATL_NO,2026-10-05 20:15:00,1.6256846308257074,0.0,5.012666150828284,1.1676363954526794,0.4580482353730279,B,12,2.6553933158997904,25.0,2,,True,4.0,"https://static.www.nfl.com/image/upload/f_auto,q_auto/league/rutsetwerjfsym9ohqrs",0.0,0.0,0.0,0.0,0.0,0.0,0.0,0.0,0.0,0.0,0.0,0.0,0.0,22.5,"[0.0, 0.0, 0.0, 0.0, 0.0, 0.0, 0.0, 0.09, 0.37, 0.66, 0.95, 1.29, 1.66, 2.15, 2.85, 3.7, 5.01, 6.75, 9.32]",Active,True,Active,4430684.0,1,0.0,0.0,2026-10-02 01:47:18,,
510,102,00-0039603,British Brooks,RB,HOU,DAL,1.0,2026_04_DAL_HOU,2026-10-04 13:00:00,1.5646514627506702,0.0,4.818213574884208,1.1712755904580066,0.3933758722926637,B,15,-0.1438908587811942,25.75,5,,False,3.0,"https://static.www.nfl.com/image/upload/f_auto,q_auto/league/jethzcwj6oeitvdprnk8",0.0,1.35023595620176,0.0,0.0,6.245922970337951,0.0,0.0,0.0,0.0,0.0,0.0,0.0,0.0,22.75,"[0.0, 0.0, 0.0, 0.0, 0.0, 0.0, 0.0, 0.0, 0.19, 0.44, 0.7, 1.01, 1.35, 1.86, 2.48, 3.35, 4.82, 6.6, 10.02]",Active,True,Active,4373273.0,1,0.0,0.0,2026-10-02 01:47:18,,
511,96,00-0037317,Nick Muse,TE,ATL,NO,0.0,2026_04_ATL_NO,2026-10-05 20:15:00,1.5629873101997809,0.0,4.949968830202358,1.0725538504568723,0.4904334597429085,B,5,5.168305531266417,22.5,2,,True,4.0,"https://static.www.nfl.com/image/upload/f_auto,q_auto/league/cdidnsvt1we5d7ffnjbo",0.0,0.0,0.0,0.0,0.0,0.0,0.0,0.0,0.0,0.0,0.0,0.0,0.0,25.0,"[0.0, 0.0, 0.0, 0.0, 0.0, 0.0, 0.0, 0.03, 0.31, 0.59, 0.89, 1.23, 1.59, 2.09, 2.78, 3.64, 4.95, 6.68, 9.26]",Active,True,Active,4249624.0,2,0.0,0.0,2026-10-02 01:47:18,,
512,97,00-0039686,Colson Yankoff,TE,WAS,IND,1.0,2026_04_IND_WAS,2026-10-04 09:30:00,1.547616103573283,0.0,4.93459762357586,1.287982532315242,0.2596335712580409,C,8,3.4382524007819595,22.5,2,,False,4.0,"https://static.www.nfl.com/image/upload/f_auto,q_auto/league/cgsxdjqy6l2zuqaftbd6",0.8869323398282608,0.0,0.0,0.0,0.0,4.581655427020395,0.0288206258608913,0.0,0.0,0.0,0.0,0.0,0.0,26.0,"[0.0, 0.0, 0.0, 0.0, 0.0, 0.0, 0.0, 0.02, 0.29, 0.58, 0.87, 1.22, 1.58, 2.07, 2.77, 3.63, 4.93, 6.67, 9.25]",Active,True,Active,4361088.0,3,3.6,1.2,2026-10-02 01:47:18,,
513,98,00-0033757,Robert Tonyan,TE,PIT,CLE,0.0,2026_04_PIT_CLE,2026-10-01 20:15:00,1.540939684382728,0.0,4.932330539867976,1.590357368970682,-0.0494176845879539,C,13,1.7436122437491173,20.5,2,,True,3.0,"https://static.www.nfl.com/image/upload/f_auto,q_auto/league/m8h8rzmxq4sjywitqnyb",0.8430548641630302,0.0,0.0,0.0,0.0,1.5149598440916454,0.0256545840571622,0.0,0.0,0.0,0.0,0.0,0.0,18.0,"[0.0, 0.0, 0.0, 0.0, 0.0, 0.0, 0.0, 0.01, 0.29, 0.57, 0.87, 1.21, 1.57, 2.06, 2.76, 3.62, 4.93, 6.66, 9.24]",Active,True,Active,2975674.0,1,1.2,1.2,2026-10-01 18:48:49,0.0,nflverse
514,162,00-0036862,Ben Skowronek,WR,PIT,CLE,0.0,2026_04_PIT_CLE,2026-10-01 20:15:00,1.517300231860597,0.0,5.23033768039488,1.7689123535733549,-0.2516121217127578,C,21,0.1726916058513213,20.5,3,,False,5.0,"https://static.www.nfl.com/image/upload/f_auto,q_auto/league/etozk8ja4u8lpjcvvo6l",0.6755334504709295,0.0,0.0,0.0,0.0,8.469677214046207,0.0210707688371651,0.0,0.0,0.0,0.0,0.0,0.0,18.0,"[0.0, 0.0, 0.0, 0.0, 0.0, 0.0, 0.0, 0.0, 0.25, 0.52, 0.78, 1.03, 1.34, 1.93, 2.66, 3.75, 5.23, 7.16, 10.38]",Active,True,Active,4035656.0,3,12.2,4.1,2026-10-01 18:48:49,1.7000000000000002,nflverse
515,99,00-0033576,Eric Saubert,TE,SEA,LAC,1.0,2026_04_LAC_SEA,2026-10-04 16:25:00,1.4832781094960392,0.0,4.870259629498616,1.6846366871889566,-0.2013585776929174,C,31,-4.708632296414569,24.75,2,,False,2.0,"https://static.www.nfl.com/image/upload/f_auto,q_auto/league/czzieyox5rht6ae3g5tx",0.9978997652381196,0.0,0.0,0.0,0.0,1.8239824226843624,0.0295138358712084,0.0,0.0,0.0,0.0,0.0,0.0,17.75,"[0.0, 0.0, 0.0, 0.0, 0.0, 0.0, 0.0, 0.0, 0.23, 0.51, 0.81, 1.15, 1.51, 2.01, 2.7, 3.56, 4.87, 6.6, 9.18]",Active,True,Active,2975863.0,3,8.3,2.8,2026-10-02 01:47:18,,
516,103,00-0031595,Michael Burton,RB,CLE,PIT,1.0,2026_04_PIT_CLE,2026-10-01 20:15:00,1.4327268085386655,0.0,4.687495754772609,1.7487305941433369,-0.3160037856046711,C,24,-2.8200375535671576,18.0,5,,True,,"https://static.www.nfl.com/image/upload/f_auto,q_auto/league/ibyeabk3yu68mgipxklr",1.0,0.0,0.0,0.0,0.0,0.0,0.0333333333333333,0.0,0.0,0.0,0.0,0.0,0.0,20.5,"[0.0, 0.0, 0.0, 0.0, 0.0, 0.0, 0.0, 0.0, 0.05, 0.31, 0.57, 0.88, 1.23, 1.73, 2.35, 3.22, 4.69, 6.47, 9.89]",Active,True,Active,2515270.0,1,0.0,0.0,2026-10-01 18:48:49,0.0,nflverse
517,163,00-0037524,Tay Martin,WR,DET,CAR,0.0,2026_04_DET_CAR,2026-10-04 20:20:00,1.4105037103832396,0.0,5.124551064486315,1.1261032840133884,0.2844004263698512,C,26,-2.118979796046264,27.0,3,,False,5.0,"https://static.www.nfl.com/image/upload/f_auto,q_auto/league/ttdp5v9tl0zqmb0dmmuv",0.1574448088624404,0.0,0.0,0.0,0.0,1.7935740199756558,0.0067089877982895,0.0,0.0,0.0,0.0,0.0,0.0,23.5,"[0.0, 0.0, 0.0, 0.0, 0.0, 0.0, 0.0, 0.0, 0.14, 0.41, 0.67, 0.93, 1.24, 1.82, 2.55, 3.64, 5.12, 7.05, 10.27]",Active,True,Active,4245144.0,2,0.0,0.0,2026-10-02 01:47:18,,
518,164,00-0038359,Xavier Smith,WR,LA,PHI,0.0,2026_04_LA_PHI,2026-10-04 13:00:00,1.4077027829584583,0.0,5.121750137061534,1.4280718430742023,-0.020369060115744,C,22,0.1559493449741987,23.0,3,,False,5.0,"https://static.www.nfl.com/image/upload/f_auto,q_auto/league/hqvwpitewijx8bjrcofe",0.6421976649800963,0.0,0.0,0.0,0.0,5.13979618165219,0.0199075878397938,0.0,0.0,0.0,0.0,0.0,0.0,19.5,"[0.0, 0.0, 0.0, 0.0, 0.0, 0.0, 0.0, 0.0, 0.14, 0.41, 0.67, 0.92, 1.23, 1.82, 2.55, 3.64, 5.12, 7.05, 10.27]",Active,True,Active,4386544.0,3,0.0,0.0,2026-10-02 01:47:18,,
519,165,00-0040405,Jamaal Pritchett,WR,NYJ,CHI,0.0,2026_04_NYJ_CHI,2026-10-04 13:00:00,1.3905950501865267,0.0,5.104642404289602,2.1578874209794923,-0.7672923707929655,D,25,-1.4107067457910378,20.0,3,,True,5.0,"https://static.www.nfl.com/image/upload/f_auto,q_auto/league/cskrvfgcpvpezccsdfky",0.0,0.0,0.0,0.0,0.0,0.0,0.0,0.0,0.0,0.0,0.0,0.0,0.0,23.5,"[0.0, 0.0, 0.0, 0.0, 0.0, 0.0, 0.0, 0.0, 0.12, 0.39, 0.65, 0.91, 1.22, 1.8, 2.53, 3.62, 5.1, 7.03, 10.25]",Active,True,Active,4892576.0,1,0.0,0.0,2026-10-02 01:47:18,,
520,104,00-0038738,Hunter Luepke,RB,DAL,HOU,0.0,2026_04_DAL_HOU,2026-10-04 13:00:00,1.2565810776857864,0.0,4.510143189819324,1.9726321045980957,-0.716051026912309,D,32,-8.787558725521702,22.75,5,,False,,"https://static.www.nfl.com/image/upload/f_auto,q_auto/league/m28qafff4o5vb3aaumiv",0.5133004689884315,1.2432390459748088,0.0,0.0,5.214559530419808,3.926486257405784,0.0161774922664751,0.0,0.0,0.0,0.0,0.0,0.0,25.75,"[0.0, 0.0, 0.0, 0.0, 0.0, 0.0, 0.0, 0.0, 0.0, 0.13, 0.39, 0.71, 1.05, 1.55, 2.18, 3.04, 4.51, 6.29, 9.71]",Active,True,Active,4383396.0,2,0.8,0.4,2026-10-02 01:47:18,,
521,105,00-0037304,Connor Heyward,RB,LV,KC,1.0,2026_04_KC_LV,2026-10-04 16:25:00,1.2212983934219457,0.0,4.474860505555483,1.2223742430123972,-0.0010758495904514,C,16,-0.2547900165685087,21.5,5,,False,,"https://static.www.nfl.com/image/upload/f_auto,q_auto/league/nbbhxtutzvbj0ejljyyp",0.074600846309588,0.854833794339864,0.0,0.0,1.648185516883287,0.3397281556623534,0.0020893026840039,0.0,0.0,0.0,0.0,0.0,0.0,26.0,"[0.0, 0.0, 0.0, 0.0, 0.0, 0.0, 0.0, 0.0, 0.0, 0.1, 0.36, 0.67, 1.01, 1.51, 2.14, 3.0, 4.47, 6.26, 9.68]",Active,True,Active,4241961.0,3,0.2,0.1,2026-10-02 01:47:18,,
522,100,00-0040363,Keleki Latu,TE,BUF,NE,1.0,2026_04_NE_BUF,2026-10-04 13:00:00,1.2180829512252442,0.0,4.605064471227822,0.939989221239613,0.2780937299856312,B,23,-2.4092964454937507,27.75,2,,False,4.0,"https://static.www.nfl.com/image/upload/f_auto,q_auto/league/vebjjfyrrrbwaqjlyvun",0.2950763884892977,0.0,0.0,0.0,0.0,2.6399781863747767,0.0103846287262413,0.0,0.0,0.0,0.0,0.0,0.0,20.75,"[0.0, 0.0, 0.0, 0.0, 0.0, 0.0, 0.0, 0.0, 0.0, 0.25, 0.54, 0.89, 1.25, 1.74, 2.44, 3.3, 4.61, 6.34, 8.92]",Active,True,Active,4688552.0,2,0.0,0.0,2026-10-02 01:47:18,,
523,101,00-0039050,Payne Durham,TE,TB,GB,1.0,2026_04_GB_TB,2026-10-04 13:00:00,1.213930132255391,0.0,4.6009116522579685,1.6009802949154706,-0.3870501626600795,D,14,1.4394009105648635,17.5,2,,False,2.0,"https://static.www.nfl.com/image/upload/f_auto,q_auto/league/emibbexzjbzvopbvo1at",0.7168117768349144,0.0,0.0,0.0,0.0,0.9296138893585546,0.0225535441923785,0.0,0.0,0.0,0.0,0.0,0.0,21.0,"[0.0, 0.0, 0.0, 0.0, 0.0, 0.0, 0.0, 0.0, 0.0, 0.24, 0.54, 0.88, 1.24, 1.74, 2.43, 3.29, 4.6, 6.33, 8.91]",Active,True,Active,4372505.0,1,0.0,0.0,2026-10-02 01:47:18,,
524,102,00-0036825,Feleipe Franks,TE,CAR,DET,1.0,2026_04_DET_CAR,2026-10-04 20:20:00,1.1861510536798932,0.0,4.57313257368247,0.0,1.1861510536798932,A,1,13.96173402288592,23.5,2,,False,4.0,"https://static.www.nfl.com/image/upload/f_auto,q_auto/league/nbn1wxlh6los4y2am3ro",0.0,0.0487356600494566,0.0,0.0,0.0974713200989132,0.0,0.0,0.0,0.0,0.0,0.0,0.0,0.0,27.0,"[0.0, 0.0, 0.0, 0.0, 0.0, 0.0, 0.0, 0.0, 0.0, 0.22, 0.51, 0.86, 1.22, 1.71, 2.41, 3.26, 4.57, 6.31, 8.88]",Active,True,Active,4034948.0,3,0.0,0.0,2026-10-02 01:47:18,,
525,106,00-0041398,Riley Nowakowski,RB,PIT,CLE,0.0,2026_04_PIT_CLE,2026-10-01 20:15:00,1.1612864383640062,0.0,4.416055384597949,1.464525818811969,-0.3032393804479627,C,21,-0.9728736619921746,20.5,5,,True,,"https://static.www.nfl.com/image/upload/f_auto,q_auto/league/nhyd8plaetjoosbq1btb",0.0,0.0,0.0,0.0,0.0,0.0,0.0,0.0,0.0,0.0,0.0,0.0,0.0,18.0,"[0.0, 0.0, 0.0, 0.0, 0.0, 0.0, 0.0, 0.0, 0.0, 0.04, 0.3, 0.61, 0.95, 1.46, 2.08, 2.95, 4.42, 6.2, 9.62]",Active,True,Active,4693370.0,1,0.0,0.0,2026-10-01 18:48:49,0.0,nflverse
526,103,00-0041524,Will Kacmarek,TE,MIA,MIN,0.0,2026_04_MIA_MIN,2026-10-04 16:05:00,1.1517332628139374,0.0,4.538714782816514,2.6143095917971326,-1.4625763289831952,F,27,-3.9181069571404343,14.0,2,,True,2.0,"https://static.www.nfl.com/image/upload/f_auto,q_auto/league/erqascuieblamkhf2vbs",0.6374053324031205,0.0,0.0,0.0,0.0,1.3300031049231693,0.0257493168280111,0.0,0.0,0.0,0.0,0.0,0.0,24.5,"[0.0, 0.0, 0.0, 0.0, 0.0, 0.0, 0.0, 0.0, 0.0, 0.18, 0.48, 0.82, 1.18, 1.68, 2.37, 3.23, 4.54, 6.27, 8.85]",Active,True,Active,4880236.0,3,1.4,0.5,2026-10-02 01:47:18,,
527,107,00-0041490,Eli Heidenreich,RB,PIT,CLE,0.0,2026_04_PIT_CLE,2026-10-01 20:15:00,1.15001781438794,0.0,4.404786760621883,1.688218244535942,-0.5382004301480019,D,21,-0.9728736619921746,20.5,5,,True,4.0,"https://static.www.nfl.com/image/upload/f_auto,q_auto/league/jhiyjb8jmjyzehmrrjoy",0.0,0.0,0.0,0.0,0.0,0.0,0.0,0.0,0.0,0.0,0.0,0.0,0.0,18.0,"[0.0, 0.0, 0.0, 0.0, 0.0, 0.0, 0.0, 0.0, 0.0, 0.03, 0.29, 0.6, 0.94, 1.44, 2.07, 2.93, 4.4, 6.19, 9.6]",Active,True,Active,5081508.0,2,0.0,0.0,2026-10-01 18:48:49,0.0,nflverse
528,166,00-0040506,Myles Price,WR,MIN,MIA,1.0,2026_04_MIA_MIN,2026-10-04 16:05:00,1.117412580821016,0.0,4.831459934924091,0.9766355120772428,0.1407770687437732,C,27,-2.8842452928655216,24.5,3,,False,5.0,"https://static.www.nfl.com/image/upload/f_auto,q_auto/league/yi2pgwujy0lv9l3m3sig",0.2339737496146324,0.0,0.0,0.0,0.0,0.0,0.0123144078744543,0.0,0.0,0.0,0.0,0.0,0.0,14.0,"[0.0, 0.0, 0.0, 0.0, 0.0, 0.0, 0.0, 0.0, 0.0, 0.12, 0.38, 0.63, 0.94, 1.53, 2.26, 3.35, 4.83, 6.76, 9.98]",Active,True,Active,4430656.0,3,6.0,2.0,2026-10-02 01:47:18,,
529,104,00-0040058,Nick Kallerup,TE,SEA,LAC,1.0,2026_04_LAC_SEA,2026-10-04 16:25:00,1.1130763274767244,0.0,4.500057847479301,1.3144349051696418,-0.2013585776929174,C,31,-4.708632296414569,24.75,2,,False,4.0,"https://static.www.nfl.com/image/upload/f_auto,q_auto/league/eetx8ba2ztsmk9wabbzp",0.2185049957001034,0.0,0.0,0.0,0.0,0.0,0.0182087496416752,0.0,0.0,0.0,0.0,0.0,0.0,17.75,"[0.0, 0.0, 0.0, 0.0, 0.0, 0.0, 0.0, 0.0, 0.0, 0.14, 0.44, 0.78, 1.14, 1.64, 2.33, 3.19, 4.5, 6.23, 8.81]",Active,True,Active,4569547.0,0,0.0,,2026-10-02 01:47:18,,
530,108,00-0037120,Tyler Goodson,RB,DAL,HOU,0.0,2026_04_DAL_HOU,2026-10-04 13:00:00,1.0960202141023876,0.0,4.349582326235925,1.812071241014696,-0.7160510269123082,D,32,-8.787558725521702,22.75,5,,False,2.0,"https://static.www.nfl.com/image/upload/f_auto,q_auto/league/zqmesi6fwv82lhfzlht6",0.5147290516647592,2.746601938399941,0.0,0.0,9.538832285361092,-1.363341539579718,0.0127004678658787,0.0,0.0,0.0,0.0,0.0,0.0,25.75,"[0.0, 0.0, 0.0, 0.0, 0.0, 0.0, 0.0, 0.0, 0.0, 0.0, 0.23, 0.55, 0.89, 1.39, 2.01, 2.88, 4.35, 6.13, 9.55]",Active,True,Active,4429676.0,1,2.7,2.7,2026-10-02 01:47:18,,
531,167,00-0037091,Bo Melton,WR,GB,TB,0.0,2026_04_GB_TB,2026-10-04 13:00:00,1.0219463539019351,0.0,4.73599370800501,1.4112171723006115,-0.3892708183986766,D,31,-6.215328427008356,21.0,3,,False,4.0,"https://static.www.nfl.com/image/upload/f_auto,q_auto/league/d7hxvsyeufobjykcxhls",1.0394764884535883,0.1041490580584382,0.0,0.0,0.7126567064044526,4.854287505426806,0.0324341901696821,0.0,0.0,0.0,0.0,0.0,0.0,17.5,"[0.0, 0.0, 0.0, 0.0, 0.0, 0.0, 0.0, 0.0, 0.0, 0.02, 0.29, 0.54, 0.85, 1.43, 2.16, 3.25, 4.74, 6.66, 9.88]",Active,True,Active,4259305.0,3,2.0,0.7,2026-10-02 01:47:18,,
532,109,00-0038489,Ben VanSumeren,RB,KC,LV,0.0,2026_04_KC_LV,2026-10-04 16:25:00,1.0186983902450006,0.0,4.272260502378538,1.1938744513584094,-0.1751760611134087,C,30,-5.053020392484116,26.0,5,,True,,"https://static.www.nfl.com/image/upload/f_auto,q_auto/league/ncnb1nwr2b1usus557xy",0.0,0.0,0.0,0.0,0.0,0.0,0.0,0.0,0.0,0.0,0.0,0.0,0.0,21.5,"[0.0, 0.0, 0.0, 0.0, 0.0, 0.0, 0.0, 0.0, 0.0, 0.0, 0.15, 0.47, 0.81, 1.31, 1.94, 2.8, 4.27, 6.06, 9.47]",Active,True,Active,4372070.0,2,0.0,0.0,2026-10-02 01:47:18,,
533,168,00-0039816,Anthony Gould,WR,IND,WAS,0.0,2026_04_IND_WAS,2026-10-04 09:30:00,0.9443455696945752,0.0,4.658392923797651,0.449246718375452,0.4950988513191232,B,1,8.39903555817399,26.0,3,,False,7.0,"https://static.www.nfl.com/image/upload/f_auto,q_auto/league/irctulz9pij3tzpokih0",0.0966539056644628,0.0,0.0,0.0,0.0,0.2899617169933884,0.0028238423746467,0.0,0.0,0.0,0.0,0.0,0.0,22.5,"[0.0, 0.0, 0.0, 0.0, 0.0, 0.0, 0.0, 0.0, 0.0, 0.0, 0.21, 0.46, 0.77, 1.35, 2.09, 3.18, 4.66, 6.59, 9.81]",Active,True,Active,4429684.0,2,0.0,0.0,2026-10-02 01:47:18,,
534,110,00-0034959,Andrew Beck,RB,NYJ,CHI,0.0,2026_04_NYJ_CHI,2026-10-04 13:00:00,0.9339595600358512,0.0,4.187521672169389,1.1599120207606957,-0.2259524607248444,C,8,2.097043184898195,20.0,5,,False,5.0,"https://static.www.nfl.com/image/upload/f_auto,q_auto/league/zv8xb3nfxamq7sqa1xqt",0.5716761271343989,0.0809418705462842,0.0,0.0,0.4047093527314213,2.840123929361691,0.0215323615609366,0.0,0.0,0.0,0.0,0.0,0.0,23.5,"[0.0, 0.0, 0.0, 0.0, 0.0, 0.0, 0.0, 0.0, 0.0, 0.0, 0.07, 0.38, 0.72, 1.22, 1.85, 2.72, 4.19, 5.97, 9.39]",Active,True,Active,3125107.0,1,0.0,0.0,2026-10-02 01:47:18,,
535,169,00-0038640,Jalen Brooks,WR,ARI,NYG,0.0,2026_04_ARI_NYG,2026-10-04 13:00:00,0.9339433692647648,0.0,4.64799072336784,0.8285353487030429,0.1054080205617218,C,12,2.912329204649089,23.5,3,,False,4.0,"https://static.www.nfl.com/image/upload/f_auto,q_auto/league/xeg0tvg6klf0afgddkq6",0.7028325186357535,0.0,0.0,0.0,0.0,2.804614237739541,0.0155911160606608,0.0,0.0,0.0,0.0,0.0,0.0,21.0,"[0.0, 0.0, 0.0, 0.0, 0.0, 0.0, 0.0, 0.0, 0.0, 0.0, 0.2, 0.45, 0.76, 1.34, 2.08, 3.17, 4.65, 6.58, 9.8]",Active,True,Active,4692835.0,2,0.0,0.0,2026-10-02 01:47:18,,
536,105,00-0039489,Hayden Rucci,TE,LAC,SEA,0.0,2026_04_LAC_SEA,2026-10-04 16:25:00,0.905598173241825,0.0,4.292579693244402,1.715755938700784,-0.8101577654589589,F,25,-3.2872262026235277,17.75,2,,True,3.0,"https://static.www.nfl.com/image/upload/f_auto,q_auto/league/vkscrzclmd0tboxpi8lk",0.0,0.0,0.0,0.0,0.0,0.0,0.0,0.0,0.0,0.0,0.0,0.0,0.0,24.75,"[0.0, 0.0, 0.0, 0.0, 0.0, 0.0, 0.0, 0.0, 0.0, 0.0, 0.23, 0.57, 0.94, 1.43, 2.13, 2.98, 4.29, 6.03, 8.6]",Active,True,Active,4428396.0,1,0.0,0.0,2026-10-02 01:47:18,,
537,106,00-0041314,Tanner Arkin,TE,NE,BUF,0.0,2026_04_NE_BUF,2026-10-04 13:00:00,0.8971132075044173,0.0,4.284094727506995,1.1972439021241104,-0.3001306946196931,D,20,-1.8605082462296856,20.75,2,,True,4.0,"https://static.www.nfl.com/image/upload/f_auto,q_auto/league/vgc4lne9seywphzadlav",0.0,0.0,0.0,0.0,0.0,0.0,0.0,0.0,0.0,0.0,0.0,0.0,0.0,27.75,"[0.0, 0.0, 0.0, 0.0, 0.0, 0.0, 0.0, 0.0, 0.0, 0.0, 0.22, 0.57, 0.93, 1.42, 2.12, 2.98, 4.28, 6.02, 8.6]",Active,True,Active,,0,0.0,,2026-10-02 01:47:18,,
538,107,00-0041133,Dallen Bentley,TE,DEN,SF,0.0,2026_04_DEN_SF,2026-10-04 16:25:00,0.8608615533682514,0.0,4.247843073370828,1.1972439021241104,-0.3363823487558589,D,29,-4.143640769161065,22.25,2,,True,4.0,"https://static.www.nfl.com/image/upload/f_auto,q_auto/league/vaiszquqlgric9cfbwjf",0.0,0.0,0.0,0.0,0.0,0.0,0.0,0.0,0.0,0.0,0.0,0.0,0.0,25.25,"[0.0, 0.0, 0.0, 0.0, 0.0, 0.0, 0.0, 0.0, 0.0, 0.0, 0.19, 0.53, 0.89, 1.39, 2.08, 2.94, 4.25, 5.98, 8.56]",Active,True,Active,5159802.0,0,0.0,,2026-10-02 01:47:18,,
539,111,00-0038896,Jacob Saylors,RB,DET,CAR,0.0,2026_04_DET_CAR,2026-10-04 20:20:00,0.8410942017100407,0.0,4.094656313843578,0.126268951048563,0.7148252506614776,B,1,6.5587526159608815,27.0,5,,False,3.0,"https://static.www.nfl.com/image/upload/f_auto,q_auto/league/wunm6abfmikwaewmwkp7",0.0,0.0377826398261495,0.0,0.0,0.2078045190438224,0.0,0.0,0.0,0.0,0.0,0.0,0.0,0.0,23.5,"[0.0, 0.0, 0.0, 0.0, 0.0, 0.0, 0.0, 0.0, 0.0, 0.0, 0.0, 0.29, 0.63, 1.13, 1.76, 2.62, 4.09, 5.88, 9.3]",Active,True,Active,4383429.0,3,0.0,0.0,2026-10-02 01:47:18,,
540,170,00-0037093,Dareke Young,WR,LV,KC,1.0,2026_04_KC_LV,2026-10-04 16:25:00,0.830884777681514,0.0,4.54493213178459,1.0551981419820748,-0.2243133643005608,C,30,-5.912287602291773,21.5,3,,False,4.0,"https://static.www.nfl.com/image/upload/f_auto,q_auto/league/xd0585sr1fy1wpry0ued",0.3087068892851241,0.0,0.0,0.0,0.0,7.545481499531908,0.0109020672572528,0.0,0.0,0.0,0.0,0.0,0.0,26.0,"[0.0, 0.0, 0.0, 0.0, 0.0, 0.0, 0.0, 0.0, 0.0, 0.0, 0.09, 0.35, 0.66, 1.24, 1.97, 3.06, 4.54, 6.47, 9.69]",Active,True,Active,4401805.0,3,3.7,1.2,2026-10-02 01:47:18,,
541,108,00-0036876,Kylen Granson,TE,TEN,BAL,0.0,2026_04_TEN_BAL,2026-10-04 13:00:00,0.8265994045062897,0.0,4.213580924508866,1.6545122785687676,-0.8279128740624779,F,21,-1.9123592934904867,15.5,2,,False,4.0,"https://static.www.nfl.com/image/upload/f_auto,q_auto/league/ysbxmdw4da30q3kjb571",0.9119191470422184,0.0,0.0,0.0,0.0,4.504038481943064,0.0300927106112393,0.0,0.0,0.0,0.0,0.0,0.0,27.0,"[0.0, 0.0, 0.0, 0.0, 0.0, 0.0, 0.0, 0.0, 0.0, 0.0, 0.15, 0.5, 0.86, 1.35, 2.05, 2.9, 4.21, 5.95, 8.52]",Active,True,Active,4039160.0,0,0.0,,2026-10-02 01:47:18,,
542,171,00-0035544,Tom Kennedy,WR,DET,CAR,0.0,2026_04_DET_CAR,2026-10-04 20:20:00,0.8225055986387204,0.0,4.536552952741795,0.5381051722688683,0.2844004263698521,C,26,-2.118979796046264,27.0,3,,False,4.0,"https://static.www.nfl.com/image/upload/f_auto,q_auto/league/cbpuzvde5zqalmkjo0dv",0.0984547907237697,0.0,0.0,0.0,0.0,0.8860931165139273,0.0036464737305099,0.0,0.0,0.0,0.0,0.0,0.0,23.5,"[0.0, 0.0, 0.0, 0.0, 0.0, 0.0, 0.0, 0.0, 0.0, 0.0, 0.09, 0.34, 0.65, 1.23, 1.96, 3.05, 4.54, 6.46, 9.68]",Active,True,Active,3126997.0,3,0.0,0.0,2026-10-02 01:47:18,,
543,172,00-0036630,Tylan Wallace,WR,CLE,PIT,1.0,2026_04_PIT_CLE,2026-10-01 20:15:00,0.7361047693811127,0.0,4.449142217915395,1.0874363381567145,-0.3513315687756018,C,19,0.8822686795511868,18.0,3,,False,5.0,"https://static.www.nfl.com/image/upload/f_auto,q_auto/league/rifnnpeub6okv41offnd",0.4337328254120887,0.0,0.0,0.0,0.0,2.0289771935866545,0.0172931702842584,0.0,0.0,0.0,0.0,0.0,0.0,20.5,"[0.0, 0.0, 0.0, 0.0, 0.0, 0.0, 0.0, 0.0, 0.0, 0.0, 0.0, 0.25, 0.56, 1.15, 1.88, 2.97, 4.45, 6.38, 9.6]",Active,True,Active,4241424.0,1,0.0,0.0,2026-10-01 18:48:49,0.0,nflverse
544,112,00-0040208,Tahj Brooks,RB,CIN,JAX,1.0,2026_04_JAX_CIN,2026-10-04 13:00:00,0.7222332556281543,0.0,3.975795367761692,0.5354760181219955,0.1867572375061588,C,28,-4.853982051261329,27.0,5,,False,3.0,"https://static.www.nfl.com/image/upload/f_auto,q_auto/league/s89clgkij0ytcmrkdydt",0.0981351797609322,0.6570545310547902,0.0,0.0,1.7871088817227616,0.4986809997378822,0.0029357129519444,0.0,0.0,0.0,0.0,0.0,0.0,24.5,"[0.0, 0.0, 0.0, 0.0, 0.0, 0.0, 0.0, 0.0, 0.0, 0.0, 0.0, 0.17, 0.51, 1.01, 1.64, 2.5, 3.98, 5.76, 9.18]",Active,True,Active,4429299.0,2,0.0,0.0,2026-10-02 01:47:18,,
545,173,00-0040534,Ke'Shawn Williams,WR,CIN,JAX,1.0,2026_04_JAX_CIN,2026-10-04 13:00:00,0.7089167371873337,0.0,4.4229640912904085,0.2476222698510906,0.4612944673362431,B,20,0.2035480746471811,27.0,3,,False,,"https://static.www.nfl.com/image/upload/f_auto,q_auto/league/r7enwgccqv93feuoeurz",0.0809418705462842,0.162491758282605,0.0,0.0,0.8686336440995113,0.4047093527314213,0.002452783955948,0.0,0.0,0.0,0.0,0.0,0.0,24.5,"[0.0, 0.0, 0.0, 0.0, 0.0, 0.0, 0.0, 0.0, 0.0, 0.0, 0.0, 0.22, 0.53, 1.12, 1.85, 2.94, 4.42, 6.35, 9.57]",Active,True,Active,,1,0.0,0.0,2026-10-02 01:47:18,,
546,174,00-0037132,Britain Covey,WR,PHI,LA,1.0,2026_04_LA_PHI,2026-10-04 13:00:00,0.695480700774989,0.0,4.409528054878065,0.8390251748551902,-0.1435444740802012,C,10,3.3108720327210457,19.5,3,,False,7.0,"https://static.www.nfl.com/image/upload/f_auto,q_auto/league/jgvgr3prtme8ua28bfxi",0.1361627890339542,0.0,0.0,0.0,0.0,0.6808139451697712,0.0040047879127633,0.0,0.0,0.0,0.0,0.0,0.0,23.0,"[0.0, 0.0, 0.0, 0.0, 0.0, 0.0, 0.0, 0.0, 0.0, 0.0, 0.0, 0.21, 0.52, 1.11, 1.84, 2.93, 4.41, 6.34, 9.56]",Active,True,Active,3926231.0,3,0.0,0.0,2026-10-02 01:47:18,,
547,109,00-0038643,Brayden Willis,TE,SF,DEN,1.0,2026_04_DEN_SF,2026-10-04 16:25:00,0.6745361540790515,0.0,4.061517674081628,0.407506754381024,0.2670293996980275,C,18,0.3478976433820792,25.25,2,,False,3.0,"https://static.www.nfl.com/image/upload/f_auto,q_auto/league/sdifjifrgrvunhiigdub",0.042819065239562,0.0,0.0,0.0,0.0,0.0,0.0011268175063042,0.0,0.0,0.0,0.0,0.0,0.0,22.25,"[0.0, 0.0, 0.0, 0.0, 0.0, 0.0, 0.0, 0.0, 0.0, 0.0, 0.0, 0.34, 0.7, 1.2, 1.9, 2.75, 4.06, 5.79, 8.37]",Active,True,Active,4360290.0,2,0.0,0.0,2026-10-02 01:47:18,,
548,110,00-0036556,Brevin Jordan,TE,HOU,DAL,1.0,2026_04_DAL_HOU,2026-10-04 13:00:00,0.6578437453697534,0.0,4.044825265372331,0.4634083850931677,0.1944353602765857,C,10,3.189371098759531,25.75,2,,True,5.0,"https://static.www.nfl.com/image/upload/f_auto,q_auto/league/rn42gehfbeflx2px8njx",0.0,0.0,0.0,0.0,0.0,0.0,0.0,0.0,0.0,0.0,0.0,0.0,0.0,22.75,"[0.0, 0.0, 0.0, 0.0, 0.0, 0.0, 0.0, 0.0, 0.0, 0.0, 0.0, 0.33, 0.69, 1.18, 1.88, 2.74, 4.04, 5.78, 8.36]",Active,True,Active,4362504.0,0,0.0,,2026-10-02 01:47:18,,
549,175,00-0034419,Braxton Berrios,WR,NYG,ARI,1.0,2026_04_ARI_NYG,2026-10-04 13:00:00,0.6450362917878385,0.0,4.359083645890914,0.5665759041782232,0.0784603876096152,C,4,6.193341336579187,21.0,3,,False,4.0,"https://static.www.nfl.com/image/upload/f_auto,q_auto/league/striwxmn9t0ixherw7l8",0.2326034356395518,0.0,0.0,0.0,0.0,1.1128394742671812,0.0057433110123439,0.0,0.0,0.0,0.0,0.0,0.0,23.5,"[0.0, 0.0, 0.0, 0.0, 0.0, 0.0, 0.0, 0.0, 0.0, 0.0, 0.0, 0.16, 0.47, 1.06, 1.79, 2.88, 4.36, 6.29, 9.51]",Active,True,Active,3123075.0,3,0.0,0.0,2026-10-02 01:47:18,,
550,111,00-0041116,Jack Endries,TE,CIN,JAX,1.0,2026_04_JAX_CIN,2026-10-04 13:00:00,0.5722615052218659,0.0,3.959243025224443,0.4634083850931677,0.1088531201286981,C,19,-1.1748276045879715,27.0,2,,True,5.0,"https://static.www.nfl.com/image/upload/f_auto,q_auto/league/wxtev9zj048yzxk8ebfu",0.0,0.0,0.0,0.0,0.0,0.0,0.0,0.0,0.0,0.0,0.0,0.0,0.0,24.5,"[0.0, 0.0, 0.0, 0.0, 0.0, 0.0, 0.0, 0.0, 0.0, 0.0, 0.0, 0.24, 0.6, 1.1, 1.79, 2.65, 3.96, 5.69, 8.27]",Active,True,Active,5085189.0,0,0.0,,2026-10-02 01:47:18,,
551,113,00-0039021,Roschon Johnson,RB,CHI,NYJ,1.0,2026_04_NYJ_CHI,2026-10-04 13:00:00,0.5584831370021535,0.0,3.812045249135691,0.0321694887083996,0.5263136482937538,B,5,4.821336155600123,23.5,5,,False,3.0,"https://static.www.nfl.com/image/upload/f_auto,q_auto/league/xbham6uvckkshpntb8oj",0.0,0.1995265125523891,0.0,0.0,1.7175714168001646,0.0,0.0,0.0,0.0,0.0,0.0,0.0,0.0,20.0,"[0.0, 0.0, 0.0, 0.0, 0.0, 0.0, 0.0, 0.0, 0.0, 0.0, 0.0, 0.01, 0.35, 0.85, 1.48, 2.34, 3.81, 5.6, 9.01]",Active,True,Active,4426386.0,1,0.0,0.0,2026-10-02 01:47:18,,
552,176,00-0039920,Malachi Corley,WR,CLE,PIT,1.0,2026_04_PIT_CLE,2026-10-01 20:15:00,0.527228826671565,0.0,4.240266275205848,0.8785603954471677,-0.3513315687756027,C,19,0.8822686795511868,18.0,3,,False,6.0,"https://static.www.nfl.com/image/upload/f_auto,q_auto/league/lay1p8pvwrglmqorc6ev",0.3445578259789899,0.3185450035457928,0.0,0.0,2.781841333509114,1.963902939034721,0.014481386232653,0.0,0.0,0.0,0.0,0.0,0.0,20.5,"[0.0, 0.0, 0.0, 0.0, 0.0, 0.0, 0.0, 0.0, 0.0, 0.0, 0.0, 0.04, 0.35, 0.94, 1.67, 2.76, 4.24, 6.17, 9.39]",Active,True,Active,4613104.0,4,0.0,0.0,2026-10-01 18:48:49,0.0,nflverse
553,112,00-0038498,E.J. Jenkins,TE,PHI,LA,1.0,2026_04_LA_PHI,2026-10-04 13:00:00,0.4948930164217665,0.0,3.881874536424344,1.1899768287987234,-0.6950838123769569,D,30,-4.527338198314378,19.5,2,,True,4.0,"https://static.www.nfl.com/image/upload/f_auto,q_auto/league/jmhuk0gcnyotcjhdxo6v",0.0,0.0,0.0,0.0,0.0,0.0,0.0,0.0,0.0,0.0,0.0,0.0,0.0,23.0,"[0.0, 0.0, 0.0, 0.0, 0.0, 0.0, 0.0, 0.0, 0.0, 0.0, 0.0, 0.16, 0.52, 1.02, 1.72, 2.57, 3.88, 5.62, 8.19]",Active,True,Active,4248557.0,1,0.0,0.0,2026-10-02 01:47:18,,
554,114,00-0035594,Travis Homer,RB,PIT,CLE,0.0,2026_04_PIT_CLE,2026-10-01 20:15:00,0.4752598121777849,0.0,3.730028758411728,0.8650482648881299,-0.389788452710345,D,21,-0.9728736619921746,20.5,5,,False,3.0,"https://static.www.nfl.com/image/upload/f_auto,q_auto/league/dyyclvfaagspov2ydf3i",0.0,0.9748206356632442,0.0,0.0,4.735112577809328,0.0,0.0,0.0,0.0,0.0,0.0,0.0,0.0,18.0,"[0.0, 0.0, 0.0, 0.0, 0.0, 0.0, 0.0, 0.0, 0.0, 0.0, 0.0, 0.0, 0.27, 0.77, 1.4, 2.26, 3.73, 5.51, 8.93]",Active,True,Active,4037457.0,3,1.5,0.5,2026-10-01 18:48:49,-0.1,nflverse
555,113,00-0041094,Bauer Sharp,TE,TB,GB,1.0,2026_04_GB_TB,2026-10-04 13:00:00,0.4568818508523718,0.0,3.843863370854949,0.9658629187429616,-0.5089810678905897,D,14,1.4394009105648635,17.5,2,,True,4.0,"https://static.www.nfl.com/image/upload/f_auto,q_auto/league/xqj8rk6okp7eobbv5hps",0.0,0.0,0.0,0.0,0.0,0.0,0.0,0.0,0.0,0.0,0.0,0.0,0.0,21.0,"[0.0, 0.0, 0.0, 0.0, 0.0, 0.0, 0.0, 0.0, 0.0, 0.0, 0.0, 0.13, 0.49, 0.98, 1.68, 2.53, 3.84, 5.58, 8.16]",Active,True,Active,4890373.0,2,0.0,0.0,2026-10-02 01:47:18,,
556,114,00-0037311,Ko Kieft,TE,TB,GB,1.0,2026_04_GB_TB,2026-10-04 13:00:00,0.4399582842736585,0.0,3.826939804276236,1.1365309434495166,-0.6965726591758581,D,14,1.4394009105648635,17.5,2,,True,3.0,"https://static.www.nfl.com/image/upload/f_auto,q_auto/league/whd4f9mav6qqckqltqwu",0.0,0.0,0.0,0.0,0.0,0.0,0.0,0.0,0.0,0.0,0.0,0.0,0.0,21.0,"[0.0, 0.0, 0.0, 0.0, 0.0, 0.0, 0.0, 0.0, 0.0, 0.0, 0.0, 0.11, 0.47, 0.97, 1.66, 2.52, 3.83, 5.56, 8.14]",Active,True,Active,4034779.0,1,0.0,0.0,2026-10-02 01:47:18,,
557,177,00-0041397,Kaden Wetjen,WR,PIT,CLE,0.0,2026_04_PIT_CLE,2026-10-01 20:15:00,0.3920762542253704,0.0,4.1051137027596525,1.3166150538334132,-0.9245387996080427,D,21,0.1726916058513213,20.5,3,,True,6.0,"https://static.www.nfl.com/image/upload/f_auto,q_auto/league/s44clgjdvd1tuslyqimk",0.0,0.0,0.0,0.0,0.0,0.0,0.0,0.0,0.0,0.0,0.0,0.0,0.0,18.0,"[0.0, 0.0, 0.0, 0.0, 0.0, 0.0, 0.0, 0.0, 0.0, 0.0, 0.0, 0.0, 0.22, 0.8, 1.53, 2.63, 4.11, 6.03, 9.25]",Active,True,Active,5081338.0,4,0.0,0.0,2026-10-01 18:48:49,0.0,nflverse
558,115,00-0041510,Max Klare,TE,LA,PHI,0.0,2026_04_LA_PHI,2026-10-04 13:00:00,0.3633342348765428,0.0,3.75031575487912,0.4634083850931677,-0.1000741502166248,C,28,-3.9300048215336423,23.0,2,,True,5.0,,0.0,0.0,0.0,0.0,0.0,0.0,0.0,0.0,0.0,0.0,0.0,0.0,0.0,19.5,"[0.0, 0.0, 0.0, 0.0, 0.0, 0.0, 0.0, 0.0, 0.0, 0.0, 0.0, 0.03, 0.39, 0.89, 1.58, 2.44, 3.75, 5.48, 8.06]",Active,True,Active,4833029.0,0,0.0,,2026-10-02 01:47:18,,
559,116,00-0039648,David Martin-Robinson,TE,TEN,BAL,0.0,2026_04_TEN_BAL,2026-10-04 13:00:00,0.3489082077840679,0.0,3.735889727786645,1.176821081846546,-0.8279128740624779,F,21,-1.9123592934904867,15.5,2,,False,3.0,"https://static.www.nfl.com/image/upload/f_auto,q_auto/league/imh2h5q6jmoqno5xlpwm",0.6865296999991545,0.0,0.0,0.0,0.0,3.6408133080922314,0.0214604258993429,0.0,0.0,0.0,0.0,0.0,0.0,27.0,"[0.0, 0.0, 0.0, 0.0, 0.0, 0.0, 0.0, 0.0, 0.0, 0.0, 0.0, 0.02, 0.38, 0.88, 1.57, 2.43, 3.74, 5.47, 8.05]",Active,True,Active,4360978.0,0,0.0,,2026-10-02 01:47:18,,
560,178,00-0036646,Simi Fehoko,WR,ARI,NYG,0.0,2026_04_ARI_NYG,2026-10-04 13:00:00,0.2859604726012463,0.0,4.000007826704321,0.1805524520395254,0.1054080205617209,C,12,2.912329204649089,23.5,3,,False,5.0,"https://static.www.nfl.com/image/upload/f_auto,q_auto/league/eep30drknwucjdj6tivh",0.0,0.0,0.0,0.0,0.0,0.0,0.0,0.0,0.0,0.0,0.0,0.0,0.0,21.0,"[0.0, 0.0, 0.0, 0.0, 0.0, 0.0, 0.0, 0.0, 0.0, 0.0, 0.0, 0.0, 0.11, 0.7, 1.43, 2.52, 4.0, 5.93, 9.15]",Active,True,Active,4360739.0,2,0.0,0.0,2026-10-02 01:47:18,,
561,115,00-0039407,Dylan Laube,RB,LV,KC,1.0,2026_04_KC_LV,2026-10-04 16:25:00,0.2263534074197499,0.0,3.479915519553288,0.2274292570102014,-0.0010758495904514,C,16,-0.2547900165685087,21.5,5,,False,3.0,"https://static.www.nfl.com/image/upload/f_auto,q_auto/league/lpizdza73bgksstymv5t",0.04107875823662,0.106518637754148,0.0,0.0,0.1606837995464435,0.1644155556011516,0.0015749654211013,0.0,0.0,0.0,0.0,0.0,0.0,26.0,"[0.0, 0.0, 0.0, 0.0, 0.0, 0.0, 0.0, 0.0, 0.0, 0.0, 0.0, 0.0, 0.02, 0.52, 1.14, 2.01, 3.48, 5.26, 8.68]",Active,True,Active,4366963.0,3,0.0,0.0,2026-10-02 01:47:18,,
562,179,00-0038576,Charlie Jones,WR,NYG,ARI,1.0,2026_04_ARI_NYG,2026-10-04 13:00:00,0.225182446018084,0.0,3.939229800121159,0.1467220584084669,0.078460387609617,C,4,6.193341336579187,21.0,3,,False,5.0,"https://static.www.nfl.com/image/upload/f_auto,q_auto/league/poy4ph18jx211xbe6ajt",0.0910755564510187,0.0,0.0,0.0,0.0,0.0,0.0026786928367946,0.0,0.0,0.0,0.0,0.0,0.0,23.5,"[0.0, 0.0, 0.0, 0.0, 0.0, 0.0, 0.0, 0.0, 0.0, 0.0, 0.0, 0.0, 0.05, 0.64, 1.37, 2.46, 3.94, 5.87, 9.09]",Active,True,Active,4257188.0,0,0.0,,2026-10-02 01:47:18,,
563,117,00-0041579,Seydou Traore,TE,MIA,MIN,0.0,2026_04_MIA_MIN,2026-10-04 16:05:00,0.2091218061733476,0.0,3.5961033261759248,1.8940582961598589,-1.6849364899865114,F,27,-3.9181069571404343,14.0,2,,True,3.0,"https://static.www.nfl.com/image/upload/f_auto,q_auto/league/kzpmm2zoctywb276zqt4",0.0,0.0,0.0,0.0,0.0,0.0,0.0,0.0,0.0,0.0,0.0,0.0,0.0,24.5,"[0.0, 0.0, 0.0, 0.0, 0.0, 0.0, 0.0, 0.0, 0.0, 0.0, 0.0, 0.0, 0.24, 0.74, 1.43, 2.29, 3.6, 5.33, 7.91]",Active,True,Active,4714379.0,0,0.0,,2026-10-02 01:47:18,,
564,118,00-0041077,Justin Joly,TE,MIA,MIN,0.0,2026_04_MIA_MIN,2026-10-04 16:05:00,0.1321869594773493,0.0,3.5191684794799265,1.1972439021241104,-1.065056942646761,F,27,-3.9181069571404343,14.0,2,,True,4.0,"https://static.www.nfl.com/image/upload/f_auto,q_auto/league/vglffv5obtvktndulobu",0.0,0.0,0.0,0.0,0.0,0.0,0.0,0.0,0.0,0.0,0.0,0.0,0.0,24.5,"[0.0, 0.0, 0.0, 0.0, 0.0, 0.0, 0.0, 0.0, 0.0, 0.0, 0.0, 0.0, 0.16, 0.66, 1.35, 2.21, 3.52, 5.25, 7.83]",Active,True,Active,4912052.0,0,0.0,,2026-10-02 01:47:18,,
565,180,00-0036331,Devin Duvernay,WR,ARI,NYG,0.0,2026_04_ARI_NYG,2026-10-04 13:00:00,0.0449602398365778,0.0,3.759007593939653,0.0,0.0449602398365778,C,12,2.912329204649089,23.5,3,,False,6.0,"https://static.www.nfl.com/image/upload/f_auto,q_auto/league/tj3t166iwsxbnyzxcyyl",0.0778046844749574,0.0,0.0,0.0,0.0,0.4802759860953536,0.0022867233591034,0.0,0.0,0.0,0.0,0.0,0.0,21.0,"[0.0, 0.0, 0.0, 0.0, 0.0, 0.0, 0.0, 0.0, 0.0, 0.0, 0.0, 0.0, 0.0, 0.46, 1.19, 2.28, 3.76, 5.69, 8.91]",Active,True,Active,4039050.0,3,0.0,0.0,2026-10-02 01:47:18,,
566,116,00-0037594,Julius Chestnut,RB,TEN,BAL,0.0,2026_04_TEN_BAL,2026-10-04 13:00:00,0.0,0.0,3.2535621121335376,0.1670184003538883,-0.1670184003538883,C,14,1.2387298874070078,15.5,5,,False,4.0,"https://static.www.nfl.com/image/upload/f_auto,q_auto/league/bkhv6hpjogvs5b31wwrs",0.0351258194087925,0.2469372273425865,0.0,0.0,0.7386760663675761,0.0,0.0012257688247405,0.0,0.0,0.0,0.0,0.0,0.0,27.0,"[0.0, 0.0, 0.0, 0.0, 0.0, 0.0, 0.0, 0.0, 0.0, 0.0, 0.0, 0.0, 0.0, 0.29, 0.92, 1.78, 3.25, 5.04, 8.45]",Active,True,Active,4367567.0,2,0.0,0.0,2026-10-02 01:47:18,,
567,119,00-0038564,Cameron Latu,TE,NE,BUF,0.0,2026_04_NE_BUF,2026-10-04 13:00:00,0.0,0.0,3.386981520002577,0.204638117240786,-0.204638117240786,C,20,-1.8605082462296856,20.75,2,,False,3.0,"https://static.www.nfl.com/image/upload/f_auto,q_auto/league/hquihmithkmhoncvkqwt",0.0,0.0,0.0,0.0,0.0,0.0,0.0,0.0,0.0,0.0,0.0,0.0,0.0,27.75,"[0.0, 0.0, 0.0, 0.0, 0.0, 0.0, 0.0, 0.0, 0.0, 0.0, 0.0, 0.0, 0.03, 0.53, 1.22, 2.08, 3.39, 5.12, 7.7]",Active,True,Active,4372026.0,2,0.0,0.0,2026-10-02 01:47:18,,
568,181,00-0039589,Kameron Johnson,WR,TB,GB,1.0,2026_04_GB_TB,2026-10-04 13:00:00,0.0,0.0,3.714047354103075,0.0630499200499334,-0.0630499200499334,C,2,8.177499304375138,17.5,3,,False,5.0,"https://static.www.nfl.com/image/upload/f_auto,q_auto/league/ms7auybbkq1nwbd2ev0d",0.103095523635732,0.027761525270877,0.0,0.0,0.2018839754654015,0.8025578767429967,0.003653927464258,0.0,0.0,0.0,0.0,0.0,0.0,21.0,"[0.0, 0.0, 0.0, 0.0, 0.0, 0.0, 0.0, 0.0, 0.0, 0.0, 0.0, 0.0, 0.0, 0.41, 1.14, 2.23, 3.71, 5.64, 8.86]",Active,True,Active,5097554.0,3,0.0,0.0,2026-10-02 01:47:18,,
569,182,00-0038519,Nikko Remigio,WR,KC,LV,0.0,2026_04_KC_LV,2026-10-04 16:25:00,0.0,0.0,3.714047354103075,0.0,0.0,C,29,-5.907016194684417,26.0,3,,False,6.0,"https://static.www.nfl.com/image/upload/f_auto,q_auto/league/n6b1tsy32fswbd0xgsim",0.0118142617640996,0.0128835438094821,0.0,0.0,0.1417189819043033,0.2480994970460919,0.000407388336693,0.0,0.0,0.0,0.0,0.0,0.0,21.5,"[0.0, 0.0, 0.0, 0.0, 0.0, 0.0, 0.0, 0.0, 0.0, 0.0, 0.0, 0.0, 0.0, 0.41, 1.14, 2.23, 3.71, 5.64, 8.86]",Active,True,Active,4372716.0,3,0.0,0.0,2026-10-02 01:47:18,,
570,183,00-0038573,Derius Davis,WR,LAC,SEA,0.0,2026_04_LAC_SEA,2026-10-04 16:25:00,0.0,0.0,3.714047354103075,0.6275265048361955,-0.6275265048361955,D,32,-10.592631783351624,17.75,3,,False,6.0,"https://static.www.nfl.com/image/upload/f_auto,q_auto/league/ykmeihbr6903smvblzgc",0.545360371413197,0.0288583288471677,0.0,0.0,0.0708987493518129,0.2859759623775755,0.0201725448931121,0.0,0.0,0.0,0.0,0.0,0.0,24.75,"[0.0, 0.0, 0.0, 0.0, 0.0, 0.0, 0.0, 0.0, 0.0, 0.0, 0.0, 0.0, 0.0, 0.41, 1.14, 2.23, 3.71, 5.64, 8.86]",Active,True,Active,4362477.0,3,0.0,0.0,2026-10-02 01:47:18,,
571,120,00-0041131,Carsen Ryan,TE,CLE,PIT,1.0,2026_04_PIT_CLE,2026-10-01 20:15:00,0.0,0.0,3.3913908554852488,1.227124841406464,-1.227124841406464,F,22,-2.3529475438000462,18.0,2,,True,3.0,"https://static.www.nfl.com/image/upload/f_auto,q_auto/league/qiqiqjw4vyhv2xpxt2np",0.0,0.0,0.0,0.0,0.0,0.0,0.0,0.0,0.0,0.0,0.0,0.0,0.0,20.5,"[0.0, 0.0, 0.0, 0.0, 0.0, 0.0, 0.0, 0.0, 0.0, 0.0, 0.0, 0.0, 0.03, 0.52, 1.22, 2.08, 3.39, 5.12, 7.7]",Active,True,Active,4685540.0,2,0.0,0.0,2026-10-01 18:48:49,0.0,nflverse
572,33,00-0039229,Charlie Smyth,K,NO,ATL,1.0,2026_04_ATL_NO,2026-10-05 20:15:00,0.0,0.0,0.0,0.0,0.0,C,22,-0.7516245025307127,25.0,2,,False,,"https://static.www.nfl.com/image/upload/f_auto,q_auto/league/yv9x4ywdfecxioletyol",0.0,0.0,0.0,0.0,0.0,0.0,0.0,2.743606471896459,2.254737854822231,0.6803771552009303,0.0,0.0,0.0,22.5,"[0.0, 0.0, 0.0, 0.0, 0.0, 0.0, 0.0, 0.0, 0.0, 0.0, 0.0, 0.0, 0.0, 0.0, 0.0, 0.0, 0.0, 0.0, 0.0]",Practice squad,False,Practice squad,5208518.0,0,0.0,,2026-10-02 01:47:18,,
573,34,00-0041582,Kansei Matsuzawa,K,LV,KC,1.0,2026_04_KC_LV,2026-10-04 16:25:00,0.0,0.0,0.0,0.0,0.0,C,18,-0.1413022691043269,21.5,2,,True,,"https://static.www.nfl.com/image/upload/f_auto,q_auto/league/juovdeicuriiauham1my",0.0,0.0,0.0,0.0,0.0,0.0,0.0,0.0,0.0,0.0,0.0,0.0,0.0,26.0,"[0.0, 0.0, 0.0, 0.0, 0.0, 0.0, 0.0, 0.0, 0.0, 0.0, 0.0, 0.0, 0.0, 0.0, 0.0, 0.0, 0.0, 0.0, 0.0]",Practice squad,False,Practice squad,5158921.0,0,0.0,,2026-10-02 01:47:18,,
574,35,00-0040003,Lenny Krieg,K,GB,TB,0.0,2026_04_GB_TB,2026-10-04 13:00:00,0.0,0.0,0.0,0.0,0.0,C,1,5.845641608177513,21.0,2,,True,,"https://static.www.nfl.com/image/upload/f_auto,q_auto/league/gxhpy5ntqhgmcwwzn9do",0.0,0.0,0.0,0.0,0.0,0.0,0.0,0.0,0.0,0.0,0.0,0.0,0.0,17.5,"[0.0, 0.0, 0.0, 0.0, 0.0, 0.0, 0.0, 0.0, 0.0, 0.0, 0.0, 0.0, 0.0, 0.0, 0.0, 0.0, 0.0, 0.0, 0.0]",Practice squad,False,Practice squad,5277116.0,0,0.0,,2026-10-02 01:47:18,,
575,89,00-0040691,Jaxson Dart,QB,NYG,ARI,1.0,2026_04_ARI_NYG,2026-10-04 13:00:00,0.0,0.0,0.0,0.0,0.0,C,3,4.818733206339908,21.0,3,,False,3.0,"https://static.www.nfl.com/image/upload/f_auto,q_auto/league/n6uymxssgiicjmxkzxoc",0.0,5.689561585279991,20.73359343141977,144.4889240763414,30.499050341356742,0.0,0.0,0.0,0.0,0.0,0.0,0.0,0.0,23.5,"[0.0, 0.0, 0.0, 0.0, 0.0, 0.0, 0.0, 0.0, 0.0, 0.0, 0.0, 0.0, 0.0, 0.0, 0.0, 0.0, 0.0, 0.0, 0.0]",Reserve/IR,False,Reserve/IR,4689114.0,2,27.4,13.7,2026-10-02 01:47:18,,
576,90,00-0033319,Nick Mullens,QB,JAX,CIN,0.0,2026_04_JAX_CIN,2026-10-04 13:00:00,0.0,0.0,0.0,0.0,0.0,C,6,3.309219677725066,24.5,3,,False,,"https://static.www.nfl.com/image/upload/f_auto,q_auto/league/haxwyajgngz6quuyqg19",0.0,3.0,0.3810811248433991,2.4846549191301635,-2.517253232693232,0.0,0.0,0.0,0.0,0.0,0.0,0.0,0.0,27.0,"[0.0, 0.0, 0.0, 0.0, 0.0, 0.0, 0.0, 0.0, 0.0, 0.0, 0.0, 0.0, 0.0, 0.0, 0.0, 0.0, 0.0, 0.0, 0.0]",Practice squad,False,Practice squad,3059989.0,1,-0.3,-0.3,2026-10-02 01:47:18,,
577,91,00-0039398,Joe Milton III,QB,DAL,HOU,0.0,2026_04_DAL_HOU,2026-10-04 13:00:00,0.0,0.0,0.0,0.0,0.0,C,9,1.4695979608765213,22.75,3,,False,,"https://static.www.nfl.com/image/upload/f_auto,q_auto/league/tsj9lobse1gxzanf39dt",0.0,1.3933113808011737,6.249102896414386,46.32306220192989,14.00366848529936,0.0,0.0,0.0,0.0,0.0,0.0,0.0,0.0,25.75,"[0.0, 0.0, 0.0, 0.0, 0.0, 0.0, 0.0, 0.0, 0.0, 0.0, 0.0, 0.0, 0.0, 0.0, 0.0, 0.0, 0.0, 0.0, 0.0]",Practice squad,False,Practice squad,4360698.0,0,0.0,,2026-10-02 01:47:18,,
578,92,00-0037324,Chris Oladokun,QB,KC,LV,0.0,2026_04_KC_LV,2026-10-04 16:25:00,0.0,0.0,0.0,0.0,0.0,C,16,0.0573425569777799,26.0,3,,True,,"https://static.www.nfl.com/image/upload/f_auto,q_auto/league/zlcmvcyi6laaklmjv1j2",0.0,1.6374053324031206,18.357599324981635,76.81994768697973,5.791840431745014,0.0,0.0,0.0,0.0,0.0,0.0,0.0,0.0,21.5,"[0.0, 0.0, 0.0, 0.0, 0.0, 0.0, 0.0, 0.0, 0.0, 0.0, 0.0, 0.0, 0.0, 0.0, 0.0, 0.0, 0.0, 0.0, 0.0]",Reserve/IR,False,Reserve/IR,4044111.0,0,0.0,,2026-10-02 01:47:18,,
579,93,00-0026300,Josh Johnson,QB,CIN,JAX,1.0,2026_04_JAX_CIN,2026-10-04 13:00:00,0.0,0.0,0.0,0.0,0.0,C,29,-3.4545243615511434,27.0,3,,True,,"https://static.www.nfl.com/image/upload/f_auto,q_auto/league/sijqkai2yy1cbw3rwndh",0.0,4.233258117005829,18.368741545990527,126.4459510642982,19.641767804167504,0.0,0.0,0.0,0.0,0.0,0.0,0.0,0.0,24.5,"[0.0, 0.0, 0.0, 0.0, 0.0, 0.0, 0.0, 0.0, 0.0, 0.0, 0.0, 0.0, 0.0, 0.0, 0.0, 0.0, 0.0, 0.0, 0.0]",Practice squad,False,Practice squad,11394.0,0,0.0,,2026-10-02 01:47:18,,
580,94,00-0039577,Kedon Slovis,QB,GB,TB,0.0,2026_04_GB_TB,2026-10-04 13:00:00,0.0,0.0,0.0,0.0,0.0,C,11,1.0665115684564523,21.0,3,,True,,"https://static.www.nfl.com/image/upload/f_auto,q_auto/league/hkvrcpwl9tm41jr3b0x3",0.0,0.0,1.0,-1.0432946174993891,0.0,0.0,0.0,0.0,0.0,0.0,0.0,0.0,0.0,17.5,"[0.0, 0.0, 0.0, 0.0, 0.0, 0.0, 0.0, 0.0, 0.0, 0.0, 0.0, 0.0, 0.0, 0.0, 0.0, 0.0, 0.0, 0.0, 0.0]",Practice squad,False,Practice squad,4428512.0,0,0.0,,2026-10-02 01:47:18,,
581,95,00-0036679,Shane Buechele,QB,BUF,NE,1.0,2026_04_NE_BUF,2026-10-04 13:00:00,0.0,0.0,0.0,0.0,0.0,C,30,-4.181593625751074,27.75,3,,True,,"https://static.www.nfl.com/image/upload/f_auto,q_auto/league/kmbuzxucmmytpuoy8yfc",0.0,1.0,13.999999999999998,88.0,4.0,0.0,0.0,0.0,0.0,0.0,0.0,0.0,0.0,20.75,"[0.0, 0.0, 0.0, 0.0, 0.0, 0.0, 0.0, 0.0, 0.0, 0.0, 0.0, 0.0, 0.0, 0.0, 0.0, 0.0, 0.0, 0.0, 0.0]",Practice squad,False,Practice squad,4039034.0,0,0.0,,2026-10-02 01:47:18,,
582,96,00-0034955,Brett Rypien,QB,TB,GB,1.0,2026_04_GB_TB,2026-10-04 13:00:00,0.0,0.0,0.0,0.0,0.0,C,19,-0.3785681188116073,17.5,3,,True,,"https://static.www.nfl.com/image/upload/f_auto,q_auto/league/aagqym9xmd5rligbbacq",0.0,0.0,0.0,0.0,0.0,0.0,0.0,0.0,0.0,0.0,0.0,0.0,0.0,21.0,"[0.0, 0.0, 0.0, 0.0, 0.0, 0.0, 0.0, 0.0, 0.0, 0.0, 0.0, 0.0, 0.0, 0.0, 0.0, 0.0, 0.0, 0.0, 0.0]",Practice squad,False,Practice squad,3722362.0,0,0.0,,2026-10-02 01:47:18,,
583,97,00-0039534,Carter Bradley,QB,JAX,CIN,0.0,2026_04_JAX_CIN,2026-10-04 13:00:00,0.0,0.0,0.0,0.0,0.0,C,6,3.309219677725066,24.5,3,,True,,"https://static.www.nfl.com/image/upload/f_auto,q_auto/league/ystkos8c5gnjtsgxg7vg",0.0,0.0,0.0,0.0,0.0,0.0,0.0,0.0,0.0,0.0,0.0,0.0,0.0,27.0,"[0.0, 0.0, 0.0, 0.0, 0.0, 0.0, 0.0, 0.0, 0.0, 0.0, 0.0, 0.0, 0.0, 0.0, 0.0, 0.0, 0.0, 0.0, 0.0]",Reserve/IR,False,Reserve/IR,4362260.0,0,0.0,,2026-10-02 01:47:18,,
584,98,00-0037327,Skylar Thompson,QB,BAL,TEN,1.0,2026_04_TEN_BAL,2026-10-04 13:00:00,0.0,0.0,0.0,0.0,0.0,C,22,-1.220489698922593,27.0,3,,True,4.0,"https://static.www.nfl.com/image/upload/f_auto,q_auto/league/estx7utxpnqif0lto9cq",0.0,0.0,0.0,0.0,0.0,0.0,0.0,0.0,0.0,0.0,0.0,0.0,0.0,15.5,"[0.0, 0.0, 0.0, 0.0, 0.0, 0.0, 0.0, 0.0, 0.0, 0.0, 0.0, 0.0, 0.0, 0.0, 0.0, 0.0, 0.0, 0.0, 0.0]",Reserve/IR,False,Reserve/IR,4036419.0,0,0.0,,2026-10-02 01:47:18,,
585,99,00-0038391,Sean Clifford,QB,CIN,JAX,1.0,2026_04_JAX_CIN,2026-10-04 13:00:00,0.0,0.0,0.0,0.0,0.0,C,29,-3.4545243615511434,27.0,3,,True,,"https://static.www.nfl.com/image/upload/f_auto,q_auto/league/v0tmzl4x5qf2fo2yimqf",0.0,0.0,0.0,0.0,0.0,0.0,0.0,0.0,0.0,0.0,0.0,0.0,0.0,24.5,"[0.0, 0.0, 0.0, 0.0, 0.0, 0.0, 0.0, 0.0, 0.0, 0.0, 0.0, 0.0, 0.0, 0.0, 0.0, 0.0, 0.0, 0.0, 0.0]",Practice squad,False,Practice squad,4259592.0,0,0.0,,2026-10-02 01:47:18,,
586,100,00-0038550,Hendon Hooker,QB,TEN,BAL,0.0,2026_04_TEN_BAL,2026-10-04 13:00:00,0.0,0.0,0.0,0.0,0.0,C,17,-0.0523088510664634,15.5,3,,True,,"https://static.www.nfl.com/image/upload/f_auto,q_auto/league/jq92ol8hm5n7byqhpcps",0.0,0.0,0.0,0.0,0.0,0.0,0.0,0.0,0.0,0.0,0.0,0.0,0.0,27.0,"[0.0, 0.0, 0.0, 0.0, 0.0, 0.0, 0.0, 0.0, 0.0, 0.0, 0.0, 0.0, 0.0, 0.0, 0.0, 0.0, 0.0, 0.0, 0.0]",Practice squad,False,Practice squad,4240858.0,0,0.0,,2026-10-02 01:47:18,,
587,101,00-0035282,Easton Stick,QB,TB,GB,1.0,2026_04_GB_TB,2026-10-04 13:00:00,0.0,0.0,0.0,0.0,0.0,C,19,-0.3785681188116073,17.5,3,,True,,"https://static.www.nfl.com/image/upload/f_auto,q_auto/league/rspxeh6kxzfr7ftkcywh",0.0,0.0,0.0,0.0,0.0,0.0,0.0,0.0,0.0,0.0,0.0,0.0,0.0,21.0,"[0.0, 0.0, 0.0, 0.0, 0.0, 0.0, 0.0, 0.0, 0.0, 0.0, 0.0, 0.0, 0.0, 0.0, 0.0, 0.0, 0.0, 0.0, 0.0]",Practice squad,False,Practice squad,3120590.0,0,0.0,,2026-10-02 01:47:18,,
588,102,00-0038998,Jake Haener,QB,NYG,ARI,1.0,2026_04_ARI_NYG,2026-10-04 13:00:00,0.0,0.0,0.0,0.0,0.0,C,3,4.818733206339908,21.0,3,,True,,"https://static.www.nfl.com/image/upload/f_auto,q_auto/league/jfxyp1qkekty7jwh5kcr",0.0,0.0,0.0,0.0,0.0,0.0,0.0,0.0,0.0,0.0,0.0,0.0,0.0,23.5,"[0.0, 0.0, 0.0, 0.0, 0.0, 0.0, 0.0, 0.0, 0.0, 0.0, 0.0, 0.0, 0.0, 0.0, 0.0, 0.0, 0.0, 0.0, 0.0]",Practice squad,False,Practice squad,4243322.0,0,0.0,,2026-10-02 01:47:18,,
589,103,00-0039152,Will Levis,QB,NYJ,CHI,0.0,2026_04_NYJ_CHI,2026-10-04 13:00:00,0.0,0.0,0.0,0.0,0.0,C,24,-1.8887499251225608,20.0,3,,True,,"https://static.www.nfl.com/image/upload/f_auto,q_auto/league/npovrxpll0gqlkptsn6r",0.0,0.0,0.0,0.0,0.0,0.0,0.0,0.0,0.0,0.0,0.0,0.0,0.0,23.5,"[0.0, 0.0, 0.0, 0.0, 0.0, 0.0, 0.0, 0.0, 0.0, 0.0, 0.0, 0.0, 0.0, 0.0, 0.0, 0.0, 0.0, 0.0, 0.0]",Practice squad,False,Practice squad,4361418.0,0,0.0,,2026-10-02 01:47:18,,
590,104,00-0039677,Sam Hartman,QB,WAS,IND,1.0,2026_04_IND_WAS,2026-10-04 09:30:00,0.0,0.0,0.0,0.0,0.0,C,4,3.693389417351334,22.5,3,,True,,"https://static.www.nfl.com/image/upload/f_auto,q_auto/league/mvpbrqp3o04zla5lzf7u",0.0,0.0,0.0,0.0,0.0,0.0,0.0,0.0,0.0,0.0,0.0,0.0,0.0,26.0,"[0.0, 0.0, 0.0, 0.0, 0.0, 0.0, 0.0, 0.0, 0.0, 0.0, 0.0, 0.0, 0.0, 0.0, 0.0, 0.0, 0.0, 0.0, 0.0]",Practice squad,False,Practice squad,4361994.0,0,0.0,,2026-10-02 01:47:18,,
591,105,00-0040211,Graham Mertz,QB,HOU,DAL,1.0,2026_04_DAL_HOU,2026-10-04 13:00:00,0.0,0.0,0.0,0.0,0.0,C,8,2.8460034148627256,25.75,3,,True,3.0,"https://static.www.nfl.com/image/upload/f_auto,q_auto/league/v5l7nuj0z669orqxga16",0.0,0.0,0.0,0.0,0.0,0.0,0.0,0.0,0.0,0.0,0.0,0.0,0.0,22.75,"[0.0, 0.0, 0.0, 0.0, 0.0, 0.0, 0.0, 0.0, 0.0, 0.0, 0.0, 0.0, 0.0, 0.0, 0.0, 0.0, 0.0, 0.0, 0.0]",Reserve/IR,False,Reserve/IR,4426335.0,0,0.0,,2026-10-02 01:47:18,,
592,106,00-0041172,Miller Moss,QB,CHI,NYJ,1.0,2026_04_NYJ_CHI,2026-10-04 13:00:00,0.0,0.0,0.0,0.0,0.0,C,18,-0.0715231497068554,23.5,3,,True,,"https://static.www.nfl.com/image/upload/f_auto,q_auto/league/p86kdskm2q45zetkrx03",0.0,0.0,0.0,0.0,0.0,0.0,0.0,0.0,0.0,0.0,0.0,0.0,0.0,20.0,"[0.0, 0.0, 0.0, 0.0, 0.0, 0.0, 0.0, 0.0, 0.0, 0.0, 0.0, 0.0, 0.0, 0.0, 0.0, 0.0, 0.0, 0.0, 0.0]",Practice squad,False,Practice squad,,0,0.0,,2026-10-02 01:47:18,,
593,107,00-0041203,Joey Aguilar,QB,JAX,CIN,0.0,2026_04_JAX_CIN,2026-10-04 13:00:00,0.0,0.0,0.0,0.0,0.0,C,6,3.309219677725066,24.5,3,,True,,"https://static.www.nfl.com/image/upload/f_auto,q_auto/league/ftafwh4qrzhpxp8kq0ca",0.0,0.0,0.0,0.0,0.0,0.0,0.0,0.0,0.0,0.0,0.0,0.0,0.0,27.0,"[0.0, 0.0, 0.0, 0.0, 0.0, 0.0, 0.0, 0.0, 0.0, 0.0, 0.0, 0.0, 0.0, 0.0, 0.0, 0.0, 0.0, 0.0, 0.0]",Practice squad,False,Practice squad,,0,0.0,,2026-10-02 01:47:18,,
594,108,00-0041414,Matthew Caldwell,QB,LA,PHI,0.0,2026_04_LA_PHI,2026-10-04 13:00:00,0.0,0.0,0.0,0.0,0.0,C,7,2.9485719615073536,23.0,3,,True,4.0,,0.0,0.0,0.0,0.0,0.0,0.0,0.0,0.0,0.0,0.0,0.0,0.0,0.0,19.5,"[0.0, 0.0, 0.0, 0.0, 0.0, 0.0, 0.0, 0.0, 0.0, 0.0, 0.0, 0.0, 0.0, 0.0, 0.0, 0.0, 0.0, 0.0, 0.0]",Reserve/IR,False,Reserve/IR,,0,0.0,,2026-10-02 01:47:18,,
595,109,00-0041453,Luke Altmyer,QB,DET,CAR,0.0,2026_04_DET_CAR,2026-10-04 20:20:00,0.0,0.0,0.0,0.0,0.0,C,13,0.7162506506460085,27.0,3,,True,,"https://static.www.nfl.com/image/upload/f_auto,q_auto/league/eriopmdwcfjude1cptvi",0.0,0.0,0.0,0.0,0.0,0.0,0.0,0.0,0.0,0.0,0.0,0.0,0.0,23.5,"[0.0, 0.0, 0.0, 0.0, 0.0, 0.0, 0.0, 0.0, 0.0, 0.0, 0.0, 0.0, 0.0, 0.0, 0.0, 0.0, 0.0, 0.0, 0.0]",Practice squad,False,Practice squad,4597679.0,0,0.0,,2026-10-02 01:47:18,,
596,117,00-0039040,De'Von Achane,RB,MIA,MIN,0.0,2026_04_MIA_MIN,2026-10-04 16:05:00,0.0,0.0,0.0,0.0,0.0,C,29,-5.049593875789909,14.0,5,,False,3.0,"https://static.www.nfl.com/image/upload/f_auto,q_auto/league/xk1xwio0bryfxo1ylweu",4.1496440604691935,12.356953212672032,0.0,0.0,55.6521655174644,19.652241505886405,0.1602304652395572,0.0,0.0,0.0,0.0,0.0,0.0,24.5,"[0.0, 0.0, 0.0, 0.0, 0.0, 0.0, 0.0, 0.0, 0.0, 0.0, 0.0, 0.0, 0.0, 0.0, 0.0, 0.0, 0.0, 0.0, 0.0]",Reserve/IR,False,Reserve/IR,4429160.0,3,24.6,8.2,2026-10-02 01:47:18,,
597,118,00-0040644,Trevor Etienne,RB,CAR,DET,1.0,2026_04_DET_CAR,2026-10-04 20:20:00,0.0,0.0,0.0,0.0,0.0,C,19,-0.5782002987585798,23.5,5,,False,4.0,"https://static.www.nfl.com/image/upload/f_auto,q_auto/league/pcuzq84x7ia5yvmikltb",0.128483686859794,0.8296601642433612,0.0,0.0,3.7504500677547634,0.5636024462483653,0.0051646271259408,0.0,0.0,0.0,0.0,0.0,0.0,27.0,"[0.0, 0.0, 0.0, 0.0, 0.0, 0.0, 0.0, 0.0, 0.0, 0.0, 0.0, 0.0, 0.0, 0.0, 0.0, 0.0, 0.0, 0.0, 0.0]",Reserve/IR,False,Reserve/IR,4685350.0,0,0.0,,2026-10-02 01:47:18,,
598,119,00-0036727,Adam Prentice,RB,DEN,SF,0.0,2026_04_DEN_SF,2026-10-04 16:25:00,0.0,0.0,0.0,0.0,0.0,C,10,1.9048143191651283,22.25,5,,False,,"https://static.www.nfl.com/image/upload/f_auto,q_auto/league/xuvyqidnso9ga1dfefoy",0.526949540467472,0.3502440558164942,0.0,0.0,1.4116933895975372,2.0402276867554616,0.0161032884026971,0.0,0.0,0.0,0.0,0.0,0.0,25.25,"[0.0, 0.0, 0.0, 0.0, 0.0, 0.0, 0.0, 0.0, 0.0, 0.0, 0.0, 0.0, 0.0, 0.0, 0.0, 0.0, 0.0, 0.0, 0.0]",Practice squad,False,Practice squad,3929914.0,2,1.2,0.6,2026-10-02 01:47:18,,
599,120,00-0037525,Jordan Mason,RB,MIN,MIA,1.0,2026_04_MIA_MIN,2026-10-04 16:05:00,0.0,0.0,0.0,0.0,0.0,C,4,5.227981586705556,24.5,5,,False,4.0,"https://static.www.nfl.com/image/upload/f_auto,q_auto/league/qeeucinnxl8mpzaw23hc",0.5319434107068238,10.997446086542883,0.0,0.0,49.69421087208375,1.7348988504434002,0.0186145998738853,0.0,0.0,0.0,0.0,0.0,0.0,14.0,"[0.0, 0.0, 0.0, 0.0, 0.0, 0.0, 0.0, 0.0, 0.0, 0.0, 0.0, 0.0, 0.0, 0.0, 0.0, 0.0, 0.0, 0.0, 0.0]",Reserve/IR,False,Reserve/IR,4360569.0,1,11.9,11.9,2026-10-02 01:47:18,,
600,121,00-0039165,Zach Charbonnet,RB,SEA,LAC,1.0,2026_04_LAC_SEA,2026-10-04 16:25:00,0.0,0.0,0.0,0.0,0.0,C,20,-0.7759221820207546,24.75,5,,False,4.0,"https://static.www.nfl.com/image/upload/f_auto,q_auto/league/cuuyog0lpxfaj0y0huvp",1.60174353274309,11.003369107403616,0.0,0.0,47.26926102736634,9.393174875422584,0.0557820313848383,0.0,0.0,0.0,0.0,0.0,0.0,17.75,"[0.0, 0.0, 0.0, 0.0, 0.0, 0.0, 0.0, 0.0, 0.0, 0.0, 0.0, 0.0, 0.0, 0.0, 0.0, 0.0, 0.0, 0.0, 0.0]",Reserve/IR,False,Reserve/IR,4426385.0,0,0.0,,2026-10-02 01:47:18,,
601,122,00-0035700,Josh Jacobs,RB,GB,TB,0.0,2026_04_GB_TB,2026-10-04 13:00:00,0.0,0.0,0.0,0.0,0.0,C,17,-0.3715569676605401,21.0,5,,False,4.0,"https://static.www.nfl.com/image/upload/f_auto,q_auto/league/uceokxeo0uqrqms3e3vl",2.729938478372893,14.899384719273842,0.0,0.0,57.96295604252302,14.481471287146809,0.0912966568999231,0.0,0.0,0.0,0.0,0.0,0.0,17.5,"[0.0, 0.0, 0.0, 0.0, 0.0, 0.0, 0.0, 0.0, 0.0, 0.0, 0.0, 0.0, 0.0, 0.0, 0.0, 0.0, 0.0, 0.0, 0.0]",Exempt,False,Exempt,4047365.0,0,0.0,,2026-10-02 01:47:18,,
602,123,00-0033955,Jeremy McNichols,RB,WAS,IND,1.0,2026_04_IND_WAS,2026-10-04 09:30:00,0.0,0.0,0.0,0.0,0.0,C,7,2.2595088308517264,22.5,5,,False,5.0,"https://static.www.nfl.com/image/upload/f_auto,q_auto/league/xcrgrtlk6ukrshtlnr5e",1.957964061855729,2.7162079325779582,0.0,0.0,10.539368184362402,11.823310624577536,0.0821477492116639,0.0,0.0,0.0,0.0,0.0,0.0,26.0,"[0.0, 0.0, 0.0, 0.0, 0.0, 0.0, 0.0, 0.0, 0.0, 0.0, 0.0, 0.0, 0.0, 0.0, 0.0, 0.0, 0.0, 0.0, 0.0]",Reserve/IR,False,Reserve/IR,3127586.0,0,0.0,,2026-10-02 01:47:18,,
603,124,00-0037197,Isiah Pacheco,RB,DET,CAR,0.0,2026_04_DET_CAR,2026-10-04 20:20:00,0.0,0.0,0.0,0.0,0.0,C,1,6.5587526159608815,27.0,5,,False,4.0,"https://static.www.nfl.com/image/upload/f_auto,q_auto/league/hkqb4imkum3vxxkwuetl",1.938720881583883,9.140691588164936,0.0,0.0,34.98718422352207,8.45146149945983,0.0703326546724498,0.0,0.0,0.0,0.0,0.0,0.0,23.5,"[0.0, 0.0, 0.0, 0.0, 0.0, 0.0, 0.0, 0.0, 0.0, 0.0, 0.0, 0.0, 0.0, 0.0, 0.0, 0.0, 0.0, 0.0, 0.0]",Reserve/IR,False,Reserve/IR,4361529.0,0,0.0,,2026-10-02 01:47:18,,
604,125,00-0037617,Hassan Haskins,RB,NE,BUF,0.0,2026_04_NE_BUF,2026-10-04 13:00:00,0.0,0.0,0.0,0.0,0.0,C,3,5.851759662276601,20.75,5,,False,,"https://static.www.nfl.com/image/upload/f_auto,q_auto/league/n9jwsfxyo1xppmhscpik",0.3128425367336219,1.4050438803506178,0.0,0.0,3.967765142444808,0.9935660323465664,0.0072798784379447,0.0,0.0,0.0,0.0,0.0,0.0,27.75,"[0.0, 0.0, 0.0, 0.0, 0.0, 0.0, 0.0, 0.0, 0.0, 0.0, 0.0, 0.0, 0.0, 0.0, 0.0, 0.0, 0.0, 0.0, 0.0]",Practice squad,False,Practice squad,4372071.0,0,0.0,,2026-10-02 01:47:18,,
605,126,00-0038440,Zavier Scott,RB,CHI,NYJ,1.0,2026_04_NYJ_CHI,2026-10-04 13:00:00,0.0,0.0,0.0,0.0,0.0,C,5,4.821336155600123,23.5,5,,False,,"https://static.www.nfl.com/image/upload/f_auto,q_auto/league/z8sqpgdoyuv5rask15vn",1.23485262986117,2.602506636383932,0.0,0.0,9.41704716902942,7.480814357501467,0.0386213973874041,0.0,0.0,0.0,0.0,0.0,0.0,20.0,"[0.0, 0.0, 0.0, 0.0, 0.0, 0.0, 0.0, 0.0, 0.0, 0.0, 0.0, 0.0, 0.0, 0.0, 0.0, 0.0, 0.0, 0.0, 0.0]",Practice squad,False,Practice squad,4257364.0,0,0.0,,2026-10-02 01:47:18,,
606,127,00-0037557,Ronnie Rivers,RB,LA,PHI,0.0,2026_04_LA_PHI,2026-10-04 13:00:00,0.0,0.0,0.0,0.0,0.0,C,26,-2.876077649310401,23.0,5,,False,4.0,"https://static.www.nfl.com/image/upload/f_auto,q_auto/league/t9l7jhs1jw1joy8jpxee",0.4713612656881277,2.363422239600694,0.0,0.0,9.615270639330133,1.878347396024648,0.0167281487233267,0.0,0.0,0.0,0.0,0.0,0.0,19.5,"[0.0, 0.0, 0.0, 0.0, 0.0, 0.0, 0.0, 0.0, 0.0, 0.0, 0.0, 0.0, 0.0, 0.0, 0.0, 0.0, 0.0, 0.0, 0.0]",Reserve/IR,False,Reserve/IR,4243003.0,1,3.4,3.4,2026-10-02 01:47:18,,
607,128,00-0037563,Malik Davis,RB,DAL,HOU,0.0,2026_04_DAL_HOU,2026-10-04 13:00:00,0.0,0.0,0.0,0.0,0.0,C,32,-8.787558725521702,22.75,5,,False,4.0,"https://static.www.nfl.com/image/upload/f_auto,q_auto/league/zvranxxyt8qeihn8c2q9",0.6476814085982713,6.353638073044008,0.0,0.0,30.10220981082152,1.9267579800304548,0.0182778701763453,0.0,0.0,0.0,0.0,0.0,0.0,25.75,"[0.0, 0.0, 0.0, 0.0, 0.0, 0.0, 0.0, 0.0, 0.0, 0.0, 0.0, 0.0, 0.0, 0.0, 0.0, 0.0, 0.0, 0.0, 0.0]",Reserve/IR,False,Reserve/IR,4240603.0,0,0.0,,2026-10-02 01:47:18,,
608,129,00-0040202,Devin Neal,RB,MIN,MIA,1.0,2026_04_MIA_MIN,2026-10-04 16:05:00,0.0,0.0,0.0,0.0,0.0,C,4,5.227981586705556,24.5,5,,False,,"https://static.www.nfl.com/image/upload/f_auto,q_auto/league/set0xwgpkp0k3bofcpzn",2.2057207331876847,7.343568658862364,0.0,0.0,26.56593742321151,12.575632705810325,0.0646982714010264,0.0,0.0,0.0,0.0,0.0,0.0,14.0,"[0.0, 0.0, 0.0, 0.0, 0.0, 0.0, 0.0, 0.0, 0.0, 0.0, 0.0, 0.0, 0.0, 0.0, 0.0, 0.0, 0.0, 0.0, 0.0]",Practice squad,False,Practice squad,4682652.0,0,0.0,,2026-10-02 01:47:18,,
609,130,00-0039363,Isaac Guerendo,RB,SF,DEN,1.0,2026_04_DEN_SF,2026-10-04 16:25:00,0.0,0.0,0.0,0.0,0.0,C,6,4.245985033041277,25.25,5,,False,4.0,"https://static.www.nfl.com/image/upload/f_auto,q_auto/league/uy1bdu0dokosyzl4ohmi",0.0,0.0,0.0,0.0,0.0,0.0,0.0,0.0,0.0,0.0,0.0,0.0,0.0,22.25,"[0.0, 0.0, 0.0, 0.0, 0.0, 0.0, 0.0, 0.0, 0.0, 0.0, 0.0, 0.0, 0.0, 0.0, 0.0, 0.0, 0.0, 0.0, 0.0]",Reserve/IR,False,Reserve/IR,4372561.0,0,0.0,,2026-10-02 01:47:18,,
610,131,00-0037745,Velus Jones Jr.,RB,SEA,LAC,1.0,2026_04_LAC_SEA,2026-10-04 16:25:00,0.0,0.0,0.0,0.0,0.0,C,20,-0.7759221820207546,24.75,5,,False,,"https://static.www.nfl.com/image/upload/f_auto,q_auto/league/d4y5fxivhcxk34q7stpb",0.0,1.979312515991041,0.0,0.0,8.054840447680695,0.0,0.0,0.0,0.0,0.0,0.0,0.0,0.0,17.75,"[0.0, 0.0, 0.0, 0.0, 0.0, 0.0, 0.0, 0.0, 0.0, 0.0, 0.0, 0.0, 0.0, 0.0, 0.0, 0.0, 0.0, 0.0, 0.0]",Practice squad,False,Practice squad,4035693.0,0,0.0,,2026-10-02 01:47:18,,
611,132,00-0038397,Evan Hull,RB,ARI,NYG,0.0,2026_04_ARI_NYG,2026-10-04 13:00:00,0.0,0.0,0.0,0.0,0.0,C,9,2.007578881108424,23.5,5,,False,,"https://static.www.nfl.com/image/upload/f_auto,q_auto/league/xyyujk9mvvzegaiefp51",0.1447644767164912,3.0856827543496403,0.0,0.0,7.796383924303273,0.8685868602989477,0.0072382238358245,0.0,0.0,0.0,0.0,0.0,0.0,21.0,"[0.0, 0.0, 0.0, 0.0, 0.0, 0.0, 0.0, 0.0, 0.0, 0.0, 0.0, 0.0, 0.0, 0.0, 0.0, 0.0, 0.0, 0.0, 0.0]",Practice squad,False,Practice squad,4569609.0,0,0.0,,2026-10-02 01:47:18,,
612,133,00-0036906,Khalil Herbert,RB,ATL,NO,0.0,2026_04_ATL_NO,2026-10-05 20:15:00,0.0,0.0,0.0,0.0,0.0,C,13,1.3986357387076664,22.5,5,,False,,"https://static.www.nfl.com/image/upload/f_auto,q_auto/league/gjwksf9ygntjmtceeerh",0.8871106051380971,3.662745113332464,0.0,0.0,11.989648637915566,0.944261951528135,0.0344286123163051,0.0,0.0,0.0,0.0,0.0,0.0,25.0,"[0.0, 0.0, 0.0, 0.0, 0.0, 0.0, 0.0, 0.0, 0.0, 0.0, 0.0, 0.0, 0.0, 0.0, 0.0, 0.0, 0.0, 0.0, 0.0]",Practice squad,False,Practice squad,4035886.0,0,0.0,,2026-10-02 01:47:18,,
613,134,00-0037258,Dameon Pierce,RB,PHI,LA,1.0,2026_04_LA_PHI,2026-10-04 13:00:00,0.0,0.0,0.0,0.0,0.0,C,31,-7.588560590978759,19.5,5,,False,,"https://static.www.nfl.com/image/upload/f_auto,q_auto/league/oai3defivyfyofxxh4ux",0.1669235072854968,2.719252101593704,0.0,0.0,7.017931299875056,0.0,0.006182352121685,0.0,0.0,0.0,0.0,0.0,0.0,23.0,"[0.0, 0.0, 0.0, 0.0, 0.0, 0.0, 0.0, 0.0, 0.0, 0.0, 0.0, 0.0, 0.0, 0.0, 0.0, 0.0, 0.0, 0.0, 0.0]",Practice squad,False,Practice squad,4360238.0,0,0.0,,2026-10-02 01:47:18,,
614,135,00-0038040,Zamir White,RB,NO,ATL,1.0,2026_04_ATL_NO,2026-10-05 20:15:00,0.0,0.0,0.0,0.0,0.0,C,23,-2.612219608636048,25.0,5,,False,,"https://static.www.nfl.com/image/upload/f_auto,q_auto/league/jzthyqk2ld52f31ka1ir",1.1791728593075956,2.3099048801299187,0.0,0.0,6.3562245884523865,4.70482456138725,0.0364834995068139,0.0,0.0,0.0,0.0,0.0,0.0,22.5,"[0.0, 0.0, 0.0, 0.0, 0.0, 0.0, 0.0, 0.0, 0.0, 0.0, 0.0, 0.0, 0.0, 0.0, 0.0, 0.0, 0.0, 0.0, 0.0]",Practice squad,False,Practice squad,4361777.0,0,0.0,,2026-10-02 01:47:18,,
615,136,00-0035567,Craig Reynolds,RB,WAS,IND,1.0,2026_04_IND_WAS,2026-10-04 09:30:00,0.0,0.0,0.0,0.0,0.0,C,7,2.2595088308517264,22.5,5,,False,,"https://static.www.nfl.com/image/upload/f_auto,q_auto/league/f5zuttg3hinfqgronrsg",0.0,0.5460941263753193,0.0,0.0,0.728125501833759,0.0,0.0,0.0,0.0,0.0,0.0,0.0,0.0,26.0,"[0.0, 0.0, 0.0, 0.0, 0.0, 0.0, 0.0, 0.0, 0.0, 0.0, 0.0, 0.0, 0.0, 0.0, 0.0, 0.0, 0.0, 0.0, 0.0]",Practice squad,False,Practice squad,4421446.0,0,0.0,,2026-10-02 01:47:18,,
616,137,00-0039373,Audric Estimé,RB,MIN,MIA,1.0,2026_04_MIA_MIN,2026-10-04 16:05:00,0.0,0.0,0.0,0.0,0.0,C,4,5.227981586705556,24.5,5,,False,,"https://static.www.nfl.com/image/upload/f_auto,q_auto/league/lcoend1mysjfhl8f4rrt",2.736921062734882,10.027395102264842,0.0,0.0,42.83071791852611,21.4905442321293,0.0772431518969403,0.0,0.0,0.0,0.0,0.0,0.0,14.0,"[0.0, 0.0, 0.0, 0.0, 0.0, 0.0, 0.0, 0.0, 0.0, 0.0, 0.0, 0.0, 0.0, 0.0, 0.0, 0.0, 0.0, 0.0, 0.0]",Practice squad,False,Practice squad,4569682.0,0,0.0,,2026-10-02 01:47:18,,
617,138,00-0040586,Jaydon Blue,RB,PHI,LA,1.0,2026_04_LA_PHI,2026-10-04 13:00:00,0.0,0.0,0.0,0.0,0.0,C,31,-7.588560590978759,19.5,5,,False,,"https://static.www.nfl.com/image/upload/f_auto,q_auto/league/lscygdlqczomp0l9oykv",0.1985066225251213,8.112166374096962,0.0,0.0,28.3110650272955,0.992533112625607,0.006616887417504,0.0,0.0,0.0,0.0,0.0,0.0,23.0,"[0.0, 0.0, 0.0, 0.0, 0.0, 0.0, 0.0, 0.0, 0.0, 0.0, 0.0, 0.0, 0.0, 0.0, 0.0, 0.0, 0.0, 0.0, 0.0]",Practice squad,False,Practice squad,4685279.0,0,0.0,,2026-10-02 01:47:18,,
618,139,00-0040649,Robbie Ouzts,RB,SEA,LAC,1.0,2026_04_LAC_SEA,2026-10-04 16:25:00,0.0,0.0,0.0,0.0,0.0,C,20,-0.7759221820207546,24.75,5,,False,,"https://static.www.nfl.com/image/upload/f_auto,q_auto/league/kdykjwqk5xcnrfbtp47o",0.2360654878820337,0.0,0.0,0.0,0.0,0.0,0.0147540929926271,0.0,0.0,0.0,0.0,0.0,0.0,17.75,"[0.0, 0.0, 0.0, 0.0, 0.0, 0.0, 0.0, 0.0, 0.0, 0.0, 0.0, 0.0, 0.0, 0.0, 0.0, 0.0, 0.0, 0.0, 0.0]",Reserve/IR,False,Reserve/IR,4691688.0,0,0.0,,2026-10-02 01:47:18,,
619,140,00-0039405,Jawhar Jordan,RB,HOU,DAL,1.0,2026_04_DAL_HOU,2026-10-04 13:00:00,0.0,0.0,0.0,0.0,0.0,C,15,-0.1438908587811942,25.75,5,,False,,"https://static.www.nfl.com/image/upload/f_auto,q_auto/league/mdov6nge0ui6pc3kx0l2",1.6284169285849652,10.347406918021155,0.0,0.0,44.90253290361439,7.765368513329937,0.0518494570977497,0.0,0.0,0.0,0.0,0.0,0.0,22.75,"[0.0, 0.0, 0.0, 0.0, 0.0, 0.0, 0.0, 0.0, 0.0, 0.0, 0.0, 0.0, 0.0, 0.0, 0.0, 0.0, 0.0, 0.0, 0.0]",Practice squad,False,Practice squad,4429939.0,0,0.0,,2026-10-02 01:47:18,,
620,141,00-0039921,Trey Benson,RB,ARI,NYG,0.0,2026_04_ARI_NYG,2026-10-04 13:00:00,0.0,0.0,0.0,0.0,0.0,C,9,2.007578881108424,23.5,5,,False,5.0,"https://static.www.nfl.com/image/upload/f_auto,q_auto/league/liruc5jotnsi4ue9p9yx",4.104413709086336,7.328288453915645,0.0,0.0,39.24419458647895,16.182053362203103,0.1307132452966559,0.0,0.0,0.0,0.0,0.0,0.0,21.0,"[0.0, 0.0, 0.0, 0.0, 0.0, 0.0, 0.0, 0.0, 0.0, 0.0, 0.0, 0.0, 0.0, 0.0, 0.0, 0.0, 0.0, 0.0, 0.0]",Reserve/IR,False,Reserve/IR,4429275.0,0,0.0,,2026-10-02 01:47:18,,
621,142,00-0040205,Kalel Mullings,RB,TEN,BAL,0.0,2026_04_TEN_BAL,2026-10-04 13:00:00,0.0,0.0,0.0,0.0,0.0,C,14,1.2387298874070078,15.5,5,,False,,"https://static.www.nfl.com/image/upload/f_auto,q_auto/league/jv2phcl7aihai00wkqgb",0.0,0.7814950042998965,0.0,0.0,1.8483078475618269,0.0,0.0,0.0,0.0,0.0,0.0,0.0,0.0,27.0,"[0.0, 0.0, 0.0, 0.0, 0.0, 0.0, 0.0, 0.0, 0.0, 0.0, 0.0, 0.0, 0.0, 0.0, 0.0, 0.0, 0.0, 0.0, 0.0]",Practice squad,False,Practice squad,4429121.0,0,0.0,,2026-10-02 01:47:18,,
622,143,00-0036984,Trey Sermon,RB,ATL,NO,0.0,2026_04_ATL_NO,2026-10-05 20:15:00,0.0,0.0,0.0,0.0,0.0,C,13,1.3986357387076664,22.5,5,,True,3.0,"https://static.www.nfl.com/image/upload/f_auto,q_auto/league/eqhl3xiczodsyqlmsxvr",0.0,0.0,0.0,0.0,0.0,0.0,0.0,0.0,0.0,0.0,0.0,0.0,0.0,25.0,"[0.0, 0.0, 0.0, 0.0, 0.0, 0.0, 0.0, 0.0, 0.0, 0.0, 0.0, 0.0, 0.0, 0.0, 0.0, 0.0, 0.0, 0.0, 0.0]",Reserve/IR,False,Reserve/IR,4241401.0,0,0.0,,2026-10-02 01:47:18,,
623,144,00-0037276,Ty Chandler,RB,NO,ATL,1.0,2026_04_ATL_NO,2026-10-05 20:15:00,0.0,0.0,0.0,0.0,0.0,C,23,-2.612219608636048,25.0,5,,True,5.0,"https://static.www.nfl.com/image/upload/f_auto,q_auto/league/dmprsfd75phecgmbkf4l",1.4503786703875183,5.953452109584342,0.0,0.0,16.319695984267245,3.988541343565675,0.0483459556795839,0.0,0.0,0.0,0.0,0.0,0.0,22.5,"[0.0, 0.0, 0.0, 0.0, 0.0, 0.0, 0.0, 0.0, 0.0, 0.0, 0.0, 0.0, 0.0, 0.0, 0.0, 0.0, 0.0, 0.0, 0.0]",Reserve/IR,False,Reserve/IR,4242431.0,0,0.0,,2026-10-02 01:47:18,,
624,145,00-0039471,Frank Gore Jr.,RB,BUF,NE,1.0,2026_04_NE_BUF,2026-10-04 13:00:00,0.0,0.0,0.0,0.0,0.0,C,12,1.507263443180865,27.75,5,,True,,"https://static.www.nfl.com/image/upload/f_auto,q_auto/league/qzf7faowlqoh5nengpq5",0.1569451358369698,0.6719049799286152,0.0,0.0,2.0157149397858456,0.9416708150218194,0.0044841467381991,0.0,0.0,0.0,0.0,0.0,0.0,20.75,"[0.0, 0.0, 0.0, 0.0, 0.0, 0.0, 0.0, 0.0, 0.0, 0.0, 0.0, 0.0, 0.0, 0.0, 0.0, 0.0, 0.0, 0.0, 0.0]",Practice squad,False,Practice squad,4429805.0,1,0.3,0.3,2026-10-02 01:47:18,,
625,146,00-0040429,Josh Williams,RB,TB,GB,1.0,2026_04_GB_TB,2026-10-04 13:00:00,0.0,0.0,0.0,0.0,0.0,C,2,6.2542016385632255,17.5,5,,True,,"https://static.www.nfl.com/image/upload/f_auto,q_auto/league/c2zxbiz8153usfggosvv",0.0,0.6845995369376596,0.0,0.0,1.882648726578564,0.0,0.0,0.0,0.0,0.0,0.0,0.0,0.0,21.0,"[0.0, 0.0, 0.0, 0.0, 0.0, 0.0, 0.0, 0.0, 0.0, 0.0, 0.0, 0.0, 0.0, 0.0, 0.0, 0.0, 0.0, 0.0, 0.0]",Practice squad,False,Practice squad,4568024.0,1,0.0,0.0,2026-10-02 01:47:18,,
626,147,00-0033553,James Conner,RB,ARI,NYG,0.0,2026_04_ARI_NYG,2026-10-04 13:00:00,0.0,0.0,0.0,0.0,0.0,C,9,2.007578881108424,23.5,5,,True,4.0,"https://static.www.nfl.com/image/upload/f_auto,q_auto/league/ka8wlhtteg8hsowsdofk",3.002497671307624,10.579715220978573,0.0,0.0,31.173386769699093,12.948456766969096,0.0980140280884555,0.0,0.0,0.0,0.0,0.0,0.0,21.0,"[0.0, 0.0, 0.0, 0.0, 0.0, 0.0, 0.0, 0.0, 0.0, 0.0, 0.0, 0.0, 0.0, 0.0, 0.0, 0.0, 0.0, 0.0, 0.0]",Reserve/IR,False,Reserve/IR,3045147.0,0,0.0,,2026-10-02 01:47:18,,
627,148,00-0037329,Brittain Brown,RB,CHI,NYJ,1.0,2026_04_NYJ_CHI,2026-10-04 13:00:00,0.0,0.0,0.0,0.0,0.0,C,5,4.821336155600123,23.5,5,,True,4.0,"https://static.www.nfl.com/image/upload/f_auto,q_auto/league/xo28viloq6rjkgca3gpz",0.4783526912503054,2.3917634562515278,0.0,0.0,17.6990495762613,0.0,0.0140691968014795,0.0,0.0,0.0,0.0,0.0,0.0,20.0,"[0.0, 0.0, 0.0, 0.0, 0.0, 0.0, 0.0, 0.0, 0.0, 0.0, 0.0, 0.0, 0.0, 0.0, 0.0, 0.0, 0.0, 0.0, 0.0]",Reserve/IR,False,Reserve/IR,4036032.0,0,0.0,,2026-10-02 01:47:18,,
628,149,00-0038458,Owen Wright,RB,LV,KC,1.0,2026_04_KC_LV,2026-10-04 16:25:00,0.0,0.0,0.0,0.0,0.0,C,16,-0.2547900165685087,21.5,5,,True,,"https://static.www.nfl.com/image/upload/f_auto,q_auto/league/nig1vy9k1asfhkanvlki",0.0,1.5649419262490838,0.0,0.0,3.129883852498168,0.0,0.0,0.0,0.0,0.0,0.0,0.0,0.0,26.0,"[0.0, 0.0, 0.0, 0.0, 0.0, 0.0, 0.0, 0.0, 0.0, 0.0, 0.0, 0.0, 0.0, 0.0, 0.0, 0.0, 0.0, 0.0, 0.0]",Practice squad,False,Practice squad,4249616.0,0,0.0,,2026-10-02 01:47:18,,
629,150,00-0039344,Jonathon Brooks,RB,CAR,DET,1.0,2026_04_DET_CAR,2026-10-04 20:20:00,0.0,0.0,0.0,0.0,0.0,C,19,-0.5782002987585798,23.5,5,,True,5.0,"https://static.www.nfl.com/image/upload/f_auto,q_auto/league/txl39rwjrs2fkm1shtxh",1.478352691250305,4.521647308749695,0.0,0.0,15.043294617499388,20.352692636266184,0.044439872001387,0.0,0.0,0.0,0.0,0.0,0.0,27.0,"[0.0, 0.0, 0.0, 0.0, 0.0, 0.0, 0.0, 0.0, 0.0, 0.0, 0.0, 0.0, 0.0, 0.0, 0.0, 0.0, 0.0, 0.0, 0.0]",Reserve/IR,False,Reserve/IR,4678008.0,2,9.3,4.6,2026-10-02 01:47:18,,
630,151,00-0040547,Nate Carter,RB,KC,LV,0.0,2026_04_KC_LV,2026-10-04 16:25:00,0.0,0.0,0.0,0.0,0.0,C,30,-5.053020392484116,26.0,5,,True,,"https://static.www.nfl.com/image/upload/f_auto,q_auto/league/c7wg2qvjvd8diaaujwpt",0.0,4.391763456251526,0.0,0.0,29.30728612000977,0.0,0.0,0.0,0.0,0.0,0.0,0.0,0.0,21.5,"[0.0, 0.0, 0.0, 0.0, 0.0, 0.0, 0.0, 0.0, 0.0, 0.0, 0.0, 0.0, 0.0, 0.0, 0.0, 0.0, 0.0, 0.0, 0.0]",Practice squad,False,Practice squad,4605841.0,0,0.0,,2026-10-02 01:47:18,,
631,152,00-0041496,Jonah Coleman,RB,DEN,SF,0.0,2026_04_DEN_SF,2026-10-04 16:25:00,0.0,0.0,0.0,0.0,0.0,C,10,1.9048143191651283,22.25,5,,True,4.0,"https://static.www.nfl.com/image/upload/f_auto,q_auto/league/qbauucaxakkhtxihuvmr",1.5649419262490838,5.216473087496945,0.0,0.0,20.34424504123809,9.911298866244197,0.0539635146982442,0.0,0.0,0.0,0.0,0.0,0.0,25.25,"[0.0, 0.0, 0.0, 0.0, 0.0, 0.0, 0.0, 0.0, 0.0, 0.0, 0.0, 0.0, 0.0, 0.0, 0.0, 0.0, 0.0, 0.0, 0.0]",Reserve/IR,False,Reserve/IR,4702555.0,2,14.8,7.4,2026-10-02 01:47:18,,
632,153,00-0039266,Kendall Milton,RB,CIN,JAX,1.0,2026_04_JAX_CIN,2026-10-04 13:00:00,0.0,0.0,0.0,0.0,0.0,C,28,-4.853982051261329,27.0,5,,True,,"https://static.www.nfl.com/image/upload/f_auto,q_auto/league/zz9yrqh5ep6o5hvtwzkq",0.0,2.0,0.0,0.0,2.0,0.0,0.0,0.0,0.0,0.0,0.0,0.0,0.0,24.5,"[0.0, 0.0, 0.0, 0.0, 0.0, 0.0, 0.0, 0.0, 0.0, 0.0, 0.0, 0.0, 0.0, 0.0, 0.0, 0.0, 0.0, 0.0, 0.0]",Practice squad,False,Practice squad,4429012.0,0,0.0,,2026-10-02 01:47:18,,
633,154,00-0040021,Phil Mafah,RB,NYG,ARI,1.0,2026_04_ARI_NYG,2026-10-04 13:00:00,0.0,0.0,0.0,0.0,0.0,C,22,-2.166079106504039,21.0,5,,True,,"https://static.www.nfl.com/image/upload/f_auto,q_auto/league/r91conel40ilon72blzb",2.0,5.0,0.0,0.0,18.0,11.0,0.0869565217391304,0.0,0.0,0.0,0.0,0.0,0.0,23.5,"[0.0, 0.0, 0.0, 0.0, 0.0, 0.0, 0.0, 0.0, 0.0, 0.0, 0.0, 0.0, 0.0, 0.0, 0.0, 0.0, 0.0, 0.0, 0.0]",Practice squad,False,Practice squad,4431562.0,0,0.0,,2026-10-02 01:47:18,,
634,155,00-0040067,Jacardia Wright,RB,SEA,LAC,1.0,2026_04_LAC_SEA,2026-10-04 16:25:00,0.0,0.0,0.0,0.0,0.0,C,20,-0.7759221820207546,24.75,5,,True,,"https://static.www.nfl.com/image/upload/f_auto,q_auto/league/tp3d97gujpw7fkvn7gno",0.0,5.0,0.0,0.0,20.0,0.0,0.0,0.0,0.0,0.0,0.0,0.0,0.0,17.75,"[0.0, 0.0, 0.0, 0.0, 0.0, 0.0, 0.0, 0.0, 0.0, 0.0, 0.0, 0.0, 0.0, 0.0, 0.0, 0.0, 0.0, 0.0, 0.0]",Practice squad,False,Practice squad,4428943.0,0,0.0,,2026-10-02 01:47:18,,
635,156,00-0040039,Amar Johnson,RB,LAC,SEA,0.0,2026_04_LAC_SEA,2026-10-04 16:25:00,0.0,0.0,0.0,0.0,0.0,C,25,-2.850719217621903,17.75,5,,True,,"https://static.www.nfl.com/image/upload/f_auto,q_auto/league/qw1s7luuaia2f08p19aq",1.0,2.0,0.0,0.0,8.0,0.0,0.0416666666666666,0.0,0.0,0.0,0.0,0.0,0.0,24.75,"[0.0, 0.0, 0.0, 0.0, 0.0, 0.0, 0.0, 0.0, 0.0, 0.0, 0.0, 0.0, 0.0, 0.0, 0.0, 0.0, 0.0, 0.0, 0.0]",Practice squad,False,Practice squad,4878878.0,0,0.0,,2026-10-02 01:47:18,,
636,157,00-0040568,Lan Larison,RB,NE,BUF,0.0,2026_04_NE_BUF,2026-10-04 13:00:00,0.0,0.0,0.0,0.0,0.0,C,3,5.851759662276601,20.75,5,,True,,"https://static.www.nfl.com/image/upload/f_auto,q_auto/league/dfvjypx4regh68bhrrlt",2.0,0.0,0.0,0.0,0.0,9.0,0.064516129032258,0.0,0.0,0.0,0.0,0.0,0.0,27.75,"[0.0, 0.0, 0.0, 0.0, 0.0, 0.0, 0.0, 0.0, 0.0, 0.0, 0.0, 0.0, 0.0, 0.0, 0.0, 0.0, 0.0, 0.0, 0.0]",Practice squad,False,Practice squad,4698253.0,1,2.9,2.9,2026-10-02 01:47:18,,
637,158,00-0040692,Jarquez Hunter,RB,MIA,MIN,0.0,2026_04_MIA_MIN,2026-10-04 16:05:00,0.0,0.0,0.0,0.0,0.0,C,29,-5.049593875789909,14.0,5,,True,,"https://static.www.nfl.com/image/upload/f_auto,q_auto/league/pqqxp2q7mkpnqbahu25c",0.0,0.0,0.0,0.0,0.0,0.0,0.0,0.0,0.0,0.0,0.0,0.0,0.0,24.5,"[0.0, 0.0, 0.0, 0.0, 0.0, 0.0, 0.0, 0.0, 0.0, 0.0, 0.0, 0.0, 0.0, 0.0, 0.0, 0.0, 0.0, 0.0, 0.0]",Practice squad,False,Practice squad,4710341.0,0,0.0,,2026-10-02 01:47:18,,
638,159,00-0040937,Dominic Richardson,RB,NYJ,CHI,0.0,2026_04_NYJ_CHI,2026-10-04 13:00:00,0.0,0.0,0.0,0.0,0.0,C,8,2.097043184898195,20.0,5,,True,,"https://static.www.nfl.com/image/upload/f_auto,q_auto/league/o3embvhnbegqqvltpyug",0.0,0.0,0.0,0.0,0.0,0.0,0.0,0.0,0.0,0.0,0.0,0.0,0.0,23.5,"[0.0, 0.0, 0.0, 0.0, 0.0, 0.0, 0.0, 0.0, 0.0, 0.0, 0.0, 0.0, 0.0, 0.0, 0.0, 0.0, 0.0, 0.0, 0.0]",Reserve/IR,False,Reserve/IR,4430689.0,0,0.0,,2026-10-02 01:47:18,,
639,160,00-0040964,EJ Smith,RB,KC,LV,0.0,2026_04_KC_LV,2026-10-04 16:25:00,0.0,0.0,0.0,0.0,0.0,C,30,-5.053020392484116,26.0,5,,True,,"https://static.www.nfl.com/image/upload/f_auto,q_auto/league/cbrhecognbp6bxwgtqyh",0.0,0.0,0.0,0.0,0.0,0.0,0.0,0.0,0.0,0.0,0.0,0.0,0.0,21.5,"[0.0, 0.0, 0.0, 0.0, 0.0, 0.0, 0.0, 0.0, 0.0, 0.0, 0.0, 0.0, 0.0, 0.0, 0.0, 0.0, 0.0, 0.0, 0.0]",Reserve/IR,False,Reserve/IR,4430825.0,0,0.0,,2026-10-02 01:47:18,,
640,161,00-0041585,Grant Finley,RB,NYG,ARI,1.0,2026_04_ARI_NYG,2026-10-04 13:00:00,0.0,0.0,0.0,0.0,0.0,C,22,-2.166079106504039,21.0,5,,True,,,0.0,0.0,0.0,0.0,0.0,0.0,0.0,0.0,0.0,0.0,0.0,0.0,0.0,23.5,"[0.0, 0.0, 0.0, 0.0, 0.0, 0.0, 0.0, 0.0, 0.0, 0.0, 0.0, 0.0, 0.0, 0.0, 0.0, 0.0, 0.0, 0.0, 0.0]",Practice squad,False,Practice squad,,0,0.0,,2026-10-02 01:47:18,,
641,162,00-0036020,Salvon Ahmed,RB,CHI,NYJ,1.0,2026_04_NYJ_CHI,2026-10-04 13:00:00,0.0,0.0,0.0,0.0,0.0,C,5,4.821336155600123,23.5,5,,True,,"https://static.www.nfl.com/image/upload/f_auto,q_auto/league/nbqkon8x1bkphihywnkw",0.0,0.0,0.0,0.0,0.0,0.0,0.0,0.0,0.0,0.0,0.0,0.0,0.0,20.0,"[0.0, 0.0, 0.0, 0.0, 0.0, 0.0, 0.0, 0.0, 0.0, 0.0, 0.0, 0.0, 0.0, 0.0, 0.0, 0.0, 0.0, 0.0, 0.0]",Practice squad,False,Practice squad,4243315.0,0,0.0,,2026-10-02 01:47:18,,
642,163,00-0035924,Jonathan Ward,RB,BAL,TEN,1.0,2026_04_TEN_BAL,2026-10-04 13:00:00,0.0,0.0,0.0,0.0,0.0,C,11,1.7014438494789073,27.0,5,,True,,"https://static.www.nfl.com/image/upload/f_auto,q_auto/league/yct3a4xznwcxjvn4iosk",0.0,0.0,0.0,0.0,0.0,0.0,0.0,0.0,0.0,0.0,0.0,0.0,0.0,15.5,"[0.0, 0.0, 0.0, 0.0, 0.0, 0.0, 0.0, 0.0, 0.0, 0.0, 0.0, 0.0, 0.0, 0.0, 0.0, 0.0, 0.0, 0.0, 0.0]",Practice squad,False,Practice squad,4039274.0,0,0.0,,2026-10-02 01:47:18,,
643,164,00-0037509,Sincere McCormick,RB,SF,DEN,1.0,2026_04_DEN_SF,2026-10-04 16:25:00,0.0,0.0,0.0,0.0,0.0,C,6,4.245985033041277,25.25,5,,True,,"https://static.www.nfl.com/image/upload/f_auto,q_auto/league/t2e5ffjyc1iimyxufxjs",0.0,0.0,0.0,0.0,0.0,0.0,0.0,0.0,0.0,0.0,0.0,0.0,0.0,22.25,"[0.0, 0.0, 0.0, 0.0, 0.0, 0.0, 0.0, 0.0, 0.0, 0.0, 0.0, 0.0, 0.0, 0.0, 0.0, 0.0, 0.0, 0.0, 0.0]",Practice squad,False,Practice squad,4430104.0,0,0.0,,2026-10-02 01:47:18,,
644,165,00-0038098,Pierre Strong,RB,GB,TB,0.0,2026_04_GB_TB,2026-10-04 13:00:00,0.0,0.0,0.0,0.0,0.0,C,17,-0.3715569676605401,21.0,5,,True,,"https://static.www.nfl.com/image/upload/f_auto,q_auto/league/aa0nufst85vutgor1fqv",0.0,0.0,0.0,0.0,0.0,0.0,0.0,0.0,0.0,0.0,0.0,0.0,0.0,17.5,"[0.0, 0.0, 0.0, 0.0, 0.0, 0.0, 0.0, 0.0, 0.0, 0.0, 0.0, 0.0, 0.0, 0.0, 0.0, 0.0, 0.0, 0.0, 0.0]",Practice squad,False,Practice squad,4249836.0,0,0.0,,2026-10-02 01:47:18,,
645,166,00-0038389,Israel Abanikanda,RB,DAL,HOU,0.0,2026_04_DAL_HOU,2026-10-04 13:00:00,0.0,0.0,0.0,0.0,0.0,C,32,-8.787558725521702,22.75,5,,True,,"https://static.www.nfl.com/image/upload/f_auto,q_auto/league/mt7lgg9gbjcmb2wttxeg",0.0,0.0,0.0,0.0,0.0,0.0,0.0,0.0,0.0,0.0,0.0,0.0,0.0,25.75,"[0.0, 0.0, 0.0, 0.0, 0.0, 0.0, 0.0, 0.0, 0.0, 0.0, 0.0, 0.0, 0.0, 0.0, 0.0, 0.0, 0.0, 0.0, 0.0]",Practice squad,False,Practice squad,4429202.0,0,0.0,,2026-10-02 01:47:18,,
646,167,00-0038614,Scott Matlock,RB,LAC,SEA,0.0,2026_04_LAC_SEA,2026-10-04 16:25:00,0.0,0.0,0.0,0.0,0.0,C,25,-2.850719217621903,17.75,5,,True,,"https://static.www.nfl.com/image/upload/f_auto,q_auto/league/biif35k2hwpqmhlxn0sa",0.0,0.0,0.0,0.0,0.0,0.0,0.0,0.0,0.0,0.0,0.0,0.0,0.0,24.75,"[0.0, 0.0, 0.0, 0.0, 0.0, 0.0, 0.0, 0.0, 0.0, 0.0, 0.0, 0.0, 0.0, 0.0, 0.0, 0.0, 0.0, 0.0, 0.0]",Reserve/IR,False,Reserve/IR,4373684.0,0,0.0,,2026-10-02 01:47:18,,
647,168,00-0038930,Carlos Washington,RB,MIA,MIN,0.0,2026_04_MIA_MIN,2026-10-04 16:05:00,0.0,0.0,0.0,0.0,0.0,C,29,-5.049593875789909,14.0,5,,True,,"https://static.www.nfl.com/image/upload/f_auto,q_auto/league/oc9zhtjhrxq5vxr1qkak",0.0,0.0,0.0,0.0,0.0,0.0,0.0,0.0,0.0,0.0,0.0,0.0,0.0,24.5,"[0.0, 0.0, 0.0, 0.0, 0.0, 0.0, 0.0, 0.0, 0.0, 0.0, 0.0, 0.0, 0.0, 0.0, 0.0, 0.0, 0.0, 0.0, 0.0]",Practice squad,False,Practice squad,4248425.0,0,0.0,,2026-10-02 01:47:18,,
648,169,00-0039244,Chris Collier,RB,LV,KC,1.0,2026_04_KC_LV,2026-10-04 16:25:00,0.0,0.0,0.0,0.0,0.0,C,16,-0.2547900165685087,21.5,5,,True,4.0,"https://static.www.nfl.com/image/upload/f_auto,q_auto/league/ljfhyvlszo4qs63fo4ow",0.0,0.0,0.0,0.0,0.0,0.0,0.0,0.0,0.0,0.0,0.0,0.0,0.0,26.0,"[0.0, 0.0, 0.0, 0.0, 0.0, 0.0, 0.0, 0.0, 0.0, 0.0, 0.0, 0.0, 0.0, 0.0, 0.0, 0.0, 0.0, 0.0, 0.0]",Reserve/IR,False,Reserve/IR,4698191.0,0,0.0,,2026-10-02 01:47:18,,
649,170,00-0039325,Carson Steele,RB,PHI,LA,1.0,2026_04_LA_PHI,2026-10-04 13:00:00,0.0,0.0,0.0,0.0,0.0,C,31,-7.588560590978759,19.5,5,,True,,"https://static.www.nfl.com/image/upload/f_auto,q_auto/league/q6dciqten6frfdm1takb",0.0,0.0,0.0,0.0,0.0,0.0,0.0,0.0,0.0,0.0,0.0,0.0,0.0,23.0,"[0.0, 0.0, 0.0, 0.0, 0.0, 0.0, 0.0, 0.0, 0.0, 0.0, 0.0, 0.0, 0.0, 0.0, 0.0, 0.0, 0.0, 0.0, 0.0]",Practice squad,False,Practice squad,4714365.0,0,0.0,,2026-10-02 01:47:18,,
650,171,00-0039652,Jabari Small,RB,DET,CAR,0.0,2026_04_DET_CAR,2026-10-04 20:20:00,0.0,0.0,0.0,0.0,0.0,C,1,6.5587526159608815,27.0,5,,True,,"https://static.www.nfl.com/image/upload/f_auto,q_auto/league/jevnypgyk9xm7tcfldvi",0.0,0.0,0.0,0.0,0.0,0.0,0.0,0.0,0.0,0.0,0.0,0.0,0.0,23.5,"[0.0, 0.0, 0.0, 0.0, 0.0, 0.0, 0.0, 0.0, 0.0, 0.0, 0.0, 0.0, 0.0, 0.0, 0.0, 0.0, 0.0, 0.0, 0.0]",Practice squad,False,Practice squad,4432545.0,0,0.0,,2026-10-02 01:47:18,,
651,172,00-0039703,Cody Schrader,RB,DEN,SF,0.0,2026_04_DEN_SF,2026-10-04 16:25:00,0.0,0.0,0.0,0.0,0.0,C,10,1.9048143191651283,22.25,5,,True,,"https://static.www.nfl.com/image/upload/f_auto,q_auto/league/snrwsjepuvkatdjjokp8",0.0,0.0,0.0,0.0,0.0,0.0,0.0,0.0,0.0,0.0,0.0,0.0,0.0,25.25,"[0.0, 0.0, 0.0, 0.0, 0.0, 0.0, 0.0, 0.0, 0.0, 0.0, 0.0, 0.0, 0.0, 0.0, 0.0, 0.0, 0.0, 0.0, 0.0]",Practice squad,False,Practice squad,4391845.0,0,0.0,,2026-10-02 01:47:18,,
652,173,00-0040260,Ahmani Marshall,RB,CAR,DET,1.0,2026_04_DET_CAR,2026-10-04 20:20:00,0.0,0.0,0.0,0.0,0.0,C,19,-0.5782002987585798,23.5,5,,True,,"https://static.www.nfl.com/image/upload/f_auto,q_auto/league/rmzxp0obmznym5hv5ndh",0.0,0.0,0.0,0.0,0.0,0.0,0.0,0.0,0.0,0.0,0.0,0.0,0.0,27.0,"[0.0, 0.0, 0.0, 0.0, 0.0, 0.0, 0.0, 0.0, 0.0, 0.0, 0.0, 0.0, 0.0, 0.0, 0.0, 0.0, 0.0, 0.0, 0.0]",Practice squad,False,Practice squad,4432374.0,0,0.0,,2026-10-02 01:47:18,,
653,174,00-0040567,Brock Lampe,RB,BUF,NE,1.0,2026_04_NE_BUF,2026-10-04 13:00:00,0.0,0.0,0.0,0.0,0.0,C,12,1.507263443180865,27.75,5,,True,,"https://static.www.nfl.com/image/upload/f_auto,q_auto/league/qjprz2xsfvwi0zqrpyh1",0.0,0.0,0.0,0.0,0.0,0.0,0.0,0.0,0.0,0.0,0.0,0.0,0.0,20.75,"[0.0, 0.0, 0.0, 0.0, 0.0, 0.0, 0.0, 0.0, 0.0, 0.0, 0.0, 0.0, 0.0, 0.0, 0.0, 0.0, 0.0, 0.0, 0.0]",Practice squad,False,Practice squad,,0,0.0,,2026-10-02 01:47:18,,
654,175,00-0040601,Jordan Waters,RB,LA,PHI,0.0,2026_04_LA_PHI,2026-10-04 13:00:00,0.0,0.0,0.0,0.0,0.0,C,26,-2.876077649310401,23.0,5,,True,,"https://static.www.nfl.com/image/upload/f_auto,q_auto/league/wszz5ts7eqzjgiuwep45",0.0,0.0,0.0,0.0,0.0,0.0,0.0,0.0,0.0,0.0,0.0,0.0,0.0,19.5,"[0.0, 0.0, 0.0, 0.0, 0.0, 0.0, 0.0, 0.0, 0.0, 0.0, 0.0, 0.0, 0.0, 0.0, 0.0, 0.0, 0.0, 0.0, 0.0]",Practice squad,False,Practice squad,,0,0.0,,2026-10-02 01:47:18,,
655,176,00-0040888,Adam Randall,RB,BAL,TEN,1.0,2026_04_TEN_BAL,2026-10-04 13:00:00,0.0,0.0,0.0,0.0,0.0,C,11,1.7014438494789073,27.0,5,,True,4.0,"https://static.www.nfl.com/image/upload/f_auto,q_auto/league/cdr4vibcb4jxp8nswxl9",0.0,0.0,0.0,0.0,0.0,0.0,0.0,0.0,0.0,0.0,0.0,0.0,0.0,15.5,"[0.0, 0.0, 0.0, 0.0, 0.0, 0.0, 0.0, 0.0, 0.0, 0.0, 0.0, 0.0, 0.0, 0.0, 0.0, 0.0, 0.0, 0.0, 0.0]",Reserve/IR,False,Reserve/IR,4685526.0,0,0.0,,2026-10-02 01:47:18,,
656,177,00-0040959,Jaydn Ott,RB,KC,LV,0.0,2026_04_KC_LV,2026-10-04 16:25:00,0.0,0.0,0.0,0.0,0.0,C,30,-5.053020392484116,26.0,5,,True,,"https://static.www.nfl.com/image/upload/f_auto,q_auto/league/ywfb4a8vkz1eubb43o8i",0.0,0.0,0.0,0.0,0.0,0.0,0.0,0.0,0.0,0.0,0.0,0.0,0.0,21.5,"[0.0, 0.0, 0.0, 0.0, 0.0, 0.0, 0.0, 0.0, 0.0, 0.0, 0.0, 0.0, 0.0, 0.0, 0.0, 0.0, 0.0, 0.0, 0.0]",Practice squad,False,Practice squad,4685489.0,0,0.0,,2026-10-02 01:47:18,,
657,178,00-0040998,Roman Hemby,RB,LV,KC,1.0,2026_04_KC_LV,2026-10-04 16:25:00,0.0,0.0,0.0,0.0,0.0,C,16,-0.2547900165685087,21.5,5,,True,,"https://static.www.nfl.com/image/upload/f_auto,q_auto/league/n8js64cgcfhkllrvxw5x",0.0,0.0,0.0,0.0,0.0,0.0,0.0,0.0,0.0,0.0,0.0,0.0,0.0,26.0,"[0.0, 0.0, 0.0, 0.0, 0.0, 0.0, 0.0, 0.0, 0.0, 0.0, 0.0, 0.0, 0.0, 0.0, 0.0, 0.0, 0.0, 0.0, 0.0]",Practice squad,False,Practice squad,4688835.0,0,0.0,,2026-10-02 01:47:18,,
658,179,00-0041178,Robert Henry Jr.,RB,WAS,IND,1.0,2026_04_IND_WAS,2026-10-04 09:30:00,0.0,0.0,0.0,0.0,0.0,C,7,2.2595088308517264,22.5,5,,True,,"https://static.www.nfl.com/image/upload/f_auto,q_auto/league/aehybugrdkpwoegwc10v",0.0,0.0,0.0,0.0,0.0,0.0,0.0,0.0,0.0,0.0,0.0,0.0,0.0,26.0,"[0.0, 0.0, 0.0, 0.0, 0.0, 0.0, 0.0, 0.0, 0.0, 0.0, 0.0, 0.0, 0.0, 0.0, 0.0, 0.0, 0.0, 0.0, 0.0]",Practice squad,False,Practice squad,5151317.0,0,0.0,,2026-10-02 01:47:18,,
659,180,00-0041217,J'Mari Taylor,RB,JAX,CIN,0.0,2026_04_JAX_CIN,2026-10-04 13:00:00,0.0,0.0,0.0,0.0,0.0,C,18,-0.5610010525680359,24.5,5,,True,,"https://static.www.nfl.com/image/upload/f_auto,q_auto/league/bllauluwnbc34h7uzuom",0.0,0.0,0.0,0.0,0.0,0.0,0.0,0.0,0.0,0.0,0.0,0.0,0.0,27.0,"[0.0, 0.0, 0.0, 0.0, 0.0, 0.0, 0.0, 0.0, 0.0, 0.0, 0.0, 0.0, 0.0, 0.0, 0.0, 0.0, 0.0, 0.0, 0.0]",Practice squad,False,Practice squad,4713118.0,0,0.0,,2026-10-02 01:47:18,,
660,181,00-0041191,Cash Jones,RB,ATL,NO,0.0,2026_04_ATL_NO,2026-10-05 20:15:00,0.0,0.0,0.0,0.0,0.0,C,13,1.3986357387076664,22.5,5,,True,,"https://static.www.nfl.com/image/upload/f_auto,q_auto/league/w8owngxypixljzcnwyiv",0.0,0.0,0.0,0.0,0.0,0.0,0.0,0.0,0.0,0.0,0.0,0.0,0.0,25.0,"[0.0, 0.0, 0.0, 0.0, 0.0, 0.0, 0.0, 0.0, 0.0, 0.0, 0.0, 0.0, 0.0, 0.0, 0.0, 0.0, 0.0, 0.0, 0.0]",Practice squad,False,Practice squad,4881826.0,0,0.0,,2026-10-02 01:47:18,,
661,182,00-0041239,Chip Trayanum,RB,NYJ,CHI,0.0,2026_04_NYJ_CHI,2026-10-04 13:00:00,0.0,0.0,0.0,0.0,0.0,C,8,2.097043184898195,20.0,5,,True,5.0,"https://static.www.nfl.com/image/upload/f_auto,q_auto/league/hdagffadajptx8nxfs8w",0.0,0.0,0.0,0.0,0.0,0.0,0.0,0.0,0.0,0.0,0.0,0.0,0.0,23.5,"[0.0, 0.0, 0.0, 0.0, 0.0, 0.0, 0.0, 0.0, 0.0, 0.0, 0.0, 0.0, 0.0, 0.0, 0.0, 0.0, 0.0, 0.0, 0.0]",Reserve/IR,False,Reserve/IR,4430893.0,0,0.0,,2026-10-02 01:47:18,,
662,183,00-0041241,Kentrel Bullock,RB,CIN,JAX,1.0,2026_04_JAX_CIN,2026-10-04 13:00:00,0.0,0.0,0.0,0.0,0.0,C,28,-4.853982051261329,27.0,5,,True,,"https://static.www.nfl.com/image/upload/f_auto,q_auto/league/knfwlw5u1poz75qfyuy5",0.0,0.0,0.0,0.0,0.0,0.0,0.0,0.0,0.0,0.0,0.0,0.0,0.0,24.5,"[0.0, 0.0, 0.0, 0.0, 0.0, 0.0, 0.0, 0.0, 0.0, 0.0, 0.0, 0.0, 0.0, 0.0, 0.0, 0.0, 0.0, 0.0, 0.0]",Practice squad,False,Practice squad,,0,0.0,,2026-10-02 01:47:18,,
663,184,00-0041277,Davon Booth,RB,IND,WAS,0.0,2026_04_IND_WAS,2026-10-04 09:30:00,0.0,0.0,0.0,0.0,0.0,C,27,-3.472532359859977,26.0,5,,True,,"https://static.www.nfl.com/image/upload/f_auto,q_auto/league/ddzlehyaaedbtx8lh9vv",0.0,0.0,0.0,0.0,0.0,0.0,0.0,0.0,0.0,0.0,0.0,0.0,0.0,22.5,"[0.0, 0.0, 0.0, 0.0, 0.0, 0.0, 0.0, 0.0, 0.0, 0.0, 0.0, 0.0, 0.0, 0.0, 0.0, 0.0, 0.0, 0.0, 0.0]",Practice squad,False,Practice squad,5153650.0,0,0.0,,2026-10-02 01:47:18,,
664,185,00-0041323,Myles Montgomery,RB,NE,BUF,0.0,2026_04_NE_BUF,2026-10-04 13:00:00,0.0,0.0,0.0,0.0,0.0,C,3,5.851759662276601,20.75,5,,True,4.0,"https://static.www.nfl.com/image/upload/f_auto,q_auto/league/x2iwklhxz7it7m1hsdwy",0.0,0.0,0.0,0.0,0.0,0.0,0.0,0.0,0.0,0.0,0.0,0.0,0.0,27.75,"[0.0, 0.0, 0.0, 0.0, 0.0, 0.0, 0.0, 0.0, 0.0, 0.0, 0.0, 0.0, 0.0, 0.0, 0.0, 0.0, 0.0, 0.0, 0.0]",Reserve/IR,False,Reserve/IR,4676889.0,0,0.0,,2026-10-02 01:47:18,,
665,186,00-0041312,Noah Whittington,RB,HOU,DAL,1.0,2026_04_DAL_HOU,2026-10-04 13:00:00,0.0,0.0,0.0,0.0,0.0,C,15,-0.1438908587811942,25.75,5,,True,,"https://static.www.nfl.com/image/upload/f_auto,q_auto/league/ofifs3fbgpnv6qtcjain",0.0,0.0,0.0,0.0,0.0,0.0,0.0,0.0,0.0,0.0,0.0,0.0,0.0,22.75,"[0.0, 0.0, 0.0, 0.0, 0.0, 0.0, 0.0, 0.0, 0.0, 0.0, 0.0, 0.0, 0.0, 0.0, 0.0, 0.0, 0.0, 0.0, 0.0]",Practice squad,False,Practice squad,4432631.0,0,0.0,,2026-10-02 01:47:18,,
666,187,00-0041376,Gregory Desrosiers,RB,LAC,SEA,0.0,2026_04_LAC_SEA,2026-10-04 16:25:00,0.0,0.0,0.0,0.0,0.0,C,25,-2.850719217621903,17.75,5,,True,,"https://static.www.nfl.com/image/upload/f_auto,q_auto/league/serg5wdxgoemdropu4vs",0.0,0.0,0.0,0.0,0.0,0.0,0.0,0.0,0.0,0.0,0.0,0.0,0.0,24.75,"[0.0, 0.0, 0.0, 0.0, 0.0, 0.0, 0.0, 0.0, 0.0, 0.0, 0.0, 0.0, 0.0, 0.0, 0.0, 0.0, 0.0, 0.0, 0.0]",Practice squad,False,Practice squad,,0,0.0,,2026-10-02 01:47:18,,
667,188,NOID_NYJ_AlJayHenderson,Al-Jay Henderson,RB,NYJ,CHI,0.0,2026_04_NYJ_CHI,2026-10-04 13:00:00,0.0,0.0,0.0,0.0,0.0,C,8,2.097043184898195,20.0,5,,True,,,0.0,0.0,0.0,0.0,0.0,0.0,0.0,0.0,0.0,0.0,0.0,0.0,0.0,23.5,"[0.0, 0.0, 0.0, 0.0, 0.0, 0.0, 0.0, 0.0, 0.0, 0.0, 0.0, 0.0, 0.0, 0.0, 0.0, 0.0, 0.0, 0.0, 0.0]",Practice squad,False,Practice squad,,0,0.0,,2026-10-02 01:47:18,,
668,121,00-0035249,Josh Oliver,TE,MIN,MIA,1.0,2026_04_MIA_MIN,2026-10-04 16:05:00,0.0,0.0,0.0,0.0,0.0,C,6,3.998871188893524,24.5,2,,False,4.0,"https://static.www.nfl.com/image/upload/f_auto,q_auto/league/awdb5xedlbq0ebpptgzb",1.5864974341140632,0.0,0.0,0.0,0.0,14.65206007816977,0.0709271635293986,0.0,0.0,0.0,0.0,0.0,0.0,14.0,"[0.0, 0.0, 0.0, 0.0, 0.0, 0.0, 0.0, 0.0, 0.0, 0.0, 0.0, 0.0, 0.0, 0.0, 0.0, 0.0, 0.0, 0.0, 0.0]",Reserve/IR,False,Reserve/IR,3921690.0,3,7.6,2.5,2026-10-02 01:47:18,,
669,122,00-0030061,Zach Ertz,TE,PHI,LA,1.0,2026_04_LA_PHI,2026-10-04 13:00:00,0.0,0.0,0.0,0.0,0.0,C,30,-4.527338198314378,19.5,2,,False,2.0,"https://static.www.nfl.com/image/upload/f_auto,q_auto/league/xktmmeumuoglbuam75iz",4.553728374579374,0.0,0.0,0.0,0.0,30.519147334115985,0.1597121314606825,0.0,0.0,0.0,0.0,0.0,0.0,23.0,"[0.0, 0.0, 0.0, 0.0, 0.0, 0.0, 0.0, 0.0, 0.0, 0.0, 0.0, 0.0, 0.0, 0.0, 0.0, 0.0, 0.0, 0.0, 0.0]",Practice squad,False,Practice squad,15835.0,1,1.9,1.9,2026-10-02 01:47:18,,
670,123,00-0039144,Luke Musgrave,TE,GB,TB,0.0,2026_04_GB_TB,2026-10-04 13:00:00,0.0,0.0,0.0,0.0,0.0,C,11,2.9505116831904474,21.0,2,,False,5.0,"https://static.www.nfl.com/image/upload/f_auto,q_auto/league/jchchyfhiycpvm5zzn2y",2.589687706439699,0.0,0.0,0.0,0.0,20.603792871252235,0.0903214876978999,0.0,0.0,0.0,0.0,0.0,0.0,17.5,"[0.0, 0.0, 0.0, 0.0, 0.0, 0.0, 0.0, 0.0, 0.0, 0.0, 0.0, 0.0, 0.0, 0.0, 0.0, 0.0, 0.0, 0.0, 0.0]",Reserve/IR,False,Reserve/IR,4428085.0,0,0.0,,2026-10-02 01:47:18,,
671,124,00-0033885,David Njoku,TE,LAC,SEA,0.0,2026_04_LAC_SEA,2026-10-04 16:25:00,0.0,0.0,0.0,0.0,0.0,C,25,-3.2872262026235277,17.75,2,,False,4.0,"https://static.www.nfl.com/image/upload/f_auto,q_auto/league/y4g1iayqrbrhdvkqywpx",3.928034980502532,0.0,0.0,0.0,0.0,28.5122233586377,0.1341041379700027,0.0,0.0,0.0,0.0,0.0,0.0,24.75,"[0.0, 0.0, 0.0, 0.0, 0.0, 0.0, 0.0, 0.0, 0.0, 0.0, 0.0, 0.0, 0.0, 0.0, 0.0, 0.0, 0.0, 0.0, 0.0]",Reserve/IR,False,Reserve/IR,3123076.0,2,12.7,6.4,2026-10-02 01:47:18,,
672,125,00-0037112,Jake Tonges,TE,SF,DEN,1.0,2026_04_DEN_SF,2026-10-04 16:25:00,0.0,0.0,0.0,0.0,0.0,C,18,0.3478976433820792,25.25,2,,False,4.0,"https://static.www.nfl.com/image/upload/f_auto,q_auto/league/z6goxhdhfc2m0rmwvtbl",4.596819354600672,0.0,0.0,0.0,0.0,31.233522901292996,0.1337111229657284,0.0,0.0,0.0,0.0,0.0,0.0,22.25,"[0.0, 0.0, 0.0, 0.0, 0.0, 0.0, 0.0, 0.0, 0.0, 0.0, 0.0, 0.0, 0.0, 0.0, 0.0, 0.0, 0.0, 0.0, 0.0]",Reserve/IR,False,Reserve/IR,4259147.0,0,0.0,,2026-10-02 01:47:18,,
673,126,00-0038720,Julian Hill,TE,NE,BUF,0.0,2026_04_NE_BUF,2026-10-04 13:00:00,0.0,0.0,0.0,0.0,0.0,C,20,-1.8605082462296856,20.75,2,,False,5.0,"https://static.www.nfl.com/image/upload/f_auto,q_auto/league/idjirwpxilfybc74zhwr",1.7910071053125003,0.0,0.0,0.0,0.0,12.967754032896424,0.0675900806931839,0.0,0.0,0.0,0.0,0.0,0.0,27.75,"[0.0, 0.0, 0.0, 0.0, 0.0, 0.0, 0.0, 0.0, 0.0, 0.0, 0.0, 0.0, 0.0, 0.0, 0.0, 0.0, 0.0, 0.0, 0.0]",Reserve/IR,False,Reserve/IR,4365395.0,0,0.0,,2026-10-02 01:47:18,,
674,127,00-0036741,Jack Stoll,TE,SF,DEN,1.0,2026_04_DEN_SF,2026-10-04 16:25:00,0.0,0.0,0.0,0.0,0.0,C,18,0.3478976433820792,25.25,2,,False,,"https://static.www.nfl.com/image/upload/f_auto,q_auto/league/vx5eqo8t1qvj0ijwmiwm",1.243778769873781,0.0,0.0,0.0,0.0,4.817204825667268,0.0353827938457137,0.0,0.0,0.0,0.0,0.0,0.0,22.25,"[0.0, 0.0, 0.0, 0.0, 0.0, 0.0, 0.0, 0.0, 0.0, 0.0, 0.0, 0.0, 0.0, 0.0, 0.0, 0.0, 0.0, 0.0, 0.0]",Practice squad,False,Practice squad,4034862.0,0,0.0,,2026-10-02 01:47:18,,
675,128,00-0037086,Grant Calcaterra,TE,PHI,LA,1.0,2026_04_LA_PHI,2026-10-04 13:00:00,0.0,0.0,0.0,0.0,0.0,C,30,-4.527338198314378,19.5,2,,False,5.0,"https://static.www.nfl.com/image/upload/f_auto,q_auto/league/inpyxw55sxo96shrt4si",1.490125443189861,0.0,0.0,0.0,0.0,8.808280206192542,0.0553333263898423,0.0,0.0,0.0,0.0,0.0,0.0,23.0,"[0.0, 0.0, 0.0, 0.0, 0.0, 0.0, 0.0, 0.0, 0.0, 0.0, 0.0, 0.0, 0.0, 0.0, 0.0, 0.0, 0.0, 0.0, 0.0]",Reserve/IR,False,Reserve/IR,4241374.0,0,0.0,,2026-10-02 01:47:18,,
676,129,00-0037348,Tanner Conner,TE,NE,BUF,0.0,2026_04_NE_BUF,2026-10-04 13:00:00,0.0,0.0,0.0,0.0,0.0,C,20,-1.8605082462296856,20.75,2,,False,,"https://static.www.nfl.com/image/upload/f_auto,q_auto/league/hya7vfgtuyx5k4tnhmic",1.8113434145079228,0.0,0.0,0.0,0.0,10.816796529721458,0.0585507992814483,0.0,0.0,0.0,0.0,0.0,0.0,27.75,"[0.0, 0.0, 0.0, 0.0, 0.0, 0.0, 0.0, 0.0, 0.0, 0.0, 0.0, 0.0, 0.0, 0.0, 0.0, 0.0, 0.0, 0.0, 0.0]",Practice squad,False,Practice squad,4047422.0,0,0.0,,2026-10-02 01:47:18,,
677,130,00-0036332,Josiah Deguara,TE,PHI,LA,1.0,2026_04_LA_PHI,2026-10-04 13:00:00,0.0,0.0,0.0,0.0,0.0,C,30,-4.527338198314378,19.5,2,,False,,"https://static.www.nfl.com/image/upload/f_auto,q_auto/league/wivlyvbmlm0aogcvl2yz",0.7882827911651314,0.0,0.0,0.0,0.0,3.5119845048850378,0.0243326702269024,0.0,0.0,0.0,0.0,0.0,0.0,23.0,"[0.0, 0.0, 0.0, 0.0, 0.0, 0.0, 0.0, 0.0, 0.0, 0.0, 0.0, 0.0, 0.0, 0.0, 0.0, 0.0, 0.0, 0.0, 0.0]",Practice squad,False,Practice squad,3914151.0,0,0.0,,2026-10-02 01:47:18,,
678,131,00-0037475,Stone Smartt,TE,NO,ATL,1.0,2026_04_ATL_NO,2026-10-05 20:15:00,0.0,0.0,0.0,0.0,0.0,C,12,2.6553933158997904,25.0,2,,False,,"https://static.www.nfl.com/image/upload/f_auto,q_auto/league/g8mtiyojkmj8vwzmg0ez",1.710731937812997,0.0,0.0,0.0,0.0,10.068136137287745,0.051734855597885,0.0,0.0,0.0,0.0,0.0,0.0,22.5,"[0.0, 0.0, 0.0, 0.0, 0.0, 0.0, 0.0, 0.0, 0.0, 0.0, 0.0, 0.0, 0.0, 0.0, 0.0, 0.0, 0.0, 0.0, 0.0]",Practice squad,False,Practice squad,4250764.0,0,0.0,,2026-10-02 01:47:18,,
679,132,00-0040509,Ben Yurosek,TE,MIN,MIA,1.0,2026_04_MIA_MIN,2026-10-04 16:05:00,0.0,0.0,0.0,0.0,0.0,C,6,3.998871188893524,24.5,2,,False,3.0,"https://static.www.nfl.com/image/upload/f_auto,q_auto/league/q6ea6dqd4nn27aeihiv7",0.5204614488714528,0.0,0.0,0.0,0.0,2.6318848832736226,0.0173487149623817,0.0,0.0,0.0,0.0,0.0,0.0,14.0,"[0.0, 0.0, 0.0, 0.0, 0.0, 0.0, 0.0, 0.0, 0.0, 0.0, 0.0, 0.0, 0.0, 0.0, 0.0, 0.0, 0.0, 0.0, 0.0]",Reserve/IR,False,Reserve/IR,4433959.0,0,0.0,,2026-10-02 01:47:18,,
680,133,00-0039305,Jack Westover,TE,WAS,IND,1.0,2026_04_IND_WAS,2026-10-04 09:30:00,0.0,0.0,0.0,0.0,0.0,C,8,3.4382524007819595,22.5,2,,False,,"https://static.www.nfl.com/image/upload/f_auto,q_auto/league/zpo5vbntn8b9hih2fi66",0.6345698701893817,0.0,0.0,0.0,0.0,1.88852390305627,0.025843760541624,0.0,0.0,0.0,0.0,0.0,0.0,26.0,"[0.0, 0.0, 0.0, 0.0, 0.0, 0.0, 0.0, 0.0, 0.0, 0.0, 0.0, 0.0, 0.0, 0.0, 0.0, 0.0, 0.0, 0.0, 0.0]",Practice squad,False,Practice squad,4361100.0,0,0.0,,2026-10-02 01:47:18,,
681,134,00-0039458,Brenden Bates,TE,JAX,CIN,0.0,2026_04_JAX_CIN,2026-10-04 13:00:00,0.0,0.0,0.0,0.0,0.0,C,4,5.4835202008067325,24.5,2,,False,,"https://static.www.nfl.com/image/upload/f_auto,q_auto/league/beeomv1jxgkwgqubgef9",0.984892131827057,0.0,0.0,0.0,0.0,9.368620724987888,0.0387744392367725,0.0,0.0,0.0,0.0,0.0,0.0,27.0,"[0.0, 0.0, 0.0, 0.0, 0.0, 0.0, 0.0, 0.0, 0.0, 0.0, 0.0, 0.0, 0.0, 0.0, 0.0, 0.0, 0.0, 0.0, 0.0]",Practice squad,False,Practice squad,4362603.0,0,0.0,,2026-10-02 01:47:18,,
682,135,00-0033439,Pharaoh Brown,TE,IND,WAS,0.0,2026_04_IND_WAS,2026-10-04 09:30:00,0.0,0.0,0.0,0.0,0.0,C,2,9.06898261031441,26.0,2,,False,,"https://static.www.nfl.com/image/upload/f_auto,q_auto/league/hfgg6gr7aiyzmdzh4iww",0.4329460136978165,0.0,0.0,0.0,0.0,0.2164730068489082,0.0113933161499425,0.0,0.0,0.0,0.0,0.0,0.0,22.5,"[0.0, 0.0, 0.0, 0.0, 0.0, 0.0, 0.0, 0.0, 0.0, 0.0, 0.0, 0.0, 0.0, 0.0, 0.0, 0.0, 0.0, 0.0, 0.0]",Practice squad,False,Practice squad,2971281.0,0,0.0,,2026-10-02 01:47:18,,
683,136,00-0037282,James Mitchell,TE,DAL,HOU,0.0,2026_04_DAL_HOU,2026-10-04 13:00:00,0.0,0.0,0.0,0.0,0.0,C,17,0.7362689755862672,22.75,2,,True,,"https://static.www.nfl.com/image/upload/f_auto,q_auto/league/q8b9goebgmuwusl6vqdc",1.3049045561723285,0.0,0.0,0.0,0.0,8.840885993468296,0.0411712342058706,0.0,0.0,0.0,0.0,0.0,0.0,25.75,"[0.0, 0.0, 0.0, 0.0, 0.0, 0.0, 0.0, 0.0, 0.0, 0.0, 0.0, 0.0, 0.0, 0.0, 0.0, 0.0, 0.0, 0.0, 0.0]",Practice squad,False,Practice squad,4361988.0,0,0.0,,2026-10-02 01:47:18,,
684,137,00-0037340,Zaire Mitchell-Paden,TE,HOU,DAL,1.0,2026_04_DAL_HOU,2026-10-04 13:00:00,0.0,0.0,0.0,0.0,0.0,C,10,3.189371098759531,25.75,2,,True,,"https://static.www.nfl.com/image/upload/f_auto,q_auto/league/kx728asxtg6ykmh1yblc",1.0,0.0,0.0,0.0,0.0,6.07382767504869,0.0414604359999917,0.0,0.0,0.0,0.0,0.0,0.0,22.75,"[0.0, 0.0, 0.0, 0.0, 0.0, 0.0, 0.0, 0.0, 0.0, 0.0, 0.0, 0.0, 0.0, 0.0, 0.0, 0.0, 0.0, 0.0, 0.0]",Practice squad,False,Practice squad,4876006.0,0,0.0,,2026-10-02 01:47:18,,
685,138,00-0039737,Tip Reiman,TE,ARI,NYG,0.0,2026_04_ARI_NYG,2026-10-04 13:00:00,0.0,0.0,0.0,0.0,0.0,C,15,0.9160404906024732,23.5,2,,True,4.0,"https://static.www.nfl.com/image/upload/f_auto,q_auto/league/yfi3fqch6kzqrcvuptal",1.6650015524615849,0.0,0.0,0.0,0.0,5.70905177156962,0.0519387429178048,0.0,0.0,0.0,0.0,0.0,0.0,21.0,"[0.0, 0.0, 0.0, 0.0, 0.0, 0.0, 0.0, 0.0, 0.0, 0.0, 0.0, 0.0, 0.0, 0.0, 0.0, 0.0, 0.0, 0.0, 0.0]",Reserve/IR,False,Reserve/IR,4696700.0,0,0.0,,2026-10-02 01:47:18,,
686,139,00-0040488,Carter Runyon,TE,LV,KC,1.0,2026_04_KC_LV,2026-10-04 16:25:00,0.0,0.0,0.0,0.0,0.0,C,9,3.3157034183401635,21.5,2,,True,4.0,"https://static.www.nfl.com/image/upload/f_auto,q_auto/league/q8knlo3npxhjxiyyx4h6",0.3049045561723282,0.0,0.0,0.0,0.0,0.9147136685169848,0.017935562127784,0.0,0.0,0.0,0.0,0.0,0.0,26.0,"[0.0, 0.0, 0.0, 0.0, 0.0, 0.0, 0.0, 0.0, 0.0, 0.0, 0.0, 0.0, 0.0, 0.0, 0.0, 0.0, 0.0, 0.0, 0.0]",Reserve/IR,False,Reserve/IR,5155825.0,0,0.0,,2026-10-02 01:47:18,,
687,140,00-0037031,Nikola Kalinic,TE,CHI,NYJ,1.0,2026_04_NYJ_CHI,2026-10-04 13:00:00,0.0,0.0,0.0,0.0,0.0,C,24,-2.716544703002372,23.5,2,,True,4.0,"https://static.www.nfl.com/image/upload/f_auto,q_auto/league/monk9ruop1ec5bfysiwl",0.0,0.0,0.0,0.0,0.0,0.0,0.0,0.0,0.0,0.0,0.0,0.0,0.0,20.0,"[0.0, 0.0, 0.0, 0.0, 0.0, 0.0, 0.0, 0.0, 0.0, 0.0, 0.0, 0.0, 0.0, 0.0, 0.0, 0.0, 0.0, 0.0, 0.0]",Reserve/IR,False,Reserve/IR,4916349.0,0,0.0,,2026-10-02 01:47:18,,
688,141,00-0037277,Teagan Quitoriano,TE,ARI,NYG,0.0,2026_04_ARI_NYG,2026-10-04 13:00:00,0.0,0.0,0.0,0.0,0.0,C,15,0.9160404906024732,23.5,2,,True,,"https://static.www.nfl.com/image/upload/f_auto,q_auto/league/adwepaexueevxdcqjhyf",0.0,0.0,0.0,0.0,0.0,0.0,0.0,0.0,0.0,0.0,0.0,0.0,0.0,21.0,"[0.0, 0.0, 0.0, 0.0, 0.0, 0.0, 0.0, 0.0, 0.0, 0.0, 0.0, 0.0, 0.0, 0.0, 0.0, 0.0, 0.0, 0.0, 0.0]",Practice squad,False,Practice squad,4374045.0,0,0.0,,2026-10-02 01:47:18,,
689,142,00-0037539,Lucas Krull,TE,DEN,SF,0.0,2026_04_DEN_SF,2026-10-04 16:25:00,0.0,0.0,0.0,0.0,0.0,C,29,-4.143640769161065,22.25,2,,True,,"https://static.www.nfl.com/image/upload/f_auto,q_auto/league/eolvpkk5jjmipuqmf5v6",2.0,0.0,0.0,0.0,0.0,7.564941926249085,0.0712175377731979,0.0,0.0,0.0,0.0,0.0,0.0,25.25,"[0.0, 0.0, 0.0, 0.0, 0.0, 0.0, 0.0, 0.0, 0.0, 0.0, 0.0, 0.0, 0.0, 0.0, 0.0, 0.0, 0.0, 0.0, 0.0]",Practice squad,False,Practice squad,4360231.0,0,0.0,,2026-10-02 01:47:18,,
690,143,00-0039631,Cam Grandy,TE,MIN,MIA,1.0,2026_04_MIA_MIN,2026-10-04 16:05:00,0.0,0.0,0.0,0.0,0.0,C,6,3.998871188893524,24.5,2,,True,,"https://static.www.nfl.com/image/upload/f_auto,q_auto/league/uay5dmniqx1baal3q3uu",1.0,0.0,0.0,0.0,0.0,3.3917634562515278,0.0352255129730167,0.0,0.0,0.0,0.0,0.0,0.0,14.0,"[0.0, 0.0, 0.0, 0.0, 0.0, 0.0, 0.0, 0.0, 0.0, 0.0, 0.0, 0.0, 0.0, 0.0, 0.0, 0.0, 0.0, 0.0, 0.0]",Practice squad,False,Practice squad,4700712.0,0,0.0,,2026-10-02 01:47:18,,
691,144,00-0036423,Albert Okwuegbunam,TE,LV,KC,1.0,2026_04_KC_LV,2026-10-04 16:25:00,0.0,0.0,0.0,0.0,0.0,C,9,3.3157034183401635,21.5,2,,True,,"https://static.www.nfl.com/image/upload/f_auto,q_auto/league/ivyip7mtbv6i0wbnlrph",6.0,0.0,0.0,0.0,0.0,36.0,0.1666666666666666,0.0,0.0,0.0,0.0,0.0,0.0,26.0,"[0.0, 0.0, 0.0, 0.0, 0.0, 0.0, 0.0, 0.0, 0.0, 0.0, 0.0, 0.0, 0.0, 0.0, 0.0, 0.0, 0.0, 0.0, 0.0]",Practice squad,False,Practice squad,4035115.0,0,0.0,,2026-10-02 01:47:18,,
692,145,00-0038394,Will Mallory,TE,IND,WAS,0.0,2026_04_IND_WAS,2026-10-04 09:30:00,0.0,0.0,0.0,0.0,0.0,C,2,9.06898261031441,26.0,2,,True,4.0,"https://static.www.nfl.com/image/upload/f_auto,q_auto/league/sl1pkiox1hucg9sxttfi",1.0,0.0,0.0,0.0,0.0,16.0,0.0344827586206896,0.0,0.0,0.0,0.0,0.0,0.0,22.5,"[0.0, 0.0, 0.0, 0.0, 0.0, 0.0, 0.0, 0.0, 0.0, 0.0, 0.0, 0.0, 0.0, 0.0, 0.0, 0.0, 0.0, 0.0, 0.0]",Reserve/IR,False,Reserve/IR,4362523.0,0,0.0,,2026-10-02 01:47:18,,
693,146,00-0038735,Princeton Fant,TE,DAL,HOU,0.0,2026_04_DAL_HOU,2026-10-04 13:00:00,0.0,0.0,0.0,0.0,0.0,C,17,0.7362689755862672,22.75,2,,True,4.0,"https://static.www.nfl.com/image/upload/f_auto,q_auto/league/dh67wj7xhek86nhyucig",0.0,0.0,0.0,0.0,0.0,0.0,0.0,0.0,0.0,0.0,0.0,0.0,0.0,25.75,"[0.0, 0.0, 0.0, 0.0, 0.0, 0.0, 0.0, 0.0, 0.0, 0.0, 0.0, 0.0, 0.0, 0.0, 0.0, 0.0, 0.0, 0.0, 0.0]",Reserve/IR,False,Reserve/IR,4242442.0,0,0.0,,2026-10-02 01:47:18,,
694,147,00-0040244,Moliki Matavao,TE,NO,ATL,1.0,2026_04_ATL_NO,2026-10-05 20:15:00,0.0,0.0,0.0,0.0,0.0,C,12,2.6553933158997904,25.0,2,,True,5.0,"https://static.www.nfl.com/image/upload/f_auto,q_auto/league/sloxqlvfyoufh2bb3zku",2.0,0.0,0.0,0.0,0.0,10.0,0.074074074074074,0.0,0.0,0.0,0.0,0.0,0.0,22.5,"[0.0, 0.0, 0.0, 0.0, 0.0, 0.0, 0.0, 0.0, 0.0, 0.0, 0.0, 0.0, 0.0, 0.0, 0.0, 0.0, 0.0, 0.0, 0.0]",Reserve/IR,False,Reserve/IR,4432731.0,0,0.0,,2026-10-02 01:47:18,,
695,148,00-0040628,Drake Dabney,TE,GB,TB,0.0,2026_04_GB_TB,2026-10-04 13:00:00,0.0,0.0,0.0,0.0,0.0,C,11,2.9505116831904474,21.0,2,,True,,"https://static.www.nfl.com/image/upload/f_auto,q_auto/league/olsiufbauh2x6pshrygm",2.0,0.0,0.0,0.0,0.0,3.0,0.2,0.0,0.0,0.0,0.0,0.0,0.0,17.5,"[0.0, 0.0, 0.0, 0.0, 0.0, 0.0, 0.0, 0.0, 0.0, 0.0, 0.0, 0.0, 0.0, 0.0, 0.0, 0.0, 0.0, 0.0, 0.0]",Practice squad,False,Practice squad,4429466.0,0,0.0,,2026-10-02 01:47:18,,
696,149,00-0041577,Connor Hulstein,TE,NYJ,CHI,0.0,2026_04_NYJ_CHI,2026-10-04 13:00:00,0.0,0.0,0.0,0.0,0.0,C,26,-3.493769087092728,20.0,2,,True,,,0.0,0.0,0.0,0.0,0.0,0.0,0.0,0.0,0.0,0.0,0.0,0.0,0.0,23.5,"[0.0, 0.0, 0.0, 0.0, 0.0, 0.0, 0.0, 0.0, 0.0, 0.0, 0.0, 0.0, 0.0, 0.0, 0.0, 0.0, 0.0, 0.0, 0.0]",Reserve/IR,False,Reserve/IR,,0,0.0,,2026-10-02 01:47:18,,
697,150,00-0040702,Mitch Van Vooren,TE,DAL,HOU,0.0,2026_04_DAL_HOU,2026-10-04 13:00:00,0.0,0.0,0.0,0.0,0.0,C,17,0.7362689755862672,22.75,2,,True,,,0.0,0.0,0.0,0.0,0.0,0.0,0.0,0.0,0.0,0.0,0.0,0.0,0.0,25.75,"[0.0, 0.0, 0.0, 0.0, 0.0, 0.0, 0.0, 0.0, 0.0, 0.0, 0.0, 0.0, 0.0, 0.0, 0.0, 0.0, 0.0, 0.0, 0.0]",Practice squad,False,Practice squad,,0,0.0,,2026-10-02 01:47:18,,
698,151,00-0039263,McCallan Castles,TE,GB,TB,0.0,2026_04_GB_TB,2026-10-04 13:00:00,0.0,0.0,0.0,0.0,0.0,C,11,2.9505116831904474,21.0,2,,True,,"https://static.www.nfl.com/image/upload/f_auto,q_auto/league/r3amk2t7xokcd4rsohns",0.0,0.0,0.0,0.0,0.0,0.0,0.0,0.0,0.0,0.0,0.0,0.0,0.0,17.5,"[0.0, 0.0, 0.0, 0.0, 0.0, 0.0, 0.0, 0.0, 0.0, 0.0, 0.0, 0.0, 0.0, 0.0, 0.0, 0.0, 0.0, 0.0, 0.0]",Reserve/IR,False,Reserve/IR,4372741.0,0,0.0,,2026-10-02 01:47:18,,
699,152,00-0040504,Bryson Nesbit,TE,MIN,MIA,1.0,2026_04_MIA_MIN,2026-10-04 16:05:00,0.0,0.0,0.0,0.0,0.0,C,6,3.998871188893524,24.5,2,,True,,"https://static.www.nfl.com/image/upload/f_auto,q_auto/league/xv1e25hi4dhzfzni0gui",0.0,0.0,0.0,0.0,0.0,0.0,0.0,0.0,0.0,0.0,0.0,0.0,0.0,14.0,"[0.0, 0.0, 0.0, 0.0, 0.0, 0.0, 0.0, 0.0, 0.0, 0.0, 0.0, 0.0, 0.0, 0.0, 0.0, 0.0, 0.0, 0.0, 0.0]",Reserve/IR,False,Reserve/IR,,0,0.0,,2026-10-02 01:47:18,,
700,153,00-0040552,Joshua Simon,TE,WAS,IND,1.0,2026_04_IND_WAS,2026-10-04 09:30:00,0.0,0.0,0.0,0.0,0.0,C,8,3.4382524007819595,22.5,2,,True,,"https://static.www.nfl.com/image/upload/f_auto,q_auto/league/odhcpm4qqmp9nn7b8j7v",0.0,0.0,0.0,0.0,0.0,0.0,0.0,0.0,0.0,0.0,0.0,0.0,0.0,26.0,"[0.0, 0.0, 0.0, 0.0, 0.0, 0.0, 0.0, 0.0, 0.0, 0.0, 0.0, 0.0, 0.0, 0.0, 0.0, 0.0, 0.0, 0.0, 0.0]",Practice squad,False,Practice squad,4430482.0,0,0.0,,2026-10-02 01:47:18,,
701,154,00-0037078,Cole Turner,TE,MIA,MIN,0.0,2026_04_MIA_MIN,2026-10-04 16:05:00,0.0,0.0,0.0,0.0,0.0,C,27,-3.9181069571404343,14.0,2,,True,5.0,"https://static.www.nfl.com/image/upload/f_auto,q_auto/league/tuoxojttzngaook6qbde",0.0,0.0,0.0,0.0,0.0,0.0,0.0,0.0,0.0,0.0,0.0,0.0,0.0,24.5,"[0.0, 0.0, 0.0, 0.0, 0.0, 0.0, 0.0, 0.0, 0.0, 0.0, 0.0, 0.0, 0.0, 0.0, 0.0, 0.0, 0.0, 0.0, 0.0]",Reserve/IR,False,Reserve/IR,4361438.0,0,0.0,,2026-10-02 01:47:18,,
702,155,00-0038145,Thomas Odukoya,TE,KC,LV,0.0,2026_04_KC_LV,2026-10-04 16:25:00,0.0,0.0,0.0,0.0,0.0,C,3,6.250448983019159,26.0,2,,True,,"https://static.www.nfl.com/image/upload/f_auto,q_auto/league/q1orevkdiqpclldhtauj",0.0,0.0,0.0,0.0,0.0,0.0,0.0,0.0,0.0,0.0,0.0,0.0,0.0,21.5,"[0.0, 0.0, 0.0, 0.0, 0.0, 0.0, 0.0, 0.0, 0.0, 0.0, 0.0, 0.0, 0.0, 0.0, 0.0, 0.0, 0.0, 0.0, 0.0]",Practice squad,False,Practice squad,,0,0.0,,2026-10-02 01:47:18,,
703,156,00-0035345,Chris Myarick,TE,LV,KC,1.0,2026_04_KC_LV,2026-10-04 16:25:00,0.0,0.0,0.0,0.0,0.0,C,9,3.3157034183401635,21.5,2,,True,,"https://static.www.nfl.com/image/upload/f_auto,q_auto/league/zyedrh1lvylrutfof4ld",0.0,0.0,0.0,0.0,0.0,0.0,0.0,0.0,0.0,0.0,0.0,0.0,0.0,26.0,"[0.0, 0.0, 0.0, 0.0, 0.0, 0.0, 0.0, 0.0, 0.0, 0.0, 0.0, 0.0, 0.0, 0.0, 0.0, 0.0, 0.0, 0.0, 0.0]",Practice squad,False,Practice squad,3138744.0,0,0.0,,2026-10-02 01:47:18,,
704,157,00-0039023,Joel Wilson,TE,TEN,BAL,0.0,2026_04_TEN_BAL,2026-10-04 13:00:00,0.0,0.0,0.0,0.0,0.0,C,21,-1.9123592934904867,15.5,2,,True,,"https://static.www.nfl.com/image/upload/f_auto,q_auto/league/cshaunf0zeexbjo7ofiv",0.0,0.0,0.0,0.0,0.0,0.0,0.0,0.0,0.0,0.0,0.0,0.0,0.0,27.0,"[0.0, 0.0, 0.0, 0.0, 0.0, 0.0, 0.0, 0.0, 0.0, 0.0, 0.0, 0.0, 0.0, 0.0, 0.0, 0.0, 0.0, 0.0, 0.0]",Practice squad,False,Practice squad,,0,0.0,,2026-10-02 01:47:18,,
705,158,00-0039550,Shawn Bowman,TE,ARI,NYG,0.0,2026_04_ARI_NYG,2026-10-04 13:00:00,0.0,0.0,0.0,0.0,0.0,C,15,0.9160404906024732,23.5,2,,True,,"https://static.www.nfl.com/image/upload/f_auto,q_auto/league/fsmfihfrlibes4ihhauy",0.0,0.0,0.0,0.0,0.0,0.0,0.0,0.0,0.0,0.0,0.0,0.0,0.0,21.0,"[0.0, 0.0, 0.0, 0.0, 0.0, 0.0, 0.0, 0.0, 0.0, 0.0, 0.0, 0.0, 0.0, 0.0, 0.0, 0.0, 0.0, 0.0, 0.0]",Practice squad,False,Practice squad,,0,0.0,,2026-10-02 01:47:18,,
706,159,00-0035039,Stephen Carlson,TE,CHI,NYJ,1.0,2026_04_NYJ_CHI,2026-10-04 13:00:00,0.0,0.0,0.0,0.0,0.0,C,24,-2.716544703002372,23.5,2,,True,,"https://static.www.nfl.com/image/upload/f_auto,q_auto/league/i54p7n9yfpyytifzv7rz",0.0,0.0,0.0,0.0,0.0,0.0,0.0,0.0,0.0,0.0,0.0,0.0,0.0,20.0,"[0.0, 0.0, 0.0, 0.0, 0.0, 0.0, 0.0, 0.0, 0.0, 0.0, 0.0, 0.0, 0.0, 0.0, 0.0, 0.0, 0.0, 0.0, 0.0]",Practice squad,False,Practice squad,3948283.0,0,0.0,,2026-10-02 01:47:18,,
707,160,00-0039843,Qadir Ismail,TE,CHI,NYJ,1.0,2026_04_NYJ_CHI,2026-10-04 13:00:00,0.0,0.0,0.0,0.0,0.0,C,24,-2.716544703002372,23.5,2,,True,,"https://static.www.nfl.com/image/upload/f_auto,q_auto/league/j8bnryrjhs5ojoxmeson",0.0,0.0,0.0,0.0,0.0,0.0,0.0,0.0,0.0,0.0,0.0,0.0,0.0,20.0,"[0.0, 0.0, 0.0, 0.0, 0.0, 0.0, 0.0, 0.0, 0.0, 0.0, 0.0, 0.0, 0.0, 0.0, 0.0, 0.0, 0.0, 0.0, 0.0]",Practice squad,False,Practice squad,,0,0.0,,2026-10-02 01:47:18,,
708,161,00-0039936,Thomas Yassmin,TE,GB,TB,0.0,2026_04_GB_TB,2026-10-04 13:00:00,0.0,0.0,0.0,0.0,0.0,C,11,2.9505116831904474,21.0,2,,True,6.0,"https://static.www.nfl.com/image/upload/f_auto,q_auto/league/dojmdkrk14lr14g8wr3o",0.0,0.0,0.0,0.0,0.0,0.0,0.0,0.0,0.0,0.0,0.0,0.0,0.0,17.5,"[0.0, 0.0, 0.0, 0.0, 0.0, 0.0, 0.0, 0.0, 0.0, 0.0, 0.0, 0.0, 0.0, 0.0, 0.0, 0.0, 0.0, 0.0, 0.0]",Reserve/IR,False,Reserve/IR,,0,0.0,,2026-10-02 01:47:18,,
709,162,00-0040094,Tre Watson,TE,MIA,MIN,0.0,2026_04_MIA_MIN,2026-10-04 16:05:00,0.0,0.0,0.0,0.0,0.0,C,27,-3.9181069571404343,14.0,2,,True,,"https://static.www.nfl.com/image/upload/f_auto,q_auto/league/ugdci6mdpfinji42u1om",0.0,0.0,0.0,0.0,0.0,0.0,0.0,0.0,0.0,0.0,0.0,0.0,0.0,24.5,"[0.0, 0.0, 0.0, 0.0, 0.0, 0.0, 0.0, 0.0, 0.0, 0.0, 0.0, 0.0, 0.0, 0.0, 0.0, 0.0, 0.0, 0.0, 0.0]",Practice squad,False,Practice squad,,0,0.0,,2026-10-02 01:47:18,,
710,163,00-0040240,Caleb Lohner,TE,DEN,SF,0.0,2026_04_DEN_SF,2026-10-04 16:25:00,0.0,0.0,0.0,0.0,0.0,C,29,-4.143640769161065,22.25,2,,True,5.0,"https://static.www.nfl.com/image/upload/f_auto,q_auto/league/larx1n07ooq73y5gy3av",0.0,0.0,0.0,0.0,0.0,0.0,0.0,0.0,0.0,0.0,0.0,0.0,0.0,25.25,"[0.0, 0.0, 0.0, 0.0, 0.0, 0.0, 0.0, 0.0, 0.0, 0.0, 0.0, 0.0, 0.0, 0.0, 0.0, 0.0, 0.0, 0.0, 0.0]",Reserve/IR,False,Reserve/IR,4432208.0,0,0.0,,2026-10-02 01:47:18,,
711,164,00-0040331,Patrick Herbert,TE,LAC,SEA,0.0,2026_04_LAC_SEA,2026-10-04 16:25:00,0.0,0.0,0.0,0.0,0.0,C,25,-3.2872262026235277,17.75,2,,True,,"https://static.www.nfl.com/image/upload/f_auto,q_auto/league/ozp6mlkzvpqbvuldsm32",0.0,0.0,0.0,0.0,0.0,0.0,0.0,0.0,0.0,0.0,0.0,0.0,0.0,24.75,"[0.0, 0.0, 0.0, 0.0, 0.0, 0.0, 0.0, 0.0, 0.0, 0.0, 0.0, 0.0, 0.0, 0.0, 0.0, 0.0, 0.0, 0.0, 0.0]",Practice squad,False,Practice squad,,0,0.0,,2026-10-02 01:47:18,,
712,165,00-0040566,CJ Dippre,TE,TB,GB,1.0,2026_04_GB_TB,2026-10-04 13:00:00,0.0,0.0,0.0,0.0,0.0,C,14,1.4394009105648635,17.5,2,,True,,"https://static.www.nfl.com/image/upload/f_auto,q_auto/league/azvsbbacjbgiyr3hmgdi",0.0,0.0,0.0,0.0,0.0,0.0,0.0,0.0,0.0,0.0,0.0,0.0,0.0,21.0,"[0.0, 0.0, 0.0, 0.0, 0.0, 0.0, 0.0, 0.0, 0.0, 0.0, 0.0, 0.0, 0.0, 0.0, 0.0, 0.0, 0.0, 0.0, 0.0]",Practice squad,False,Practice squad,4596545.0,0,0.0,,2026-10-02 01:47:18,,
713,166,00-0040697,Thomas Gordon,TE,DET,CAR,0.0,2026_04_DET_CAR,2026-10-04 20:20:00,0.0,0.0,0.0,0.0,0.0,C,16,0.8079696650337357,27.0,2,,True,,"https://static.www.nfl.com/image/upload/f_auto,q_auto/league/xjwwmrgezlioppxjmkod",0.0,0.0,0.0,0.0,0.0,0.0,0.0,0.0,0.0,0.0,0.0,0.0,0.0,23.5,"[0.0, 0.0, 0.0, 0.0, 0.0, 0.0, 0.0, 0.0, 0.0, 0.0, 0.0, 0.0, 0.0, 0.0, 0.0, 0.0, 0.0, 0.0, 0.0]",Practice squad,False,Practice squad,,0,0.0,,2026-10-02 01:47:18,,
714,167,00-0040853,Carson Towt,TE,IND,WAS,0.0,2026_04_IND_WAS,2026-10-04 09:30:00,0.0,0.0,0.0,0.0,0.0,C,2,9.06898261031441,26.0,2,,True,5.0,"https://static.www.nfl.com/image/upload/f_auto,q_auto/league/nwppu7wrirz6adoxgzij",0.0,0.0,0.0,0.0,0.0,0.0,0.0,0.0,0.0,0.0,0.0,0.0,0.0,22.5,"[0.0, 0.0, 0.0, 0.0, 0.0, 0.0, 0.0, 0.0, 0.0, 0.0, 0.0, 0.0, 0.0, 0.0, 0.0, 0.0, 0.0, 0.0, 0.0]",Reserve/IR,False,Reserve/IR,,0,0.0,,2026-10-02 01:47:18,,
715,168,00-0040901,Jaren Kanak,TE,TEN,BAL,0.0,2026_04_TEN_BAL,2026-10-04 13:00:00,0.0,0.0,0.0,0.0,0.0,C,21,-1.9123592934904867,15.5,2,,True,5.0,"https://static.www.nfl.com/image/upload/f_auto,q_auto/league/nbrbfq68ghrvt2dsieej",0.0,0.0,0.0,0.0,0.0,0.0,0.0,0.0,0.0,0.0,0.0,0.0,0.0,27.0,"[0.0, 0.0, 0.0, 0.0, 0.0, 0.0, 0.0, 0.0, 0.0, 0.0, 0.0, 0.0, 0.0, 0.0, 0.0, 0.0, 0.0, 0.0, 0.0]",Reserve/IR,False,Reserve/IR,4877034.0,0,0.0,,2026-10-02 01:47:18,,
716,169,00-0040938,DJ Rogers,TE,DAL,HOU,0.0,2026_04_DAL_HOU,2026-10-04 13:00:00,0.0,0.0,0.0,0.0,0.0,C,17,0.7362689755862672,22.75,2,,True,5.0,"https://static.www.nfl.com/image/upload/f_auto,q_auto/league/wzblmzyldhnpb4kvraci",0.0,0.0,0.0,0.0,0.0,0.0,0.0,0.0,0.0,0.0,0.0,0.0,0.0,25.75,"[0.0, 0.0, 0.0, 0.0, 0.0, 0.0, 0.0, 0.0, 0.0, 0.0, 0.0, 0.0, 0.0, 0.0, 0.0, 0.0, 0.0, 0.0, 0.0]",Reserve/IR,False,Reserve/IR,,0,0.0,,2026-10-02 01:47:18,,
717,170,00-0040939,Michael Trigg,TE,DAL,HOU,0.0,2026_04_DAL_HOU,2026-10-04 13:00:00,0.0,0.0,0.0,0.0,0.0,C,17,0.7362689755862672,22.75,2,,True,,"https://static.www.nfl.com/image/upload/f_auto,q_auto/league/raym87favdz33uhkgvv2",0.0,0.0,0.0,0.0,0.0,0.0,0.0,0.0,0.0,0.0,0.0,0.0,0.0,25.75,"[0.0, 0.0, 0.0, 0.0, 0.0, 0.0, 0.0, 0.0, 0.0, 0.0, 0.0, 0.0, 0.0, 0.0, 0.0, 0.0, 0.0, 0.0, 0.0]",Practice squad,False,Practice squad,4594749.0,0,0.0,,2026-10-02 01:47:18,,
718,171,00-0040955,John Michael Gyllenborg,TE,KC,LV,0.0,2026_04_KC_LV,2026-10-04 16:25:00,0.0,0.0,0.0,0.0,0.0,C,3,6.250448983019159,26.0,2,,True,5.0,,0.0,0.0,0.0,0.0,0.0,0.0,0.0,0.0,0.0,0.0,0.0,0.0,0.0,21.5,"[0.0, 0.0, 0.0, 0.0, 0.0, 0.0, 0.0, 0.0, 0.0, 0.0, 0.0, 0.0, 0.0, 0.0, 0.0, 0.0, 0.0, 0.0, 0.0]",Reserve/IR,False,Reserve/IR,4708490.0,0,0.0,,2026-10-02 01:47:18,,
719,172,00-0041016,Patrick Gurd,TE,LV,KC,1.0,2026_04_KC_LV,2026-10-04 16:25:00,0.0,0.0,0.0,0.0,0.0,C,9,3.3157034183401635,21.5,2,,True,,"https://static.www.nfl.com/image/upload/f_auto,q_auto/league/agjazc5duhqepvcd82yf",0.0,0.0,0.0,0.0,0.0,0.0,0.0,0.0,0.0,0.0,0.0,0.0,0.0,26.0,"[0.0, 0.0, 0.0, 0.0, 0.0, 0.0, 0.0, 0.0, 0.0, 0.0, 0.0, 0.0, 0.0, 0.0, 0.0, 0.0, 0.0, 0.0, 0.0]",Practice squad,False,Practice squad,,0,0.0,,2026-10-02 01:47:18,,
720,173,00-0041170,Hayden Large,TE,CHI,NYJ,1.0,2026_04_NYJ_CHI,2026-10-04 13:00:00,0.0,0.0,0.0,0.0,0.0,C,24,-2.716544703002372,23.5,2,,True,5.0,"https://static.www.nfl.com/image/upload/f_auto,q_auto/league/gbhffvvzh3nnzpno5hhw",0.0,0.0,0.0,0.0,0.0,0.0,0.0,0.0,0.0,0.0,0.0,0.0,0.0,20.0,"[0.0, 0.0, 0.0, 0.0, 0.0, 0.0, 0.0, 0.0, 0.0, 0.0, 0.0, 0.0, 0.0, 0.0, 0.0, 0.0, 0.0, 0.0, 0.0]",Reserve/IR,False,Reserve/IR,,0,0.0,,2026-10-02 01:47:18,,
721,174,00-0041195,Jack Velling,TE,ATL,NO,0.0,2026_04_ATL_NO,2026-10-05 20:15:00,0.0,0.0,0.0,0.0,0.0,C,5,5.168305531266417,22.5,2,,True,,"https://static.www.nfl.com/image/upload/f_auto,q_auto/league/wotouog19khzog4kfwmq",0.0,0.0,0.0,0.0,0.0,0.0,0.0,0.0,0.0,0.0,0.0,0.0,0.0,25.0,"[0.0, 0.0, 0.0, 0.0, 0.0, 0.0, 0.0, 0.0, 0.0, 0.0, 0.0, 0.0, 0.0, 0.0, 0.0, 0.0, 0.0, 0.0, 0.0]",Practice squad,False,Practice squad,,0,0.0,,2026-10-02 01:47:18,,
722,175,00-0041252,Kenny Fletcher Jr.,TE,IND,WAS,0.0,2026_04_IND_WAS,2026-10-04 09:30:00,0.0,0.0,0.0,0.0,0.0,C,2,9.06898261031441,26.0,2,,True,,"https://static.www.nfl.com/image/upload/f_auto,q_auto/league/bkvuyl1uu3e21tet01iz",0.0,0.0,0.0,0.0,0.0,0.0,0.0,0.0,0.0,0.0,0.0,0.0,0.0,22.5,"[0.0, 0.0, 0.0, 0.0, 0.0, 0.0, 0.0, 0.0, 0.0, 0.0, 0.0, 0.0, 0.0, 0.0, 0.0, 0.0, 0.0, 0.0, 0.0]",Practice squad,False,Practice squad,,0,0.0,,2026-10-02 01:47:18,,
723,176,00-0041327,Cody Hardy,TE,NYJ,CHI,0.0,2026_04_NYJ_CHI,2026-10-04 13:00:00,0.0,0.0,0.0,0.0,0.0,C,26,-3.493769087092728,20.0,2,,True,,"https://static.www.nfl.com/image/upload/f_auto,q_auto/league/e7ryku3lwro60d4ugp9f",0.0,0.0,0.0,0.0,0.0,0.0,0.0,0.0,0.0,0.0,0.0,0.0,0.0,23.5,"[0.0, 0.0, 0.0, 0.0, 0.0, 0.0, 0.0, 0.0, 0.0, 0.0, 0.0, 0.0, 0.0, 0.0, 0.0, 0.0, 0.0, 0.0, 0.0]",Practice squad,False,Practice squad,,0,0.0,,2026-10-02 01:47:18,,
724,177,00-0032394,Nick Vannett,TE,BAL,TEN,1.0,2026_04_TEN_BAL,2026-10-04 13:00:00,0.0,0.0,0.0,0.0,0.0,C,32,-5.843021876623996,27.0,2,,True,,"https://static.www.nfl.com/image/upload/f_auto,q_auto/league/srrlkx2mydsb8gfco6fp",0.0,0.0,0.0,0.0,0.0,0.0,0.0,0.0,0.0,0.0,0.0,0.0,0.0,15.5,"[0.0, 0.0, 0.0, 0.0, 0.0, 0.0, 0.0, 0.0, 0.0, 0.0, 0.0, 0.0, 0.0, 0.0, 0.0, 0.0, 0.0, 0.0, 0.0]",Practice squad,False,Practice squad,2576399.0,0,0.0,,2026-10-02 01:47:18,,
725,178,00-0041366,Jameson Geers,TE,ARI,NYG,0.0,2026_04_ARI_NYG,2026-10-04 13:00:00,0.0,0.0,0.0,0.0,0.0,C,15,0.9160404906024732,23.5,2,,True,5.0,"https://static.www.nfl.com/image/upload/f_auto,q_auto/league/c8jeabzy38oouigdr214",0.0,0.0,0.0,0.0,0.0,0.0,0.0,0.0,0.0,0.0,0.0,0.0,0.0,21.0,"[0.0, 0.0, 0.0, 0.0, 0.0, 0.0, 0.0, 0.0, 0.0, 0.0, 0.0, 0.0, 0.0, 0.0, 0.0, 0.0, 0.0, 0.0, 0.0]",Reserve/IR,False,Reserve/IR,,0,0.0,,2026-10-02 01:47:18,,
726,179,00-0041357,Khalil Dinkins,TE,SF,DEN,1.0,2026_04_DEN_SF,2026-10-04 16:25:00,0.0,0.0,0.0,0.0,0.0,C,18,0.3478976433820792,25.25,2,,True,,"https://static.www.nfl.com/image/upload/f_auto,q_auto/league/txukjdrzl6um3k3t0t31",0.0,0.0,0.0,0.0,0.0,0.0,0.0,0.0,0.0,0.0,0.0,0.0,0.0,22.25,"[0.0, 0.0, 0.0, 0.0, 0.0, 0.0, 0.0, 0.0, 0.0, 0.0, 0.0, 0.0, 0.0, 0.0, 0.0, 0.0, 0.0, 0.0, 0.0]",Practice squad,False,Practice squad,4699678.0,0,0.0,,2026-10-02 01:47:18,,
727,180,00-0041384,Evan Svoboda,TE,LAC,SEA,0.0,2026_04_LAC_SEA,2026-10-04 16:25:00,0.0,0.0,0.0,0.0,0.0,C,25,-3.2872262026235277,17.75,2,,True,,"https://static.www.nfl.com/image/upload/f_auto,q_auto/league/oiypi2ljtijzyh5mpi3f",0.0,0.0,0.0,0.0,0.0,0.0,0.0,0.0,0.0,0.0,0.0,0.0,0.0,24.75,"[0.0, 0.0, 0.0, 0.0, 0.0, 0.0, 0.0, 0.0, 0.0, 0.0, 0.0, 0.0, 0.0, 0.0, 0.0, 0.0, 0.0, 0.0, 0.0]",Practice squad,False,Practice squad,,0,0.0,,2026-10-02 01:47:18,,
728,181,00-0041422,Dan Villari,TE,LA,PHI,0.0,2026_04_LA_PHI,2026-10-04 13:00:00,0.0,0.0,0.0,0.0,0.0,C,28,-3.9300048215336423,23.0,2,,True,,"https://static.www.nfl.com/image/upload/f_auto,q_auto/league/q6dostpr0u6fu0yygyua",0.0,0.0,0.0,0.0,0.0,0.0,0.0,0.0,0.0,0.0,0.0,0.0,0.0,19.5,"[0.0, 0.0, 0.0, 0.0, 0.0, 0.0, 0.0, 0.0, 0.0, 0.0, 0.0, 0.0, 0.0, 0.0, 0.0, 0.0, 0.0, 0.0, 0.0]",Practice squad,False,Practice squad,4608858.0,0,0.0,,2026-10-02 01:47:18,,
729,182,00-0041483,Eli Stowers,TE,PHI,LA,1.0,2026_04_LA_PHI,2026-10-04 13:00:00,0.0,0.0,0.0,0.0,0.0,C,30,-4.527338198314378,19.5,2,,True,6.0,"https://static.www.nfl.com/image/upload/f_auto,q_auto/league/c9rjqit3q5tm9hzkm5ay",0.0,0.0,0.0,0.0,0.0,0.0,0.0,0.0,0.0,0.0,0.0,0.0,0.0,23.0,"[0.0, 0.0, 0.0, 0.0, 0.0, 0.0, 0.0, 0.0, 0.0, 0.0, 0.0, 0.0, 0.0, 0.0, 0.0, 0.0, 0.0, 0.0, 0.0]",Reserve/IR,False,Reserve/IR,4431574.0,0,0.0,,2026-10-02 01:47:18,,
730,183,00-0041457,Miles Kitselman,TE,DET,CAR,0.0,2026_04_DET_CAR,2026-10-04 20:20:00,0.0,0.0,0.0,0.0,0.0,C,16,0.8079696650337357,27.0,2,,True,,"https://static.www.nfl.com/image/upload/f_auto,q_auto/league/npc4ce01nogkxzcuqyol",0.0,0.0,0.0,0.0,0.0,0.0,0.0,0.0,0.0,0.0,0.0,0.0,0.0,23.5,"[0.0, 0.0, 0.0, 0.0, 0.0, 0.0, 0.0, 0.0, 0.0, 0.0, 0.0, 0.0, 0.0, 0.0, 0.0, 0.0, 0.0, 0.0, 0.0]",Practice squad,False,Practice squad,,0,0.0,,2026-10-02 01:47:18,,
731,184,00-0040130,Jayden Higgins,WR,HOU,DAL,1.0,2026_04_DAL_HOU,2026-10-04 13:00:00,0.0,0.0,0.0,0.0,0.0,C,23,0.0416695941580412,25.75,3,,False,7.0,"https://static.www.nfl.com/image/upload/f_auto,q_auto/league/s3zuo0ysm9ncxr9o4420",4.815615585169176,0.0,0.0,0.0,0.0,36.82127573088946,0.1429099164100093,0.0,0.0,0.0,0.0,0.0,0.0,22.75,"[0.0, 0.0, 0.0, 0.0, 0.0, 0.0, 0.0, 0.0, 0.0, 0.0, 0.0, 0.0, 0.0, 0.0, 0.0, 0.0, 0.0, 0.0, 0.0]",Reserve/IR,False,Reserve/IR,4877706.0,0,0.0,,2026-10-02 01:47:18,,
732,185,00-0032775,Demarcus Robinson,WR,SF,DEN,1.0,2026_04_DEN_SF,2026-10-04 16:25:00,0.0,0.0,0.0,0.0,0.0,C,24,-1.096528818996405,25.25,3,,False,7.0,"https://static.www.nfl.com/image/upload/f_auto,q_auto/league/cokassoz2z7hb4wk2krh",2.866788543771193,0.0308159763443435,0.0,0.0,0.1848958580660613,34.86408463571725,0.1033201401444162,0.0,0.0,0.0,0.0,0.0,0.0,22.25,"[0.0, 0.0, 0.0, 0.0, 0.0, 0.0, 0.0, 0.0, 0.0, 0.0, 0.0, 0.0, 0.0, 0.0, 0.0, 0.0, 0.0, 0.0, 0.0]",Reserve/IR,False,Reserve/IR,3043116.0,2,19.4,9.7,2026-10-02 01:47:18,,
733,186,00-0037664,Alec Pierce,WR,IND,WAS,0.0,2026_04_IND_WAS,2026-10-04 09:30:00,0.0,0.0,0.0,0.0,0.0,C,1,8.39903555817399,26.0,3,,False,8.0,"https://static.www.nfl.com/image/upload/f_auto,q_auto/league/qcg9t51wgp3hicavmkmy",4.375815474303911,0.0,0.0,0.0,0.0,49.86446594752714,0.1424434213238873,0.0,0.0,0.0,0.0,0.0,0.0,22.5,"[0.0, 0.0, 0.0, 0.0, 0.0, 0.0, 0.0, 0.0, 0.0, 0.0, 0.0, 0.0, 0.0, 0.0, 0.0, 0.0, 0.0, 0.0, 0.0]",Reserve/IR,False,Reserve/IR,4360078.0,2,12.2,6.1,2026-10-02 01:47:18,,
734,187,00-0035676,A.J. Brown,WR,NE,BUF,0.0,2026_04_NE_BUF,2026-10-04 13:00:00,0.0,0.0,0.0,0.0,0.0,C,9,3.373866734524467,20.75,3,,False,6.0,"https://static.www.nfl.com/image/upload/f_auto,q_auto/league/qfhvjyssf0lwsh0kienp",6.93290299520897,0.0,0.0,0.0,0.0,54.74054122425088,0.2376419774270636,0.0,0.0,0.0,0.0,0.0,0.0,27.75,"[0.0, 0.0, 0.0, 0.0, 0.0, 0.0, 0.0, 0.0, 0.0, 0.0, 0.0, 0.0, 0.0, 0.0, 0.0, 0.0, 0.0, 0.0, 0.0]",Reserve/IR,False,Reserve/IR,4047646.0,1,5.6,5.6,2026-10-02 01:47:18,,
735,188,00-0038619,Andrei Iosivas,WR,CIN,JAX,1.0,2026_04_JAX_CIN,2026-10-04 13:00:00,0.0,0.0,0.0,0.0,0.0,C,20,0.2035480746471811,27.0,3,,False,6.0,"https://static.www.nfl.com/image/upload/f_auto,q_auto/league/xhrvbt81iohroyftuyj2",2.7511281105310794,0.074585381467309,0.0,0.0,0.3466424857767702,17.60139748595101,0.0774418500123551,0.0,0.0,0.0,0.0,0.0,0.0,24.5,"[0.0, 0.0, 0.0, 0.0, 0.0, 0.0, 0.0, 0.0, 0.0, 0.0, 0.0, 0.0, 0.0, 0.0, 0.0, 0.0, 0.0, 0.0, 0.0]",Reserve/IR,False,Reserve/IR,4368003.0,2,4.9,2.4,2026-10-02 01:47:18,,
736,189,00-0035645,Gunner Olszewski,WR,NYG,ARI,1.0,2026_04_ARI_NYG,2026-10-04 13:00:00,0.0,0.0,0.0,0.0,0.0,C,4,6.193341336579187,21.0,3,,False,7.0,"https://static.www.nfl.com/image/upload/f_auto,q_auto/league/q6fs5e2eotgeh47xeo74",1.289365983705344,0.0,0.1889106142084952,2.5822281698858784,0.0,14.663633754899738,0.0406207371112702,0.0,0.0,0.0,0.0,0.0,0.0,23.5,"[0.0, 0.0, 0.0, 0.0, 0.0, 0.0, 0.0, 0.0, 0.0, 0.0, 0.0, 0.0, 0.0, 0.0, 0.0, 0.0, 0.0, 0.0, 0.0]",Reserve/IR,False,Reserve/IR,4424106.0,0,0.0,,2026-10-02 01:47:18,,
737,190,00-0040729,Jack Bech,WR,LV,KC,1.0,2026_04_KC_LV,2026-10-04 16:25:00,0.0,0.0,0.0,0.0,0.0,C,30,-5.912287602291773,21.5,3,,False,6.0,"https://static.www.nfl.com/image/upload/f_auto,q_auto/league/feplgtl0x1svqen9szwv",2.6613722142545844,0.0,0.0,0.0,0.0,21.129396178257142,0.0967111161189807,0.0,0.0,0.0,0.0,0.0,0.0,26.0,"[0.0, 0.0, 0.0, 0.0, 0.0, 0.0, 0.0, 0.0, 0.0, 0.0, 0.0, 0.0, 0.0, 0.0, 0.0, 0.0, 0.0, 0.0, 0.0]",Reserve/IR,False,Reserve/IR,4603186.0,2,15.8,7.9,2026-10-02 01:47:18,,
738,191,00-0037837,Calvin Austin III,WR,NYG,ARI,1.0,2026_04_ARI_NYG,2026-10-04 13:00:00,0.0,0.0,0.0,0.0,0.0,C,4,6.193341336579187,21.0,3,,False,6.0,"https://static.www.nfl.com/image/private/f_auto,q_auto/league/qlt6ztqcbu0uzad6aavt",3.954101500035865,0.0,0.0,0.0,0.0,22.893778172657097,0.1264056164740159,0.0,0.0,0.0,0.0,0.0,0.0,23.5,"[0.0, 0.0, 0.0, 0.0, 0.0, 0.0, 0.0, 0.0, 0.0, 0.0, 0.0, 0.0, 0.0, 0.0, 0.0, 0.0, 0.0, 0.0, 0.0]",Reserve/IR,False,Reserve/IR,4243389.0,0,0.0,,2026-10-02 01:47:18,,
739,192,00-0040582,Arian Smith,WR,NYJ,CHI,0.0,2026_04_NYJ_CHI,2026-10-04 13:00:00,0.0,0.0,0.0,0.0,0.0,C,25,-1.4107067457910378,20.0,3,,False,8.0,"https://static.www.nfl.com/image/upload/f_auto,q_auto/league/asywvwrn6zhlidxothqn",0.8156150288793699,0.1489622838366082,0.0,0.0,0.6646745260104853,1.5545348093536655,0.0315661597752352,0.0,0.0,0.0,0.0,0.0,0.0,23.5,"[0.0, 0.0, 0.0, 0.0, 0.0, 0.0, 0.0, 0.0, 0.0, 0.0, 0.0, 0.0, 0.0, 0.0, 0.0, 0.0, 0.0, 0.0, 0.0]",Reserve/IR,False,Reserve/IR,4429105.0,2,0.0,0.0,2026-10-02 01:47:18,,
740,193,00-0031236,Brandin Cooks,WR,SF,DEN,1.0,2026_04_DEN_SF,2026-10-04 16:25:00,0.0,0.0,0.0,0.0,0.0,C,24,-1.096528818996405,25.25,3,,False,,"https://static.www.nfl.com/image/upload/f_auto,q_auto/league/krz3gv9jjs92arlctvqf",3.3846152385054027,0.0,0.0,0.0,0.0,26.747390092394035,0.1036644457780894,0.0,0.0,0.0,0.0,0.0,0.0,22.25,"[0.0, 0.0, 0.0, 0.0, 0.0, 0.0, 0.0, 0.0, 0.0, 0.0, 0.0, 0.0, 0.0, 0.0, 0.0, 0.0, 0.0, 0.0, 0.0]",Practice squad,False,Practice squad,16731.0,0,0.0,,2026-10-02 01:47:18,,
741,194,00-0036415,Van Jefferson,WR,WAS,IND,1.0,2026_04_IND_WAS,2026-10-04 09:30:00,0.0,0.0,0.0,0.0,0.0,C,3,7.822986345821431,22.5,3,,False,,"https://static.www.nfl.com/image/upload/f_auto,q_auto/league/inwxk1xlvzculj8m3pah",3.742589994687066,0.0,0.0,0.0,0.0,26.550959013059032,0.1225733285270977,0.0,0.0,0.0,0.0,0.0,0.0,26.0,"[0.0, 0.0, 0.0, 0.0, 0.0, 0.0, 0.0, 0.0, 0.0, 0.0, 0.0, 0.0, 0.0, 0.0, 0.0, 0.0, 0.0, 0.0, 0.0]",Practice squad,False,Practice squad,3930066.0,0,0.0,,2026-10-02 01:47:18,,
742,195,00-0033375,Tim Patrick,WR,NYJ,CHI,0.0,2026_04_NYJ_CHI,2026-10-04 13:00:00,0.0,0.0,0.0,0.0,0.0,C,25,-1.4107067457910378,20.0,3,,False,6.0,"https://static.www.nfl.com/image/upload/f_auto,q_auto/league/hw06t7n00cfpt7euljza",1.8214702618472776,0.0,0.0,0.0,0.0,13.409609733838185,0.0611011738109475,0.0,0.0,0.0,0.0,0.0,0.0,23.5,"[0.0, 0.0, 0.0, 0.0, 0.0, 0.0, 0.0, 0.0, 0.0, 0.0, 0.0, 0.0, 0.0, 0.0, 0.0, 0.0, 0.0, 0.0, 0.0]",Reserve/IR,False,Reserve/IR,3134353.0,0,0.0,,2026-10-02 01:47:18,,
743,196,00-0032385,Sterling Shepard,WR,NYJ,CHI,0.0,2026_04_NYJ_CHI,2026-10-04 13:00:00,0.0,0.0,0.0,0.0,0.0,C,25,-1.4107067457910378,20.0,3,,False,,"https://static.www.nfl.com/image/upload/f_auto,q_auto/league/l47czwi8aaznnit0se5h",2.8871467857230493,0.2019107464749544,0.0,0.0,1.1125803567578028,17.736400566969316,0.0894161247155291,0.0,0.0,0.0,0.0,0.0,0.0,23.5,"[0.0, 0.0, 0.0, 0.0, 0.0, 0.0, 0.0, 0.0, 0.0, 0.0, 0.0, 0.0, 0.0, 0.0, 0.0, 0.0, 0.0, 0.0, 0.0]",Practice squad,False,Practice squad,2976592.0,1,3.3,3.3,2026-10-02 01:47:18,,
744,197,00-0036182,Nick Westbrook-Ikhine,WR,IND,WAS,0.0,2026_04_IND_WAS,2026-10-04 09:30:00,0.0,0.0,0.0,0.0,0.0,C,1,8.39903555817399,26.0,3,,False,,"https://static.www.nfl.com/image/upload/f_auto,q_auto/league/cyczwxlgfksrmurbb1ez",1.3515450701820069,0.0,0.0,0.0,0.0,5.958311773304733,0.0456583135238331,0.0,0.0,0.0,0.0,0.0,0.0,22.5,"[0.0, 0.0, 0.0, 0.0, 0.0, 0.0, 0.0, 0.0, 0.0, 0.0, 0.0, 0.0, 0.0, 0.0, 0.0, 0.0, 0.0, 0.0, 0.0]",Practice squad,False,Practice squad,3929785.0,0,0.0,,2026-10-02 01:47:18,,
745,198,00-0040259,Gage Larvadain,WR,BAL,TEN,1.0,2026_04_TEN_BAL,2026-10-04 13:00:00,0.0,0.0,0.0,0.0,0.0,C,7,5.018187571258456,27.0,3,,False,,"https://static.www.nfl.com/image/upload/f_auto,q_auto/league/sivfugvzbbxrgkvxr5cb",0.9968384464811618,0.0563101077347488,0.0,0.0,0.1689303232042465,5.194087728421093,0.0326139416908425,0.0,0.0,0.0,0.0,0.0,0.0,15.5,"[0.0, 0.0, 0.0, 0.0, 0.0, 0.0, 0.0, 0.0, 0.0, 0.0, 0.0, 0.0, 0.0, 0.0, 0.0, 0.0, 0.0, 0.0, 0.0]",Practice squad,False,Practice squad,4877203.0,0,0.0,,2026-10-02 01:47:18,,
746,199,00-0034775,Christian Kirk,WR,SF,DEN,1.0,2026_04_DEN_SF,2026-10-04 16:25:00,0.0,0.0,0.0,0.0,0.0,C,24,-1.096528818996405,25.25,3,,False,6.0,"https://static.www.nfl.com/image/upload/f_auto,q_auto/league/ffp75mtwnqgrv0qz0txz",5.187658886833779,0.0,0.0,0.0,0.0,33.48013655665445,0.1564158924811998,0.0,0.0,0.0,0.0,0.0,0.0,22.25,"[0.0, 0.0, 0.0, 0.0, 0.0, 0.0, 0.0, 0.0, 0.0, 0.0, 0.0, 0.0, 0.0, 0.0, 0.0, 0.0, 0.0, 0.0, 0.0]",Reserve/IR,False,Reserve/IR,3895856.0,0,0.0,,2026-10-02 01:47:18,,
747,200,00-0038679,Tyrell Shavers,WR,BUF,NE,1.0,2026_04_NE_BUF,2026-10-04 13:00:00,0.0,0.0,0.0,0.0,0.0,C,16,1.298295902273489,27.75,3,,False,7.0,"https://static.www.nfl.com/image/upload/f_auto,q_auto/league/r9nabownt8mbqlj730su",2.159580216172417,0.0,0.0,0.0,0.0,23.775545912956645,0.0775812943421809,0.0,0.0,0.0,0.0,0.0,0.0,20.75,"[0.0, 0.0, 0.0, 0.0, 0.0, 0.0, 0.0, 0.0, 0.0, 0.0, 0.0, 0.0, 0.0, 0.0, 0.0, 0.0, 0.0, 0.0, 0.0]",Reserve/IR,False,Reserve/IR,4241476.0,0,0.0,,2026-10-02 01:47:18,,
748,201,00-0035359,David Sills,WR,TB,GB,1.0,2026_04_GB_TB,2026-10-04 13:00:00,0.0,0.0,0.0,0.0,0.0,C,2,8.177499304375138,17.5,3,,False,6.0,"https://static.www.nfl.com/image/upload/f_auto,q_auto/league/g0jd9yaq2yhw05ktamlh",3.146447649895196,0.0,0.0,0.0,0.0,17.931864123054034,0.1072495279466111,0.0,0.0,0.0,0.0,0.0,0.0,21.0,"[0.0, 0.0, 0.0, 0.0, 0.0, 0.0, 0.0, 0.0, 0.0, 0.0, 0.0, 0.0, 0.0, 0.0, 0.0, 0.0, 0.0, 0.0, 0.0]",Reserve/IR,False,Reserve/IR,3871102.0,0,0.0,,2026-10-02 01:47:18,,
749,202,00-0038979,Cedric Tillman,WR,NO,ATL,1.0,2026_04_ATL_NO,2026-10-05 20:15:00,0.0,0.0,0.0,0.0,0.0,C,8,4.995503941979262,25.0,3,,False,,"https://static.www.nfl.com/image/upload/f_auto,q_auto/league/xust9v3gob1qqwhziugh",2.784231117477615,0.0,0.0,0.0,0.0,21.871619048802145,0.0957199139112605,0.0,0.0,0.0,0.0,0.0,0.0,22.5,"[0.0, 0.0, 0.0, 0.0, 0.0, 0.0, 0.0, 0.0, 0.0, 0.0, 0.0, 0.0, 0.0, 0.0, 0.0, 0.0, 0.0, 0.0, 0.0]",Practice squad,False,Practice squad,4369863.0,0,0.0,,2026-10-02 01:47:18,,
750,203,00-0040009,Savion Williams,WR,GB,TB,0.0,2026_04_GB_TB,2026-10-04 13:00:00,0.0,0.0,0.0,0.0,0.0,C,31,-6.215328427008356,21.0,3,,False,6.0,"https://static.www.nfl.com/image/upload/f_auto,q_auto/league/snmedlu4ra62snufe1qg",0.8128617838444132,0.9084327025811838,0.0,0.0,2.749612418309964,6.977883288380445,0.025484198355009,0.0,0.0,0.0,0.0,0.0,0.0,17.5,"[0.0, 0.0, 0.0, 0.0, 0.0, 0.0, 0.0, 0.0, 0.0, 0.0, 0.0, 0.0, 0.0, 0.0, 0.0, 0.0, 0.0, 0.0, 0.0]",Reserve/IR,False,Reserve/IR,4431487.0,0,0.0,,2026-10-02 01:47:18,,
751,204,00-0035602,Alex Bachman,WR,LA,PHI,0.0,2026_04_LA_PHI,2026-10-04 13:00:00,0.0,0.0,0.0,0.0,0.0,C,22,0.1559493449741987,23.0,3,,False,,"https://static.www.nfl.com/image/upload/f_auto,q_auto/league/xebxem8tzjm0yyygaklg",0.2323068541040122,0.0,0.0,0.0,0.0,0.8981361609587756,0.0086041686132379,0.0,0.0,0.0,0.0,0.0,0.0,19.5,"[0.0, 0.0, 0.0, 0.0, 0.0, 0.0, 0.0, 0.0, 0.0, 0.0, 0.0, 0.0, 0.0, 0.0, 0.0, 0.0, 0.0, 0.0, 0.0]",Practice squad,False,Practice squad,3919510.0,0,0.0,,2026-10-02 01:47:18,,
752,205,00-0040581,Dont'e Thornton Jr.,WR,LV,KC,1.0,2026_04_KC_LV,2026-10-04 16:25:00,0.0,0.0,0.0,0.0,0.0,C,30,-5.912287602291773,21.5,3,,False,7.0,"https://static.www.nfl.com/image/upload/f_auto,q_auto/league/hlxztd3lpjaxtzojuxwh",2.572758818966108,0.0,0.0,0.0,0.0,10.328854396734371,0.0957500082154768,0.0,0.0,0.0,0.0,0.0,0.0,26.0,"[0.0, 0.0, 0.0, 0.0, 0.0, 0.0, 0.0, 0.0, 0.0, 0.0, 0.0, 0.0, 0.0, 0.0, 0.0, 0.0, 0.0, 0.0, 0.0]",Reserve/IR,False,Reserve/IR,4432775.0,0,0.0,,2026-10-02 01:47:18,,
753,206,00-0039916,Ricky Pearsall,WR,SF,DEN,1.0,2026_04_DEN_SF,2026-10-04 16:25:00,0.0,0.0,0.0,0.0,0.0,C,24,-1.096528818996405,25.25,3,,False,9.0,"https://static.www.nfl.com/image/upload/f_auto,q_auto/league/rrv2qhkjqagb8ibzwakv",5.275925117732161,0.1728663142399588,0.0,0.0,-0.0838888025339237,49.03043129753912,0.1659737007055861,0.0,0.0,0.0,0.0,0.0,0.0,22.25,"[0.0, 0.0, 0.0, 0.0, 0.0, 0.0, 0.0, 0.0, 0.0, 0.0, 0.0, 0.0, 0.0, 0.0, 0.0, 0.0, 0.0, 0.0, 0.0]",Reserve/IR,False,Reserve/IR,4428209.0,0,0.0,,2026-10-02 01:47:18,,
754,207,00-0040184,KeAndre Lambert-Smith,WR,LAC,SEA,0.0,2026_04_LAC_SEA,2026-10-04 16:25:00,0.0,0.0,0.0,0.0,0.0,C,32,-10.592631783351624,17.75,3,,False,7.0,"https://static.www.nfl.com/image/upload/f_auto,q_auto/league/xhhzgylwh0ptvpaghnuu",1.430847621200465,0.0,0.0,0.0,0.0,6.500898387805312,0.0420622526339492,0.0,0.0,0.0,0.0,0.0,0.0,24.75,"[0.0, 0.0, 0.0, 0.0, 0.0, 0.0, 0.0, 0.0, 0.0, 0.0, 0.0, 0.0, 0.0, 0.0, 0.0, 0.0, 0.0, 0.0, 0.0]",Reserve/IR,False,Reserve/IR,4430870.0,0,0.0,,2026-10-02 01:47:18,,
755,208,00-0036427,Tyler Johnson,WR,NYJ,CHI,0.0,2026_04_NYJ_CHI,2026-10-04 13:00:00,0.0,0.0,0.0,0.0,0.0,C,25,-1.4107067457910378,20.0,3,,False,,"https://static.www.nfl.com/image/upload/f_auto,q_auto/league/wvdkhxotikdvohhaypee",1.9484170117247472,0.0,0.0,0.0,0.0,20.802480917620183,0.0761280176372348,0.0,0.0,0.0,0.0,0.0,0.0,23.5,"[0.0, 0.0, 0.0, 0.0, 0.0, 0.0, 0.0, 0.0, 0.0, 0.0, 0.0, 0.0, 0.0, 0.0, 0.0, 0.0, 0.0, 0.0, 0.0]",Practice squad,False,Practice squad,2310331.0,0,0.0,,2026-10-02 01:47:18,,
756,209,00-0038752,Jake Bobo,WR,SEA,LAC,1.0,2026_04_LAC_SEA,2026-10-04 16:25:00,0.0,0.0,0.0,0.0,0.0,C,11,3.135787328138708,24.75,3,,False,7.0,"https://static.www.nfl.com/image/upload/f_auto,q_auto/league/esyfp5hwdtepk2ypsru4",0.6421526892168612,0.0,0.0,0.0,0.0,6.6825002061785845,0.0251603328650504,0.0,0.0,0.0,0.0,0.0,0.0,17.75,"[0.0, 0.0, 0.0, 0.0, 0.0, 0.0, 0.0, 0.0, 0.0, 0.0, 0.0, 0.0, 0.0, 0.0, 0.0, 0.0, 0.0, 0.0, 0.0]",Reserve/IR,False,Reserve/IR,4360405.0,0,0.0,,2026-10-02 01:47:18,,
757,210,00-0039146,Jayden Reed,WR,GB,TB,0.0,2026_04_GB_TB,2026-10-04 13:00:00,0.0,0.0,0.0,0.0,0.0,C,31,-6.215328427008356,21.0,3,,False,7.0,"https://static.www.nfl.com/image/upload/f_auto,q_auto/league/uhb95fij1uo92ymqxpmg",4.199250007529496,0.2149545269406285,0.0,0.0,2.284960586706588,21.33557712751173,0.1240295900326983,0.0,0.0,0.0,0.0,0.0,0.0,17.5,"[0.0, 0.0, 0.0, 0.0, 0.0, 0.0, 0.0, 0.0, 0.0, 0.0, 0.0, 0.0, 0.0, 0.0, 0.0, 0.0, 0.0, 0.0, 0.0]",Reserve/IR,False,Reserve/IR,4362249.0,2,6.4,3.2,2026-10-02 01:47:18,,
758,211,00-0039623,Mason Tipton,WR,NO,ATL,1.0,2026_04_ATL_NO,2026-10-05 20:15:00,0.0,0.0,0.0,0.0,0.0,C,8,4.995503941979262,25.0,3,,False,6.0,"https://static.www.nfl.com/image/upload/f_auto,q_auto/league/jcloxjivlxbcveled5lr",2.322206984770591,0.563578440249502,0.0,0.0,2.5461587613883303,10.717015204221427,0.0587925670180796,0.0,0.0,0.0,0.0,0.0,0.0,22.5,"[0.0, 0.0, 0.0, 0.0, 0.0, 0.0, 0.0, 0.0, 0.0, 0.0, 0.0, 0.0, 0.0, 0.0, 0.0, 0.0, 0.0, 0.0, 0.0]",Reserve/IR,False,Reserve/IR,4573697.0,0,0.0,,2026-10-02 01:47:18,,
759,212,00-0034860,Dante Pettis,WR,SF,DEN,1.0,2026_04_DEN_SF,2026-10-04 16:25:00,0.0,0.0,0.0,0.0,0.0,C,24,-1.096528818996405,25.25,3,,False,,"https://static.www.nfl.com/image/upload/f_auto,q_auto/league/xz70t2ahl2ak2q9mqtia",1.6771019789978925,0.0,0.0,0.0,0.0,19.408714730965347,0.0522261481785008,0.0,0.0,0.0,0.0,0.0,0.0,22.25,"[0.0, 0.0, 0.0, 0.0, 0.0, 0.0, 0.0, 0.0, 0.0, 0.0, 0.0, 0.0, 0.0, 0.0, 0.0, 0.0, 0.0, 0.0, 0.0]",Practice squad,False,Practice squad,3127306.0,0,0.0,,2026-10-02 01:47:18,,
760,213,00-0037487,Deven Thompkins,WR,LV,KC,1.0,2026_04_KC_LV,2026-10-04 16:25:00,0.0,0.0,0.0,0.0,0.0,C,30,-5.912287602291773,21.5,3,,False,,"https://static.www.nfl.com/image/upload/f_auto,q_auto/league/hohgyaldfuylxqwnb8i2",0.3657413031047064,0.1183434356882487,0.0,0.0,0.5917171784412436,3.238116747742556,0.0122441472144198,0.0,0.0,0.0,0.0,0.0,0.0,26.0,"[0.0, 0.0, 0.0, 0.0, 0.0, 0.0, 0.0, 0.0, 0.0, 0.0, 0.0, 0.0, 0.0, 0.0, 0.0, 0.0, 0.0, 0.0, 0.0]",Practice squad,False,Practice squad,4374187.0,0,0.0,,2026-10-02 01:47:18,,
761,214,00-0034407,Ray-Ray McCloud,WR,CHI,NYJ,1.0,2026_04_NYJ_CHI,2026-10-04 13:00:00,0.0,0.0,0.0,0.0,0.0,C,28,-5.646982532912591,23.5,3,,False,,"https://static.www.nfl.com/image/upload/f_auto,q_auto/league/nvwn3sdihyyd2itjt7vy",2.2746571030491003,0.0,0.0,0.0,0.0,9.661162636619672,0.067952112063879,0.0,0.0,0.0,0.0,0.0,0.0,20.0,"[0.0, 0.0, 0.0, 0.0, 0.0, 0.0, 0.0, 0.0, 0.0, 0.0, 0.0, 0.0, 0.0, 0.0, 0.0, 0.0, 0.0, 0.0, 0.0]",Reserve/IR,False,Reserve/IR,3728262.0,0,0.0,,2026-10-02 01:47:18,,
762,215,00-0036841,Austin Trammell,WR,JAX,CIN,0.0,2026_04_JAX_CIN,2026-10-04 13:00:00,0.0,0.0,0.0,0.0,0.0,C,13,2.4019137253772267,24.5,3,,False,,"https://static.www.nfl.com/image/upload/f_auto,q_auto/league/vpkcobp7jdqvk8qwhhtg",1.6480099656535796,0.0,0.0,0.0,0.0,6.829495888213667,0.0658571074163646,0.0,0.0,0.0,0.0,0.0,0.0,27.0,"[0.0, 0.0, 0.0, 0.0, 0.0, 0.0, 0.0, 0.0, 0.0, 0.0, 0.0, 0.0, 0.0, 0.0, 0.0, 0.0, 0.0, 0.0, 0.0]",Practice squad,False,Practice squad,4244856.0,0,0.0,,2026-10-02 01:47:18,,
763,216,00-0037231,Kevin Austin Jr.,WR,NO,ATL,1.0,2026_04_ATL_NO,2026-10-05 20:15:00,0.0,0.0,0.0,0.0,0.0,C,8,4.995503941979262,25.0,3,,False,,"https://static.www.nfl.com/image/upload/f_auto,q_auto/league/fh2yaqaxkornxeb7d9ie",3.0135200292614592,0.0,0.0,0.0,0.0,18.714620547871263,0.0921957411536835,0.0,0.0,0.0,0.0,0.0,0.0,22.5,"[0.0, 0.0, 0.0, 0.0, 0.0, 0.0, 0.0, 0.0, 0.0, 0.0, 0.0, 0.0, 0.0, 0.0, 0.0, 0.0, 0.0, 0.0, 0.0]",Practice squad,False,Practice squad,4372758.0,1,1.7,1.7,2026-10-02 01:47:18,,
764,217,00-0038496,Xavier Gipson,WR,PHI,LA,1.0,2026_04_LA_PHI,2026-10-04 13:00:00,0.0,0.0,0.0,0.0,0.0,C,10,3.3108720327210457,19.5,3,,False,,"https://static.www.nfl.com/image/upload/f_auto,q_auto/league/o81mvslx374ouca313mw",0.3625946675968795,0.0,0.0,0.0,0.0,1.0877840027906387,0.0135802247949038,0.0,0.0,0.0,0.0,0.0,0.0,23.0,"[0.0, 0.0, 0.0, 0.0, 0.0, 0.0, 0.0, 0.0, 0.0, 0.0, 0.0, 0.0, 0.0, 0.0, 0.0, 0.0, 0.0, 0.0, 0.0]",Practice squad,False,Practice squad,4427278.0,0,0.0,,2026-10-02 01:47:18,,
765,218,00-0038938,Jalin Hyatt,WR,NYG,ARI,1.0,2026_04_ARI_NYG,2026-10-04 13:00:00,0.0,0.0,0.0,0.0,0.0,C,4,6.193341336579187,21.0,3,,False,,"https://static.www.nfl.com/image/upload/f_auto,q_auto/league/fqgvjckxe03pr4eup6m7",2.2356110806208336,0.0,0.0,0.0,0.0,5.840249495437771,0.0744162205324652,0.0,0.0,0.0,0.0,0.0,0.0,23.5,"[0.0, 0.0, 0.0, 0.0, 0.0, 0.0, 0.0, 0.0, 0.0, 0.0, 0.0, 0.0, 0.0, 0.0, 0.0, 0.0, 0.0, 0.0, 0.0]",Practice squad,False,Practice squad,4692590.0,0,0.0,,2026-10-02 01:47:18,,
766,219,00-0038953,Dylan Drummond,WR,ATL,NO,0.0,2026_04_ATL_NO,2026-10-05 20:15:00,0.0,0.0,0.0,0.0,0.0,C,17,1.0564467433728515,22.5,3,,False,,"https://static.www.nfl.com/image/upload/f_auto,q_auto/league/xyexcy7ur9nscytyhinx",1.6218761679066338,0.0,0.0,0.0,0.0,6.138988825221273,0.0621124037140811,0.0,0.0,0.0,0.0,0.0,0.0,25.0,"[0.0, 0.0, 0.0, 0.0, 0.0, 0.0, 0.0, 0.0, 0.0, 0.0, 0.0, 0.0, 0.0, 0.0, 0.0, 0.0, 0.0, 0.0, 0.0]",Practice squad,False,Practice squad,4363551.0,0,0.0,,2026-10-02 01:47:18,,
767,220,00-0039394,Casey Washington,WR,CAR,DET,1.0,2026_04_DET_CAR,2026-10-04 20:20:00,0.0,0.0,0.0,0.0,0.0,C,6,5.460722282554286,23.5,3,,False,,"https://static.www.nfl.com/image/upload/f_auto,q_auto/league/wkoysykj4htld4yajljn",2.6136599167183934,0.0,0.0,0.0,0.0,18.548750187614036,0.077551842198633,0.0,0.0,0.0,0.0,0.0,0.0,27.0,"[0.0, 0.0, 0.0, 0.0, 0.0, 0.0, 0.0, 0.0, 0.0, 0.0, 0.0, 0.0, 0.0, 0.0, 0.0, 0.0, 0.0, 0.0, 0.0]",Practice squad,False,Practice squad,4428796.0,0,0.0,,2026-10-02 01:47:18,,
768,221,00-0039855,Jalen McMillan,WR,TB,GB,1.0,2026_04_GB_TB,2026-10-04 13:00:00,0.0,0.0,0.0,0.0,0.0,C,2,8.177499304375138,17.5,3,,False,7.0,"https://static.www.nfl.com/image/upload/f_auto,q_auto/league/s8tlj5wsi6cq8kjhp06v",2.3130984501169483,0.1127988159234059,0.0,0.0,0.1127988159234059,21.12104964218398,0.0663048622374,0.0,0.0,0.0,0.0,0.0,0.0,21.0,"[0.0, 0.0, 0.0, 0.0, 0.0, 0.0, 0.0, 0.0, 0.0, 0.0, 0.0, 0.0, 0.0, 0.0, 0.0, 0.0, 0.0, 0.0, 0.0]",Reserve/IR,False,Reserve/IR,4430834.0,1,0.0,0.0,2026-10-02 01:47:18,,
769,222,00-0036959,Michael Bandy,WR,DEN,SF,0.0,2026_04_DEN_SF,2026-10-04 16:25:00,0.0,0.0,0.0,0.0,0.0,C,15,1.3268129030466045,22.25,3,,False,,"https://static.www.nfl.com/image/upload/f_auto,q_auto/league/bcashgwve9ean9pq8egb",1.045084533875791,0.0,0.0,0.0,0.0,12.660156740584094,0.0298639348342509,0.0,0.0,0.0,0.0,0.0,0.0,25.25,"[0.0, 0.0, 0.0, 0.0, 0.0, 0.0, 0.0, 0.0, 0.0, 0.0, 0.0, 0.0, 0.0, 0.0, 0.0, 0.0, 0.0, 0.0, 0.0]",Practice squad,False,Practice squad,4034704.0,0,0.0,,2026-10-02 01:47:18,,
770,223,00-0034487,Trent Sherfield,WR,BUF,NE,1.0,2026_04_NE_BUF,2026-10-04 13:00:00,0.0,0.0,0.0,0.0,0.0,C,16,1.298295902273489,27.75,3,,False,,"https://static.www.nfl.com/image/upload/f_auto,q_auto/league/iiig88xbj5zeau59ifvv",1.259847695550202,0.0,0.0,0.0,0.0,5.268074582664195,0.0347243710003041,0.0,0.0,0.0,0.0,0.0,0.0,20.75,"[0.0, 0.0, 0.0, 0.0, 0.0, 0.0, 0.0, 0.0, 0.0, 0.0, 0.0, 0.0, 0.0, 0.0, 0.0, 0.0, 0.0, 0.0, 0.0]",Practice squad,False,Practice squad,3122168.0,0,0.0,,2026-10-02 01:47:18,,
771,224,00-0040432,Beaux Collins,WR,ATL,NO,0.0,2026_04_ATL_NO,2026-10-05 20:15:00,0.0,0.0,0.0,0.0,0.0,C,17,1.0564467433728515,22.5,3,,False,6.0,"https://static.www.nfl.com/image/upload/f_auto,q_auto/league/fypzpyhv2bsvlcwp2ppo",1.5414237004865428,0.0,0.0,0.0,0.0,6.768556295688034,0.0519640483887389,0.0,0.0,0.0,0.0,0.0,0.0,25.0,"[0.0, 0.0, 0.0, 0.0, 0.0, 0.0, 0.0, 0.0, 0.0, 0.0, 0.0, 0.0, 0.0, 0.0, 0.0, 0.0, 0.0, 0.0, 0.0]",Reserve/IR,False,Reserve/IR,4431210.0,0,0.0,,2026-10-02 01:47:18,,
772,225,00-0038740,Jalen Cropper,WR,NO,ATL,1.0,2026_04_ATL_NO,2026-10-05 20:15:00,0.0,0.0,0.0,0.0,0.0,C,8,4.995503941979262,25.0,3,,True,,"https://static.www.nfl.com/image/upload/f_auto,q_auto/league/key7qkukzlgva9oz7k2r",0.0,0.0,0.0,0.0,0.0,0.0,0.0,0.0,0.0,0.0,0.0,0.0,0.0,22.5,"[0.0, 0.0, 0.0, 0.0, 0.0, 0.0, 0.0, 0.0, 0.0, 0.0, 0.0, 0.0, 0.0, 0.0, 0.0, 0.0, 0.0, 0.0, 0.0]",Practice squad,False,Practice squad,4426990.0,1,0.0,0.0,2026-10-02 01:47:18,,
773,226,00-0040311,Theo Wease Jr.,WR,LAC,SEA,0.0,2026_04_LAC_SEA,2026-10-04 16:25:00,0.0,0.0,0.0,0.0,0.0,C,32,-10.592631783351624,17.75,3,,True,,"https://static.www.nfl.com/image/upload/f_auto,q_auto/league/iykujtgwn2x1ymy7jdxw",3.365092338904503,0.0,0.0,0.0,0.0,46.65866007431712,0.1327100282475597,0.0,0.0,0.0,0.0,0.0,0.0,24.75,"[0.0, 0.0, 0.0, 0.0, 0.0, 0.0, 0.0, 0.0, 0.0, 0.0, 0.0, 0.0, 0.0, 0.0, 0.0, 0.0, 0.0, 0.0, 0.0]",Practice squad,False,Practice squad,4426535.0,0,0.0,,2026-10-02 01:47:18,,
774,227,00-0040431,Dalen Cambre,WR,NYG,ARI,1.0,2026_04_ARI_NYG,2026-10-04 13:00:00,0.0,0.0,0.0,0.0,0.0,C,4,6.193341336579187,21.0,3,,True,,"https://static.www.nfl.com/image/upload/f_auto,q_auto/league/cfllxq8wvrrciu7ugnyp",0.0,0.0,0.0,0.0,0.0,0.0,0.0,0.0,0.0,0.0,0.0,0.0,0.0,23.5,"[0.0, 0.0, 0.0, 0.0, 0.0, 0.0, 0.0, 0.0, 0.0, 0.0, 0.0, 0.0, 0.0, 0.0, 0.0, 0.0, 0.0, 0.0, 0.0]",Practice squad,False,Practice squad,4570296.0,0,0.0,,2026-10-02 01:47:18,,
775,228,00-0038647,Ronnie Bell,WR,LV,KC,1.0,2026_04_KC_LV,2026-10-04 16:25:00,0.0,0.0,0.0,0.0,0.0,C,30,-5.912287602291773,21.5,3,,True,,"https://static.www.nfl.com/image/upload/f_auto,q_auto/league/oc0bqykntgi6uiczr7zc",2.0865892349987782,0.0,0.0,0.0,0.0,11.997888101242976,0.0613702716176111,0.0,0.0,0.0,0.0,0.0,0.0,26.0,"[0.0, 0.0, 0.0, 0.0, 0.0, 0.0, 0.0, 0.0, 0.0, 0.0, 0.0, 0.0, 0.0, 0.0, 0.0, 0.0, 0.0, 0.0, 0.0]",Practice squad,False,Practice squad,4372063.0,0,0.0,,2026-10-02 01:47:18,,
776,229,00-0036497,Tim Jones,WR,JAX,CIN,0.0,2026_04_JAX_CIN,2026-10-04 13:00:00,0.0,0.0,0.0,0.0,0.0,C,13,2.4019137253772267,24.5,3,,True,,"https://static.www.nfl.com/image/upload/f_auto,q_auto/league/rgthh35tnl9dbi7jshxv",0.4783526912503054,0.0,0.0,0.0,0.0,7.175290368754581,0.0144955360984941,0.0,0.0,0.0,0.0,0.0,0.0,27.0,"[0.0, 0.0, 0.0, 0.0, 0.0, 0.0, 0.0, 0.0, 0.0, 0.0, 0.0, 0.0, 0.0, 0.0, 0.0, 0.0, 0.0, 0.0, 0.0]",Practice squad,False,Practice squad,4245131.0,0,0.0,,2026-10-02 01:47:18,,
777,230,00-0037380,Kaden Davis,WR,CHI,NYJ,1.0,2026_04_NYJ_CHI,2026-10-04 13:00:00,0.0,0.0,0.0,0.0,0.0,C,28,-5.646982532912591,23.5,3,,True,,"https://static.www.nfl.com/image/upload/f_auto,q_auto/league/j4pxqpw02oztmctolcdr",0.0,0.0,0.0,0.0,0.0,0.0,0.0,0.0,0.0,0.0,0.0,0.0,0.0,20.0,"[0.0, 0.0, 0.0, 0.0, 0.0, 0.0, 0.0, 0.0, 0.0, 0.0, 0.0, 0.0, 0.0, 0.0, 0.0, 0.0, 0.0, 0.0, 0.0]",Practice squad,False,Practice squad,5065495.0,1,0.0,0.0,2026-10-02 01:47:18,,
778,231,00-0039650,Bryce Oliver,WR,HOU,DAL,1.0,2026_04_DAL_HOU,2026-10-04 13:00:00,0.0,0.0,0.0,0.0,0.0,C,23,0.0416695941580412,25.75,3,,True,,"https://static.www.nfl.com/image/upload/f_auto,q_auto/league/bdsenkkodb8gbdvtivvr",0.4783526912503054,0.0,0.0,0.0,0.0,3.826821530002443,0.0191341076500122,0.0,0.0,0.0,0.0,0.0,0.0,22.75,"[0.0, 0.0, 0.0, 0.0, 0.0, 0.0, 0.0, 0.0, 0.0, 0.0, 0.0, 0.0, 0.0, 0.0, 0.0, 0.0, 0.0, 0.0, 0.0]",Practice squad,False,Practice squad,4362617.0,0,0.0,,2026-10-02 01:47:18,,
779,232,00-0040241,Dominic Lovett,WR,DET,CAR,0.0,2026_04_DET_CAR,2026-10-04 20:20:00,0.0,0.0,0.0,0.0,0.0,C,26,-2.118979796046264,27.0,3,,True,,"https://static.www.nfl.com/image/upload/f_auto,q_auto/league/ccplcgivzomevih1erpl",0.0,0.0,0.0,0.0,0.0,0.0,0.0,0.0,0.0,0.0,0.0,0.0,0.0,23.5,"[0.0, 0.0, 0.0, 0.0, 0.0, 0.0, 0.0, 0.0, 0.0, 0.0, 0.0, 0.0, 0.0, 0.0, 0.0, 0.0, 0.0, 0.0, 0.0]",Practice squad,False,Practice squad,4596439.0,0,0.0,,2026-10-02 01:47:18,,
780,233,00-0040352,Coleman Owen,WR,GB,TB,0.0,2026_04_GB_TB,2026-10-04 13:00:00,0.0,0.0,0.0,0.0,0.0,C,31,-6.215328427008356,21.0,3,,True,,"https://static.www.nfl.com/image/upload/f_auto,q_auto/league/cjnhiftygnypqumwfphq",0.5216473087496946,0.0,0.0,0.0,0.0,0.0,0.0144902030208248,0.0,0.0,0.0,0.0,0.0,0.0,17.5,"[0.0, 0.0, 0.0, 0.0, 0.0, 0.0, 0.0, 0.0, 0.0, 0.0, 0.0, 0.0, 0.0, 0.0, 0.0, 0.0, 0.0, 0.0, 0.0]",Practice squad,False,Practice squad,4578436.0,0,0.0,,2026-10-02 01:47:18,,
781,234,00-0040522,Xavier Restrepo,WR,TEN,BAL,0.0,2026_04_TEN_BAL,2026-10-04 13:00:00,0.0,0.0,0.0,0.0,0.0,C,18,0.9391502526444228,15.5,3,,True,,"https://static.www.nfl.com/image/upload/f_auto,q_auto/league/w4onu90fxjmlkmkchcg1",3.3917634562515278,0.0,0.0,0.0,0.0,20.26187960375336,0.0904335811240996,0.0,0.0,0.0,0.0,0.0,0.0,27.0,"[0.0, 0.0, 0.0, 0.0, 0.0, 0.0, 0.0, 0.0, 0.0, 0.0, 0.0, 0.0, 0.0, 0.0, 0.0, 0.0, 0.0, 0.0, 0.0]",Practice squad,False,Practice squad,4431353.0,0,0.0,,2026-10-02 01:47:18,,
782,235,00-0040870,Ja'Kobi Lane,WR,BAL,TEN,1.0,2026_04_TEN_BAL,2026-10-04 13:00:00,0.0,0.0,0.0,0.0,0.0,C,7,5.018187571258456,27.0,3,,True,7.0,"https://static.www.nfl.com/image/upload/f_auto,q_auto/league/gjezd2a8imfrxyv16wuj",3.0,0.0,0.0,0.0,0.0,11.0,0.125,0.0,0.0,0.0,0.0,0.0,0.0,15.5,"[0.0, 0.0, 0.0, 0.0, 0.0, 0.0, 0.0, 0.0, 0.0, 0.0, 0.0, 0.0, 0.0, 0.0, 0.0, 0.0, 0.0, 0.0, 0.0]",Reserve/IR,False,Reserve/IR,4870847.0,1,2.1,2.1,2026-10-02 01:47:18,,
783,236,00-0041292,Kolbe Katsis,WR,DEN,SF,0.0,2026_04_DEN_SF,2026-10-04 16:25:00,0.0,0.0,0.0,0.0,0.0,C,15,1.3268129030466045,22.25,3,,True,,"https://static.www.nfl.com/image/upload/f_auto,q_auto/league/u3bhwno76vnuflla9jjg",0.0,0.0,0.0,0.0,0.0,0.0,0.0,0.0,0.0,0.0,0.0,0.0,0.0,25.25,"[0.0, 0.0, 0.0, 0.0, 0.0, 0.0, 0.0, 0.0, 0.0, 0.0, 0.0, 0.0, 0.0, 0.0, 0.0, 0.0, 0.0, 0.0, 0.0]",Practice squad,False,Practice squad,,1,0.0,0.0,2026-10-02 01:47:18,,
784,237,00-0041467,Lewis Bond,WR,HOU,DAL,1.0,2026_04_DAL_HOU,2026-10-04 13:00:00,0.0,0.0,0.0,0.0,0.0,C,23,0.0416695941580412,25.75,3,,True,,"https://static.www.nfl.com/image/upload/f_auto,q_auto/league/qm5q5iilnctaitwwscst",1.0,0.0,0.0,0.0,0.0,0.0,0.04,0.0,0.0,0.0,0.0,0.0,0.0,22.75,"[0.0, 0.0, 0.0, 0.0, 0.0, 0.0, 0.0, 0.0, 0.0, 0.0, 0.0, 0.0, 0.0, 0.0, 0.0, 0.0, 0.0, 0.0, 0.0]",Practice squad,False,Practice squad,4683159.0,1,0.0,0.0,2026-10-02 01:47:18,,
785,238,00-0041511,Omar Cooper Jr.,WR,NYJ,CHI,0.0,2026_04_NYJ_CHI,2026-10-04 13:00:00,0.0,0.0,0.0,0.0,0.0,C,25,-1.4107067457910378,20.0,3,,True,7.0,"https://static.www.nfl.com/image/upload/f_auto,q_auto/league/lmua2lbg0m77ibvydvaq",1.0,0.0,0.0,0.0,0.0,30.0,0.0434782608695652,0.0,0.0,0.0,0.0,0.0,0.0,23.5,"[0.0, 0.0, 0.0, 0.0, 0.0, 0.0, 0.0, 0.0, 0.0, 0.0, 0.0, 0.0, 0.0, 0.0, 0.0, 0.0, 0.0, 0.0, 0.0]",Reserve/IR,False,Reserve/IR,4723820.0,1,4.0,4.0,2026-10-02 01:47:18,,
786,239,00-0041004,Chase Roberts,WR,LV,KC,1.0,2026_04_KC_LV,2026-10-04 16:25:00,0.0,0.0,0.0,0.0,0.0,C,30,-5.912287602291773,21.5,3,,True,,"https://static.www.nfl.com/image/upload/f_auto,q_auto/league/bqncmkjxb7rcvfuhe1ss",0.0,0.0,0.0,0.0,0.0,0.0,0.0,0.0,0.0,0.0,0.0,0.0,0.0,26.0,"[0.0, 0.0, 0.0, 0.0, 0.0, 0.0, 0.0, 0.0, 0.0, 0.0, 0.0, 0.0, 0.0, 0.0, 0.0, 0.0, 0.0, 0.0, 0.0]",Reserve/IR,False,Reserve/IR,4714388.0,0,0.0,,2026-10-02 01:47:18,,
787,240,00-0040498,Dontae Fleming,WR,MIN,MIA,1.0,2026_04_MIA_MIN,2026-10-04 16:05:00,0.0,0.0,0.0,0.0,0.0,C,27,-2.8842452928655216,24.5,3,,True,,"https://static.www.nfl.com/image/upload/f_auto,q_auto/league/z31bqmrgzn9t5wsqtqoy",0.0,0.0,0.0,0.0,0.0,0.0,0.0,0.0,0.0,0.0,0.0,0.0,0.0,14.0,"[0.0, 0.0, 0.0, 0.0, 0.0, 0.0, 0.0, 0.0, 0.0, 0.0, 0.0, 0.0, 0.0, 0.0, 0.0, 0.0, 0.0, 0.0, 0.0]",Reserve/IR,False,Reserve/IR,,0,0.0,,2026-10-02 01:47:18,,
788,241,00-0041374,Sincere Brown,WR,LAC,SEA,0.0,2026_04_LAC_SEA,2026-10-04 16:25:00,0.0,0.0,0.0,0.0,0.0,C,32,-10.592631783351624,17.75,3,,True,,"https://static.www.nfl.com/image/upload/f_auto,q_auto/league/tczbze6iof5vyvxp9omu",0.0,0.0,0.0,0.0,0.0,0.0,0.0,0.0,0.0,0.0,0.0,0.0,0.0,24.75,"[0.0, 0.0, 0.0, 0.0, 0.0, 0.0, 0.0, 0.0, 0.0, 0.0, 0.0, 0.0, 0.0, 0.0, 0.0, 0.0, 0.0, 0.0, 0.0]",Reserve/IR,False,Reserve/IR,,0,0.0,,2026-10-02 01:47:18,,
789,242,00-0036387,Jalen Reagor,WR,MIA,MIN,0.0,2026_04_MIA_MIN,2026-10-04 16:05:00,0.0,0.0,0.0,0.0,0.0,C,14,2.059585338851425,14.0,3,,True,,"https://static.www.nfl.com/image/upload/f_auto,q_auto/league/r55ywr41a014zd9zmvc1",0.0,0.0,0.0,0.0,0.0,0.0,0.0,0.0,0.0,0.0,0.0,0.0,0.0,24.5,"[0.0, 0.0, 0.0, 0.0, 0.0, 0.0, 0.0, 0.0, 0.0, 0.0, 0.0, 0.0, 0.0, 0.0, 0.0, 0.0, 0.0, 0.0, 0.0]",Practice squad,False,Practice squad,4241802.0,0,0.0,,2026-10-02 01:47:18,,
790,243,00-0036345,K.J. Osborn,WR,TEN,BAL,0.0,2026_04_TEN_BAL,2026-10-04 13:00:00,0.0,0.0,0.0,0.0,0.0,C,18,0.9391502526444228,15.5,3,,True,,"https://static.www.nfl.com/image/upload/f_auto,q_auto/league/ytgf9lftpnc3hqg81vhj",0.0,0.0,0.0,0.0,0.0,0.0,0.0,0.0,0.0,0.0,0.0,0.0,0.0,27.0,"[0.0, 0.0, 0.0, 0.0, 0.0, 0.0, 0.0, 0.0, 0.0, 0.0, 0.0, 0.0, 0.0, 0.0, 0.0, 0.0, 0.0, 0.0, 0.0]",Practice squad,False,Practice squad,3916566.0,0,0.0,,2026-10-02 01:47:18,,
791,244,00-0036635,Ihmir Smith-Marsette,WR,CAR,DET,1.0,2026_04_DET_CAR,2026-10-04 20:20:00,0.0,0.0,0.0,0.0,0.0,C,6,5.460722282554286,23.5,3,,True,,"https://static.www.nfl.com/image/upload/f_auto,q_auto/league/mnfsun286mv5azpa8zaw",0.0,0.0,0.0,0.0,0.0,0.0,0.0,0.0,0.0,0.0,0.0,0.0,0.0,27.0,"[0.0, 0.0, 0.0, 0.0, 0.0, 0.0, 0.0, 0.0, 0.0, 0.0, 0.0, 0.0, 0.0, 0.0, 0.0, 0.0, 0.0, 0.0, 0.0]",Practice squad,False,Practice squad,4240573.0,0,0.0,,2026-10-02 01:47:18,,
792,245,00-0037156,Irvin Charles,WR,SEA,LAC,1.0,2026_04_LAC_SEA,2026-10-04 16:25:00,0.0,0.0,0.0,0.0,0.0,C,11,3.135787328138708,24.75,3,,True,6.0,"https://static.www.nfl.com/image/upload/f_auto,q_auto/league/heeyyjyf5prqas5tmwvk",0.0,0.0,0.0,0.0,0.0,0.0,0.0,0.0,0.0,0.0,0.0,0.0,0.0,17.75,"[0.0, 0.0, 0.0, 0.0, 0.0, 0.0, 0.0, 0.0, 0.0, 0.0, 0.0, 0.0, 0.0, 0.0, 0.0, 0.0, 0.0, 0.0, 0.0]",Reserve/IR,False,Reserve/IR,3929636.0,0,0.0,,2026-10-02 01:47:18,,
793,246,00-0038181,Lucky Jackson,WR,DET,CAR,0.0,2026_04_DET_CAR,2026-10-04 20:20:00,0.0,0.0,0.0,0.0,0.0,C,26,-2.118979796046264,27.0,3,,True,,"https://static.www.nfl.com/image/upload/f_auto,q_auto/league/xa9o8zlctwgga8wh5apl",0.0,0.0,0.0,0.0,0.0,0.0,0.0,0.0,0.0,0.0,0.0,0.0,0.0,23.5,"[0.0, 0.0, 0.0, 0.0, 0.0, 0.0, 0.0, 0.0, 0.0, 0.0, 0.0, 0.0, 0.0, 0.0, 0.0, 0.0, 0.0, 0.0, 0.0]",Practice squad,False,Practice squad,3915802.0,0,0.0,,2026-10-02 01:47:18,,
794,247,00-0035589,Gary Jennings,WR,LAC,SEA,0.0,2026_04_LAC_SEA,2026-10-04 16:25:00,0.0,0.0,0.0,0.0,0.0,C,32,-10.592631783351624,17.75,3,,True,,"https://static.www.nfl.com/image/private/f_auto,q_auto/league/kfmi1ueidfxfixmaggov",0.0,0.0,0.0,0.0,0.0,0.0,0.0,0.0,0.0,0.0,0.0,0.0,0.0,24.75,"[0.0, 0.0, 0.0, 0.0, 0.0, 0.0, 0.0, 0.0, 0.0, 0.0, 0.0, 0.0, 0.0, 0.0, 0.0, 0.0, 0.0, 0.0, 0.0]",Practice squad,False,Practice squad,3916071.0,0,0.0,,2026-10-02 01:47:18,,
795,248,00-0038977,Tank Dell,WR,HOU,DAL,1.0,2026_04_DAL_HOU,2026-10-04 13:00:00,0.0,0.0,0.0,0.0,0.0,C,23,0.0416695941580412,25.75,3,,True,6.0,"https://static.www.nfl.com/image/upload/f_auto,q_auto/league/dzjep37g7fqdweqtncso",0.0,0.0,0.0,0.0,0.0,0.0,0.0,0.0,0.0,0.0,0.0,0.0,0.0,22.75,"[0.0, 0.0, 0.0, 0.0, 0.0, 0.0, 0.0, 0.0, 0.0, 0.0, 0.0, 0.0, 0.0, 0.0, 0.0, 0.0, 0.0, 0.0, 0.0]",Reserve/IR,False,Reserve/IR,4366031.0,0,0.0,,2026-10-02 01:47:18,,
796,249,00-0038941,Tyler Scott,WR,LV,KC,1.0,2026_04_KC_LV,2026-10-04 16:25:00,0.0,0.0,0.0,0.0,0.0,C,30,-5.912287602291773,21.5,3,,True,,"https://static.www.nfl.com/image/upload/f_auto,q_auto/league/lmtqp0nnsglmo6ypp1ec",0.0,0.0,0.0,0.0,0.0,0.0,0.0,0.0,0.0,0.0,0.0,0.0,0.0,26.0,"[0.0, 0.0, 0.0, 0.0, 0.0, 0.0, 0.0, 0.0, 0.0, 0.0, 0.0, 0.0, 0.0, 0.0, 0.0, 0.0, 0.0, 0.0, 0.0]",Practice squad,False,Practice squad,4565908.0,0,0.0,,2026-10-02 01:47:18,,
797,250,00-0039052,Trey Palmer,WR,NO,ATL,1.0,2026_04_ATL_NO,2026-10-05 20:15:00,0.0,0.0,0.0,0.0,0.0,C,8,4.995503941979262,25.0,3,,True,,"https://static.www.nfl.com/image/upload/f_auto,q_auto/league/cdtzofb5u510xjh08qr4",0.0,0.0,0.0,0.0,0.0,0.0,0.0,0.0,0.0,0.0,0.0,0.0,0.0,22.5,"[0.0, 0.0, 0.0, 0.0, 0.0, 0.0, 0.0, 0.0, 0.0, 0.0, 0.0, 0.0, 0.0, 0.0, 0.0, 0.0, 0.0, 0.0, 0.0]",Practice squad,False,Practice squad,4426407.0,0,0.0,,2026-10-02 01:47:18,,
798,251,00-0039236,Johnny Wilson,WR,PHI,LA,1.0,2026_04_LA_PHI,2026-10-04 13:00:00,0.0,0.0,0.0,0.0,0.0,C,10,3.3108720327210457,19.5,3,,True,8.0,"https://static.www.nfl.com/image/upload/f_auto,q_auto/league/azz7slr16byvcvbnaifa",0.0,0.0,0.0,0.0,0.0,0.0,0.0,0.0,0.0,0.0,0.0,0.0,0.0,23.0,"[0.0, 0.0, 0.0, 0.0, 0.0, 0.0, 0.0, 0.0, 0.0, 0.0, 0.0, 0.0, 0.0, 0.0, 0.0, 0.0, 0.0, 0.0, 0.0]",Reserve/IR,False,Reserve/IR,4686104.0,0,0.0,,2026-10-02 01:47:18,,
799,252,00-0039329,Julian Hicks,WR,SEA,LAC,1.0,2026_04_LAC_SEA,2026-10-04 16:25:00,0.0,0.0,0.0,0.0,0.0,C,11,3.135787328138708,24.75,3,,True,,"https://static.www.nfl.com/image/upload/f_auto,q_auto/league/knvt0zhyvozokeadswgf",0.0,0.0,0.0,0.0,0.0,0.0,0.0,0.0,0.0,0.0,0.0,0.0,0.0,17.75,"[0.0, 0.0, 0.0, 0.0, 0.0, 0.0, 0.0, 0.0, 0.0, 0.0, 0.0, 0.0, 0.0, 0.0, 0.0, 0.0, 0.0, 0.0, 0.0]",Practice squad,False,Practice squad,,0,0.0,,2026-10-02 01:47:18,,
800,253,00-0039474,Lawrence Keys,WR,DET,CAR,0.0,2026_04_DET_CAR,2026-10-04 20:20:00,0.0,0.0,0.0,0.0,0.0,C,26,-2.118979796046264,27.0,3,,True,,"https://static.www.nfl.com/image/upload/f_auto,q_auto/league/kpmlq4tcvel2rdvwzmsh",0.0,0.0,0.0,0.0,0.0,0.0,0.0,0.0,0.0,0.0,0.0,0.0,0.0,23.5,"[0.0, 0.0, 0.0, 0.0, 0.0, 0.0, 0.0, 0.0, 0.0, 0.0, 0.0, 0.0, 0.0, 0.0, 0.0, 0.0, 0.0, 0.0, 0.0]",Practice squad,False,Practice squad,,0,0.0,,2026-10-02 01:47:18,,
801,254,00-0035045,D.J. Montgomery,WR,IND,WAS,0.0,2026_04_IND_WAS,2026-10-04 09:30:00,0.0,0.0,0.0,0.0,0.0,C,1,8.39903555817399,26.0,3,,True,9.0,"https://static.www.nfl.com/image/upload/f_auto,q_auto/league/tpo0g9pqvia4lh2noq33",0.0,0.0,0.0,0.0,0.0,0.0,0.0,0.0,0.0,0.0,0.0,0.0,0.0,22.5,"[0.0, 0.0, 0.0, 0.0, 0.0, 0.0, 0.0, 0.0, 0.0, 0.0, 0.0, 0.0, 0.0, 0.0, 0.0, 0.0, 0.0, 0.0, 0.0]",Reserve/IR,False,Reserve/IR,4249030.0,0,0.0,,2026-10-02 01:47:18,,
802,255,00-0040049,Josh Kelly,WR,HOU,DAL,1.0,2026_04_DAL_HOU,2026-10-04 13:00:00,0.0,0.0,0.0,0.0,0.0,C,23,0.0416695941580412,25.75,3,,True,,"https://static.www.nfl.com/image/upload/f_auto,q_auto/league/wkhsgcxyw5v9dtaqycui",0.0,0.0,0.0,0.0,0.0,0.0,0.0,0.0,0.0,0.0,0.0,0.0,0.0,22.75,"[0.0, 0.0, 0.0, 0.0, 0.0, 0.0, 0.0, 0.0, 0.0, 0.0, 0.0, 0.0, 0.0, 0.0, 0.0, 0.0, 0.0, 0.0, 0.0]",Practice squad,False,Practice squad,,0,0.0,,2026-10-02 01:47:18,,
803,256,00-0040120,Jimmy Holiday,WR,KC,LV,0.0,2026_04_KC_LV,2026-10-04 16:25:00,0.0,0.0,0.0,0.0,0.0,C,29,-5.907016194684417,26.0,3,,True,8.0,"https://static.www.nfl.com/image/upload/f_auto,q_auto/league/yk1s0zu3wukxx2plsfpd",0.0,0.0,0.0,0.0,0.0,0.0,0.0,0.0,0.0,0.0,0.0,0.0,0.0,21.5,"[0.0, 0.0, 0.0, 0.0, 0.0, 0.0, 0.0, 0.0, 0.0, 0.0, 0.0, 0.0, 0.0, 0.0, 0.0, 0.0, 0.0, 0.0, 0.0]",Reserve/IR,False,Reserve/IR,,0,0.0,,2026-10-02 01:47:18,,
804,257,00-0040099,Xavier Guillory,WR,BAL,TEN,1.0,2026_04_TEN_BAL,2026-10-04 13:00:00,0.0,0.0,0.0,0.0,0.0,C,7,5.018187571258456,27.0,3,,True,,"https://static.www.nfl.com/image/upload/f_auto,q_auto/league/p9cbbzkdpk6nrhamjntb",0.0,0.0,0.0,0.0,0.0,0.0,0.0,0.0,0.0,0.0,0.0,0.0,0.0,15.5,"[0.0, 0.0, 0.0, 0.0, 0.0, 0.0, 0.0, 0.0, 0.0, 0.0, 0.0, 0.0, 0.0, 0.0, 0.0, 0.0, 0.0, 0.0, 0.0]",Practice squad,False,Practice squad,,0,0.0,,2026-10-02 01:47:18,,
805,258,00-0040265,Ja'Seem Reed,WR,CAR,DET,1.0,2026_04_DET_CAR,2026-10-04 20:20:00,0.0,0.0,0.0,0.0,0.0,C,6,5.460722282554286,23.5,3,,True,,"https://static.www.nfl.com/image/upload/f_auto,q_auto/league/uh29rkmiggnca0qq7vil",0.0,0.0,0.0,0.0,0.0,0.0,0.0,0.0,0.0,0.0,0.0,0.0,0.0,27.0,"[0.0, 0.0, 0.0, 0.0, 0.0, 0.0, 0.0, 0.0, 0.0, 0.0, 0.0, 0.0, 0.0, 0.0, 0.0, 0.0, 0.0, 0.0, 0.0]",Practice squad,False,Practice squad,4876995.0,0,0.0,,2026-10-02 01:47:18,,
806,259,00-0040275,JP Richardson,WR,CHI,NYJ,1.0,2026_04_NYJ_CHI,2026-10-04 13:00:00,0.0,0.0,0.0,0.0,0.0,C,28,-5.646982532912591,23.5,3,,True,,"https://static.www.nfl.com/image/upload/f_auto,q_auto/league/wsnuaqx6jbadrinmo1z2",0.0,0.0,0.0,0.0,0.0,0.0,0.0,0.0,0.0,0.0,0.0,0.0,0.0,20.0,"[0.0, 0.0, 0.0, 0.0, 0.0, 0.0, 0.0, 0.0, 0.0, 0.0, 0.0, 0.0, 0.0, 0.0, 0.0, 0.0, 0.0, 0.0, 0.0]",Practice squad,False,Practice squad,4685183.0,0,0.0,,2026-10-02 01:47:18,,
807,260,00-0040337,Eli Pancol,WR,IND,WAS,0.0,2026_04_IND_WAS,2026-10-04 09:30:00,0.0,0.0,0.0,0.0,0.0,C,1,8.39903555817399,26.0,3,,True,,"https://static.www.nfl.com/image/upload/f_auto,q_auto/league/mbdztlbypqqt66igvkg8",0.0,0.0,0.0,0.0,0.0,0.0,0.0,0.0,0.0,0.0,0.0,0.0,0.0,22.5,"[0.0, 0.0, 0.0, 0.0, 0.0, 0.0, 0.0, 0.0, 0.0, 0.0, 0.0, 0.0, 0.0, 0.0, 0.0, 0.0, 0.0, 0.0, 0.0]",Practice squad,False,Practice squad,4430288.0,0,0.0,,2026-10-02 01:47:18,,
808,261,00-0040323,Chandler Brayboy,WR,NE,BUF,0.0,2026_04_NE_BUF,2026-10-04 13:00:00,0.0,0.0,0.0,0.0,0.0,C,9,3.373866734524467,20.75,3,,True,,"https://static.www.nfl.com/image/upload/f_auto,q_auto/league/m1dlnwcwdqve38sso7al",0.0,0.0,0.0,0.0,0.0,0.0,0.0,0.0,0.0,0.0,0.0,0.0,0.0,27.75,"[0.0, 0.0, 0.0, 0.0, 0.0, 0.0, 0.0, 0.0, 0.0, 0.0, 0.0, 0.0, 0.0, 0.0, 0.0, 0.0, 0.0, 0.0, 0.0]",Practice squad,False,Practice squad,,0,0.0,,2026-10-02 01:47:18,,
809,262,00-0040298,Andrew Armstrong,WR,KC,LV,0.0,2026_04_KC_LV,2026-10-04 16:25:00,0.0,0.0,0.0,0.0,0.0,C,29,-5.907016194684417,26.0,3,,True,,"https://static.www.nfl.com/image/upload/f_auto,q_auto/league/hkw32xqnimm6dvx2qfvl",0.0,0.0,0.0,0.0,0.0,0.0,0.0,0.0,0.0,0.0,0.0,0.0,0.0,21.5,"[0.0, 0.0, 0.0, 0.0, 0.0, 0.0, 0.0, 0.0, 0.0, 0.0, 0.0, 0.0, 0.0, 0.0, 0.0, 0.0, 0.0, 0.0, 0.0]",Practice squad,False,Practice squad,5093923.0,0,0.0,,2026-10-02 01:47:18,,
810,263,00-0040302,A.J. Henning,WR,MIA,MIN,0.0,2026_04_MIA_MIN,2026-10-04 16:05:00,0.0,0.0,0.0,0.0,0.0,C,14,2.059585338851425,14.0,3,,True,,"https://static.www.nfl.com/image/upload/f_auto,q_auto/league/ijwatff81qf3jmikcryt",0.0,0.0,0.0,0.0,0.0,0.0,0.0,0.0,0.0,0.0,0.0,0.0,0.0,24.5,"[0.0, 0.0, 0.0, 0.0, 0.0, 0.0, 0.0, 0.0, 0.0, 0.0, 0.0, 0.0, 0.0, 0.0, 0.0, 0.0, 0.0, 0.0, 0.0]",Practice squad,False,Practice squad,,0,0.0,,2026-10-02 01:47:18,,
811,264,00-0040375,Jordan Moore,WR,CIN,JAX,1.0,2026_04_JAX_CIN,2026-10-04 13:00:00,0.0,0.0,0.0,0.0,0.0,C,20,0.2035480746471811,27.0,3,,True,,"https://static.www.nfl.com/image/upload/f_auto,q_auto/league/mgod5tukhxuqm5kyy7zh",0.0,0.0,0.0,0.0,0.0,0.0,0.0,0.0,0.0,0.0,0.0,0.0,0.0,24.5,"[0.0, 0.0, 0.0, 0.0, 0.0, 0.0, 0.0, 0.0, 0.0, 0.0, 0.0, 0.0, 0.0, 0.0, 0.0, 0.0, 0.0, 0.0, 0.0]",Practice squad,False,Practice squad,4594444.0,0,0.0,,2026-10-02 01:47:18,,
812,265,00-0040361,Stephen Gosnell,WR,BUF,NE,1.0,2026_04_NE_BUF,2026-10-04 13:00:00,0.0,0.0,0.0,0.0,0.0,C,16,1.298295902273489,27.75,3,,True,,"https://static.www.nfl.com/image/upload/f_auto,q_auto/league/csh3lsy1zg3c5z2o5evs",0.0,0.0,0.0,0.0,0.0,0.0,0.0,0.0,0.0,0.0,0.0,0.0,0.0,20.75,"[0.0, 0.0, 0.0, 0.0, 0.0, 0.0, 0.0, 0.0, 0.0, 0.0, 0.0, 0.0, 0.0, 0.0, 0.0, 0.0, 0.0, 0.0, 0.0]",Practice squad,False,Practice squad,,0,0.0,,2026-10-02 01:47:18,,
813,266,00-0040438,Antwane Wells Jr.,WR,ATL,NO,0.0,2026_04_ATL_NO,2026-10-05 20:15:00,0.0,0.0,0.0,0.0,0.0,C,17,1.0564467433728515,22.5,3,,True,,"https://static.www.nfl.com/image/upload/f_auto,q_auto/league/mijumyvz5ifhbq2xzlx6",0.0,0.0,0.0,0.0,0.0,0.0,0.0,0.0,0.0,0.0,0.0,0.0,0.0,25.0,"[0.0, 0.0, 0.0, 0.0, 0.0, 0.0, 0.0, 0.0, 0.0, 0.0, 0.0, 0.0, 0.0, 0.0, 0.0, 0.0, 0.0, 0.0, 0.0]",Practice squad,False,Practice squad,4696062.0,0,0.0,,2026-10-02 01:47:18,,
814,267,00-0040419,Garrett Greene,WR,TB,GB,1.0,2026_04_GB_TB,2026-10-04 13:00:00,0.0,0.0,0.0,0.0,0.0,C,2,8.177499304375138,17.5,3,,True,,"https://static.www.nfl.com/image/upload/f_auto,q_auto/league/ryxqb4ioarar7jduttfu",0.0,0.0,0.0,0.0,0.0,0.0,0.0,0.0,0.0,0.0,0.0,0.0,0.0,21.0,"[0.0, 0.0, 0.0, 0.0, 0.0, 0.0, 0.0, 0.0, 0.0, 0.0, 0.0, 0.0, 0.0, 0.0, 0.0, 0.0, 0.0, 0.0, 0.0]",Practice squad,False,Practice squad,,0,0.0,,2026-10-02 01:47:18,,
815,268,00-0040570,Jeremiah Webb,WR,NE,BUF,0.0,2026_04_NE_BUF,2026-10-04 13:00:00,0.0,0.0,0.0,0.0,0.0,C,9,3.373866734524467,20.75,3,,True,7.0,"https://static.www.nfl.com/image/upload/f_auto,q_auto/league/dfay1nwxlijuhxbqcids",0.0,0.0,0.0,0.0,0.0,0.0,0.0,0.0,0.0,0.0,0.0,0.0,0.0,27.75,"[0.0, 0.0, 0.0, 0.0, 0.0, 0.0, 0.0, 0.0, 0.0, 0.0, 0.0, 0.0, 0.0, 0.0, 0.0, 0.0, 0.0, 0.0, 0.0]",Reserve/IR,False,Reserve/IR,,0,0.0,,2026-10-02 01:47:18,,
816,269,00-0040553,Quincy Skinner Jr.,WR,GB,TB,0.0,2026_04_GB_TB,2026-10-04 13:00:00,0.0,0.0,0.0,0.0,0.0,C,31,-6.215328427008356,21.0,3,,True,,"https://static.www.nfl.com/image/upload/f_auto,q_auto/league/ni8qfwwvpyklvxqseorj",0.0,0.0,0.0,0.0,0.0,0.0,0.0,0.0,0.0,0.0,0.0,0.0,0.0,17.5,"[0.0, 0.0, 0.0, 0.0, 0.0, 0.0, 0.0, 0.0, 0.0, 0.0, 0.0, 0.0, 0.0, 0.0, 0.0, 0.0, 0.0, 0.0, 0.0]",Practice squad,False,Practice squad,4572380.0,0,0.0,,2026-10-02 01:47:18,,
817,270,00-0040558,Isaiah Neyor,WR,GB,TB,0.0,2026_04_GB_TB,2026-10-04 13:00:00,0.0,0.0,0.0,0.0,0.0,C,31,-6.215328427008356,21.0,3,,True,,"https://static.www.nfl.com/image/upload/f_auto,q_auto/league/kpmodyntguke9pmvxeyw",0.0,0.0,0.0,0.0,0.0,0.0,0.0,0.0,0.0,0.0,0.0,0.0,0.0,17.5,"[0.0, 0.0, 0.0, 0.0, 0.0, 0.0, 0.0, 0.0, 0.0, 0.0, 0.0, 0.0, 0.0, 0.0, 0.0, 0.0, 0.0, 0.0, 0.0]",Practice squad,False,Practice squad,4428116.0,0,0.0,,2026-10-02 01:47:18,,
818,271,00-0040597,Brennan Presley,WR,LA,PHI,0.0,2026_04_LA_PHI,2026-10-04 13:00:00,0.0,0.0,0.0,0.0,0.0,C,22,0.1559493449741987,23.0,3,,True,,"https://static.www.nfl.com/image/upload/f_auto,q_auto/league/v5cydesy5zo4njavqwxb",0.0,0.0,0.0,0.0,0.0,0.0,0.0,0.0,0.0,0.0,0.0,0.0,0.0,19.5,"[0.0, 0.0, 0.0, 0.0, 0.0, 0.0, 0.0, 0.0, 0.0, 0.0, 0.0, 0.0, 0.0, 0.0, 0.0, 0.0, 0.0, 0.0, 0.0]",Practice squad,False,Practice squad,4431342.0,0,0.0,,2026-10-02 01:47:18,,
819,272,00-0040653,Ricky White III,WR,SEA,LAC,1.0,2026_04_LAC_SEA,2026-10-04 16:25:00,0.0,0.0,0.0,0.0,0.0,C,11,3.135787328138708,24.75,3,,True,,"https://static.www.nfl.com/image/upload/f_auto,q_auto/league/sgtcxvsg5m0s6rdizjfb",0.0,0.0,0.0,0.0,0.0,0.0,0.0,0.0,0.0,0.0,0.0,0.0,0.0,17.75,"[0.0, 0.0, 0.0, 0.0, 0.0, 0.0, 0.0, 0.0, 0.0, 0.0, 0.0, 0.0, 0.0, 0.0, 0.0, 0.0, 0.0, 0.0, 0.0]",Practice squad,False,Practice squad,4431479.0,0,0.0,,2026-10-02 01:47:18,,
820,273,00-0040633,Kyrese Rowan,WR,NO,ATL,1.0,2026_04_ATL_NO,2026-10-05 20:15:00,0.0,0.0,0.0,0.0,0.0,C,8,4.995503941979262,25.0,3,,True,,,0.0,0.0,0.0,0.0,0.0,0.0,0.0,0.0,0.0,0.0,0.0,0.0,0.0,22.5,"[0.0, 0.0, 0.0, 0.0, 0.0, 0.0, 0.0, 0.0, 0.0, 0.0, 0.0, 0.0, 0.0, 0.0, 0.0, 0.0, 0.0, 0.0, 0.0]",Practice squad,False,Practice squad,,0,0.0,,2026-10-02 01:47:18,,
821,274,00-0040753,Will Sheppard,WR,MIA,MIN,0.0,2026_04_MIA_MIN,2026-10-04 16:05:00,0.0,0.0,0.0,0.0,0.0,C,14,2.059585338851425,14.0,3,,True,,"https://static.www.nfl.com/image/upload/f_auto,q_auto/league/vwyhqfyyxngoljurvrjx",0.0,0.0,0.0,0.0,0.0,0.0,0.0,0.0,0.0,0.0,0.0,0.0,0.0,24.5,"[0.0, 0.0, 0.0, 0.0, 0.0, 0.0, 0.0, 0.0, 0.0, 0.0, 0.0, 0.0, 0.0, 0.0, 0.0, 0.0, 0.0, 0.0, 0.0]",Practice squad,False,Practice squad,,0,0.0,,2026-10-02 01:47:18,,
822,275,00-0040900,Anthony Smith,WR,DAL,HOU,0.0,2026_04_DAL_HOU,2026-10-04 13:00:00,0.0,0.0,0.0,0.0,0.0,C,5,6.176520103495495,22.75,3,,True,,"https://static.www.nfl.com/image/upload/f_auto,q_auto/league/xawxtpjdptmacbcqtlua",0.0,0.0,0.0,0.0,0.0,0.0,0.0,0.0,0.0,0.0,0.0,0.0,0.0,25.75,"[0.0, 0.0, 0.0, 0.0, 0.0, 0.0, 0.0, 0.0, 0.0, 0.0, 0.0, 0.0, 0.0, 0.0, 0.0, 0.0, 0.0, 0.0, 0.0]",Practice squad,False,Practice squad,4685110.0,0,0.0,,2026-10-02 01:47:18,,
823,276,00-0040895,Emmanuel Henderson Jr.,WR,SEA,LAC,1.0,2026_04_LAC_SEA,2026-10-04 16:25:00,0.0,0.0,0.0,0.0,0.0,C,11,3.135787328138708,24.75,3,,True,,"https://static.www.nfl.com/image/upload/f_auto,q_auto/league/eje0zmvfl2fetzvpsl6c",0.0,0.0,0.0,0.0,0.0,0.0,0.0,0.0,0.0,0.0,0.0,0.0,0.0,17.75,"[0.0, 0.0, 0.0, 0.0, 0.0, 0.0, 0.0, 0.0, 0.0, 0.0, 0.0, 0.0, 0.0, 0.0, 0.0, 0.0, 0.0, 0.0, 0.0]",Practice squad,False,Practice squad,4685381.0,0,0.0,,2026-10-02 01:47:18,,
824,277,00-0040934,Jordan Hudson,WR,DAL,HOU,0.0,2026_04_DAL_HOU,2026-10-04 13:00:00,0.0,0.0,0.0,0.0,0.0,C,5,6.176520103495495,22.75,3,,True,,"https://static.www.nfl.com/image/upload/f_auto,q_auto/league/uwgiczb8bnnacu2g7zln",0.0,0.0,0.0,0.0,0.0,0.0,0.0,0.0,0.0,0.0,0.0,0.0,0.0,25.75,"[0.0, 0.0, 0.0, 0.0, 0.0, 0.0, 0.0, 0.0, 0.0, 0.0, 0.0, 0.0, 0.0, 0.0, 0.0, 0.0, 0.0, 0.0, 0.0]",Practice squad,False,Practice squad,4685409.0,0,0.0,,2026-10-02 01:47:18,,
825,278,00-0040919,Tyren Montgomery,WR,TEN,BAL,0.0,2026_04_TEN_BAL,2026-10-04 13:00:00,0.0,0.0,0.0,0.0,0.0,C,18,0.9391502526444228,15.5,3,,True,,"https://static.www.nfl.com/image/upload/f_auto,q_auto/league/f9zykws54i2prkwxw3ee",0.0,0.0,0.0,0.0,0.0,0.0,0.0,0.0,0.0,0.0,0.0,0.0,0.0,27.0,"[0.0, 0.0, 0.0, 0.0, 0.0, 0.0, 0.0, 0.0, 0.0, 0.0, 0.0, 0.0, 0.0, 0.0, 0.0, 0.0, 0.0, 0.0, 0.0]",Practice squad,False,Practice squad,5103197.0,0,0.0,,2026-10-02 01:47:18,,
826,279,00-0040970,Michael Briscoe,WR,MIN,MIA,1.0,2026_04_MIA_MIN,2026-10-04 16:05:00,0.0,0.0,0.0,0.0,0.0,C,27,-2.8842452928655216,24.5,3,,True,,"https://static.www.nfl.com/image/upload/f_auto,q_auto/league/rrnmno7nkn0o4kilp7je",0.0,0.0,0.0,0.0,0.0,0.0,0.0,0.0,0.0,0.0,0.0,0.0,0.0,14.0,"[0.0, 0.0, 0.0, 0.0, 0.0, 0.0, 0.0, 0.0, 0.0, 0.0, 0.0, 0.0, 0.0, 0.0, 0.0, 0.0, 0.0, 0.0, 0.0]",Practice squad,False,Practice squad,,0,0.0,,2026-10-02 01:47:18,,
827,280,00-0040953,Jeff Caldwell,WR,KC,LV,0.0,2026_04_KC_LV,2026-10-04 16:25:00,0.0,0.0,0.0,0.0,0.0,C,29,-5.907016194684417,26.0,3,,True,7.0,"https://static.www.nfl.com/image/upload/f_auto,q_auto/league/nc8rm1ko22poili6r2a8",0.0,0.0,0.0,0.0,0.0,0.0,0.0,0.0,0.0,0.0,0.0,0.0,0.0,21.5,"[0.0, 0.0, 0.0, 0.0, 0.0, 0.0, 0.0, 0.0, 0.0, 0.0, 0.0, 0.0, 0.0, 0.0, 0.0, 0.0, 0.0, 0.0, 0.0]",Reserve/IR,False,Reserve/IR,4885466.0,0,0.0,,2026-10-02 01:47:18,,
828,281,00-0040954,Omari Evans,WR,KC,LV,0.0,2026_04_KC_LV,2026-10-04 16:25:00,0.0,0.0,0.0,0.0,0.0,C,29,-5.907016194684417,26.0,3,,True,,"https://static.www.nfl.com/image/upload/f_auto,q_auto/league/q5szmdmukkkusqpfj9m5",0.0,0.0,0.0,0.0,0.0,0.0,0.0,0.0,0.0,0.0,0.0,0.0,0.0,21.5,"[0.0, 0.0, 0.0, 0.0, 0.0, 0.0, 0.0, 0.0, 0.0, 0.0, 0.0, 0.0, 0.0, 0.0, 0.0, 0.0, 0.0, 0.0, 0.0]",Practice squad,False,Practice squad,,0,0.0,,2026-10-02 01:47:18,,
829,282,00-0041005,Corey Rucker,WR,LV,KC,1.0,2026_04_KC_LV,2026-10-04 16:25:00,0.0,0.0,0.0,0.0,0.0,C,30,-5.912287602291773,21.5,3,,True,8.0,"https://static.www.nfl.com/image/upload/f_auto,q_auto/league/nabhgywifegiuohtg6fq",0.0,0.0,0.0,0.0,0.0,0.0,0.0,0.0,0.0,0.0,0.0,0.0,0.0,26.0,"[0.0, 0.0, 0.0, 0.0, 0.0, 0.0, 0.0, 0.0, 0.0, 0.0, 0.0, 0.0, 0.0, 0.0, 0.0, 0.0, 0.0, 0.0, 0.0]",Reserve/IR,False,Reserve/IR,,0,0.0,,2026-10-02 01:47:18,,
830,283,00-0040986,Ty Pezza,WR,BAL,TEN,1.0,2026_04_TEN_BAL,2026-10-04 13:00:00,0.0,0.0,0.0,0.0,0.0,C,7,5.018187571258456,27.0,3,,True,,,0.0,0.0,0.0,0.0,0.0,0.0,0.0,0.0,0.0,0.0,0.0,0.0,0.0,15.5,"[0.0, 0.0, 0.0, 0.0, 0.0, 0.0, 0.0, 0.0, 0.0, 0.0, 0.0, 0.0, 0.0, 0.0, 0.0, 0.0, 0.0, 0.0, 0.0]",Practice squad,False,Practice squad,,0,0.0,,2026-10-02 01:47:18,,
831,284,00-0041047,Chris Brazzell II,WR,CAR,DET,1.0,2026_04_DET_CAR,2026-10-04 20:20:00,0.0,0.0,0.0,0.0,0.0,C,6,5.460722282554286,23.5,3,,True,7.0,"https://static.www.nfl.com/image/upload/f_auto,q_auto/league/jdmycletwhknhs9oth1f",0.0,0.0,0.0,0.0,0.0,0.0,0.0,0.0,0.0,0.0,0.0,0.0,0.0,27.0,"[0.0, 0.0, 0.0, 0.0, 0.0, 0.0, 0.0, 0.0, 0.0, 0.0, 0.0, 0.0, 0.0, 0.0, 0.0, 0.0, 0.0, 0.0, 0.0]",Reserve/IR,False,Reserve/IR,5091739.0,0,0.0,,2026-10-02 01:47:18,,
832,285,00-0041035,De'Zhaun Stribling,WR,SF,DEN,1.0,2026_04_DEN_SF,2026-10-04 16:25:00,0.0,0.0,0.0,0.0,0.0,C,24,-1.096528818996405,25.25,3,,True,8.0,"https://static.www.nfl.com/image/upload/f_auto,q_auto/league/eu1nxtlztiwr5ko48iwz",0.0,0.0,0.0,0.0,0.0,0.0,0.0,0.0,0.0,0.0,0.0,0.0,0.0,22.25,"[0.0, 0.0, 0.0, 0.0, 0.0, 0.0, 0.0, 0.0, 0.0, 0.0, 0.0, 0.0, 0.0, 0.0, 0.0, 0.0, 0.0, 0.0, 0.0]",Reserve/IR,False,Reserve/IR,4710714.0,0,0.0,,2026-10-02 01:47:18,,
833,286,00-0041029,Jordyn Tyson,WR,NO,ATL,1.0,2026_04_ATL_NO,2026-10-05 20:15:00,0.0,0.0,0.0,0.0,0.0,C,8,4.995503941979262,25.0,3,,True,5.0,"https://static.www.nfl.com/image/upload/f_auto,q_auto/league/al6fifxstyc6omsenzhd",0.0,0.0,0.0,0.0,0.0,0.0,0.0,0.0,0.0,0.0,0.0,0.0,0.0,22.5,"[0.0, 0.0, 0.0, 0.0, 0.0, 0.0, 0.0, 0.0, 0.0, 0.0, 0.0, 0.0, 0.0, 0.0, 0.0, 0.0, 0.0, 0.0, 0.0]",Reserve/IR,False,Reserve/IR,4880281.0,0,0.0,,2026-10-02 01:47:18,,
834,287,00-0041176,Jaden Bradley,WR,WAS,IND,1.0,2026_04_IND_WAS,2026-10-04 09:30:00,0.0,0.0,0.0,0.0,0.0,C,3,7.822986345821431,22.5,3,,True,,"https://static.www.nfl.com/image/upload/f_auto,q_auto/league/kr2pi6xguzj2ejtpvsnm",0.0,0.0,0.0,0.0,0.0,0.0,0.0,0.0,0.0,0.0,0.0,0.0,0.0,26.0,"[0.0, 0.0, 0.0, 0.0, 0.0, 0.0, 0.0, 0.0, 0.0, 0.0, 0.0, 0.0, 0.0, 0.0, 0.0, 0.0, 0.0, 0.0, 0.0]",Practice squad,False,Practice squad,,0,0.0,,2026-10-02 01:47:18,,
835,288,00-0041216,Trebor Pena,WR,JAX,CIN,0.0,2026_04_JAX_CIN,2026-10-04 13:00:00,0.0,0.0,0.0,0.0,0.0,C,13,2.4019137253772267,24.5,3,,True,,"https://static.www.nfl.com/image/upload/f_auto,q_auto/league/odtp8h91i2q8mjwbtypa",0.0,0.0,0.0,0.0,0.0,0.0,0.0,0.0,0.0,0.0,0.0,0.0,0.0,27.0,"[0.0, 0.0, 0.0, 0.0, 0.0, 0.0, 0.0, 0.0, 0.0, 0.0, 0.0, 0.0, 0.0, 0.0, 0.0, 0.0, 0.0, 0.0, 0.0]",Practice squad,False,Practice squad,4575862.0,0,0.0,,2026-10-02 01:47:18,,
836,289,00-0041220,Michael Wortham,WR,JAX,CIN,0.0,2026_04_JAX_CIN,2026-10-04 13:00:00,0.0,0.0,0.0,0.0,0.0,C,13,2.4019137253772267,24.5,3,,True,,"https://static.www.nfl.com/image/upload/f_auto,q_auto/league/vu5tb8rwe3rwu9vlpzvj",0.0,0.0,0.0,0.0,0.0,0.0,0.0,0.0,0.0,0.0,0.0,0.0,0.0,27.0,"[0.0, 0.0, 0.0, 0.0, 0.0, 0.0, 0.0, 0.0, 0.0, 0.0, 0.0, 0.0, 0.0, 0.0, 0.0, 0.0, 0.0, 0.0, 0.0]",Practice squad,False,Practice squad,,0,0.0,,2026-10-02 01:47:18,,
837,290,00-0041185,Vinny Anthony II,WR,ATL,NO,0.0,2026_04_ATL_NO,2026-10-05 20:15:00,0.0,0.0,0.0,0.0,0.0,C,17,1.0564467433728515,22.5,3,,True,,"https://static.www.nfl.com/image/upload/f_auto,q_auto/league/za7sl8mdnvpy1lvo7gva",0.0,0.0,0.0,0.0,0.0,0.0,0.0,0.0,0.0,0.0,0.0,0.0,0.0,25.0,"[0.0, 0.0, 0.0, 0.0, 0.0, 0.0, 0.0, 0.0, 0.0, 0.0, 0.0, 0.0, 0.0, 0.0, 0.0, 0.0, 0.0, 0.0, 0.0]",Practice squad,False,Practice squad,4869816.0,0,0.0,,2026-10-02 01:47:18,,
838,291,00-0041257,Eric Rivers Jr.,WR,TB,GB,1.0,2026_04_GB_TB,2026-10-04 13:00:00,0.0,0.0,0.0,0.0,0.0,C,2,8.177499304375138,17.5,3,,True,,"https://static.www.nfl.com/image/upload/f_auto,q_auto/league/goritmogduir5z46j8v1",0.0,0.0,0.0,0.0,0.0,0.0,0.0,0.0,0.0,0.0,0.0,0.0,0.0,21.0,"[0.0, 0.0, 0.0, 0.0, 0.0, 0.0, 0.0, 0.0, 0.0, 0.0, 0.0, 0.0, 0.0, 0.0, 0.0, 0.0, 0.0, 0.0, 0.0]",Practice squad,False,Practice squad,4713277.0,0,0.0,,2026-10-02 01:47:18,,
839,292,00-0041248,Noah Thomas,WR,CIN,JAX,1.0,2026_04_JAX_CIN,2026-10-04 13:00:00,0.0,0.0,0.0,0.0,0.0,C,20,0.2035480746471811,27.0,3,,True,,"https://static.www.nfl.com/image/upload/f_auto,q_auto/league/kafm8ce25xilrai8zsrz",0.0,0.0,0.0,0.0,0.0,0.0,0.0,0.0,0.0,0.0,0.0,0.0,0.0,24.5,"[0.0, 0.0, 0.0, 0.0, 0.0, 0.0, 0.0, 0.0, 0.0, 0.0, 0.0, 0.0, 0.0, 0.0, 0.0, 0.0, 0.0, 0.0, 0.0]",Practice squad,False,Practice squad,4718457.0,0,0.0,,2026-10-02 01:47:18,,
840,293,00-0041293,Dane Key,WR,DEN,SF,0.0,2026_04_DEN_SF,2026-10-04 16:25:00,0.0,0.0,0.0,0.0,0.0,C,15,1.3268129030466045,22.25,3,,True,,"https://static.www.nfl.com/image/upload/f_auto,q_auto/league/got8amcmxwu5li8zwcnv",0.0,0.0,0.0,0.0,0.0,0.0,0.0,0.0,0.0,0.0,0.0,0.0,0.0,25.25,"[0.0, 0.0, 0.0, 0.0, 0.0, 0.0, 0.0, 0.0, 0.0, 0.0, 0.0, 0.0, 0.0, 0.0, 0.0, 0.0, 0.0, 0.0, 0.0]",Practice squad,False,Practice squad,4685424.0,0,0.0,,2026-10-02 01:47:18,,
841,294,00-0041272,Ja'Mori Maclin,WR,BUF,NE,1.0,2026_04_NE_BUF,2026-10-04 13:00:00,0.0,0.0,0.0,0.0,0.0,C,16,1.298295902273489,27.75,3,,True,,"https://static.www.nfl.com/image/upload/f_auto,q_auto/league/pzy27lpwlernu820cyfd",0.0,0.0,0.0,0.0,0.0,0.0,0.0,0.0,0.0,0.0,0.0,0.0,0.0,20.75,"[0.0, 0.0, 0.0, 0.0, 0.0, 0.0, 0.0, 0.0, 0.0, 0.0, 0.0, 0.0, 0.0, 0.0, 0.0, 0.0, 0.0, 0.0, 0.0]",Practice squad,False,Practice squad,4430270.0,0,0.0,,2026-10-02 01:47:18,,
842,295,00-0041342,Dillon Bell,WR,MIN,MIA,1.0,2026_04_MIA_MIN,2026-10-04 16:05:00,0.0,0.0,0.0,0.0,0.0,C,27,-2.8842452928655216,24.5,3,,True,,"https://static.www.nfl.com/image/upload/f_auto,q_auto/league/b9v5ex8bfoum15d8v2gf",0.0,0.0,0.0,0.0,0.0,0.0,0.0,0.0,0.0,0.0,0.0,0.0,0.0,14.0,"[0.0, 0.0, 0.0, 0.0, 0.0, 0.0, 0.0, 0.0, 0.0, 0.0, 0.0, 0.0, 0.0, 0.0, 0.0, 0.0, 0.0, 0.0, 0.0]",Practice squad,False,Practice squad,4712579.0,0,0.0,,2026-10-02 01:47:18,,
843,296,00-0041318,Kyle Dixon,WR,NE,BUF,0.0,2026_04_NE_BUF,2026-10-04 13:00:00,0.0,0.0,0.0,0.0,0.0,C,9,3.373866734524467,20.75,3,,True,,"https://static.www.nfl.com/image/upload/f_auto,q_auto/league/obg1mz6j2ax8fqhig1uj",0.0,0.0,0.0,0.0,0.0,0.0,0.0,0.0,0.0,0.0,0.0,0.0,0.0,27.75,"[0.0, 0.0, 0.0, 0.0, 0.0, 0.0, 0.0, 0.0, 0.0, 0.0, 0.0, 0.0, 0.0, 0.0, 0.0, 0.0, 0.0, 0.0, 0.0]",Practice squad,False,Practice squad,5011554.0,0,0.0,,2026-10-02 01:47:18,,
844,297,00-0041319,Cameron Dorner,WR,NE,BUF,0.0,2026_04_NE_BUF,2026-10-04 13:00:00,0.0,0.0,0.0,0.0,0.0,C,9,3.373866734524467,20.75,3,,True,,"https://static.www.nfl.com/image/upload/f_auto,q_auto/league/lzae2vexciqchpaejeis",0.0,0.0,0.0,0.0,0.0,0.0,0.0,0.0,0.0,0.0,0.0,0.0,0.0,27.75,"[0.0, 0.0, 0.0, 0.0, 0.0, 0.0, 0.0, 0.0, 0.0, 0.0, 0.0, 0.0, 0.0, 0.0, 0.0, 0.0, 0.0, 0.0, 0.0]",Practice squad,False,Practice squad,,0,0.0,,2026-10-02 01:47:18,,
845,298,00-0041308,Treyvhon Saunders,WR,HOU,DAL,1.0,2026_04_DAL_HOU,2026-10-04 13:00:00,0.0,0.0,0.0,0.0,0.0,C,23,0.0416695941580412,25.75,3,,True,,"https://static.www.nfl.com/image/upload/f_auto,q_auto/league/gwouh69b2usqxmfhqxmz",0.0,0.0,0.0,0.0,0.0,0.0,0.0,0.0,0.0,0.0,0.0,0.0,0.0,22.75,"[0.0, 0.0, 0.0, 0.0, 0.0, 0.0, 0.0, 0.0, 0.0, 0.0, 0.0, 0.0, 0.0, 0.0, 0.0, 0.0, 0.0, 0.0, 0.0]",Practice squad,False,Practice squad,,0,0.0,,2026-10-02 01:47:18,,
846,299,00-0041309,Daniel Sobkowicz,WR,HOU,DAL,1.0,2026_04_DAL_HOU,2026-10-04 13:00:00,0.0,0.0,0.0,0.0,0.0,C,23,0.0416695941580412,25.75,3,,True,,"https://static.www.nfl.com/image/upload/f_auto,q_auto/league/u5goe2agufae3d8jphi9",0.0,0.0,0.0,0.0,0.0,0.0,0.0,0.0,0.0,0.0,0.0,0.0,0.0,22.75,"[0.0, 0.0, 0.0, 0.0, 0.0, 0.0, 0.0, 0.0, 0.0, 0.0, 0.0, 0.0, 0.0, 0.0, 0.0, 0.0, 0.0, 0.0, 0.0]",Practice squad,False,Practice squad,,0,0.0,,2026-10-02 01:47:18,,
847,300,00-0032208,Phillip Dorsett,WR,LV,KC,1.0,2026_04_KC_LV,2026-10-04 16:25:00,0.0,0.0,0.0,0.0,0.0,C,30,-5.912287602291773,21.5,3,,True,,"https://static.www.nfl.com/image/upload/f_auto,q_auto/league/zkmdppfkcxqn5iwlcsyy",0.0,0.0,0.0,0.0,0.0,0.0,0.0,0.0,0.0,0.0,0.0,0.0,0.0,26.0,"[0.0, 0.0, 0.0, 0.0, 0.0, 0.0, 0.0, 0.0, 0.0, 0.0, 0.0, 0.0, 0.0, 0.0, 0.0, 0.0, 0.0, 0.0, 0.0]",Practice squad,False,Practice squad,2579604.0,0,0.0,,2026-10-02 01:47:18,,
848,301,00-0041368,Harrison Wallace III,WR,ARI,NYG,0.0,2026_04_ARI_NYG,2026-10-04 13:00:00,0.0,0.0,0.0,0.0,0.0,C,12,2.912329204649089,23.5,3,,True,,"https://static.www.nfl.com/image/upload/f_auto,q_auto/league/mxwpoysyvficq6vgvcdq",0.0,0.0,0.0,0.0,0.0,0.0,0.0,0.0,0.0,0.0,0.0,0.0,0.0,21.0,"[0.0, 0.0, 0.0, 0.0, 0.0, 0.0, 0.0, 0.0, 0.0, 0.0, 0.0, 0.0, 0.0, 0.0, 0.0, 0.0, 0.0, 0.0, 0.0]",Practice squad,False,Practice squad,4699354.0,0,0.0,,2026-10-02 01:47:18,,
849,302,00-0041359,Wesley Grimes,WR,SF,DEN,1.0,2026_04_DEN_SF,2026-10-04 16:25:00,0.0,0.0,0.0,0.0,0.0,C,24,-1.096528818996405,25.25,3,,True,,"https://static.www.nfl.com/image/upload/f_auto,q_auto/league/n5hfuzuaxausgstr3cp8",0.0,0.0,0.0,0.0,0.0,0.0,0.0,0.0,0.0,0.0,0.0,0.0,0.0,22.25,"[0.0, 0.0, 0.0, 0.0, 0.0, 0.0, 0.0, 0.0, 0.0, 0.0, 0.0, 0.0, 0.0, 0.0, 0.0, 0.0, 0.0, 0.0, 0.0]",Practice squad,False,Practice squad,,0,0.0,,2026-10-02 01:47:18,,
850,303,00-0041361,Will Pauling,WR,SF,DEN,1.0,2026_04_DEN_SF,2026-10-04 16:25:00,0.0,0.0,0.0,0.0,0.0,C,24,-1.096528818996405,25.25,3,,True,,"https://static.www.nfl.com/image/upload/f_auto,q_auto/league/hk2txxjkjk1ycmluu2kn",0.0,0.0,0.0,0.0,0.0,0.0,0.0,0.0,0.0,0.0,0.0,0.0,0.0,22.25,"[0.0, 0.0, 0.0, 0.0, 0.0, 0.0, 0.0, 0.0, 0.0, 0.0, 0.0, 0.0, 0.0, 0.0, 0.0, 0.0, 0.0, 0.0, 0.0]",Practice squad,False,Practice squad,,0,0.0,,2026-10-02 01:47:18,,
851,304,00-0041446,Kendrick Law,WR,DET,CAR,0.0,2026_04_DET_CAR,2026-10-04 20:20:00,0.0,0.0,0.0,0.0,0.0,C,26,-2.118979796046264,27.0,3,,True,6.0,"https://static.www.nfl.com/image/upload/f_auto,q_auto/league/progttkuaumows8eeqsq",0.0,0.0,0.0,0.0,0.0,0.0,0.0,0.0,0.0,0.0,0.0,0.0,0.0,23.5,"[0.0, 0.0, 0.0, 0.0, 0.0, 0.0, 0.0, 0.0, 0.0, 0.0, 0.0, 0.0, 0.0, 0.0, 0.0, 0.0, 0.0, 0.0, 0.0]",Reserve/IR,False,Reserve/IR,4685441.0,0,0.0,,2026-10-02 01:47:18,,
852,305,00-0041451,Brock Rechsteiner,WR,NO,ATL,1.0,2026_04_ATL_NO,2026-10-05 20:15:00,0.0,0.0,0.0,0.0,0.0,C,8,4.995503941979262,25.0,3,,True,,,0.0,0.0,0.0,0.0,0.0,0.0,0.0,0.0,0.0,0.0,0.0,0.0,0.0,22.5,"[0.0, 0.0, 0.0, 0.0, 0.0, 0.0, 0.0, 0.0, 0.0, 0.0, 0.0, 0.0, 0.0, 0.0, 0.0, 0.0, 0.0, 0.0, 0.0]",Reserve/IR,False,Reserve/IR,4877738.0,0,0.0,,2026-10-02 01:47:18,,
853,306,00-0041435,Dean Patterson IV,WR,TB,GB,1.0,2026_04_GB_TB,2026-10-04 13:00:00,0.0,0.0,0.0,0.0,0.0,C,2,8.177499304375138,17.5,3,,True,,"https://static.www.nfl.com/image/upload/f_auto,q_auto/league/kgjiwlmhmxnygppjzmph",0.0,0.0,0.0,0.0,0.0,0.0,0.0,0.0,0.0,0.0,0.0,0.0,0.0,21.0,"[0.0, 0.0, 0.0, 0.0, 0.0, 0.0, 0.0, 0.0, 0.0, 0.0, 0.0, 0.0, 0.0, 0.0, 0.0, 0.0, 0.0, 0.0, 0.0]",Practice squad,False,Practice squad,,0,0.0,,2026-10-02 01:47:18,,
854,307,00-0041542,Malick Meiga,WR,SEA,LAC,1.0,2026_04_LAC_SEA,2026-10-04 16:25:00,0.0,0.0,0.0,0.0,0.0,C,11,3.135787328138708,24.75,3,,True,,"https://static.www.nfl.com/image/upload/f_auto,q_auto/league/apgmlcxyj2cngrcwkbno",0.0,0.0,0.0,0.0,0.0,0.0,0.0,0.0,0.0,0.0,0.0,0.0,0.0,17.75,"[0.0, 0.0, 0.0, 0.0, 0.0, 0.0, 0.0, 0.0, 0.0, 0.0, 0.0, 0.0, 0.0, 0.0, 0.0, 0.0, 0.0, 0.0, 0.0]",Practice squad,False,Practice squad,,0,0.0,,2026-10-02 01:47:18,,
855,110,00-0040704,Dillon Gabriel,QB,CLE,PIT,1.0,2026_04_PIT_CLE,2026-10-01 20:15:00,0.0,0.0,0.0,0.0,0.0,C,15,0.5436730220857069,18.0,3,,False,4.0,"https://static.www.nfl.com/image/upload/f_auto,q_auto/league/szpyvusef9jvoctbnkbk",0.0,1.421848382411572,17.358124047651746,88.10075859943977,9.025083168786251,0.0,0.0,0.0,0.0,0.0,0.0,0.0,0.0,20.5,"[0.0, 0.0, 0.0, 0.0, 0.0, 0.0, 0.0, 0.0, 0.0, 0.0, 0.0, 0.0, 0.0, 0.0, 0.0, 0.0, 0.0, 0.0, 0.0]",Reserve/IR,False,Reserve/IR,4427238.0,0,0.0,,2026-10-01 18:48:49,0.0,nflverse
856,189,00-0040162,Dylan Sampson,RB,CLE,PIT,1.0,2026_04_PIT_CLE,2026-10-01 20:15:00,0.0,0.0,0.0,0.0,0.0,C,24,-2.8200375535671576,18.0,5,,False,4.0,"https://static.www.nfl.com/image/upload/f_auto,q_auto/league/den1hzzomdxfcsgk88o5",1.846111127517652,3.32361138581918,0.0,0.0,9.644479708337135,12.679457585650956,0.0646562113991759,0.0,0.0,0.0,0.0,0.0,0.0,20.5,"[0.0, 0.0, 0.0, 0.0, 0.0, 0.0, 0.0, 0.0, 0.0, 0.0, 0.0, 0.0, 0.0, 0.0, 0.0, 0.0, 0.0, 0.0, 0.0]",Reserve/IR,False,Reserve/IR,5081397.0,1,0.0,0.0,2026-10-01 18:48:49,0.0,nflverse
857,190,00-0038409,Lew Nichols III,RB,PIT,CLE,0.0,2026_04_PIT_CLE,2026-10-01 20:15:00,0.0,0.0,0.0,0.0,0.0,C,21,-0.9728736619921746,20.5,5,,True,,"https://static.www.nfl.com/image/upload/f_auto,q_auto/league/plqg1yngo8vvs8ths7aw",0.0,0.7969884387010453,0.0,0.0,0.0,0.0,0.0,0.0,0.0,0.0,0.0,0.0,0.0,18.0,"[0.0, 0.0, 0.0, 0.0, 0.0, 0.0, 0.0, 0.0, 0.0, 0.0, 0.0, 0.0, 0.0, 0.0, 0.0, 0.0, 0.0, 0.0, 0.0]",Practice squad,False,Practice squad,4428119.0,2,0.0,0.0,2026-10-01 18:48:49,0.0,nflverse
858,191,00-0038396,Eric Gray,RB,CLE,PIT,1.0,2026_04_PIT_CLE,2026-10-01 20:15:00,0.0,0.0,0.0,0.0,0.0,C,24,-2.8200375535671576,18.0,5,,True,,"https://static.www.nfl.com/image/upload/f_auto,q_auto/league/ijjxwxv1ccyowzhpuw2k",0.0,0.0,0.0,0.0,0.0,0.0,0.0,0.0,0.0,0.0,0.0,0.0,0.0,20.5,"[0.0, 0.0, 0.0, 0.0, 0.0, 0.0, 0.0, 0.0, 0.0, 0.0, 0.0, 0.0, 0.0, 0.0, 0.0, 0.0, 0.0, 0.0, 0.0]",Practice squad,False,Practice squad,4570561.0,0,0.0,,2026-10-01 18:48:49,0.0,nflverse
859,184,00-0037306,John FitzPatrick,TE,CLE,PIT,1.0,2026_04_PIT_CLE,2026-10-01 20:15:00,0.0,0.0,0.0,0.0,0.0,C,22,-2.3529475438000462,18.0,2,,False,,"https://static.www.nfl.com/image/upload/f_auto,q_auto/league/kopyksw2p51nivtldayc",1.4907793621067642,0.0,0.0,0.0,0.0,6.995454664433012,0.053820183830778,0.0,0.0,0.0,0.0,0.0,0.0,20.5,"[0.0, 0.0, 0.0, 0.0, 0.0, 0.0, 0.0, 0.0, 0.0, 0.0, 0.0, 0.0, 0.0, 0.0, 0.0, 0.0, 0.0, 0.0, 0.0]",Practice squad,False,Practice squad,4379401.0,0,0.0,,2026-10-01 18:48:49,0.0,nflverse
860,185,00-0041087,Joe Royer,TE,CLE,PIT,1.0,2026_04_PIT_CLE,2026-10-01 20:15:00,0.0,0.0,0.0,0.0,0.0,C,22,-2.3529475438000462,18.0,2,,True,4.0,,0.0,0.0,0.0,0.0,0.0,0.0,0.0,0.0,0.0,0.0,0.0,0.0,0.0,20.5,"[0.0, 0.0, 0.0, 0.0, 0.0, 0.0, 0.0, 0.0, 0.0, 0.0, 0.0, 0.0, 0.0, 0.0, 0.0, 0.0, 0.0, 0.0, 0.0]",Reserve/IR,False,Reserve/IR,4565859.0,0,0.0,,2026-10-01 18:48:49,0.0,nflverse
861,186,00-0041263,Lake McRee,TE,PIT,CLE,0.0,2026_04_PIT_CLE,2026-10-01 20:15:00,0.0,0.0,0.0,0.0,0.0,C,13,1.7436122437491173,20.5,2,,True,,"https://static.www.nfl.com/image/upload/f_auto,q_auto/league/z44mxfva1mljsixo7c2l",0.0,0.0,0.0,0.0,0.0,0.0,0.0,0.0,0.0,0.0,0.0,0.0,0.0,18.0,"[0.0, 0.0, 0.0, 0.0, 0.0, 0.0, 0.0, 0.0, 0.0, 0.0, 0.0, 0.0, 0.0, 0.0, 0.0, 0.0, 0.0, 0.0, 0.0]",Practice squad,False,Practice squad,,0,0.0,,2026-10-01 18:48:49,0.0,nflverse
862,308,00-0040218,Jimmy Horn Jr.,WR,CLE,PIT,1.0,2026_04_PIT_CLE,2026-10-01 20:15:00,0.0,0.0,0.0,0.0,0.0,C,19,0.8822686795511868,18.0,3,,False,,"https://static.www.nfl.com/image/upload/f_auto,q_auto/league/gggcgfbghcft0xwxtrhk",1.3057411648644264,0.3756335125096932,0.0,0.0,3.627375780814673,5.590488422889436,0.0484131378812925,0.0,0.0,0.0,0.0,0.0,0.0,20.5,"[0.0, 0.0, 0.0, 0.0, 0.0, 0.0, 0.0, 0.0, 0.0, 0.0, 0.0, 0.0, 0.0, 0.0, 0.0, 0.0, 0.0, 0.0, 0.0]",Practice squad,False,Practice squad,4708486.0,1,0.0,0.0,2026-10-01 18:48:49,0.0,nflverse
863,309,00-0036165,Isaiah Hodgins,WR,PIT,CLE,0.0,2026_04_PIT_CLE,2026-10-01 20:15:00,0.0,0.0,0.0,0.0,0.0,C,21,0.1726916058513213,20.5,3,,False,,"https://static.www.nfl.com/image/upload/f_auto,q_auto/league/ywbemecs6xa8bsm3h7bb",2.952189567437116,0.0,0.0,0.0,0.0,16.46881312245049,0.0948968791087694,0.0,0.0,0.0,0.0,0.0,0.0,18.0,"[0.0, 0.0, 0.0, 0.0, 0.0, 0.0, 0.0, 0.0, 0.0, 0.0, 0.0, 0.0, 0.0, 0.0, 0.0, 0.0, 0.0, 0.0, 0.0]",Practice squad,False,Practice squad,4242540.0,0,0.0,,2026-10-01 18:48:49,0.0,nflverse
864,310,00-0036775,Brandon Smith,WR,PIT,CLE,0.0,2026_04_PIT_CLE,2026-10-01 20:15:00,0.0,0.0,0.0,0.0,0.0,C,21,0.1726916058513213,20.5,3,,True,,"https://static.www.nfl.com/image/upload/f_auto,q_auto/league/h4ezdffu0biwqoxn7bql",0.0,0.0,0.0,0.0,0.0,0.0,0.0,0.0,0.0,0.0,0.0,0.0,0.0,18.0,"[0.0, 0.0, 0.0, 0.0, 0.0, 0.0, 0.0, 0.0, 0.0, 0.0, 0.0, 0.0, 0.0, 0.0, 0.0, 0.0, 0.0, 0.0, 0.0]",Practice squad,False,Practice squad,4240577.0,0,0.0,,2026-10-01 18:48:49,0.0,nflverse
865,311,00-0037382,Brandon Johnson,WR,PIT,CLE,0.0,2026_04_PIT_CLE,2026-10-01 20:15:00,0.0,0.0,0.0,0.0,0.0,C,21,0.1726916058513213,20.5,3,,True,,"https://static.www.nfl.com/image/upload/f_auto,q_auto/league/pjdx1jdr9snczoeyevli",0.0,0.0,0.0,0.0,0.0,0.0,0.0,0.0,0.0,0.0,0.0,0.0,0.0,18.0,"[0.0, 0.0, 0.0, 0.0, 0.0, 0.0, 0.0, 0.0, 0.0, 0.0, 0.0, 0.0, 0.0, 0.0, 0.0, 0.0, 0.0, 0.0, 0.0]",Practice squad,False,Practice squad,4035198.0,0,0.0,,2026-10-01 18:48:49,0.0,nflverse
866,312,00-0039386,Bub Means,WR,CLE,PIT,1.0,2026_04_PIT_CLE,2026-10-01 20:15:00,0.0,0.0,0.0,0.0,0.0,C,19,0.8822686795511868,18.0,3,,True,,"https://static.www.nfl.com/image/upload/f_auto,q_auto/league/nnqvulr4up0nwhmipksq",0.0,0.0,0.0,0.0,0.0,0.0,0.0,0.0,0.0,0.0,0.0,0.0,0.0,20.5,"[0.0, 0.0, 0.0, 0.0, 0.0, 0.0, 0.0, 0.0, 0.0, 0.0, 0.0, 0.0, 0.0, 0.0, 0.0, 0.0, 0.0, 0.0, 0.0]",Practice squad,False,Practice squad,4427985.0,0,0.0,,2026-10-01 18:48:49,0.0,nflverse
867,313,00-0039626,Cole Burgess,WR,PIT,CLE,0.0,2026_04_PIT_CLE,2026-10-01 20:15:00,0.0,0.0,0.0,0.0,0.0,C,21,0.1726916058513213,20.5,3,,True,7.0,"https://static.www.nfl.com/image/upload/f_auto,q_auto/league/vlp9c4lmddujjj46gz6p",0.0,0.0,0.0,0.0,0.0,0.0,0.0,0.0,0.0,0.0,0.0,0.0,0.0,18.0,"[0.0, 0.0, 0.0, 0.0, 0.0, 0.0, 0.0, 0.0, 0.0, 0.0, 0.0, 0.0, 0.0, 0.0, 0.0, 0.0, 0.0, 0.0, 0.0]",Reserve/IR,False,Reserve/IR,5192448.0,0,0.0,,2026-10-01 18:48:49,0.0,nflverse
868,314,00-0040618,Max Hurleman,WR,PIT,CLE,0.0,2026_04_PIT_CLE,2026-10-01 20:15:00,0.0,0.0,0.0,0.0,0.0,C,21,0.1726916058513213,20.5,3,,True,,"https://static.www.nfl.com/image/upload/f_auto,q_auto/league/axybwbw7inp1vu7xxf0t",0.0,0.0,0.0,0.0,0.0,0.0,0.0,0.0,0.0,0.0,0.0,0.0,0.0,18.0,"[0.0, 0.0, 0.0, 0.0, 0.0, 0.0, 0.0, 0.0, 0.0, 0.0, 0.0, 0.0, 0.0, 0.0, 0.0, 0.0, 0.0, 0.0, 0.0]",Practice squad,False,Practice squad,,0,0.0,,2026-10-01 18:48:49,0.0,nflverse
